"num","domain_name","query_time","create_date","update_date","expiry_date","domain_registrar_id","domain_registrar_name","domain_registrar_whois","domain_registrar_url","registrant_name","registrant_company","registrant_address","registrant_city","registrant_state","registrant_zip","registrant_country","registrant_email","registrant_phone","registrant_fax","administrative_name","administrative_company","administrative_address","administrative_city","administrative_state","administrative_zip","administrative_country","administrative_email","administrative_phone","administrative_fax","technical_name","technical_company","technical_address","technical_city","technical_state","technical_zip","technical_country","technical_email","technical_phone","technical_fax","billing_name","billing_company","billing_address","billing_city","billing_state","billing_zip","billing_country","billing_email","billing_phone","billing_fax","name_server_1","name_server_2","name_server_3","name_server_4","domain_status_1","domain_status_2","domain_status_3","domain_status_4"
"1","adsouk.com","2021-03-01 17:46:33","2021-02-27","2021-02-27","2022-02-27","433","OVH sas","whois.ovh.com","http://www.ovh.com","REDACTED FOR PRIVACY","","REDACTED FOR PRIVACY","REDACTED FOR PRIVACY","","REDACTED FOR PRIVACY","Algeria","57l29yzrvngafixhhdh6@u.o-w-o.info","REDACTED FOR PRIVACY","REDACTED FOR PRIVACY","REDACTED FOR PRIVACY","REDACTED FOR PRIVACY","REDACTED FOR PRIVACY","REDACTED FOR PRIVACY","REDACTED FOR PRIVACY","REDACTED FOR PRIVACY","REDACTED FOR PRIVACY","nqd3e2worjgv3d3i3xoy@o.o-w-o.info","REDACTED FOR PRIVACY","REDACTED FOR PRIVACY","REDACTED FOR PRIVACY","REDACTED FOR PRIVACY","REDACTED FOR PRIVACY","REDACTED FOR PRIVACY","REDACTED FOR PRIVACY","REDACTED FOR PRIVACY","REDACTED FOR PRIVACY","nqd3e2worjgv3d3i3xoy@o.o-w-o.info","REDACTED FOR PRIVACY","REDACTED FOR PRIVACY","","","","","","","","","","","dns108.ovh.net","ns108.ovh.net","","","clientDeleteProhibited","clientTransferProhibited","",""
"2","alucostar.com","2021-03-01 17:00:08","2021-02-27","2021-02-27","2022-02-27","1647","Hosting Concepts B.V. dba Openprovider","whois.registrar.eu","http://www.openprovider.com","REDACTED FOR PRIVACY","ALUCOSTARPLUS","REDACTED FOR PRIVACY","REDACTED FOR PRIVACY","Blida","REDACTED FOR PRIVACY","Algeria","","REDACTED FOR PRIVACY","REDACTED FOR PRIVACY","REDACTED FOR PRIVACY","REDACTED FOR PRIVACY","REDACTED FOR PRIVACY","REDACTED FOR PRIVACY","REDACTED FOR PRIVACY","REDACTED FOR PRIVACY","REDACTED FOR PRIVACY","","REDACTED FOR PRIVACY","REDACTED FOR PRIVACY","REDACTED FOR PRIVACY","REDACTED FOR PRIVACY","REDACTED FOR PRIVACY","REDACTED FOR PRIVACY","REDACTED FOR PRIVACY","REDACTED FOR PRIVACY","REDACTED FOR PRIVACY","","REDACTED FOR PRIVACY","REDACTED FOR PRIVACY","","","","","","","","","","","cdns1.main-hosting.eu","cdns2.main-hosting.eu","","","clientTransferProhibited","ok","",""
"3","doclinet.com","2021-03-01 14:24:35","2021-02-27","2021-02-27","2022-02-27","433","OVH sas","whois.ovh.com","http://www.ovh.com","REDACTED FOR PRIVACY","","REDACTED FOR PRIVACY","REDACTED FOR PRIVACY","","REDACTED FOR PRIVACY","Algeria","va3976u524jcpwzxvrgb@c.o-w-o.info","REDACTED FOR PRIVACY","REDACTED FOR PRIVACY","REDACTED FOR PRIVACY","REDACTED FOR PRIVACY","REDACTED FOR PRIVACY","REDACTED FOR PRIVACY","REDACTED FOR PRIVACY","REDACTED FOR PRIVACY","REDACTED FOR PRIVACY","77z9znobxk5k2t3xbx4z@q.o-w-o.info","REDACTED FOR PRIVACY","REDACTED FOR PRIVACY","REDACTED FOR PRIVACY","REDACTED FOR PRIVACY","REDACTED FOR PRIVACY","REDACTED FOR PRIVACY","REDACTED FOR PRIVACY","REDACTED FOR PRIVACY","REDACTED FOR PRIVACY","77z9znobxk5k2t3xbx4z@q.o-w-o.info","REDACTED FOR PRIVACY","REDACTED FOR PRIVACY","","","","","","","","","","","dns2-r.dzsecurity.net","jupiter-shared.dzsecurity.net","","","clientDeleteProhibited","clientTransferProhibited","",""
"4","dz-digital-solution.com","2021-03-01 16:47:11","2021-02-27","2021-02-27","2022-02-27","303","PDR Ltd. d/b/a PublicDomainRegistry.com","whois.publicdomainregistry.com","http://www.publicdomainregistry.com","Octenium Support","Octenium","Rue Miloudi Moussa N02","Zeralda","Alger","16000","Algeria","support@octenium.com","+213.023325429","","Octenium Support","Octenium","Rue Miloudi Moussa N02","Zeralda","Alger","16000","Algeria","support@octenium.com","+213.023325429","","Octenium Support","Octenium","Rue Miloudi Moussa N02","Zeralda","Alger","16000","Algeria","support@octenium.com","+213.023325429","","","","","","","","","","","","ns1.octenium.net","ns2.octenium.net","ns3.octenium.net","ns4.octenium.net","clientTransferProhibited","","",""
"5","evatikaeyewear.com","2021-03-01 16:45:00","2021-02-27","2021-02-27","2022-02-27","74","Online SAS","whois.bookmyname.com","http://www.bookmyname.com","REDACTED FOR PRIVACY","","REDACTED FOR PRIVACY","REDACTED FOR PRIVACY","","REDACTED FOR PRIVACY","Algeria","5fd7f7a981e651d5.1701634@spamfree.bookmyname.com","REDACTED FOR PRIVACY","REDACTED FOR PRIVACY","Alexandre YEPES","O2SWITCH","222 Boulevard Gustave Flaubert, For Customer","CLERMONT FERRAND","","63000","France","dns-nospam@o2switch.fr","+33.444446040","+33.444446041","Alexandre YEPES","O2SWITCH","222 Boulevard Gustave Flaubert, For Customer","CLERMONT FERRAND","","63000","France","dns-nospam@o2switch.fr","+33.444446040","+33.444446041","","","","","","","","","","","ns1.o2switch.net","ns2.o2switch.net","","","clientTransferProhibited","","",""
"6","fennec-solution.com","2021-03-01 16:44:05","2021-02-27","2021-02-27","2022-02-27","433","OVH sas","whois.ovh.com","http://www.ovh.com","REDACTED FOR PRIVACY","","REDACTED FOR PRIVACY","REDACTED FOR PRIVACY","","REDACTED FOR PRIVACY","Algeria","65sxl51omnhx7mpyfa2d@y.o-w-o.info","REDACTED FOR PRIVACY","REDACTED FOR PRIVACY","REDACTED FOR PRIVACY","REDACTED FOR PRIVACY","REDACTED FOR PRIVACY","REDACTED FOR PRIVACY","REDACTED FOR PRIVACY","REDACTED FOR PRIVACY","REDACTED FOR PRIVACY","77z9znobxk5k2t3xbx4z@q.o-w-o.info","REDACTED FOR PRIVACY","REDACTED FOR PRIVACY","REDACTED FOR PRIVACY","REDACTED FOR PRIVACY","REDACTED FOR PRIVACY","REDACTED FOR PRIVACY","REDACTED FOR PRIVACY","REDACTED FOR PRIVACY","REDACTED FOR PRIVACY","77z9znobxk5k2t3xbx4z@q.o-w-o.info","REDACTED FOR PRIVACY","REDACTED FOR PRIVACY","","","","","","","","","","","dns2-r.dzsecurity.net","saturn-shared.dzsecurity.net","","","clientDeleteProhibited","clientTransferProhibited","",""
"7","fior-algerie.com","2021-03-01 16:43:48","2021-02-27","2021-02-27","2022-02-27","146","GoDaddy.com, LLC","whois.godaddy.com","http://registrar.godaddy.com","","","","","Algerie","","Algeria","","","","","","","","","","","","","","","","","","","","","","","","","","","","","","","","","","ns1.youcan.shop","ns2.youcan.shop","","","clientDeleteProhibited","clientRenewProhibited","clientTransferProhibited","clientUpdateProhibited"
"8","fnmadz.com","2021-03-01 16:42:54","2021-02-27","2021-02-27","2022-02-27","69","Tucows Domains Inc.","whois.tucows.com","http://domainhelp.opensrs.net","REDACTED FOR PRIVACY","REDACTED FOR PRIVACY","REDACTED FOR PRIVACY","REDACTED FOR PRIVACY","Djelfa","REDACTED FOR PRIVACY","Algeria","","REDACTED FOR PRIVACY","REDACTED FOR PRIVACY","REDACTED FOR PRIVACY","REDACTED FOR PRIVACY","REDACTED FOR PRIVACY","REDACTED FOR PRIVACY","REDACTED FOR PRIVACY","REDACTED FOR PRIVACY","REDACTED FOR PRIVACY","","REDACTED FOR PRIVACY","REDACTED FOR PRIVACY","REDACTED FOR PRIVACY","REDACTED FOR PRIVACY","REDACTED FOR PRIVACY","REDACTED FOR PRIVACY","REDACTED FOR PRIVACY","REDACTED FOR PRIVACY","REDACTED FOR PRIVACY","","REDACTED FOR PRIVACY","REDACTED FOR PRIVACY","","","","","","","","","","","ns1.ranob.it","ns2.ranob.it","ns3.ranob.it","ns4.ranob.it","OK","","",""
"9","horizonbureautique.com","2021-03-01 16:37:05","2021-02-27","2021-02-27","2022-02-27","303","PDR Ltd. d/b/a PublicDomainRegistry.com","whois.publicdomainregistry.com","http://www.publicdomainregistry.com","Octenium Support","Octenium","Rue Miloudi Moussa N02","Zeralda","Alger","16000","Algeria","support@octenium.com","+213.023325429","","Octenium Support","Octenium","Rue Miloudi Moussa N02","Zeralda","Alger","16000","Algeria","support@octenium.com","+213.023325429","","Octenium Support","Octenium","Rue Miloudi Moussa N02","Zeralda","Alger","16000","Algeria","support@octenium.com","+213.023325429","","","","","","","","","","","","ns1.octenium.net","ns2.octenium.net","ns3.octenium.net","ns4.octenium.net","clientTransferProhibited","","",""
"10","ibtissamet.store","2021-03-01 15:26:14","2021-02-26","2021-02-26","2022-02-26","1636","Hostinger, UAB","whois.hostinger.com","http://www.hostinger.com","SARL Derbouz","SARL Derbouz","","","Algiers","","Algeria","","","","","","","","","","","","","","","","","","","","","","","","","","","","","","","","","","ns1.dns-parking.com","ns2.dns-parking.com","","","addPeriod","clientTransferProhibited","serverTransferProhibited",""
"11","japstoredz.com","2021-03-01 14:32:22","2021-02-27","2021-02-27","2022-02-27","48","eNom, Inc.","whois.enom.com","http://www.enom.com","REDACTED FOR PRIVACY","REDACTED FOR PRIVACY","REDACTED FOR PRIVACY","REDACTED FOR PRIVACY","AL","REDACTED FOR PRIVACY","Algeria","","REDACTED FOR PRIVACY","REDACTED FOR PRIVACY","REDACTED FOR PRIVACY","REDACTED FOR PRIVACY","REDACTED FOR PRIVACY","REDACTED FOR PRIVACY","REDACTED FOR PRIVACY","REDACTED FOR PRIVACY","REDACTED FOR PRIVACY","","REDACTED FOR PRIVACY","REDACTED FOR PRIVACY","REDACTED FOR PRIVACY","REDACTED FOR PRIVACY","REDACTED FOR PRIVACY","REDACTED FOR PRIVACY","REDACTED FOR PRIVACY","REDACTED FOR PRIVACY","REDACTED FOR PRIVACY","","REDACTED FOR PRIVACY","REDACTED FOR PRIVACY","","","","","","","","","","","ns1.dzsrv.com","ns2.dzsrv.com","","","addPeriod","clientTransferProhibited","",""
"12","nano-dz.com","2021-03-01 16:25:14","2021-02-27","2021-02-27","2022-02-27","1630","Ligne Web Services SARL","whois.nic.fr","http://www.ait.com","Nano Design","Nano Design","","","","","Algeria","c3b6d1a2b6a5ef5e2630265e9826cd4a@whois-anonymous.com","","","Nano Design","Nano Design","","","","","Algeria","c3b6d1a2b6a5ef5e2630265e9826cd4a@whois-anonymous.com","","","Nano Design","Nano Design","","","","","Algeria","c3b6d1a2b6a5ef5e2630265e9826cd4a@whois-anonymous.com","","","Nano Design","Nano Design","","","","","Algeria","c3b6d1a2b6a5ef5e2630265e9826cd4a@whois-anonymous.com","","","","","","","More","clientTransferProhibited","informations","on"
"13","oneabdennourbadeche.tech","2021-03-01 15:24:11","2021-02-26","2021-02-26","2022-02-26","1913","DOTSERVE INC.","whois.nic.press","http://nic.press","Esi","Esi","","","799","","Algeria","","","","","","","","","","","","","","","","","","","","","","","","","","","","","","","","","","cont603385.earth.orderbox-dns.com","cont603385.mars.orderbox-dns.com","cont603385.mercury.orderbox-dns.com","cont603385.venus.orderbox-dns.com","addPeriod","clientTransferProhibited","serverTransferProhibited",""
"14","orys.art","2021-03-01 17:54:47","2021-02-26","2021-02-27","2022-02-26","433","OVH sas","whois.ovh.com","http://www.ovh.com","","","","","","","Algeria","","","","","","","","","","","","","","","","","","","","","","","","","","","","","","","","","","dns108.ovh.net","ns108.ovh.net","","","addPeriod","clientDeleteProhibited","clientTransferProhibited","serverTransferProhibited"
"15","terre1.com","2021-03-01 14:25:43","2021-02-27","2021-02-27","2022-02-27","433","OVH sas","whois.ovh.com","http://www.ovh.com","REDACTED FOR PRIVACY","","REDACTED FOR PRIVACY","REDACTED FOR PRIVACY","","REDACTED FOR PRIVACY","Algeria","4xu9s912u91becj356n6@x.o-w-o.info","REDACTED FOR PRIVACY","REDACTED FOR PRIVACY","REDACTED FOR PRIVACY","REDACTED FOR PRIVACY","REDACTED FOR PRIVACY","REDACTED FOR PRIVACY","REDACTED FOR PRIVACY","REDACTED FOR PRIVACY","REDACTED FOR PRIVACY","77z9znobxk5k2t3xbx4z@q.o-w-o.info","REDACTED FOR PRIVACY","REDACTED FOR PRIVACY","REDACTED FOR PRIVACY","REDACTED FOR PRIVACY","REDACTED FOR PRIVACY","REDACTED FOR PRIVACY","REDACTED FOR PRIVACY","REDACTED FOR PRIVACY","REDACTED FOR PRIVACY","77z9znobxk5k2t3xbx4z@q.o-w-o.info","REDACTED FOR PRIVACY","REDACTED FOR PRIVACY","","","","","","","","","","","dns2-r.dzsecurity.net","jupiter-shared.dzsecurity.net","","","clientDeleteProhibited","clientTransferProhibited","",""
"16","titan-dz.com","2021-03-01 16:05:28","2021-02-27","2021-02-27","2022-02-27","433","OVH sas","whois.ovh.com","http://www.ovh.com","REDACTED FOR PRIVACY","?Algeriahost","REDACTED FOR PRIVACY","REDACTED FOR PRIVACY","","REDACTED FOR PRIVACY","Algeria","1cb89y4gwe8sy6iwrf1q@m.o-w-o.info","REDACTED FOR PRIVACY","REDACTED FOR PRIVACY","REDACTED FOR PRIVACY","REDACTED FOR PRIVACY","REDACTED FOR PRIVACY","REDACTED FOR PRIVACY","REDACTED FOR PRIVACY","REDACTED FOR PRIVACY","REDACTED FOR PRIVACY","eaip89dqafrisggk6dnz@b.o-w-o.info","REDACTED FOR PRIVACY","REDACTED FOR PRIVACY","REDACTED FOR PRIVACY","REDACTED FOR PRIVACY","REDACTED FOR PRIVACY","REDACTED FOR PRIVACY","REDACTED FOR PRIVACY","REDACTED FOR PRIVACY","REDACTED FOR PRIVACY","eaip89dqafrisggk6dnz@b.o-w-o.info","REDACTED FOR PRIVACY","REDACTED FOR PRIVACY","","","","","","","","","","","ns1.algeriahost.com","ns2.algeriahost.com","","","clientDeleteProhibited","clientTransferProhibited","",""
"17","titanalger.com","2021-03-01 16:05:33","2021-02-27","2021-02-27","2022-02-27","433","OVH sas","whois.ovh.com","http://www.ovh.com","REDACTED FOR PRIVACY","?Algeriahost","REDACTED FOR PRIVACY","REDACTED FOR PRIVACY","","REDACTED FOR PRIVACY","Algeria","4c66tunbnd89yukod15m@q.o-w-o.info","REDACTED FOR PRIVACY","REDACTED FOR PRIVACY","REDACTED FOR PRIVACY","REDACTED FOR PRIVACY","REDACTED FOR PRIVACY","REDACTED FOR PRIVACY","REDACTED FOR PRIVACY","REDACTED FOR PRIVACY","REDACTED FOR PRIVACY","eaip89dqafrisggk6dnz@b.o-w-o.info","REDACTED FOR PRIVACY","REDACTED FOR PRIVACY","REDACTED FOR PRIVACY","REDACTED FOR PRIVACY","REDACTED FOR PRIVACY","REDACTED FOR PRIVACY","REDACTED FOR PRIVACY","REDACTED FOR PRIVACY","REDACTED FOR PRIVACY","eaip89dqafrisggk6dnz@b.o-w-o.info","REDACTED FOR PRIVACY","REDACTED FOR PRIVACY","","","","","","","","","","","ns1.algeriahost.com","ns2.algeriahost.com","","","clientDeleteProhibited","clientTransferProhibited","",""
"18","wilaya.online","2021-03-01 15:32:34","2021-02-26","2021-02-26","2022-02-26","1636","Hostinger, UAB","whois.hostinger.com","http://www.hostinger.com","Not Applicable","Not Applicable","","","Batna","","Algeria","","","","","","","","","","","","","","","","","","","","","","","","","","","","","","","","","","ns1.dns-parking.com","ns2.dns-parking.com","","","addPeriod","clientTransferProhibited","serverTransferProhibited",""