"num","domain_name","query_time","create_date","update_date","expiry_date","domain_registrar_id","domain_registrar_name","domain_registrar_whois","domain_registrar_url","registrant_name","registrant_company","registrant_address","registrant_city","registrant_state","registrant_zip","registrant_country","registrant_email","registrant_phone","registrant_fax","administrative_name","administrative_company","administrative_address","administrative_city","administrative_state","administrative_zip","administrative_country","administrative_email","administrative_phone","administrative_fax","technical_name","technical_company","technical_address","technical_city","technical_state","technical_zip","technical_country","technical_email","technical_phone","technical_fax","billing_name","billing_company","billing_address","billing_city","billing_state","billing_zip","billing_country","billing_email","billing_phone","billing_fax","name_server_1","name_server_2","name_server_3","name_server_4","domain_status_1","domain_status_2","domain_status_3","domain_status_4"
"1","5992336.com","2021-03-01 17:02:48","2021-02-27","2021-02-27","2022-02-27","1387","1API GmbH","whois.1api.net","http://www.1api.net","REDACTED FOR PRIVACY","REDACTED FOR PRIVACY","REDACTED FOR PRIVACY","REDACTED FOR PRIVACY","Hongkong","REDACTED FOR PRIVACY","Argentina","","REDACTED FOR PRIVACY","","REDACTED FOR PRIVACY","REDACTED FOR PRIVACY","REDACTED FOR PRIVACY","REDACTED FOR PRIVACY","REDACTED FOR PRIVACY","REDACTED FOR PRIVACY","REDACTED FOR PRIVACY","","REDACTED FOR PRIVACY","","REDACTED FOR PRIVACY","REDACTED FOR PRIVACY","REDACTED FOR PRIVACY","REDACTED FOR PRIVACY","REDACTED FOR PRIVACY","REDACTED FOR PRIVACY","REDACTED FOR PRIVACY","","REDACTED FOR PRIVACY","","","","","","","","","","","","ns1.ispapi.net","ns2.ispapi.net","ns3.ispapi.net","","clientTransferProhibited","","",""
"2","6233376.com","2021-03-01 17:02:55","2021-02-27","2021-02-27","2022-02-27","1387","1API GmbH","whois.1api.net","http://www.1api.net","REDACTED FOR PRIVACY","REDACTED FOR PRIVACY","REDACTED FOR PRIVACY","REDACTED FOR PRIVACY","Hongkong","REDACTED FOR PRIVACY","Argentina","","REDACTED FOR PRIVACY","","REDACTED FOR PRIVACY","REDACTED FOR PRIVACY","REDACTED FOR PRIVACY","REDACTED FOR PRIVACY","REDACTED FOR PRIVACY","REDACTED FOR PRIVACY","REDACTED FOR PRIVACY","","REDACTED FOR PRIVACY","","REDACTED FOR PRIVACY","REDACTED FOR PRIVACY","REDACTED FOR PRIVACY","REDACTED FOR PRIVACY","REDACTED FOR PRIVACY","REDACTED FOR PRIVACY","REDACTED FOR PRIVACY","","REDACTED FOR PRIVACY","","","","","","","","","","","","ns1.ispapi.net","ns2.ispapi.net","ns3.ispapi.net","","clientTransferProhibited","","",""
"3","7229566.com","2021-03-01 17:02:44","2021-02-27","2021-02-27","2022-02-27","1387","1API GmbH","whois.1api.net","http://www.1api.net","REDACTED FOR PRIVACY","REDACTED FOR PRIVACY","REDACTED FOR PRIVACY","REDACTED FOR PRIVACY","Hongkong","REDACTED FOR PRIVACY","Argentina","","REDACTED FOR PRIVACY","","REDACTED FOR PRIVACY","REDACTED FOR PRIVACY","REDACTED FOR PRIVACY","REDACTED FOR PRIVACY","REDACTED FOR PRIVACY","REDACTED FOR PRIVACY","REDACTED FOR PRIVACY","","REDACTED FOR PRIVACY","","REDACTED FOR PRIVACY","REDACTED FOR PRIVACY","REDACTED FOR PRIVACY","REDACTED FOR PRIVACY","REDACTED FOR PRIVACY","REDACTED FOR PRIVACY","REDACTED FOR PRIVACY","","REDACTED FOR PRIVACY","","","","","","","","","","","","ns1.ispapi.net","ns2.ispapi.net","ns3.ispapi.net","","clientTransferProhibited","","",""
"4","7559355.com","2021-03-01 17:02:42","2021-02-27","2021-02-27","2022-02-27","1387","1API GmbH","whois.1api.net","http://www.1api.net","REDACTED FOR PRIVACY","REDACTED FOR PRIVACY","REDACTED FOR PRIVACY","REDACTED FOR PRIVACY","Hongkong","REDACTED FOR PRIVACY","Argentina","","REDACTED FOR PRIVACY","","REDACTED FOR PRIVACY","REDACTED FOR PRIVACY","REDACTED FOR PRIVACY","REDACTED FOR PRIVACY","REDACTED FOR PRIVACY","REDACTED FOR PRIVACY","REDACTED FOR PRIVACY","","REDACTED FOR PRIVACY","","REDACTED FOR PRIVACY","REDACTED FOR PRIVACY","REDACTED FOR PRIVACY","REDACTED FOR PRIVACY","REDACTED FOR PRIVACY","REDACTED FOR PRIVACY","REDACTED FOR PRIVACY","","REDACTED FOR PRIVACY","","","","","","","","","","","","ns1.ispapi.net","ns2.ispapi.net","ns3.ispapi.net","","clientTransferProhibited","","",""
"5","8255526.com","2021-03-01 17:02:43","2021-02-27","2021-02-27","2022-02-27","1387","1API GmbH","whois.1api.net","http://www.1api.net","REDACTED FOR PRIVACY","REDACTED FOR PRIVACY","REDACTED FOR PRIVACY","REDACTED FOR PRIVACY","Hongkong","REDACTED FOR PRIVACY","Argentina","","REDACTED FOR PRIVACY","","REDACTED FOR PRIVACY","REDACTED FOR PRIVACY","REDACTED FOR PRIVACY","REDACTED FOR PRIVACY","REDACTED FOR PRIVACY","REDACTED FOR PRIVACY","REDACTED FOR PRIVACY","","REDACTED FOR PRIVACY","","REDACTED FOR PRIVACY","REDACTED FOR PRIVACY","REDACTED FOR PRIVACY","REDACTED FOR PRIVACY","REDACTED FOR PRIVACY","REDACTED FOR PRIVACY","REDACTED FOR PRIVACY","","REDACTED FOR PRIVACY","","","","","","","","","","","","ns1.ispapi.net","ns2.ispapi.net","ns3.ispapi.net","","clientTransferProhibited","","",""
"6","9337855.com","2021-03-01 17:02:32","2021-02-27","2021-02-27","2022-02-27","1387","1API GmbH","whois.1api.net","http://www.1api.net","REDACTED FOR PRIVACY","REDACTED FOR PRIVACY","REDACTED FOR PRIVACY","REDACTED FOR PRIVACY","Hongkong","REDACTED FOR PRIVACY","Argentina","","REDACTED FOR PRIVACY","","REDACTED FOR PRIVACY","REDACTED FOR PRIVACY","REDACTED FOR PRIVACY","REDACTED FOR PRIVACY","REDACTED FOR PRIVACY","REDACTED FOR PRIVACY","REDACTED FOR PRIVACY","","REDACTED FOR PRIVACY","","REDACTED FOR PRIVACY","REDACTED FOR PRIVACY","REDACTED FOR PRIVACY","REDACTED FOR PRIVACY","REDACTED FOR PRIVACY","REDACTED FOR PRIVACY","REDACTED FOR PRIVACY","","REDACTED FOR PRIVACY","","","","","","","","","","","","ns1.ispapi.net","ns2.ispapi.net","ns3.ispapi.net","","clientTransferProhibited","","",""
"7","9557226.com","2021-03-01 17:02:27","2021-02-27","2021-02-27","2022-02-27","1387","1API GmbH","whois.1api.net","http://www.1api.net","REDACTED FOR PRIVACY","REDACTED FOR PRIVACY","REDACTED FOR PRIVACY","REDACTED FOR PRIVACY","Hongkong","REDACTED FOR PRIVACY","Argentina","","REDACTED FOR PRIVACY","","REDACTED FOR PRIVACY","REDACTED FOR PRIVACY","REDACTED FOR PRIVACY","REDACTED FOR PRIVACY","REDACTED FOR PRIVACY","REDACTED FOR PRIVACY","REDACTED FOR PRIVACY","","REDACTED FOR PRIVACY","","REDACTED FOR PRIVACY","REDACTED FOR PRIVACY","REDACTED FOR PRIVACY","REDACTED FOR PRIVACY","REDACTED FOR PRIVACY","REDACTED FOR PRIVACY","REDACTED FOR PRIVACY","","REDACTED FOR PRIVACY","","","","","","","","","","","","ns1.ispapi.net","ns2.ispapi.net","ns3.ispapi.net","","clientTransferProhibited","","",""
"8","academiadecosmetica.com","2021-03-01 17:02:13","2021-02-26","2021-02-26","2022-02-26","146","GoDaddy.com, LLC","whois.godaddy.com","http://registrar.godaddy.com","VillaCrespoSite","VillaCrespoSite","","","Buenos Aires","","Argentina","","","","","","","","","","","","","","","","","","","","","","","","","","","","","","","","","","ns77.domaincontrol.com","ns78.domaincontrol.com","","","clientDeleteProhibited","clientRenewProhibited","clientTransferProhibited","clientUpdateProhibited"
"9","aeropuertoentulum.com","2021-03-01 17:01:26","2021-02-26","2021-02-26","2023-02-26","146","GoDaddy.com, LLC","whois.godaddy.com","http://registrar.godaddy.com","","","","","santos lugares","","Argentina","","","","","","","","","","","","","","","","","","","","","","","","","","","","","","","","","","ns51.domaincontrol.com","ns52.domaincontrol.com","","","clientDeleteProhibited","clientRenewProhibited","clientTransferProhibited","clientUpdateProhibited"
"10","alexisloza.com","2021-03-01 17:21:33","2021-02-27","2021-02-27","2022-02-27","303","PDR Ltd. d/b/a PublicDomainRegistry.com","whois.publicdomainregistry.com","http://www.publicdomainregistry.com","Alexis Loza","AlexisLoza","Araoz 249","Tartagal","Salta","4560","Argentina","alexisedgarloza@gmail.com","+54.3873409560","","Alexis Loza","AlexisLoza","Araoz 249","Tartagal","Salta","4560","Argentina","alexisedgarloza@gmail.com","+54.3873409560","","Alexis Loza","AlexisLoza","Araoz 249","Tartagal","Salta","4560","Argentina","alexisedgarloza@gmail.com","+54.3873409560","","","","","","","","","","","","ns1.brownhosting.com","ns2.brownhosting.com","","","clientTransferProhibited","","",""
"11","almacengaia.online","2021-03-01 15:39:25","2021-02-26","","2022-02-26","1388","Dattatec.com SRL","whois.dattatec.com","http://www.dattatec.com","JUAN IGNACIO VACCA","JUAN IGNACIO VACCA","","","Santa Fe","","Argentina","","","","","","","","","","","","","","","","","","","","","","","","","","","","","","","","","","ns1.donweb.cl","ns1.donweb.co","ns1.donweb.mx","ns1.donweb.uy","addPeriod","serverTransferProhibited","",""
"12","alojamientobarlovento.com","2021-03-01 17:00:21","2021-02-27","2021-02-27","2022-02-27","3775","ALIBABA.COM SINGAPORE E-COMMERCE PRIVATE LIMITED","","","","","","","Ciudad Autonoma de Buenos Aires","","Argentina","","","","","","","","","","","","","","","","","","","","","","","","","","","","","","","","","","ns7.alidns.com","ns8.alidns.com","","","OK","","",""
"13","americanboatservices.com","2021-03-01 17:00:02","2021-02-27","2021-02-28","2022-02-27","1647","Hosting Concepts B.V. dba Openprovider","whois.registrar.eu","http://www.openprovider.com","REDACTED FOR PRIVACY","American Boat Services SRL","REDACTED FOR PRIVACY","REDACTED FOR PRIVACY","Santa Fe","REDACTED FOR PRIVACY","Argentina","","REDACTED FOR PRIVACY","REDACTED FOR PRIVACY","REDACTED FOR PRIVACY","REDACTED FOR PRIVACY","REDACTED FOR PRIVACY","REDACTED FOR PRIVACY","REDACTED FOR PRIVACY","REDACTED FOR PRIVACY","REDACTED FOR PRIVACY","","REDACTED FOR PRIVACY","REDACTED FOR PRIVACY","REDACTED FOR PRIVACY","REDACTED FOR PRIVACY","REDACTED FOR PRIVACY","REDACTED FOR PRIVACY","REDACTED FOR PRIVACY","REDACTED FOR PRIVACY","REDACTED FOR PRIVACY","","REDACTED FOR PRIVACY","REDACTED FOR PRIVACY","","","","","","","","","","","ns1.dns-parking.com","ns2.dns-parking.com","","","clientTransferProhibited","ok","",""
"14","amoncloting.com","2021-03-01 16:59:41","2021-02-27","2021-02-27","2022-02-27","146","GoDaddy.com, LLC","whois.godaddy.com","http://registrar.godaddy.com","HNZ","HNZ","","","Buenos Aires","","Argentina","","","","","","","","","","","","","","","","","","","","","","","","","","","","","","","","","","ns55.domaincontrol.com","ns56.domaincontrol.com","","","clientDeleteProhibited","clientRenewProhibited","clientTransferProhibited","clientUpdateProhibited"
"15","archqte.com","2021-03-01 16:58:52","2021-02-27","2021-02-28","2023-02-27","146","GoDaddy.com, LLC","whois.godaddy.com","http://registrar.godaddy.com","Estudio de diseno","Estudio de diseno","","","Cordoba","","Argentina","","","","","","","","","","","","","","","","","","","","","","","","","","","","","","","","","","ns1.dns-parking.com","ns2.dns-parking.com","","","clientDeleteProhibited","clientRenewProhibited","clientTransferProhibited","clientUpdateProhibited"
"16","atwork.chat","2021-03-01 14:16:13","2021-02-27","2021-02-27","2022-02-27","146","GoDaddy.com, LLC","whois.godaddy.com","http://registrar.godaddy.com","REDACTED FOR PRIVACY","","REDACTED FOR PRIVACY","REDACTED FOR PRIVACY","buenos aires","REDACTED FOR PRIVACY","Argentina","","REDACTED FOR PRIVACY","REDACTED FOR PRIVACY","","","","","","","","","","","","","","","","","","","","","","","","","","","","","","","","","","","addPeriod","clientDeleteProhibited","clientRenewProhibited","clientTransferProhibited"
"17","boutique.rentals","2021-03-01 15:31:03","2021-02-26","2021-02-26","2022-02-26","146","GoDaddy.com, LLC","whois.godaddy.com","http://registrar.godaddy.com","REDACTED FOR PRIVACY","","REDACTED FOR PRIVACY","REDACTED FOR PRIVACY","Santa Fe","REDACTED FOR PRIVACY","Argentina","","REDACTED FOR PRIVACY","REDACTED FOR PRIVACY","","","","","","","","","","","","","","","","","","","","","","","","","","","","","","","","","","","addPeriod","clientDeleteProhibited","clientRenewProhibited","clientTransferProhibited"
"18","casasilvia.net","2021-03-01 15:41:42","2021-02-26","2021-02-27","2022-02-26","925","Everyones Internet, Ltd. dba SoftLayer","whois.softlayer.com","http://www.softlayer.com","REDACTED FOR PRIVACY","REDACTED FOR PRIVACY","REDACTED FOR PRIVACY","REDACTED FOR PRIVACY","OT","REDACTED FOR PRIVACY","Argentina","","REDACTED FOR PRIVACY","REDACTED FOR PRIVACY","REDACTED FOR PRIVACY","REDACTED FOR PRIVACY","REDACTED FOR PRIVACY","REDACTED FOR PRIVACY","REDACTED FOR PRIVACY","REDACTED FOR PRIVACY","REDACTED FOR PRIVACY","","REDACTED FOR PRIVACY","REDACTED FOR PRIVACY","REDACTED FOR PRIVACY","REDACTED FOR PRIVACY","REDACTED FOR PRIVACY","REDACTED FOR PRIVACY","REDACTED FOR PRIVACY","REDACTED FOR PRIVACY","REDACTED FOR PRIVACY","","REDACTED FOR PRIVACY","REDACTED FOR PRIVACY","","","","","","","","","","","ns1.softlayer.com","ns2.softlayer.com","","","clientTransferProhibited","clientUpdateProhibited","",""
"19","chaco-amalgama.site","2021-03-01 15:29:50","2021-02-26","2021-02-26","2022-02-26","146","GoDaddy.com, LLC","whois.godaddy.com","http://registrar.godaddy.com","","","","","Capital Federal","","Argentina","","","","","","","","","","","","","","","","","","","","","","","","","","","","","","","","","","ns1.godns.net","ns2.godns.net","ns3.godns.net","ns4.godns.net","addPeriod","clientDeleteProhibited","clientRenewProhibited","clientTransferProhibited"
"20","chikitosbabyshop.online","2021-03-01 15:37:54","2021-02-26","","2022-02-26","1388","Dattatec.com SRL","whois.dattatec.com","http://www.dattatec.com","3","3","","","Santa Fe","","Argentina","","","","","","","","","","","","","","","","","","","","","","","","","","","","","","","","","","ns1.donweb.cl","ns1.donweb.co","ns1.donweb.mx","ns1.donweb.uy","addPeriod","serverTransferProhibited","",""
"21","cibelesviajes.com","2021-03-01 16:53:21","2021-02-27","2021-02-27","2022-02-27","1388","Dattatec.com SRL","whois.dattatec.com","http://www.dattatec.com","Samanta Leal","Samanta Leal","rivadavia 6066","Caba","Capital Federal","1406","Argentina","hola.cibeles@gmail.com","+54.01134296733","","Samanta Leal","Samanta Leal","rivadavia 6066","Caba","Capital Federal","1406","Argentina","hola.cibeles@gmail.com","+54.01134296733","","Samanta Leal","Samanta Leal","rivadavia 6066","Caba","Capital Federal","1406","Argentina","hola.cibeles@gmail.com","+54.01134296733","","","","","","","","","","","","ns1.donweb.cl","ns1.donweb.co","ns1.donweb.mx","ns1.donweb.uy","OK","","",""
"22","cienbike.com","2021-03-01 16:53:24","2021-02-27","2021-02-27","2022-02-27","146","GoDaddy.com, LLC","whois.godaddy.com","http://registrar.godaddy.com","","","","","Pilar","","Argentina","","","","","","","","","","","","","","","","","","","","","","","","","","","","","","","","","","ns21.domaincontrol.com","ns22.domaincontrol.com","","","clientDeleteProhibited","clientRenewProhibited","clientTransferProhibited","clientUpdateProhibited"
"23","comuniadsaluable.com","2021-03-01 16:51:47","2021-02-27","2021-02-27","2022-02-27","106","Ascio Technologies, Inc. Danmark - Filial af Ascio technologies, Inc. USA","whois.ascio.com","http://www.ascio.com","Not Disclosed","Not Disclosed","Not Disclosed","Not Disclosed","","Not Disclosed","Argentina","","Not Disclosed","Not Disclosed","Not Disclosed","Not Disclosed","Not Disclosed","Not Disclosed","Not Disclosed","Not Disclosed","Not Disclosed","","Not Disclosed","Not Disclosed","Not Disclosed","Not Disclosed","Not Disclosed","Not Disclosed","Not Disclosed","Not Disclosed","Not Disclosed","","Not Disclosed","Not Disclosed","","","","","","","","","","","dns1.123hjemmeside.dk","dns2.123hjemmeside.dk","dns3.123hjemmeside.dk","","OK","","",""
"24","comunicarlatam.com","2021-03-01 16:51:47","2021-02-27","2021-02-28","2022-02-27","1647","Hosting Concepts B.V. dba Openprovider","whois.registrar.eu","http://www.openprovider.com","REDACTED FOR PRIVACY","MS Interactiva","REDACTED FOR PRIVACY","REDACTED FOR PRIVACY","Buenos Aires","REDACTED FOR PRIVACY","Argentina","","REDACTED FOR PRIVACY","REDACTED FOR PRIVACY","REDACTED FOR PRIVACY","REDACTED FOR PRIVACY","REDACTED FOR PRIVACY","REDACTED FOR PRIVACY","REDACTED FOR PRIVACY","REDACTED FOR PRIVACY","REDACTED FOR PRIVACY","","REDACTED FOR PRIVACY","REDACTED FOR PRIVACY","REDACTED FOR PRIVACY","REDACTED FOR PRIVACY","REDACTED FOR PRIVACY","REDACTED FOR PRIVACY","REDACTED FOR PRIVACY","REDACTED FOR PRIVACY","REDACTED FOR PRIVACY","","REDACTED FOR PRIVACY","REDACTED FOR PRIVACY","","","","","","","","","","","dns1.servidoraweb.net","dns2.servidoraweb.net","","","clientTransferProhibited","ok","",""
"25","construccionesbrandel.com","2021-03-01 16:51:38","2021-02-27","2021-02-27","2023-02-27","1647","Hosting Concepts B.V. dba Openprovider","whois.registrar.eu","http://www.openprovider.com","REDACTED FOR PRIVACY","Brandel Construcciones","REDACTED FOR PRIVACY","REDACTED FOR PRIVACY","Buenos Aires","REDACTED FOR PRIVACY","Argentina","","REDACTED FOR PRIVACY","REDACTED FOR PRIVACY","REDACTED FOR PRIVACY","REDACTED FOR PRIVACY","REDACTED FOR PRIVACY","REDACTED FOR PRIVACY","REDACTED FOR PRIVACY","REDACTED FOR PRIVACY","REDACTED FOR PRIVACY","","REDACTED FOR PRIVACY","REDACTED FOR PRIVACY","REDACTED FOR PRIVACY","REDACTED FOR PRIVACY","REDACTED FOR PRIVACY","REDACTED FOR PRIVACY","REDACTED FOR PRIVACY","REDACTED FOR PRIVACY","REDACTED FOR PRIVACY","","REDACTED FOR PRIVACY","REDACTED FOR PRIVACY","","","","","","","","","","","ns1.dns-parking.com","ns2.dns-parking.com","","","clientTransferProhibited","ok","",""
"26","cuatroislasradio.com","2021-03-01 16:50:48","2021-02-27","2021-02-27","2022-02-27","146","GoDaddy.com, LLC","whois.godaddy.com","http://registrar.godaddy.com","Luis Emilio Santos","Luis Emilio Santos","","","Buenos Aires","","Argentina","","","","","","","","","","","","","","","","","","","","","","","","","","","","","","","","","","ns05.domaincontrol.com","ns06.domaincontrol.com","","","clientDeleteProhibited","clientRenewProhibited","clientTransferProhibited","clientUpdateProhibited"
"27","delcampodistribuidora.com","2021-03-01 16:49:50","2021-02-27","2021-02-27","2022-02-27","1647","Hosting Concepts B.V. dba Openprovider","whois.registrar.eu","http://www.openprovider.com","REDACTED FOR PRIVACY","","REDACTED FOR PRIVACY","REDACTED FOR PRIVACY","buenos aires","REDACTED FOR PRIVACY","Argentina","","REDACTED FOR PRIVACY","REDACTED FOR PRIVACY","REDACTED FOR PRIVACY","REDACTED FOR PRIVACY","REDACTED FOR PRIVACY","REDACTED FOR PRIVACY","REDACTED FOR PRIVACY","REDACTED FOR PRIVACY","REDACTED FOR PRIVACY","","REDACTED FOR PRIVACY","REDACTED FOR PRIVACY","REDACTED FOR PRIVACY","REDACTED FOR PRIVACY","REDACTED FOR PRIVACY","REDACTED FOR PRIVACY","REDACTED FOR PRIVACY","REDACTED FOR PRIVACY","REDACTED FOR PRIVACY","","REDACTED FOR PRIVACY","REDACTED FOR PRIVACY","","","","","","","","","","","ns1.dns-parking.com","ns2.dns-parking.com","","","clientTransferProhibited","ok","",""
"28","designingenieria.com","2021-03-01 16:49:01","2021-02-27","2021-02-27","2023-02-27","146","GoDaddy.com, LLC","whois.godaddy.com","http://registrar.godaddy.com","","","","","Ciudad Autonoma de Buenos Aires","","Argentina","","","","","","","","","","","","","","","","","","","","","","","","","","","","","","","","","","ns55.domaincontrol.com","ns56.domaincontrol.com","","","clientDeleteProhibited","clientRenewProhibited","clientTransferProhibited","clientUpdateProhibited"
"29","diasdasilva.art","2021-03-01 17:54:53","2021-02-26","2021-02-26","2022-02-26","146","GoDaddy.com, LLC","whois.godaddy.com","http://registrar.godaddy.com","","","","","CABA","","Argentina","","","","","","","","","","","","","","","","","","","","","","","","","","","","","","","","","","ns51.domaincontrol.com","ns52.domaincontrol.com","","","addPeriod","clientDeleteProhibited","clientRenewProhibited","clientTransferProhibited"
"30","diazluciano.com","2021-03-01 16:48:51","2021-02-27","2021-02-28","2022-02-27","1647","Hosting Concepts B.V. dba Openprovider","whois.registrar.eu","http://www.openprovider.com","REDACTED FOR PRIVACY","","REDACTED FOR PRIVACY","REDACTED FOR PRIVACY","buenos aires","REDACTED FOR PRIVACY","Argentina","","REDACTED FOR PRIVACY","REDACTED FOR PRIVACY","REDACTED FOR PRIVACY","REDACTED FOR PRIVACY","REDACTED FOR PRIVACY","REDACTED FOR PRIVACY","REDACTED FOR PRIVACY","REDACTED FOR PRIVACY","REDACTED FOR PRIVACY","","REDACTED FOR PRIVACY","REDACTED FOR PRIVACY","REDACTED FOR PRIVACY","REDACTED FOR PRIVACY","REDACTED FOR PRIVACY","REDACTED FOR PRIVACY","REDACTED FOR PRIVACY","REDACTED FOR PRIVACY","REDACTED FOR PRIVACY","","REDACTED FOR PRIVACY","REDACTED FOR PRIVACY","","","","","","","","","","","ns1.dns-parking.com","ns2.dns-parking.com","","","clientTransferProhibited","ok","",""
"31","dieteticaelmolino.com","2021-03-01 16:48:46","2021-02-27","2021-02-27","2022-02-27","1388","Dattatec.com SRL","whois.dattatec.com","http://www.dattatec.com","Walter Costa","Walter Costa","buenos aires 461 2d","Parana","Entre Rios","3100","Argentina","walc24@hotmail.com","+54.3436236587","","Walter Costa","Walter Costa","buenos aires 461 2d","Parana","Entre Rios","3100","Argentina","walc24@hotmail.com","+54.3436236587","","Walter Costa","Walter Costa","buenos aires 461 2d","Parana","Entre Rios","3100","Argentina","walc24@hotmail.com","+54.3436236587","","","","","","","","","","","","ns1.donweb.cl","ns1.donweb.co","ns1.donweb.mx","ns1.donweb.uy","OK","","",""
"32","disneyargentina.com","2021-03-01 17:04:51","2021-02-27","2021-02-27","2022-02-27","1647","Hosting Concepts B.V. dba Openprovider","whois.registrar.eu","http://www.openprovider.com","REDACTED FOR PRIVACY","","REDACTED FOR PRIVACY","REDACTED FOR PRIVACY","Santa Fe","REDACTED FOR PRIVACY","Argentina","","REDACTED FOR PRIVACY","REDACTED FOR PRIVACY","REDACTED FOR PRIVACY","REDACTED FOR PRIVACY","REDACTED FOR PRIVACY","REDACTED FOR PRIVACY","REDACTED FOR PRIVACY","REDACTED FOR PRIVACY","REDACTED FOR PRIVACY","","REDACTED FOR PRIVACY","REDACTED FOR PRIVACY","REDACTED FOR PRIVACY","REDACTED FOR PRIVACY","REDACTED FOR PRIVACY","REDACTED FOR PRIVACY","REDACTED FOR PRIVACY","REDACTED FOR PRIVACY","REDACTED FOR PRIVACY","","REDACTED FOR PRIVACY","REDACTED FOR PRIVACY","","","","","","","","","","","ns1.dns-parking.com","ns2.dns-parking.com","","","clientTransferProhibited","ok","",""
"33","divisual.agency","2021-03-01 14:15:13","2021-02-27","2021-02-27","2022-02-27","146","GoDaddy.com, LLC","whois.godaddy.com","http://registrar.godaddy.com","REDACTED FOR PRIVACY","","REDACTED FOR PRIVACY","REDACTED FOR PRIVACY","Mendoza","REDACTED FOR PRIVACY","Argentina","","REDACTED FOR PRIVACY","REDACTED FOR PRIVACY","","","","","","","","","","","","","","","","","","","","","","","","","","","","","","","","","","","addPeriod","clientDeleteProhibited","clientRenewProhibited","clientTransferProhibited"
"34","dolcefilipa.com","2021-03-01 16:48:02","2021-02-27","2021-02-27","2022-02-27","1647","Hosting Concepts B.V. dba Openprovider","whois.registrar.eu","http://www.openprovider.com","REDACTED FOR PRIVACY","Gianluca Moriconi","REDACTED FOR PRIVACY","REDACTED FOR PRIVACY","Buenos Aires","REDACTED FOR PRIVACY","Argentina","","REDACTED FOR PRIVACY","REDACTED FOR PRIVACY","REDACTED FOR PRIVACY","REDACTED FOR PRIVACY","REDACTED FOR PRIVACY","REDACTED FOR PRIVACY","REDACTED FOR PRIVACY","REDACTED FOR PRIVACY","REDACTED FOR PRIVACY","","REDACTED FOR PRIVACY","REDACTED FOR PRIVACY","REDACTED FOR PRIVACY","REDACTED FOR PRIVACY","REDACTED FOR PRIVACY","REDACTED FOR PRIVACY","REDACTED FOR PRIVACY","REDACTED FOR PRIVACY","REDACTED FOR PRIVACY","","REDACTED FOR PRIVACY","REDACTED FOR PRIVACY","","","","","","","","","","","ns1.dns-parking.com","ns2.dns-parking.com","","","clientTransferProhibited","ok","",""
"35","eduardobattaglia.com","2021-03-01 17:36:14","2021-02-27","2021-02-27","2022-02-27","303","PDR Ltd. d/b/a PublicDomainRegistry.com","whois.publicdomainregistry.com","http://www.publicdomainregistry.com","Axel Arzubi","The Fresh Agency","Zapata 517","Capital Federal","Buenos Aires","C1426AEH","Argentina","axellaban@gmail.com","+54.42451009","","Axel Arzubi","The Fresh Agency","Zapata 517","Capital Federal","Buenos Aires","C1426AEH","Argentina","axellaban@gmail.com","+54.42451009","","Axel Arzubi","The Fresh Agency","Zapata 517","Capital Federal","Buenos Aires","C1426AEH","Argentina","axellaban@gmail.com","+54.42451009","","","","","","","","","","","","ns1.wiroos.com","ns2.wiroos.com","","","clientTransferProhibited","","",""
"36","elpisodearrbaholistico.com","2021-03-01 16:45:52","2021-02-27","2021-02-27","2022-02-27","69","Tucows Domains Inc.","whois.tucows.com","http://domainhelp.opensrs.net","REDACTED FOR PRIVACY","REDACTED FOR PRIVACY","REDACTED FOR PRIVACY","REDACTED FOR PRIVACY","XX","REDACTED FOR PRIVACY","Argentina","","REDACTED FOR PRIVACY","REDACTED FOR PRIVACY","REDACTED FOR PRIVACY","REDACTED FOR PRIVACY","REDACTED FOR PRIVACY","REDACTED FOR PRIVACY","REDACTED FOR PRIVACY","REDACTED FOR PRIVACY","REDACTED FOR PRIVACY","","REDACTED FOR PRIVACY","REDACTED FOR PRIVACY","REDACTED FOR PRIVACY","REDACTED FOR PRIVACY","REDACTED FOR PRIVACY","REDACTED FOR PRIVACY","REDACTED FOR PRIVACY","REDACTED FOR PRIVACY","REDACTED FOR PRIVACY","","REDACTED FOR PRIVACY","REDACTED FOR PRIVACY","","","","","","","","","","","ns1.giowm1295.siteground.biz","ns2.giowm1295.siteground.biz","","","clientTransferProhibited","clientUpdateProhibited","",""
"37","envioon.net","2021-03-01 15:40:49","2021-02-26","2021-02-26","2024-02-26","1647","Hosting Concepts B.V. dba Openprovider","whois.registrar.eu","http://www.openprovider.com","REDACTED FOR PRIVACY","","REDACTED FOR PRIVACY","REDACTED FOR PRIVACY","Capital Federal","REDACTED FOR PRIVACY","Argentina","","REDACTED FOR PRIVACY","REDACTED FOR PRIVACY","REDACTED FOR PRIVACY","REDACTED FOR PRIVACY","REDACTED FOR PRIVACY","REDACTED FOR PRIVACY","REDACTED FOR PRIVACY","REDACTED FOR PRIVACY","REDACTED FOR PRIVACY","","REDACTED FOR PRIVACY","REDACTED FOR PRIVACY","REDACTED FOR PRIVACY","REDACTED FOR PRIVACY","REDACTED FOR PRIVACY","REDACTED FOR PRIVACY","REDACTED FOR PRIVACY","REDACTED FOR PRIVACY","REDACTED FOR PRIVACY","","REDACTED FOR PRIVACY","REDACTED FOR PRIVACY","","","","","","","","","","","ns1.dns-parking.com","ns2.dns-parking.com","","","clientTransferProhibited","ok","",""
"38","escuelacursosdecocina.com","2021-03-01 16:45:17","2021-02-27","2021-02-28","2022-02-27","1479","Namesilo, LLC","whois.namesilo.com","http://www.namesilo.com","Nicolas Becerra","","Franklin Rawson oeste  barrio nuevo del bono","Capital","San Juan","5400","Argentina","nicobecerra91@gmail.com","+54.2644523858","","Nicolas Becerra","","Franklin Rawson oeste  barrio nuevo del bono","Capital","San Juan","5400","Argentina","nicobecerra91@gmail.com","+54.2644523858","","Nicolas Becerra","","Franklin Rawson oeste  barrio nuevo del bono","Capital","San Juan","5400","Argentina","nicobecerra91@gmail.com","+54.2644523858","","","","","","","","","","","","ns8908.banahosting.com","ns8909.banahosting.com","","","clientTransferProhibited","","",""
"39","escueladecosmetica.com","2021-03-01 17:13:08","2021-02-26","2021-02-26","2022-02-26","146","GoDaddy.com, LLC","whois.godaddy.com","http://registrar.godaddy.com","VillaCrespoSite","VillaCrespoSite","","","Buenos Aires","","Argentina","","","","","","","","","","","","","","","","","","","","","","","","","","","","","","","","","","ns55.domaincontrol.com","ns56.domaincontrol.com","","","clientDeleteProhibited","clientRenewProhibited","clientTransferProhibited","clientUpdateProhibited"
"40","estudiobelair.com","2021-03-01 16:45:04","2021-02-27","2021-02-27","2022-02-27","1647","Hosting Concepts B.V. dba Openprovider","whois.registrar.eu","http://www.openprovider.com","REDACTED FOR PRIVACY","","REDACTED FOR PRIVACY","REDACTED FOR PRIVACY","Capital Federal","REDACTED FOR PRIVACY","Argentina","","REDACTED FOR PRIVACY","REDACTED FOR PRIVACY","REDACTED FOR PRIVACY","REDACTED FOR PRIVACY","REDACTED FOR PRIVACY","REDACTED FOR PRIVACY","REDACTED FOR PRIVACY","REDACTED FOR PRIVACY","REDACTED FOR PRIVACY","","REDACTED FOR PRIVACY","REDACTED FOR PRIVACY","REDACTED FOR PRIVACY","REDACTED FOR PRIVACY","REDACTED FOR PRIVACY","REDACTED FOR PRIVACY","REDACTED FOR PRIVACY","REDACTED FOR PRIVACY","REDACTED FOR PRIVACY","","REDACTED FOR PRIVACY","REDACTED FOR PRIVACY","","","","","","","","","","","ns1.dns-parking.com","ns2.dns-parking.com","","","clientTransferProhibited","ok","",""
"41","estudiodecocina.com","2021-03-01 17:27:50","2021-02-27","2021-02-27","2023-02-27","146","GoDaddy.com, LLC","whois.godaddy.com","http://registrar.godaddy.com","","","","","Buenos Aires","","Argentina","","","","","","","","","","","","","","","","","","","","","","","","","","","","","","","","","","ns21.domaincontrol.com","ns22.domaincontrol.com","","","clientDeleteProhibited","clientRenewProhibited","clientTransferProhibited","clientUpdateProhibited"
"42","estudiosilvaasociados.com","2021-03-01 16:45:04","2021-02-27","2021-02-27","2022-02-27","1647","Hosting Concepts B.V. dba Openprovider","whois.registrar.eu","http://www.openprovider.com","REDACTED FOR PRIVACY","","REDACTED FOR PRIVACY","REDACTED FOR PRIVACY","buenos aires","REDACTED FOR PRIVACY","Argentina","","REDACTED FOR PRIVACY","REDACTED FOR PRIVACY","REDACTED FOR PRIVACY","REDACTED FOR PRIVACY","REDACTED FOR PRIVACY","REDACTED FOR PRIVACY","REDACTED FOR PRIVACY","REDACTED FOR PRIVACY","REDACTED FOR PRIVACY","","REDACTED FOR PRIVACY","REDACTED FOR PRIVACY","REDACTED FOR PRIVACY","REDACTED FOR PRIVACY","REDACTED FOR PRIVACY","REDACTED FOR PRIVACY","REDACTED FOR PRIVACY","REDACTED FOR PRIVACY","REDACTED FOR PRIVACY","","REDACTED FOR PRIVACY","REDACTED FOR PRIVACY","","","","","","","","","","","ns1.dns-parking.com","ns2.dns-parking.com","","","clientTransferProhibited","ok","",""
"43","federicocalvosauco.com","2021-03-01 16:44:09","2021-02-27","2021-02-27","2022-02-27","146","GoDaddy.com, LLC","whois.godaddy.com","http://registrar.godaddy.com","","","","","CABA","","Argentina","","","","","","","","","","","","","","","","","","","","","","","","","","","","","","","","","","ns21.domaincontrol.com","ns22.domaincontrol.com","","","clientDeleteProhibited","clientRenewProhibited","clientTransferProhibited","clientUpdateProhibited"
"44","feresnutricion.com","2021-03-01 16:44:02","2021-02-27","2021-02-27","2022-02-27","146","GoDaddy.com, LLC","whois.godaddy.com","http://registrar.godaddy.com","","","","","argentina","","Argentina","","","","","","","","","","","","","","","","","","","","","","","","","","","","","","","","","","ns41.domaincontrol.com","ns42.domaincontrol.com","","","clientDeleteProhibited","clientRenewProhibited","clientTransferProhibited","clientUpdateProhibited"
"45","floorfantastic.com","2021-03-01 17:33:22","2021-02-27","2021-02-27","2022-02-27","106","Ascio Technologies, Inc. Danmark - Filial af Ascio technologies, Inc. USA","whois.ascio.com","http://www.ascio.com","Not Disclosed","Not Disclosed","Not Disclosed","Not Disclosed","","Not Disclosed","Argentina","","Not Disclosed","Not Disclosed","Not Disclosed","Not Disclosed","Not Disclosed","Not Disclosed","Not Disclosed","Not Disclosed","Not Disclosed","","Not Disclosed","Not Disclosed","Not Disclosed","Not Disclosed","Not Disclosed","Not Disclosed","Not Disclosed","Not Disclosed","Not Disclosed","","Not Disclosed","Not Disclosed","","","","","","","","","","","dns1.123hjemmeside.dk","dns2.123hjemmeside.dk","dns3.123hjemmeside.dk","","OK","","",""
"46","gacetaserver.com","2021-03-01 16:42:00","2021-02-27","2021-02-27","2022-02-27","625","Name.com, Inc.","whois.name.com","http://www.name.com","Geronimo Martinez","Geronimo Martinez","Bartolome Mitre 679","Viedma","Rio Negro","8500","Argentina","","Non-Public Data","","Geronimo Martinez","Geronimo Martinez","Bartolome Mitre 679","Viedma","Rio Negro","8500","Argentina","","Non-Public Data","","Geronimo Martinez","Geronimo Martinez","Bartolome Mitre 679","Viedma","Rio Negro","8500","Argentina","","Non-Public Data","","","","","","","","","","","","ns1.gacetaserver.com","ns2.gacetaserver.com","","","addPeriod","clientTransferProhibited","",""
"47","graintraders.net","2021-03-01 15:44:26","2021-02-25","2021-02-25","2022-02-25","146","GoDaddy.com, LLC","whois.godaddy.com","http://registrar.godaddy.com","Juan Manuel Niveyro","Juan Manuel Niveyro","","","Chaco","","Argentina","","","","","","","","","","","","","","","","","","","","","","","","","","","","","","","","","","ns69.domaincontrol.com","ns70.domaincontrol.com","","","OK","","",""
"48","grupo-ateka.com","2021-03-01 16:39:30","2021-02-27","2021-02-27","2022-02-27","1388","Dattatec.com SRL","whois.dattatec.com","http://www.dattatec.com","Martiniano Jeraci","Martiniano Jeraci","Berra 1259","Ayacucho","Buenos Aires","7150","Argentina","maaarjeraci@gmail.com","+54.024941548271","","Martiniano Jeraci","Martiniano Jeraci","Berra 1259","Ayacucho","Buenos Aires","7150","Argentina","maaarjeraci@gmail.com","+54.024941548271","","Martiniano Jeraci","Martiniano Jeraci","Berra 1259","Ayacucho","Buenos Aires","7150","Argentina","maaarjeraci@gmail.com","+54.024941548271","","","","","","","","","","","","ns1.donweb.cl","ns1.donweb.co","ns1.donweb.mx","ns1.donweb.uy","OK","","",""
"49","grupo-ingeniar.com","2021-03-01 16:39:35","2021-02-27","2021-02-28","2022-02-27","146","GoDaddy.com, LLC","whois.godaddy.com","http://registrar.godaddy.com","","","","","Cordoba","","Argentina","","","","","","","","","","","","","","","","","","","","","","","","","","","","","","","","","","ns21.domaincontrol.com","ns22.domaincontrol.com","","","clientDeleteProhibited","clientRenewProhibited","clientTransferProhibited","clientUpdateProhibited"
"50","gustavolarrieu.com","2021-03-01 16:39:22","2021-02-27","2021-02-27","2023-02-27","146","GoDaddy.com, LLC","whois.godaddy.com","http://registrar.godaddy.com","","","","","Buenos Aires","","Argentina","","","","","","","","","","","","","","","","","","","","","","","","","","","","","","","","","","ns55.domaincontrol.com","ns56.domaincontrol.com","","","clientDeleteProhibited","clientRenewProhibited","clientTransferProhibited","clientUpdateProhibited"
"51","hi-itci.com","2021-03-01 16:38:11","2021-02-27","2021-02-27","2023-02-27","146","GoDaddy.com, LLC","whois.godaddy.com","http://registrar.godaddy.com","","","","","Cordoba","","Argentina","","","","","","","","","","","","","","","","","","","","","","","","","","","","","","","","","","ns57.domaincontrol.com","ns58.domaincontrol.com","","","clientDeleteProhibited","clientRenewProhibited","clientTransferProhibited","clientUpdateProhibited"
"52","hidraulicamb.com","2021-03-01 16:38:10","2021-02-27","2021-02-27","2022-02-27","146","GoDaddy.com, LLC","whois.godaddy.com","http://registrar.godaddy.com","","","","","Santa Fe","","Argentina","","","","","","","","","","","","","","","","","","","","","","","","","","","","","","","","","","ns05.domaincontrol.com","ns06.domaincontrol.com","","","clientDeleteProhibited","clientRenewProhibited","clientTransferProhibited","clientUpdateProhibited"
"53","ilfornodimarco.com","2021-03-01 16:36:07","2021-02-27","2021-02-27","2022-02-27","146","GoDaddy.com, LLC","whois.godaddy.com","http://registrar.godaddy.com","","","","","Cordoba","","Argentina","","","","","","","","","","","","","","","","","","","","","","","","","","","","","","","","","","ns1.donweb.com","ns2.donweb.com","","","clientDeleteProhibited","clientRenewProhibited","clientTransferProhibited","clientUpdateProhibited"
"54","imex.media","2021-03-01 15:46:45","2021-02-26","2021-02-26","2024-02-26","9","register.com, Inc.","whois.register.com","http://www.register.com","REDACTED FOR PRIVACY","Xiden Networking S.A.","REDACTED FOR PRIVACY","REDACTED FOR PRIVACY","Buenos Aires","REDACTED FOR PRIVACY","Argentina","","REDACTED FOR PRIVACY","REDACTED FOR PRIVACY","","","","","","","","","","","","","","","","","","","","","","","","","","","","","","","","","","","addPeriod","clientTransferProhibited","",""
"55","induset.com","2021-03-01 16:35:45","2021-02-27","2021-02-27","2023-02-27","1388","Dattatec.com SRL","whois.dattatec.com","http://www.dattatec.com","German Flores","German Flores","Cnel. Pringles","Caseros","Buenos Aires","B1678AXY","Argentina","induset@induset.com.ar","+54.+54_ ( _114","","German Flores","German Flores","Cnel. Pringles","Caseros","Buenos Aires","B1678AXY","Argentina","induset@induset.com.ar","+54.+54_ ( _114","","German Flores","German Flores","Cnel. Pringles","Caseros","Buenos Aires","B1678AXY","Argentina","induset@induset.com.ar","+54.+54_ ( _114","","","","","","","","","","","","ns1.donweb.cl","ns1.donweb.co","ns1.donweb.mx","ns1.donweb.uy","OK","","",""
"56","inversiones5x1.com","2021-03-01 14:33:06","2021-02-27","2021-02-27","2022-02-27","76","Nominalia Internet S.L.","whois.nominalia.com","http://www.nominalia.com","REDACTED FOR PRIVACY","REDACTED FOR PRIVACY","REDACTED FOR PRIVACY","REDACTED FOR PRIVACY","Buenos Aires","REDACTED FOR PRIVACY","Argentina","","REDACTED.FORPRIVACY","REDACTED.FORPRIVACY","REDACTED FOR PRIVACY","REDACTED FOR PRIVACY","REDACTED FOR PRIVACY","REDACTED FOR PRIVACY","REDACTED FOR PRIVACY","REDACTED FOR PRIVACY","REDACTED FOR PRIVACY","","REDACTED.FORPRIVACY","REDACTED.FORPRIVACY","REDACTED FOR PRIVACY","REDACTED FOR PRIVACY","REDACTED FOR PRIVACY","REDACTED FOR PRIVACY","REDACTED FOR PRIVACY","REDACTED FOR PRIVACY","REDACTED FOR PRIVACY","","REDACTED.FORPRIVACY","REDACTED.FORPRIVACY","","","","","","","","","","","ns1.clavehosting.com.ar","ns2.clavehosting.com.ar","","","OK","","",""
"57","ispdev.xyz","2021-03-01 14:48:51","2021-02-27","2021-02-27","2022-02-27","291","DNC Holdings, Inc.","whois.directnic.com","http://www.directnic.com","personal","personal","","","BA","","Argentina","","","","","","","","","","","","","","","","","","","","","","","","","","","","","","","","","","ns0.directnic.com","ns1.directnic.com","ns2.directnic.com","ns3.directnic.com","addPeriod","clientDeleteProhibited","clientTransferProhibited","clientUpdateProhibited"
"58","izcunigo.com","2021-03-01 14:32:32","2021-02-27","2021-02-27","2022-02-27","146","GoDaddy.com, LLC","whois.godaddy.com","http://registrar.godaddy.com","","","","","Buenos Aires","","Argentina","","","","","","","","","","","","","","","","","","","","","","","","","","","","","","","","","","ns05.domaincontrol.com","ns06.domaincontrol.com","","","clientDeleteProhibited","clientRenewProhibited","clientTransferProhibited","clientUpdateProhibited"
"59","jimefernandez.net","2021-03-01 15:39:51","2021-02-26","2021-02-26","2022-02-26","146","GoDaddy.com, LLC","whois.godaddy.com","http://registrar.godaddy.com","","","","","Buenos Aires","","Argentina","","","","","","","","","","","","","","","","","","","","","","","","","","","","","","","","","","ns29.domaincontrol.com","ns30.domaincontrol.com","","","clientDeleteProhibited","clientRenewProhibited","clientTransferProhibited","clientUpdateProhibited"
"60","jpbunkercreativo.com","2021-03-01 14:31:16","2021-02-27","2021-02-27","2022-02-27","379","Arsys Internet, S.L. dba NICLINE.COM","whois.nicline.com","http://www.nicline.com","REDACTED FOR PRIVACY","","REDACTED FOR PRIVACY","REDACTED FOR PRIVACY","SIN PROVINCIA","REDACTED FOR PRIVACY","Argentina","whoiscontact@domainconnection.info","REDACTED FOR PRIVACY","REDACTED FOR PRIVACY","REDACTED FOR PRIVACY","REDACTED FOR PRIVACY","REDACTED FOR PRIVACY","REDACTED FOR PRIVACY","REDACTED FOR PRIVACY","REDACTED FOR PRIVACY","REDACTED FOR PRIVACY","whoiscontact@domainconnection.info","REDACTED FOR PRIVACY","REDACTED FOR PRIVACY","REDACTED FOR PRIVACY","REDACTED FOR PRIVACY","REDACTED FOR PRIVACY","REDACTED FOR PRIVACY","REDACTED FOR PRIVACY","REDACTED FOR PRIVACY","REDACTED FOR PRIVACY","whoiscontact@domainconnection.info","REDACTED FOR PRIVACY","REDACTED FOR PRIVACY","","","","","","","","","","","ns19.piensasolutions.com","ns20.piensasolutions.com","","","addPeriod","clientTransferProhibited","",""
"61","jtdigital.agency","2021-03-01 14:15:14","2021-02-26","2021-02-26","2022-02-26","2","Network Solutions, LLC","whois.networksolutions.com","http://networksolutions.com","REDACTED FOR PRIVACY","","REDACTED FOR PRIVACY","REDACTED FOR PRIVACY","Santa Fe","REDACTED FOR PRIVACY","Argentina","","REDACTED FOR PRIVACY","REDACTED FOR PRIVACY","","","","","","","","","","","","","","","","","","","","","","","","","","","","","","","","","","","addPeriod","clientTransferProhibited","",""
"62","juanlobonutricion.com","2021-03-01 14:31:04","2021-02-27","2021-02-27","2022-02-27","1387","1API GmbH","whois.1api.net","http://www.1api.net","REDACTED FOR PRIVACY","REDACTED FOR PRIVACY","REDACTED FOR PRIVACY","REDACTED FOR PRIVACY","Tucuman","REDACTED FOR PRIVACY","Argentina","","REDACTED FOR PRIVACY","","REDACTED FOR PRIVACY","REDACTED FOR PRIVACY","REDACTED FOR PRIVACY","REDACTED FOR PRIVACY","REDACTED FOR PRIVACY","REDACTED FOR PRIVACY","REDACTED FOR PRIVACY","","REDACTED FOR PRIVACY","","REDACTED FOR PRIVACY","REDACTED FOR PRIVACY","REDACTED FOR PRIVACY","REDACTED FOR PRIVACY","REDACTED FOR PRIVACY","REDACTED FOR PRIVACY","REDACTED FOR PRIVACY","","REDACTED FOR PRIVACY","","","","","","","","","","","","ns.sourcedns.com","ns1.sourcedns.com","","","clientTransferProhibited","","",""
"63","juepuchabunkercreativo.com","2021-03-01 14:31:03","2021-02-27","2021-02-27","2022-02-27","379","Arsys Internet, S.L. dba NICLINE.COM","whois.nicline.com","http://www.nicline.com","REDACTED FOR PRIVACY","","REDACTED FOR PRIVACY","REDACTED FOR PRIVACY","SIN PROVINCIA","REDACTED FOR PRIVACY","Argentina","whoiscontact@domainconnection.info","REDACTED FOR PRIVACY","REDACTED FOR PRIVACY","REDACTED FOR PRIVACY","REDACTED FOR PRIVACY","REDACTED FOR PRIVACY","REDACTED FOR PRIVACY","REDACTED FOR PRIVACY","REDACTED FOR PRIVACY","REDACTED FOR PRIVACY","whoiscontact@domainconnection.info","REDACTED FOR PRIVACY","REDACTED FOR PRIVACY","REDACTED FOR PRIVACY","REDACTED FOR PRIVACY","REDACTED FOR PRIVACY","REDACTED FOR PRIVACY","REDACTED FOR PRIVACY","REDACTED FOR PRIVACY","REDACTED FOR PRIVACY","whoiscontact@domainconnection.info","REDACTED FOR PRIVACY","REDACTED FOR PRIVACY","","","","","","","","","","","ns19.piensasolutions.com","ns20.piensasolutions.com","","","addPeriod","clientTransferProhibited","",""
"64","kickies.store","2021-03-01 15:26:07","2021-02-26","2021-02-26","2022-02-26","146","GoDaddy.com, LLC","whois.godaddy.com","http://registrar.godaddy.com","Kickies","Kickies","","","BUENOS AIRES","","Argentina","","","","","","","","","","","","","","","","","","","","","","","","","","","","","","","","","","ns29.domaincontrol.com","ns30.domaincontrol.com","","","addPeriod","clientDeleteProhibited","clientRenewProhibited","clientTransferProhibited"
"65","kwarp7.net","2021-03-01 15:39:41","2021-02-25","2021-02-25","2022-02-25","146","GoDaddy.com, LLC","whois.godaddy.com","http://registrar.godaddy.com","Automatizacion Diseno y Desarrollo SA","Automatizacion Diseno y Desarrollo SA","","","CABA","","Argentina","","","","","","","","","","","","","","","","","","","","","","","","","","","","","","","","","","ns09.domaincontrol.com","ns10.domaincontrol.com","","","clientDeleteProhibited","clientRenewProhibited","clientTransferProhibited","clientUpdateProhibited"
"66","lamalapalabraproducciones.com","2021-03-01 16:33:24","2021-02-27","2021-02-27","2022-02-27","955","Launchpad, Inc.","whois.launchpad.com","http://www.launchpad.com","Diego Villarroel","None","Gral Hornos","Lanus","B","1824","Argentina","diego.n.villarroel@gmail.com","+54.91133756124","","Diego Villarroel","None","Gral Hornos","Lanus","B","1824","Argentina","diego.n.villarroel@gmail.com","+54.91133756124","","Diego Villarroel","None","Gral Hornos","Lanus","B","1824","Argentina","diego.n.villarroel@gmail.com","+54.91133756124","","","","","","","","","","","","ns8115.hostgator.com","ns8116.hostgator.com","","","clientTransferProhibited","","",""
"67","lavarropasnorte.net","2021-03-01 15:39:38","2021-02-26","2021-02-26","2022-02-26","379","Arsys Internet, S.L. dba NICLINE.COM","whois.nicline.com","http://www.nicline.com","REDACTED FOR PRIVACY","Soluciones Multimedia S.A.","REDACTED FOR PRIVACY","REDACTED FOR PRIVACY","SIN PROVINCIA","REDACTED FOR PRIVACY","Argentina","whoiscontact@domainconnection.info","REDACTED FOR PRIVACY","REDACTED FOR PRIVACY","REDACTED FOR PRIVACY","REDACTED FOR PRIVACY","REDACTED FOR PRIVACY","REDACTED FOR PRIVACY","REDACTED FOR PRIVACY","REDACTED FOR PRIVACY","REDACTED FOR PRIVACY","whoiscontact@domainconnection.info","REDACTED FOR PRIVACY","REDACTED FOR PRIVACY","REDACTED FOR PRIVACY","REDACTED FOR PRIVACY","REDACTED FOR PRIVACY","REDACTED FOR PRIVACY","REDACTED FOR PRIVACY","REDACTED FOR PRIVACY","REDACTED FOR PRIVACY","whoiscontact@domainconnection.info","REDACTED FOR PRIVACY","REDACTED FOR PRIVACY","","","","","","","","","","","dns05.yellchile.cl","dns06.yellchile.cl","ns01.yell.com.ar","ns02.yell.com.ar","addPeriod","clientTransferProhibited","",""
"68","licenciadaenamarres.com","2021-03-01 16:32:20","2021-02-27","2021-02-27","2022-02-27","1388","Dattatec.com SRL","whois.dattatec.com","http://www.dattatec.com","Tobias Ochoa","Tobias Ochoa","FELIX GIGENA LUQUE 3286","Cordoba","Cordoba","5008","Argentina","tobiasochoarequena@gmail.com","+54.93517368061","","Tobias Ochoa","Tobias Ochoa","FELIX GIGENA LUQUE 3286","Cordoba","Cordoba","5008","Argentina","tobiasochoarequena@gmail.com","+54.93517368061","","Tobias Ochoa","Tobias Ochoa","FELIX GIGENA LUQUE 3286","Cordoba","Cordoba","5008","Argentina","tobiasochoarequena@gmail.com","+54.93517368061","","","","","","","","","","","","ns1.donweb.cl","ns1.donweb.co","ns1.donweb.mx","ns1.donweb.uy","OK","","",""
"69","livecodelns.online","2021-03-01 15:37:24","2021-02-26","","2022-02-26","1388","Dattatec.com SRL","whois.dattatec.com","http://www.dattatec.com","Donweb.com","Donweb.com","","","SantaFe","","Argentina","","","","","","","","","","","","","","","","","","","","","","","","","","","","","","","","","","ns1.donweb.cl","ns1.donweb.co","ns1.donweb.mx","ns1.donweb.uy","addPeriod","serverTransferProhibited","",""
"70","magicamoda.com","2021-03-01 17:44:05","2021-02-27","2021-02-27","2022-02-27","1647","Hosting Concepts B.V. dba Openprovider","whois.registrar.eu","http://www.openprovider.com","REDACTED FOR PRIVACY","","REDACTED FOR PRIVACY","REDACTED FOR PRIVACY","buenos aires","REDACTED FOR PRIVACY","Argentina","","REDACTED FOR PRIVACY","REDACTED FOR PRIVACY","REDACTED FOR PRIVACY","REDACTED FOR PRIVACY","REDACTED FOR PRIVACY","REDACTED FOR PRIVACY","REDACTED FOR PRIVACY","REDACTED FOR PRIVACY","REDACTED FOR PRIVACY","","REDACTED FOR PRIVACY","REDACTED FOR PRIVACY","REDACTED FOR PRIVACY","REDACTED FOR PRIVACY","REDACTED FOR PRIVACY","REDACTED FOR PRIVACY","REDACTED FOR PRIVACY","REDACTED FOR PRIVACY","REDACTED FOR PRIVACY","","REDACTED FOR PRIVACY","REDACTED FOR PRIVACY","","","","","","","","","","","europe-81.banahosting.com","europe-82.banahosting.com","","","clientTransferProhibited","ok","",""
"71","mahled.com","2021-03-01 16:30:02","2021-02-27","","2022-02-27","1068","NameCheap, Inc.","whois.namecheap.com","http://www.namecheap.com","Hernan Martin Fulco","","nahuel huapi 1120","GENERAL PACHECO","buenos aires","1617","Argentina","lucesmahled@gmail.com","+54.1132044405","","Hernan Martin Fulco","","nahuel huapi 1120","GENERAL PACHECO","buenos aires","1617","Argentina","lucesmahled@gmail.com","+54.1132044405","","Hernan Martin Fulco","","nahuel huapi 1120","GENERAL PACHECO","buenos aires","1617","Argentina","lucesmahled@gmail.com","+54.1132044405","","","","","","","","","","","","ns1.intermediasp.com","ns2.intermediasp.com","ns3.intermediasp.com","","addPeriod","clientTransferProhibited","",""
"72","marandsmusic.com","2021-03-01 17:40:45","2021-02-27","2021-02-27","2022-02-27","1388","Dattatec.com SRL","whois.dattatec.com","http://www.dattatec.com","Deuz Digital","Deuz Digital","Carlos M de Alvear 1574 Lujan Buenos Aires","Lujan","Buenos Aires","6700","Argentina","deuzdigital@gmail.com","+54.527416","","Deuz Digital","Deuz Digital","Carlos M de Alvear 1574 Lujan Buenos Aires","Lujan","Buenos Aires","6700","Argentina","deuzdigital@gmail.com","+54.527416","","Deuz Digital","Deuz Digital","Carlos M de Alvear 1574 Lujan Buenos Aires","Lujan","Buenos Aires","6700","Argentina","deuzdigital@gmail.com","+54.527416","","","","","","","","","","","","ns1.donweb.cl","ns1.donweb.co","ns1.donweb.mx","ns1.donweb.uy","OK","","",""
"73","marcasenaccion.com","2021-03-01 17:22:03","2021-02-27","2021-02-27","2022-02-27","1388","Dattatec.com SRL","whois.dattatec.com","http://www.dattatec.com","PubliSi","PubliSi","25 Mayo 1280","Posadas","Misiones","3300","Argentina","info@publisi.com.ar","+54.054037644410","","PubliSi","PubliSi","25 Mayo 1280","Posadas","Misiones","3300","Argentina","info@publisi.com.ar","+54.054037644410","","PubliSi","PubliSi","25 Mayo 1280","Posadas","Misiones","3300","Argentina","info@publisi.com.ar","+54.054037644410","","","","","","","","","","","","ns1.donweb.cl","ns1.donweb.co","ns1.donweb.mx","ns1.donweb.uy","OK","","",""
"74","miespaciopeluqueria.com","2021-03-01 16:27:33","2021-02-27","2021-02-27","2022-02-27","1647","Hosting Concepts B.V. dba Openprovider","whois.registrar.eu","http://www.openprovider.com","REDACTED FOR PRIVACY","","REDACTED FOR PRIVACY","REDACTED FOR PRIVACY","buenos aires","REDACTED FOR PRIVACY","Argentina","","REDACTED FOR PRIVACY","REDACTED FOR PRIVACY","REDACTED FOR PRIVACY","REDACTED FOR PRIVACY","REDACTED FOR PRIVACY","REDACTED FOR PRIVACY","REDACTED FOR PRIVACY","REDACTED FOR PRIVACY","REDACTED FOR PRIVACY","","REDACTED FOR PRIVACY","REDACTED FOR PRIVACY","REDACTED FOR PRIVACY","REDACTED FOR PRIVACY","REDACTED FOR PRIVACY","REDACTED FOR PRIVACY","REDACTED FOR PRIVACY","REDACTED FOR PRIVACY","REDACTED FOR PRIVACY","","REDACTED FOR PRIVACY","REDACTED FOR PRIVACY","","","","","","","","","","","ns01.000webhost.com","ns02.000webhost.com","","","clientTransferProhibited","ok","",""
"75","milestonetraducciones.com","2021-03-01 17:52:38","2021-02-27","2021-02-27","2023-02-27","146","GoDaddy.com, LLC","whois.godaddy.com","http://registrar.godaddy.com","","","","","Buenos Aires (Ciudad)","","Argentina","","","","","","","","","","","","","","","","","","","","","","","","","","","","","","","","","","ns1045.ui-dns.biz","ns1045.ui-dns.com","ns1045.ui-dns.de","ns1045.ui-dns.org","clientDeleteProhibited","clientRenewProhibited","clientTransferProhibited","clientUpdateProhibited"
"76","nextconnections-usa.com","2021-03-01 16:24:00","2021-02-27","2021-02-26","2022-02-27","1388","Dattatec.com SRL","whois.dattatec.com","http://www.dattatec.com","Alejandro Svariati","Alejandro Svariati","Alpatacal","Santos Lugares","Buenos Aires","1676","Argentina","as@bgmd.com.ar","+54.01147573734","","Alejandro Svariati","Alejandro Svariati","Alpatacal","Santos Lugares","Buenos Aires","1676","Argentina","as@bgmd.com.ar","+54.01147573734","","Alejandro Svariati","Alejandro Svariati","Alpatacal","Santos Lugares","Buenos Aires","1676","Argentina","as@bgmd.com.ar","+54.01147573734","","","","","","","","","","","","ns1.donweb.cl","ns1.donweb.co","ns1.donweb.mx","ns1.donweb.uy","OK","","",""
"77","noti-cripto.com","2021-03-01 16:22:58","2021-02-27","2021-02-27","2022-02-27","1388","Dattatec.com SRL","whois.dattatec.com","http://www.dattatec.com","NowFis","NowFis","El salvador","Buenos Aires","Capital Federal","1006","Argentina","fundingadvisor1@gmail.com","+54.39983333","","NowFis","NowFis","El salvador","Buenos Aires","Capital Federal","1006","Argentina","fundingadvisor1@gmail.com","+54.39983333","","NowFis","NowFis","El salvador","Buenos Aires","Capital Federal","1006","Argentina","fundingadvisor1@gmail.com","+54.39983333","","","","","","","","","","","","ns1.donweb.cl","ns1.donweb.co","ns1.donweb.mx","ns1.donweb.uy","OK","","",""
"78","noti-defi.com","2021-03-01 16:23:03","2021-02-27","2021-02-27","2022-02-27","1388","Dattatec.com SRL","whois.dattatec.com","http://www.dattatec.com","NowFis","NowFis","El salvador","Buenos Aires","Capital Federal","1006","Argentina","fundingadvisor1@gmail.com","+54.39983333","","NowFis","NowFis","El salvador","Buenos Aires","Capital Federal","1006","Argentina","fundingadvisor1@gmail.com","+54.39983333","","NowFis","NowFis","El salvador","Buenos Aires","Capital Federal","1006","Argentina","fundingadvisor1@gmail.com","+54.39983333","","","","","","","","","","","","ns1.donweb.cl","ns1.donweb.co","ns1.donweb.mx","ns1.donweb.uy","OK","","",""
"79","notidefi.com","2021-03-01 16:22:59","2021-02-27","2021-02-27","2022-02-27","1388","Dattatec.com SRL","whois.dattatec.com","http://www.dattatec.com","NowFis","NowFis","El salvador","Buenos Aires","Capital Federal","1006","Argentina","fundingadvisor1@gmail.com","+54.39983333","","NowFis","NowFis","El salvador","Buenos Aires","Capital Federal","1006","Argentina","fundingadvisor1@gmail.com","+54.39983333","","NowFis","NowFis","El salvador","Buenos Aires","Capital Federal","1006","Argentina","fundingadvisor1@gmail.com","+54.39983333","","","","","","","","","","","","ns1.donweb.cl","ns1.donweb.co","ns1.donweb.mx","ns1.donweb.uy","OK","","",""
"80","online-santandr-rio.com","2021-03-01 16:21:21","2021-02-26","2021-02-26","2022-02-26","146","GoDaddy.com, LLC","whois.godaddy.com","http://registrar.godaddy.com","","","","","Buenos Aires","","Argentina","","","","","","","","","","","","","","","","","","","","","","","","","","","","","","","","","","ns77.domaincontrol.com","ns78.domaincontrol.com","","","clientDeleteProhibited","clientRenewProhibited","clientTransferProhibited","clientUpdateProhibited"
"81","pagosdiamantes.com","2021-03-01 16:20:35","2021-02-27","2021-02-28","2022-02-27","1403","10dencehispahard, S.L.","whois.cdmon.com","http://www.cdmon.com","REDACTED FOR PRIVACY","","REDACTED FOR PRIVACY","REDACTED FOR PRIVACY","","REDACTED FOR PRIVACY","Argentina","","REDACTED FOR PRIVACY","REDACTED FOR PRIVACY","REDACTED FOR PRIVACY","REDACTED FOR PRIVACY","REDACTED FOR PRIVACY","REDACTED FOR PRIVACY","REDACTED FOR PRIVACY","REDACTED FOR PRIVACY","REDACTED FOR PRIVACY","","REDACTED FOR PRIVACY","REDACTED FOR PRIVACY","REDACTED FOR PRIVACY","REDACTED FOR PRIVACY","REDACTED FOR PRIVACY","REDACTED FOR PRIVACY","REDACTED FOR PRIVACY","REDACTED FOR PRIVACY","REDACTED FOR PRIVACY","","REDACTED FOR PRIVACY","REDACTED FOR PRIVACY","","","","","","","","","","","ns1.cdmon.net","ns2.cdmon.net","ns3.cdmon.net","ns4.cdmondns-01.org","clientTransferProhibited","","",""
"82","pancasero.online","2021-03-01 15:38:20","2021-02-26","2021-02-26","2022-02-26","1647","Hosting Concepts B.V. dba Openprovider","whois.registrar.eu","http://www.openprovider.com","","","","","Buenos Aires","","Argentina","","","","","","","","","","","","","","","","","","","","","","","","","","","","","","","","","","dns1.sered.net","dns2.sered.net","dns3.sered.net","dns4.sered.net","addPeriod","clientTransferProhibited","serverTransferProhibited",""
"83","panefattoincasa.online","2021-03-01 15:36:42","2021-02-26","2021-02-26","2022-02-26","1647","Hosting Concepts B.V. dba Openprovider","whois.registrar.eu","http://www.openprovider.com","","","","","Buenos Aires","","Argentina","","","","","","","","","","","","","","","","","","","","","","","","","","","","","","","","","","dns1.sered.net","dns2.sered.net","dns3.sered.net","dns4.sered.net","addPeriod","clientTransferProhibited","serverTransferProhibited",""
"84","personal-recarg.com","2021-03-01 16:19:45","2021-02-27","2021-02-27","2022-02-27","1647","Hosting Concepts B.V. dba Openprovider","whois.registrar.eu","http://www.openprovider.com","REDACTED FOR PRIVACY","","REDACTED FOR PRIVACY","REDACTED FOR PRIVACY","Catamarca","REDACTED FOR PRIVACY","Argentina","","REDACTED FOR PRIVACY","REDACTED FOR PRIVACY","REDACTED FOR PRIVACY","REDACTED FOR PRIVACY","REDACTED FOR PRIVACY","REDACTED FOR PRIVACY","REDACTED FOR PRIVACY","REDACTED FOR PRIVACY","REDACTED FOR PRIVACY","","REDACTED FOR PRIVACY","REDACTED FOR PRIVACY","REDACTED FOR PRIVACY","REDACTED FOR PRIVACY","REDACTED FOR PRIVACY","REDACTED FOR PRIVACY","REDACTED FOR PRIVACY","REDACTED FOR PRIVACY","REDACTED FOR PRIVACY","","REDACTED FOR PRIVACY","REDACTED FOR PRIVACY","","","","","","","","","","","ns1.dns-parking.com","ns2.dns-parking.com","","","clientTransferProhibited","ok","",""
"85","pizzaperssonal.com","2021-03-01 16:19:12","2021-02-27","2021-02-27","2022-02-27","955","Launchpad, Inc.","whois.launchpad.com","http://www.launchpad.com","Alberto Montes de Oca","None","cuenca 1483","CABA","B","1416","Argentina","kikeaemo@gmail.com","+54.1121715557","","Alberto Montes de Oca","None","cuenca 1483","CABA","B","1416","Argentina","kikeaemo@gmail.com","+54.1121715557","","Alberto Montes de Oca","None","cuenca 1483","CABA","B","1416","Argentina","kikeaemo@gmail.com","+54.1121715557","","","","","","","","","","","","ns8415.hostgator.com","ns8416.hostgator.com","","","clientTransferProhibited","","",""
"86","psipaulaferreyra.com","2021-03-01 16:17:30","2021-02-27","2021-02-27","2022-02-27","146","GoDaddy.com, LLC","whois.godaddy.com","http://registrar.godaddy.com","","","","","Cordoba","","Argentina","","","","","","","","","","","","","","","","","","","","","","","","","","","","","","","","","","ns57.domaincontrol.com","ns58.domaincontrol.com","","","clientDeleteProhibited","clientRenewProhibited","clientTransferProhibited","clientUpdateProhibited"
"87","quattroesperienze.com","2021-03-01 14:36:01","2021-02-27","2021-02-27","2022-02-27","955","Launchpad, Inc.","whois.launchpad.com","http://www.launchpad.com","Hector Conte","None","Catulo Castillo 2611","Capital Federal","B","1261","Argentina","contehectore@gmail.com","+54.91123880561","","Hector Conte","None","Catulo Castillo 2611","Capital Federal","B","1261","Argentina","contehectore@gmail.com","+54.91123880561","","Hector Conte","None","Catulo Castillo 2611","Capital Federal","B","1261","Argentina","contehectore@gmail.com","+54.91123880561","","","","","","","","","","","","wns10.hostgator.com","wns9.hostgator.com","","","clientTransferProhibited","","",""
"88","quintaquovadis.com","2021-03-01 14:36:00","2021-02-27","2021-02-27","2022-02-27","146","GoDaddy.com, LLC","whois.godaddy.com","http://registrar.godaddy.com","","","","","Buenos Aires","","Argentina","","","","","","","","","","","","","","","","","","","","","","","","","","","","","","","","","","ns21.domaincontrol.com","ns22.domaincontrol.com","","","clientDeleteProhibited","clientRenewProhibited","clientTransferProhibited","clientUpdateProhibited"
"89","realidadpropia.com","2021-03-01 17:50:44","2021-02-27","2021-02-28","2022-02-27","1479","Namesilo, LLC","whois.namesilo.com","http://www.namesilo.com","Martin Eskenazi","","Avenida Doctor Ricardo Balbin 3272","Ciudad Autonoma de Buenos Aires","Ciudad Autonoma de Buenos Aires","1430","Argentina","martin.eskenazi@gmail.com","+54.01134883865","","Martin Eskenazi","","Avenida Doctor Ricardo Balbin 3272","Ciudad Autonoma de Buenos Aires","Ciudad Autonoma de Buenos Aires","1430","Argentina","martin.eskenazi@gmail.com","+54.01134883865","","Martin Eskenazi","","Avenida Doctor Ricardo Balbin 3272","Ciudad Autonoma de Buenos Aires","Ciudad Autonoma de Buenos Aires","1430","Argentina","martin.eskenazi@gmail.com","+54.01134883865","","","","","","","","","","","","ns7051.banahosting.com","ns7052.banahosting.com","","","clientTransferProhibited","","",""
"90","recetadepancasero.online","2021-03-01 15:34:53","2021-02-26","2021-02-26","2022-02-26","1647","Hosting Concepts B.V. dba Openprovider","whois.registrar.eu","http://www.openprovider.com","","","","","Buenos Aires","","Argentina","","","","","","","","","","","","","","","","","","","","","","","","","","","","","","","","","","dns1.sered.net","dns2.sered.net","dns3.sered.net","dns4.sered.net","addPeriod","clientTransferProhibited","serverTransferProhibited",""
"91","saona.site","2021-03-01 15:29:18","2021-02-26","2021-02-26","2022-02-26","146","GoDaddy.com, LLC","whois.godaddy.com","http://registrar.godaddy.com","SaonaGlasses","SaonaGlasses","","","Tucuman","","Argentina","","","","","","","","","","","","","","","","","","","","","","","","","","","","","","","","","","ns55.domaincontrol.com","ns56.domaincontrol.com","","","addPeriod","clientDeleteProhibited","clientRenewProhibited","clientTransferProhibited"
"92","soybossmom.online","2021-03-01 15:34:39","2021-02-26","","2022-02-26","1388","Dattatec.com SRL","whois.dattatec.com","http://www.dattatec.com","Donweb.com","Donweb.com","","","SantaFe","","Argentina","","","","","","","","","","","","","","","","","","","","","","","","","","","","","","","","","","ns1.donweb.cl","ns1.donweb.co","ns1.donweb.mx","ns1.donweb.uy","addPeriod","serverTransferProhibited","",""
"93","spaceimagination.com","2021-03-01 17:28:30","2021-02-26","2021-02-26","2022-02-26","146","GoDaddy.com, LLC","whois.godaddy.com","http://registrar.godaddy.com","90  mas 10 SRL","90  mas 10 SRL","","","Capital Federal","","Argentina","","","","","","","","","","","","","","","","","","","","","","","","","","","","","","","","","","ns29.domaincontrol.com","ns30.domaincontrol.com","","","clientDeleteProhibited","clientRenewProhibited","clientTransferProhibited","clientUpdateProhibited"
"94","sputnikvarg.site","2021-03-01 15:29:09","2021-02-26","2021-02-26","2022-02-26","146","GoDaddy.com, LLC","whois.godaddy.com","http://registrar.godaddy.com","Barilochexss","Barilochexss","","","Bariloche","","Argentina","","","","","","","","","","","","","","","","","","","","","","","","","","","","","","","","","","ns69.domaincontrol.com","ns70.domaincontrol.com","","","addPeriod","clientDeleteProhibited","clientRenewProhibited","clientTransferProhibited"
"95","storetoprint.com","2021-03-01 16:10:28","2021-02-27","2021-02-27","2023-02-27","1388","Dattatec.com SRL","whois.dattatec.com","http://www.dattatec.com","Matias Difabio","Matias Difabio","Montecaceros","San Rafael","Mendoza","5600","Argentina","matiasdifabio@gmail.com","+54.431987","","Matias Difabio","Matias Difabio","Montecaceros","San Rafael","Mendoza","5600","Argentina","matiasdifabio@gmail.com","+54.431987","","Matias Difabio","Matias Difabio","Montecaceros","San Rafael","Mendoza","5600","Argentina","matiasdifabio@gmail.com","+54.431987","","","","","","","","","","","","ns1.lineadns.com","ns2.lineadns.com","","","OK","","",""
"96","sushiosorno.online","2021-03-01 15:34:36","2021-02-26","2021-02-26","2022-02-26","146","GoDaddy.com, LLC","whois.godaddy.com","http://registrar.godaddy.com","Sushi Osorno","Sushi Osorno","","","Buenos Aires","","Argentina","","","","","","","","","","","","","","","","","","","","","","","","","","","","","","","","","","ns39.domaincontrol.com","ns40.domaincontrol.com","","","addPeriod","clientDeleteProhibited","clientRenewProhibited","clientTransferProhibited"
"97","taxipuertoiguazu.info","2021-03-01 15:50:19","2021-02-27","2021-02-27","2022-02-27","2","Network Solutions, LLC","whois.networksolutions.com","http://networksolutions.com","cristian medina","cristian medina","","","AR-N","","Argentina","","","","","","","","","","","","","","","","","","","","","","","","","","","","","","","","","","ns0.wixdns.net","ns1.wixdns.net","","","addPeriod","clientTransferProhibited","serverTransferProhibited",""
"98","teleoelprecio.com","2021-03-01 16:08:17","2021-02-27","2021-02-26","2023-02-27","146","GoDaddy.com, LLC","whois.godaddy.com","http://registrar.godaddy.com","","","","","Buenos Aires","","Argentina","","","","","","","","","","","","","","","","","","","","","","","","","","","","","","","","","","ns11.domaincontrol.com","ns12.domaincontrol.com","","","clientDeleteProhibited","clientRenewProhibited","clientTransferProhibited","clientUpdateProhibited"
"99","thesisterscompany.com","2021-03-01 17:24:05","2021-02-27","2021-02-27","2023-02-27","146","GoDaddy.com, LLC","whois.godaddy.com","http://registrar.godaddy.com","","","","","Ramos Mejia","","Argentina","","","","","","","","","","","","","","","","","","","","","","","","","","","","","","","","","","ns05.domaincontrol.com","ns06.domaincontrol.com","","","clientDeleteProhibited","clientRenewProhibited","clientTransferProhibited","clientUpdateProhibited"
"100","ticswap.digital","2021-03-01 15:56:42","2021-02-26","2021-02-26","2022-02-26","2","Network Solutions, LLC","whois.networksolutions.com","http://networksolutions.com","REDACTED FOR PRIVACY","","REDACTED FOR PRIVACY","REDACTED FOR PRIVACY","Santa Fe","REDACTED FOR PRIVACY","Argentina","","REDACTED FOR PRIVACY","REDACTED FOR PRIVACY","","","","","","","","","","","","","","","","","","","","","","","","","","","","","","","","","","","addPeriod","clientTransferProhibited","",""
"101","tiendadedecoraciones.online","2021-03-01 15:34:32","2021-02-26","2021-02-26","2022-02-26","146","GoDaddy.com, LLC","whois.godaddy.com","http://registrar.godaddy.com","","","","","Buenos Aires","","Argentina","","","","","","","","","","","","","","","","","","","","","","","","","","","","","","","","","","ns31.domaincontrol.com","ns32.domaincontrol.com","","","addPeriod","clientDeleteProhibited","clientRenewProhibited","clientTransferProhibited"
"102","velos-tec.com","2021-03-01 16:02:15","2021-02-27","2021-02-27","2023-02-27","146","GoDaddy.com, LLC","whois.godaddy.com","http://registrar.godaddy.com","","","","","Entre Rios","","Argentina","","","","","","","","","","","","","","","","","","","","","","","","","","","","","","","","","","ns45.domaincontrol.com","ns46.domaincontrol.com","","","clientDeleteProhibited","clientRenewProhibited","clientTransferProhibited","clientUpdateProhibited"
"103","vfbanking.com","2021-03-01 16:01:56","2021-02-27","2021-02-27","2022-02-27","146","GoDaddy.com, LLC","whois.godaddy.com","http://registrar.godaddy.com","","","","","Buenos Aires","","Argentina","","","","","","","","","","","","","","","","","","","","","","","","","","","","","","","","","","ns57.domaincontrol.com","ns58.domaincontrol.com","","","clientDeleteProhibited","clientRenewProhibited","clientTransferProhibited","clientUpdateProhibited"
"104","virtualdtb30.com","2021-03-01 16:01:47","2021-02-27","2021-02-27","2022-02-27","1647","Hosting Concepts B.V. dba Openprovider","whois.registrar.eu","http://www.openprovider.com","REDACTED FOR PRIVACY","","REDACTED FOR PRIVACY","REDACTED FOR PRIVACY","buenos aires","REDACTED FOR PRIVACY","Argentina","","REDACTED FOR PRIVACY","REDACTED FOR PRIVACY","REDACTED FOR PRIVACY","REDACTED FOR PRIVACY","REDACTED FOR PRIVACY","REDACTED FOR PRIVACY","REDACTED FOR PRIVACY","REDACTED FOR PRIVACY","REDACTED FOR PRIVACY","","REDACTED FOR PRIVACY","REDACTED FOR PRIVACY","REDACTED FOR PRIVACY","REDACTED FOR PRIVACY","REDACTED FOR PRIVACY","REDACTED FOR PRIVACY","REDACTED FOR PRIVACY","REDACTED FOR PRIVACY","REDACTED FOR PRIVACY","","REDACTED FOR PRIVACY","REDACTED FOR PRIVACY","","","","","","","","","","","ns1.dns-parking.com","ns2.dns-parking.com","","","clientTransferProhibited","ok","",""
"105","vvvsec.com","2021-03-01 16:00:11","2021-02-27","","2022-02-27","1068","NameCheap, Inc.","whois.namecheap.com","http://www.namecheap.com","Olan Alan","","900 Orolalan 22","Angola","Angolla","991345","Argentina","oloalan@yandex.com","+7.9288928475","","Olan Alan","","900 Orolalan 22","Angola","Angolla","991345","Argentina","oloalan@yandex.com","+7.9288928475","","Olan Alan","","900 Orolalan 22","Angola","Angolla","991345","Argentina","oloalan@yandex.com","+7.9288928475","","","","","","","","","","","","anahi.ns.cloudflare.com","jerry.ns.cloudflare.com","","","clientTransferProhibited","","",""
"106","webdeanimales.com","2021-03-01 17:23:54","2021-02-27","2021-02-27","2022-02-27","1647","Hosting Concepts B.V. dba Openprovider","whois.registrar.eu","http://www.openprovider.com","REDACTED FOR PRIVACY","","REDACTED FOR PRIVACY","REDACTED FOR PRIVACY","Cordoba","REDACTED FOR PRIVACY","Argentina","","REDACTED FOR PRIVACY","REDACTED FOR PRIVACY","REDACTED FOR PRIVACY","REDACTED FOR PRIVACY","REDACTED FOR PRIVACY","REDACTED FOR PRIVACY","REDACTED FOR PRIVACY","REDACTED FOR PRIVACY","REDACTED FOR PRIVACY","","REDACTED FOR PRIVACY","REDACTED FOR PRIVACY","REDACTED FOR PRIVACY","REDACTED FOR PRIVACY","REDACTED FOR PRIVACY","REDACTED FOR PRIVACY","REDACTED FOR PRIVACY","REDACTED FOR PRIVACY","REDACTED FOR PRIVACY","","REDACTED FOR PRIVACY","REDACTED FOR PRIVACY","","","","","","","","","","","destiny.ns.cloudflare.com","wilson.ns.cloudflare.com","","","clientTransferProhibited","ok","",""
"107","wotzil.com","2021-03-01 14:39:29","2021-02-27","2021-02-27","2022-02-27","146","GoDaddy.com, LLC","whois.godaddy.com","http://registrar.godaddy.com","ARSD","ARSD","","","Buenos Aires","","Argentina","","","","","","","","","","","","","","","","","","","","","","","","","","","","","","","","","","dns1.p08.nsone.net","dns2.p08.nsone.net","dns3.p08.nsone.net","dns4.p08.nsone.net","clientDeleteProhibited","clientRenewProhibited","clientTransferProhibited","clientUpdateProhibited"
"108","xml-copy-editor.site","2021-03-01 15:28:17","2021-02-26","2021-02-26","2022-02-26","1647","Hosting Concepts B.V. dba Openprovider","whois.registrar.eu","http://www.openprovider.com","","","","","Cordoba","","Argentina","","","","","","","","","","","","","","","","","","","","","","","","","","","","","","","","","","dns1.sered.net","dns2.sered.net","dns3.sered.net","dns4.sered.net","addPeriod","clientTransferProhibited","serverTransferProhibited",""
"109","zendaclothes.store","2021-03-01 15:27:31","2021-02-26","2021-02-26","2022-02-26","146","GoDaddy.com, LLC","whois.godaddy.com","http://registrar.godaddy.com","Joaquin Galve Jenon","Joaquin Galve Jenon","","","Mendoza","","Argentina","","","","","","","","","","","","","","","","","","","","","","","","","","","","","","","","","","ns09.domaincontrol.com","ns10.domaincontrol.com","","","addPeriod","clientDeleteProhibited","clientRenewProhibited","clientTransferProhibited"