"num","domain_name","query_time","create_date","update_date","expiry_date","domain_registrar_id","domain_registrar_name","domain_registrar_whois","domain_registrar_url","registrant_name","registrant_company","registrant_address","registrant_city","registrant_state","registrant_zip","registrant_country","registrant_email","registrant_phone","registrant_fax","administrative_name","administrative_company","administrative_address","administrative_city","administrative_state","administrative_zip","administrative_country","administrative_email","administrative_phone","administrative_fax","technical_name","technical_company","technical_address","technical_city","technical_state","technical_zip","technical_country","technical_email","technical_phone","technical_fax","billing_name","billing_company","billing_address","billing_city","billing_state","billing_zip","billing_country","billing_email","billing_phone","billing_fax","name_server_1","name_server_2","name_server_3","name_server_4","domain_status_1","domain_status_2","domain_status_3","domain_status_4"
"1","airbnbpromotion.com","2021-03-01 17:09:57","2021-02-27","2021-02-27","2022-02-27","2653","DropCatch.com 894 LLC","whois.namebright.com","http://www.namebright.com","Harinder Singh","","Siribana 24 A","Santa Cruz","NA","00000","Aruba","info@webtecharuba.com","+297.5649001","","Harinder Singh","","Siribana 24 A","Santa Cruz","NA","00000","Aruba","info@webtecharuba.com","+297.5649001","","Harinder Singh","","Siribana 24 A","Santa Cruz","NA","00000","Aruba","info@webtecharuba.com","+297.5649001","","","","","","","","","","","","","","","","clientTransferProhibited","","",""
"2","atlanticarrentalaruba.com","2021-03-01 16:57:50","2021-02-27","2021-02-27","2022-02-27","886","Domain.com, LLC","whois.domain.com","http://www.domain.com","REDACTED FOR PRIVACY","REDACTED FOR PRIVACY","REDACTED FOR PRIVACY","REDACTED FOR PRIVACY","NA","REDACTED FOR PRIVACY","Aruba","","REDACTED FOR PRIVACY","REDACTED FOR PRIVACY","REDACTED FOR PRIVACY","REDACTED FOR PRIVACY","REDACTED FOR PRIVACY","REDACTED FOR PRIVACY","REDACTED FOR PRIVACY","REDACTED FOR PRIVACY","REDACTED FOR PRIVACY","","REDACTED FOR PRIVACY","REDACTED FOR PRIVACY","REDACTED FOR PRIVACY","REDACTED FOR PRIVACY","REDACTED FOR PRIVACY","REDACTED FOR PRIVACY","REDACTED FOR PRIVACY","REDACTED FOR PRIVACY","REDACTED FOR PRIVACY","","REDACTED FOR PRIVACY","REDACTED FOR PRIVACY","","","","","","","","","","","ns1.domain.com","ns2.domain.com","","","","","",""
"3","exo.ventures","2021-03-01 14:52:48","2021-02-26","2021-02-26","2022-02-26","2288","Metaregistrar BV Applications","whois.eu","","REDACTED FOR PRIVACY","","REDACTED FOR PRIVACY","REDACTED FOR PRIVACY","","REDACTED FOR PRIVACY","Aruba","","REDACTED FOR PRIVACY","REDACTED FOR PRIVACY","","","","","","","","","","","","","","","","","","","","","","","","","","","","","","","","","","","addPeriod","","",""
"4","leadgenprospect.com","2021-03-01 16:32:47","2021-02-26","2021-02-26","2022-02-26","146","GoDaddy.com, LLC","whois.godaddy.com","http://registrar.godaddy.com","","","","","Caribbean","","Aruba","","","","","","","","","","","","","","","","","","","","","","","","","","","","","","","","","","ns1.bluehost.com","ns2.bluehost.com","","","clientDeleteProhibited","clientRenewProhibited","clientTransferProhibited","clientUpdateProhibited"
"5","pizzapajohns.host","2021-03-01 15:55:27","2021-02-26","2021-02-26","2022-02-26","1606","Limited Liability Company 'Registrar of domain names REG.RU'","whois.reg.ru","http://www.reg.ru","LLC HOMO","LLC HOMO","","","Moscow","","Aruba","moneyvbiv01@gmail.com","+7.9109688725","","","","","","","","","moneyvbiv01@gmail.com","+7.9109688725","","","","","","","","","moneyvbiv01@gmail.com","+7.9109688725","","","","","","","","","moneyvbiv01@gmail.com","+7.9109688725","","decker.ns.cloudflare.com","mariah.ns.cloudflare.com","","","addPeriod","serverTransferProhibited","",""
"6","pizzapajohns.online","2021-03-01 15:37:26","2021-02-26","2021-02-26","2022-02-26","1606","Limited Liability Company 'Registrar of domain names REG.RU'","whois.reg.ru","http://www.reg.ru","LLC HOMO","LLC HOMO","","","Moscow","","Aruba","moneyvbiv01@gmail.com","+7.9109688725","","","","","","","","","moneyvbiv01@gmail.com","+7.9109688725","","","","","","","","","moneyvbiv01@gmail.com","+7.9109688725","","","","","","","","","moneyvbiv01@gmail.com","+7.9109688725","","decker.ns.cloudflare.com","mariah.ns.cloudflare.com","","","addPeriod","serverTransferProhibited","",""
"7","pizzapajohns.press","2021-03-01 15:31:08","2021-02-26","2021-02-26","2022-02-26","1606","Limited Liability Company 'Registrar of domain names REG.RU'","whois.reg.ru","http://www.reg.ru","LLC HOMO","LLC HOMO","","","Moscow","","Aruba","moneyvbiv01@gmail.com","+7.9109688725","","","","","","","","","moneyvbiv01@gmail.com","+7.9109688725","","","","","","","","","moneyvbiv01@gmail.com","+7.9109688725","","","","","","","","","moneyvbiv01@gmail.com","+7.9109688725","","decker.ns.cloudflare.com","mariah.ns.cloudflare.com","","","addPeriod","serverTransferProhibited","",""
"8","pizzapajohns.site","2021-03-01 15:29:18","2021-02-26","","2022-02-26","1606","Limited Liability Company 'Registrar of domain names REG.RU'","whois.reg.ru","http://www.reg.ru","LLC HOMO","LLC HOMO","","","Moscow","","Aruba","moneyvbiv01@gmail.com","+7.9109688725","","","","","","","","","moneyvbiv01@gmail.com","+7.9109688725","","","","","","","","","moneyvbiv01@gmail.com","+7.9109688725","","","","","","","","","moneyvbiv01@gmail.com","+7.9109688725","","ns1.reg.ru","ns2.reg.ru","","","addPeriod","serverTransferProhibited","",""
"9","pizzapajohns.space","2021-03-01 15:27:53","2021-02-26","2021-02-26","2022-02-26","1606","Limited Liability Company 'Registrar of domain names REG.RU'","whois.reg.ru","http://www.reg.ru","LLC HOMO","LLC HOMO","","","Moscow","","Aruba","moneyvbiv01@gmail.com","+7.9109688725","","","","","","","","","moneyvbiv01@gmail.com","+7.9109688725","","","","","","","","","moneyvbiv01@gmail.com","+7.9109688725","","","","","","","","","moneyvbiv01@gmail.com","+7.9109688725","","decker.ns.cloudflare.com","mariah.ns.cloudflare.com","","","addPeriod","serverTransferProhibited","",""
"10","pizzapajohns.store","2021-03-01 15:25:53","2021-02-26","2021-02-26","2022-02-26","1606","Limited Liability Company 'Registrar of domain names REG.RU'","whois.reg.ru","http://www.reg.ru","LLC HOMO","LLC HOMO","","","Moscow","","Aruba","moneyvbiv01@gmail.com","+7.9109688725","","","","","","","","","moneyvbiv01@gmail.com","+7.9109688725","","","","","","","","","moneyvbiv01@gmail.com","+7.9109688725","","","","","","","","","moneyvbiv01@gmail.com","+7.9109688725","","decker.ns.cloudflare.com","mariah.ns.cloudflare.com","","","addPeriod","serverTransferProhibited","",""
"11","pizzapajohns.tech","2021-03-01 15:24:10","2021-02-26","2021-02-26","2022-02-26","1606","Limited Liability Company 'Registrar of domain names REG.RU'","whois.reg.ru","http://www.reg.ru","LLC HOMO","LLC HOMO","","","Moscow","","Aruba","moneyvbiv01@gmail.com","+7.9109688725","","","","","","","","","moneyvbiv01@gmail.com","+7.9109688725","","","","","","","","","moneyvbiv01@gmail.com","+7.9109688725","","","","","","","","","moneyvbiv01@gmail.com","+7.9109688725","","decker.ns.cloudflare.com","mariah.ns.cloudflare.com","","","addPeriod","serverTransferProhibited","",""
"12","pizzapajohns.website","2021-03-01 14:52:13","2021-02-26","","2022-02-26","1606","Limited Liability Company 'Registrar of domain names REG.RU'","whois.reg.ru","http://www.reg.ru","LLC HOMO","LLC HOMO","","","Moscow","","Aruba","moneyvbiv01@gmail.com","+7.9109688725","","","","","","","","","moneyvbiv01@gmail.com","+7.9109688725","","","","","","","","","moneyvbiv01@gmail.com","+7.9109688725","","","","","","","","","moneyvbiv01@gmail.com","+7.9109688725","","ns1.reg.ru","ns2.reg.ru","","","addPeriod","serverTransferProhibited","",""