"num","domain_name","query_time","create_date","update_date","expiry_date","domain_registrar_id","domain_registrar_name","domain_registrar_whois","domain_registrar_url","registrant_name","registrant_company","registrant_address","registrant_city","registrant_state","registrant_zip","registrant_country","registrant_email","registrant_phone","registrant_fax","administrative_name","administrative_company","administrative_address","administrative_city","administrative_state","administrative_zip","administrative_country","administrative_email","administrative_phone","administrative_fax","technical_name","technical_company","technical_address","technical_city","technical_state","technical_zip","technical_country","technical_email","technical_phone","technical_fax","billing_name","billing_company","billing_address","billing_city","billing_state","billing_zip","billing_country","billing_email","billing_phone","billing_fax","name_server_1","name_server_2","name_server_3","name_server_4","domain_status_1","domain_status_2","domain_status_3","domain_status_4"
"1","1ohne2.com","2021-03-01 17:03:49","2021-02-27","2021-02-27","2022-02-27","809","Ledl.net GmbH","whois.ledl.net","http://www.domaintechnik.at","","","","","","","Austria","","","","","","","","","","","","","","","","","","","","","","","","","","","","","","","","","","ns1.domaintechnik.at","ns2.domaintechnik.at","ns3.domaintechnik.at","ns4.domaintechnik.at","clientDeleteProhibited","clientTransferProhibited","",""
"2","achtsameswohnen.com","2021-03-01 17:02:02","2021-02-27","2021-02-27","2022-02-27","83","1&1 Internet AG","whois.schlund.info","http://1and1.com","REDACTED FOR PRIVACY","","REDACTED FOR PRIVACY","REDACTED FOR PRIVACY","","REDACTED FOR PRIVACY","Austria","dataprivacyprotected@1und1.de","REDACTED FOR PRIVACY","REDACTED FOR PRIVACY","REDACTED FOR PRIVACY","REDACTED FOR PRIVACY","REDACTED FOR PRIVACY","REDACTED FOR PRIVACY","REDACTED FOR PRIVACY","REDACTED FOR PRIVACY","REDACTED FOR PRIVACY","dataprivacyprotected@1und1.de","REDACTED FOR PRIVACY","REDACTED FOR PRIVACY","REDACTED FOR PRIVACY","REDACTED FOR PRIVACY","REDACTED FOR PRIVACY","REDACTED FOR PRIVACY","REDACTED FOR PRIVACY","REDACTED FOR PRIVACY","REDACTED FOR PRIVACY","dataprivacyprotected@1und1.de","REDACTED FOR PRIVACY","REDACTED FOR PRIVACY","","","","","","","","","","","ns1034.ui-dns.de","ns1065.ui-dns.org","ns1080.ui-dns.biz","ns1125.ui-dns.com","addPeriod","clientTransferProhibited","",""
"3","aignerratio.com","2021-03-01 17:00:54","2021-02-27","2021-02-27","2022-02-27","1476","World4You Internet Services GmbH","whois.world4you.com","http://www.world4you.com","REDACTED FOR PRIVACY","","REDACTED FOR PRIVACY","REDACTED FOR PRIVACY","AT","REDACTED FOR PRIVACY","Austria","","REDACTED FOR PRIVACY","REDACTED FOR PRIVACY","REDACTED FOR PRIVACY","REDACTED FOR PRIVACY","REDACTED FOR PRIVACY","REDACTED FOR PRIVACY","REDACTED FOR PRIVACY","REDACTED FOR PRIVACY","REDACTED FOR PRIVACY","","REDACTED FOR PRIVACY","REDACTED FOR PRIVACY","REDACTED FOR PRIVACY","REDACTED FOR PRIVACY","REDACTED FOR PRIVACY","REDACTED FOR PRIVACY","REDACTED FOR PRIVACY","REDACTED FOR PRIVACY","REDACTED FOR PRIVACY","","REDACTED FOR PRIVACY","REDACTED FOR PRIVACY","","","","","","","","","","","ns1.world4you.at","ns2.world4you.at","","","clientTransferProhibited","","",""
"4","alexandra.marketing","2021-03-01 15:46:49","2021-02-26","2021-02-26","2022-02-26","809","Ledl.net GmbH","whois.ledl.net","http://www.domaintechnik.at","REDACTED FOR PRIVACY","Alexandra Schweinberger photography","REDACTED FOR PRIVACY","REDACTED FOR PRIVACY","","REDACTED FOR PRIVACY","Austria","","REDACTED FOR PRIVACY","REDACTED FOR PRIVACY","","","","","","","","","","","","","","","","","","","","","","","","","","","","","","","","","","","addPeriod","clientDeleteProhibited","clientTransferProhibited",""
"5","alexandra.photography","2021-03-01 15:31:19","2021-02-26","2021-02-26","2022-02-26","809","Ledl.net GmbH","whois.ledl.net","http://www.domaintechnik.at","REDACTED FOR PRIVACY","Alexandra Schweinberger photography","REDACTED FOR PRIVACY","REDACTED FOR PRIVACY","","REDACTED FOR PRIVACY","Austria","","REDACTED FOR PRIVACY","REDACTED FOR PRIVACY","","","","","","","","","","","","","","","","","","","","","","","","","","","","","","","","","","","addPeriod","clientDeleteProhibited","clientTransferProhibited",""
"6","alphan-mining.com","2021-03-01 17:00:18","2021-02-27","2021-02-27","2022-02-27","809","Ledl.net GmbH","whois.ledl.net","http://www.domaintechnik.at","","","","","","","Austria","","","","","","","","","","","","","","","","","","","","","","","","","","","","","","","","","","ns1.domaintechnik.at","ns2.domaintechnik.at","ns3.domaintechnik.at","ns4.domaintechnik.at","clientDeleteProhibited","clientTransferProhibited","",""
"7","anneneu.net","2021-03-01 15:45:12","2021-02-26","2021-02-26","2022-02-26","1387","1API GmbH","whois.1api.net","http://www.1api.net","REDACTED FOR PRIVACY","REDACTED FOR PRIVACY","REDACTED FOR PRIVACY","REDACTED FOR PRIVACY","","REDACTED FOR PRIVACY","Austria","","REDACTED FOR PRIVACY","","REDACTED FOR PRIVACY","REDACTED FOR PRIVACY","REDACTED FOR PRIVACY","REDACTED FOR PRIVACY","REDACTED FOR PRIVACY","REDACTED FOR PRIVACY","REDACTED FOR PRIVACY","","REDACTED FOR PRIVACY","","REDACTED FOR PRIVACY","REDACTED FOR PRIVACY","REDACTED FOR PRIVACY","REDACTED FOR PRIVACY","REDACTED FOR PRIVACY","REDACTED FOR PRIVACY","REDACTED FOR PRIVACY","","REDACTED FOR PRIVACY","","","","","","","","","","","","ns1.hosttech.at","ns2.hosttech.at","ns3.hosttech.at","","clientTransferProhibited","","",""
"8","archerymaniac.net","2021-03-01 15:42:45","2021-02-26","2021-02-26","2022-02-26","1328","RegistryGate GmbH","whois.registrygate.com","http://www.registrygate.com","REDACTED FOR PRIVACY","REDACTED FOR PRIVACY","REDACTED FOR PRIVACY REDACTED FOR PRIVACY REDACTED FOR PRIVACY","REDACTED FOR PRIVACY","","REDACTED FOR PRIVACY","Austria","info@domain-contact.org","REDACTED FOR PRIVACY","REDACTED FOR PRIVACY","REDACTED FOR PRIVACY","REDACTED FOR PRIVACY","REDACTED FOR PRIVACY REDACTED FOR PRIVACY REDACTED FOR PRIVACY","REDACTED FOR PRIVACY","REDACTED FOR PRIVACY","REDACTED FOR PRIVACY","REDACTED FOR PRIVACY","info@domain-contact.org","REDACTED FOR PRIVACY","REDACTED FOR PRIVACY","REDACTED FOR PRIVACY","REDACTED FOR PRIVACY","REDACTED FOR PRIVACY REDACTED FOR PRIVACY REDACTED FOR PRIVACY","REDACTED FOR PRIVACY","REDACTED FOR PRIVACY","REDACTED FOR PRIVACY","REDACTED FOR PRIVACY","info@domain-contact.org","REDACTED FOR PRIVACY","REDACTED FOR PRIVACY","REDACTED FOR PRIVACY","REDACTED FOR PRIVACY","REDACTED FOR PRIVACY REDACTED FOR PRIVACY REDACTED FOR PRIVACY","REDACTED FOR PRIVACY","REDACTED FOR PRIVACY","REDACTED FOR PRIVACY","REDACTED FOR PRIVACY","info@domain-contact.org","REDACTED FOR PRIVACY","REDACTED FOR PRIVACY","ns5.kasserver.com","ns6.kasserver.com","","","clientTransferProhibited","","",""
"9","arturs.shopping","2021-03-01 15:30:09","2021-02-26","2021-02-26","2022-02-26","1345","Key-Systems, LLC","whois.nic.uk","http://www.key-systems.net/","REDACTED FOR PRIVACY","gitgo gmbh","REDACTED FOR PRIVACY","REDACTED FOR PRIVACY","","REDACTED FOR PRIVACY","Austria","","REDACTED FOR PRIVACY","REDACTED FOR PRIVACY","","","","","","","","","","","","","","","","","","","","","","","","","","","","","","","","","","","addPeriod","","",""
"10","arturs.wine","2021-03-01 14:51:22","2021-02-26","2021-02-26","2022-02-26","151","PSI-USA, Inc. dba Domain Robot","whois.psi-usa.info","http://www.psi-usa.info","REDACTED FOR PRIVACY","gitgo gmbh","REDACTED FOR PRIVACY","REDACTED FOR PRIVACY","AT","REDACTED FOR PRIVACY","Austria","","REDACTED FOR PRIVACY","REDACTED FOR PRIVACY","","","","","","","","","","","","","","","","","","","","","","","","","","","","","","","","","","","addPeriod","clientTransferProhibited","",""
"11","arturs.world","2021-03-01 14:50:58","2021-02-26","2021-02-26","2022-02-26","151","PSI-USA, Inc. dba Domain Robot","whois.psi-usa.info","http://www.psi-usa.info","REDACTED FOR PRIVACY","gitgo gmbh","REDACTED FOR PRIVACY","REDACTED FOR PRIVACY","AT","REDACTED FOR PRIVACY","Austria","","REDACTED FOR PRIVACY","REDACTED FOR PRIVACY","","","","","","","","","","","","","","","","","","","","","","","","","","","","","","","","","","","addPeriod","clientTransferProhibited","",""
"12","astridwagner.net","2021-03-01 15:42:47","2021-02-26","2021-02-26","2022-02-26","1476","World4You Internet Services GmbH","whois.world4you.com","http://www.world4you.com","REDACTED FOR PRIVACY","","REDACTED FOR PRIVACY","REDACTED FOR PRIVACY","AT","REDACTED FOR PRIVACY","Austria","","REDACTED FOR PRIVACY","REDACTED FOR PRIVACY","REDACTED FOR PRIVACY","REDACTED FOR PRIVACY","REDACTED FOR PRIVACY","REDACTED FOR PRIVACY","REDACTED FOR PRIVACY","REDACTED FOR PRIVACY","REDACTED FOR PRIVACY","","REDACTED FOR PRIVACY","REDACTED FOR PRIVACY","REDACTED FOR PRIVACY","REDACTED FOR PRIVACY","REDACTED FOR PRIVACY","REDACTED FOR PRIVACY","REDACTED FOR PRIVACY","REDACTED FOR PRIVACY","REDACTED FOR PRIVACY","","REDACTED FOR PRIVACY","REDACTED FOR PRIVACY","","","","","","","","","","","ns1.world4you.at","ns2.world4you.at","","","clientTransferProhibited","","",""
"13","azzurro.estate","2021-03-01 15:56:31","2021-02-27","2021-02-27","2022-02-27","1443","Vautron Rechenzentrum AG","whois.antagus.de","http://www.vautron.de","REDACTED FOR PRIVACY","Meisterstrasse OG","REDACTED FOR PRIVACY","REDACTED FOR PRIVACY","Wien","REDACTED FOR PRIVACY","Austria","","REDACTED FOR PRIVACY","REDACTED FOR PRIVACY","","","","","","","","","","","","","","","","","","","","","","","","","","","","","","","","","","","addPeriod","","",""
"14","betrieb-sanierung.wien","2021-03-01 14:51:30","2021-02-26","2021-02-26","2022-02-26","809","Ledl.net GmbH","whois.ledl.net","http://www.domaintechnik.at","REDACTED","","REDACTED","REDACTED","REDACTED","REDACTED","Austria","","REDACTED","REDACTED","REDACTED","REDACTED","REDACTED","REDACTED","REDACTED","REDACTED","REDACTED","","REDACTED","REDACTED","REDACTED","REDACTED","REDACTED","REDACTED","REDACTED","REDACTED","REDACTED","","REDACTED","REDACTED","REDACTED","REDACTED","REDACTED","REDACTED","REDACTED","REDACTED","REDACTED","","REDACTED","REDACTED","naya.ns.cloudflare.com","plato.ns.cloudflare.com","","","clientDeleteProhibited","clientTransferProhibited","",""
"15","bewadesch.com","2021-03-01 16:55:18","2021-02-27","2021-02-27","2022-02-27","1647","Hosting Concepts B.V. dba Openprovider","whois.registrar.eu","http://www.openprovider.com","REDACTED FOR PRIVACY","","REDACTED FOR PRIVACY","REDACTED FOR PRIVACY","Tirol","REDACTED FOR PRIVACY","Austria","","REDACTED FOR PRIVACY","REDACTED FOR PRIVACY","REDACTED FOR PRIVACY","REDACTED FOR PRIVACY","REDACTED FOR PRIVACY","REDACTED FOR PRIVACY","REDACTED FOR PRIVACY","REDACTED FOR PRIVACY","REDACTED FOR PRIVACY","","REDACTED FOR PRIVACY","REDACTED FOR PRIVACY","REDACTED FOR PRIVACY","REDACTED FOR PRIVACY","REDACTED FOR PRIVACY","REDACTED FOR PRIVACY","REDACTED FOR PRIVACY","REDACTED FOR PRIVACY","REDACTED FOR PRIVACY","","REDACTED FOR PRIVACY","REDACTED FOR PRIVACY","","","","","","","","","","","ns1.dns-parking.com","ns2.dns-parking.com","","","clientTransferProhibited","ok","",""
"16","black.credit","2021-03-01 15:57:30","2021-02-27","2021-02-27","2022-02-27","146","GoDaddy.com, LLC","whois.godaddy.com","http://registrar.godaddy.com","REDACTED FOR PRIVACY","","REDACTED FOR PRIVACY","REDACTED FOR PRIVACY","Styria","REDACTED FOR PRIVACY","Austria","","REDACTED FOR PRIVACY","REDACTED FOR PRIVACY","","","","","","","","","","","","","","","","","","","","","","","","","","","","","","","","","","","addPeriod","clientDeleteProhibited","clientRenewProhibited","clientTransferProhibited"
"17","black.international","2021-03-01 15:50:11","2021-02-27","2021-02-27","2022-02-27","146","GoDaddy.com, LLC","whois.godaddy.com","http://registrar.godaddy.com","REDACTED FOR PRIVACY","","REDACTED FOR PRIVACY","REDACTED FOR PRIVACY","Styria","REDACTED FOR PRIVACY","Austria","","REDACTED FOR PRIVACY","REDACTED FOR PRIVACY","","","","","","","","","","","","","","","","","","","","","","","","","","","","","","","","","","","addPeriod","clientDeleteProhibited","clientRenewProhibited","clientTransferProhibited"
"18","btc-studio.com","2021-03-01 14:29:44","2021-02-27","2021-02-27","2022-02-27","1390","Mesh Digital Limited","whois.meshdigital.com","http://www.meshdigital.com","REDACTED FOR PRIVACY","","REDACTED FOR PRIVACY","REDACTED FOR PRIVACY","","REDACTED FOR PRIVACY","Austria","","REDACTED FOR PRIVACY","REDACTED FOR PRIVACY","","","","","","","","","","","","","","","","","","","","","","","","","","","","","","","ns11.domaincontrol.com","ns12.domaincontrol.com","","","clientDeleteProhibited","clientTransferProhibited","clientUpdateProhibited",""
"19","buildergames.net","2021-03-01 15:43:38","2021-02-26","2021-02-26","2022-02-26","1443","Vautron Rechenzentrum AG","whois.antagus.de","http://www.vautron.de","","","","","","","Austria","ca0w0fuu92@domprivacy.de","","","","","","","","","","ca0w0fuu92@domprivacy.de","","","","","","","","","","ca0w0fuu92@domprivacy.de","","","","","","","","","","","","","ns1.gremmel.at","ns2.gremmel.at","","","OK","","",""
"20","cedricpro.com","2021-03-01 14:27:56","2021-02-27","2021-02-27","2022-02-27","1443","Vautron Rechenzentrum AG","whois.antagus.de","http://www.vautron.de","","","","","Unknown","","Austria","cs0izi34ev@domprivacy.de","","","","","","","","","","cs0izi34ev@domprivacy.de","","","","","","","","","","c8koy6sphs@domprivacy.de","","","","","","","","","","","","","ns1.zap-hosting.com","ns2.zap-hosting.com","","","OK","","",""
"21","chaletarabella.com","2021-03-01 14:27:32","2021-02-27","2021-02-27","2022-02-27","625","Name.com, Inc.","whois.name.com","http://www.name.com","Non-Public Data","","Non-Public Data","Non-Public Data","","00000","Austria","","Non-Public Data","","Non-Public Data","Non-Public Data","Non-Public Data","Non-Public Data","Non-Public Data","00000","","","Non-Public Data","","Non-Public Data","Non-Public Data","Non-Public Data","Non-Public Data","Non-Public Data","00000","","","Non-Public Data","","","","","","","","","","","","ns11.jimdo.com","ns12.jimdo.com","","","addPeriod","clientTransferProhibited","",""
"22","chat-ru.com","2021-03-01 17:52:41","2021-02-27","2021-02-27","2022-02-27","168","Register.it SPA","whois.register.it","http://we.register.it","REDACTED FOR PRIVACY","REDACTED FOR PRIVACY","REDACTED FOR PRIVACY","REDACTED FOR PRIVACY","Vienna","REDACTED FOR PRIVACY","Austria","","REDACTED.FORPRIVACY","REDACTED.FORPRIVACY","REDACTED FOR PRIVACY","REDACTED FOR PRIVACY","REDACTED FOR PRIVACY","REDACTED FOR PRIVACY","REDACTED FOR PRIVACY","REDACTED FOR PRIVACY","REDACTED FOR PRIVACY","","REDACTED.FORPRIVACY","REDACTED.FORPRIVACY","REDACTED FOR PRIVACY","REDACTED FOR PRIVACY","REDACTED FOR PRIVACY","REDACTED FOR PRIVACY","REDACTED FOR PRIVACY","REDACTED FOR PRIVACY","REDACTED FOR PRIVACY","","REDACTED.FORPRIVACY","REDACTED.FORPRIVACY","","","","","","","","","","","ns1.dan.com","ns2.dan.com","","","OK","","",""
"23","color.estate","2021-03-01 15:56:31","2021-02-27","2021-02-27","2022-02-27","146","GoDaddy.com, LLC","whois.godaddy.com","http://registrar.godaddy.com","REDACTED FOR PRIVACY","","REDACTED FOR PRIVACY","REDACTED FOR PRIVACY","Styria","REDACTED FOR PRIVACY","Austria","","REDACTED FOR PRIVACY","REDACTED FOR PRIVACY","","","","","","","","","","","","","","","","","","","","","","","","","","","","","","","","","","","addPeriod","clientDeleteProhibited","clientRenewProhibited","clientTransferProhibited"
"24","colour.international","2021-03-01 15:50:11","2021-02-27","2021-02-27","2022-02-27","146","GoDaddy.com, LLC","whois.godaddy.com","http://registrar.godaddy.com","REDACTED FOR PRIVACY","","REDACTED FOR PRIVACY","REDACTED FOR PRIVACY","Styria","REDACTED FOR PRIVACY","Austria","","REDACTED FOR PRIVACY","REDACTED FOR PRIVACY","","","","","","","","","","","","","","","","","","","","","","","","","","","","","","","","","","","addPeriod","clientDeleteProhibited","clientRenewProhibited","clientTransferProhibited"
"25","corona-testmobil.wien","2021-03-01 14:51:26","2021-02-26","2021-02-26","2022-02-26","1443","Vautron Rechenzentrum AG","whois.antagus.de","http://www.vautron.de","REDACTED","","REDACTED","REDACTED","REDACTED","REDACTED","Austria","","REDACTED","REDACTED","REDACTED","REDACTED","REDACTED","REDACTED","REDACTED","REDACTED","REDACTED","","REDACTED","REDACTED","REDACTED","REDACTED","REDACTED","REDACTED","REDACTED","REDACTED","REDACTED","","REDACTED","REDACTED","REDACTED","REDACTED","REDACTED","REDACTED","REDACTED","REDACTED","REDACTED","","REDACTED","REDACTED","ns49.internic.at","ns501.internic.at","ns57.internic.at","ns6.internic.at","OK","","",""
"26","coronavirus-analyse.com","2021-03-01 16:51:38","2021-02-27","2021-02-27","2022-02-27","648","Webagentur.at Internet Services GmbH d/b/a domainname.at","whois.inname.net","http://www.domainname.at","","","","","","","Austria","","","","","","","","","","Austria","","","","","","","","","","","","","","","","","","","","","","","","ns1.domainname.at","ns2.domainname.at","","","OK","","",""
"27","coronavirus-pcrtest.com","2021-03-01 16:51:33","2021-02-27","2021-02-27","2022-02-27","648","Webagentur.at Internet Services GmbH d/b/a domainname.at","whois.inname.net","http://www.domainname.at","","","","","","","Austria","","","","","","","","","","Austria","","","","","","","","","","","","","","","","","","","","","","","","ns1.domainname.at","ns2.domainname.at","","","OK","","",""
"28","cus-be.com","2021-03-01 16:50:36","2021-02-27","2021-02-27","2022-02-27","1390","Mesh Digital Limited","whois.meshdigital.com","http://www.meshdigital.com","REDACTED FOR PRIVACY","","REDACTED FOR PRIVACY","REDACTED FOR PRIVACY","","REDACTED FOR PRIVACY","Austria","","REDACTED FOR PRIVACY","REDACTED FOR PRIVACY","","","","","","","","","","","","","","","","","","","","","","","","","","","","","","","ns11.domaincontrol.com","ns12.domaincontrol.com","","","clientDeleteProhibited","clientTransferProhibited","clientUpdateProhibited",""
"29","darmstadtliebe.com","2021-03-01 16:50:05","2021-02-27","2021-02-27","2022-02-27","83","1&1 Internet AG","whois.schlund.info","http://1and1.com","REDACTED FOR PRIVACY","","REDACTED FOR PRIVACY","REDACTED FOR PRIVACY","","REDACTED FOR PRIVACY","Austria","dataprivacyprotected@1und1.de","REDACTED FOR PRIVACY","REDACTED FOR PRIVACY","REDACTED FOR PRIVACY","REDACTED FOR PRIVACY","REDACTED FOR PRIVACY","REDACTED FOR PRIVACY","REDACTED FOR PRIVACY","REDACTED FOR PRIVACY","REDACTED FOR PRIVACY","dataprivacyprotected@1und1.de","REDACTED FOR PRIVACY","REDACTED FOR PRIVACY","REDACTED FOR PRIVACY","REDACTED FOR PRIVACY","REDACTED FOR PRIVACY","REDACTED FOR PRIVACY","REDACTED FOR PRIVACY","REDACTED FOR PRIVACY","REDACTED FOR PRIVACY","dataprivacyprotected@1und1.de","REDACTED FOR PRIVACY","REDACTED FOR PRIVACY","","","","","","","","","","","ns1027.ui-dns.biz","ns1070.ui-dns.com","ns1105.ui-dns.org","ns1125.ui-dns.de","addPeriod","clientTransferProhibited","",""
"30","digitalimpfpass.com","2021-03-01 16:48:38","2021-02-27","2021-02-27","2022-02-27","1390","Mesh Digital Limited","whois.meshdigital.com","http://www.meshdigital.com","REDACTED FOR PRIVACY","","REDACTED FOR PRIVACY","REDACTED FOR PRIVACY","","REDACTED FOR PRIVACY","Austria","","REDACTED FOR PRIVACY","REDACTED FOR PRIVACY","","","","","","","","","","","","","","","","","","","","","","","","","","","","","","","ns05.domaincontrol.com","ns06.domaincontrol.com","","","clientDeleteProhibited","clientTransferProhibited","clientUpdateProhibited",""
"31","dotvision.xyz","2021-03-01 14:49:13","2021-02-27","2021-02-27","2022-02-27","809","Ledl.net GmbH","whois.ledl.net","http://www.domaintechnik.at","","","","","","","Austria","","","","","","","","","","","","","","","","","","","","","","","","","","","","","","","","","","ns1.domaintechnik.at","ns2.domaintechnik.at","ns3.domaintechnik.at","ns4.domaintechnik.at","addPeriod","clientDeleteProhibited","clientTransferProhibited","serverTransferProhibited"
"32","enabling.network","2021-03-01 15:38:41","2021-02-26","2021-02-26","2022-02-26","1443","Vautron Rechenzentrum AG","whois.antagus.de","http://www.vautron.de","REDACTED FOR PRIVACY","enabling.consulting e.U","REDACTED FOR PRIVACY","REDACTED FOR PRIVACY","","REDACTED FOR PRIVACY","Austria","","REDACTED FOR PRIVACY","REDACTED FOR PRIVACY","","","","","","","","","","","","","","","","","","","","","","","","","","","","","","","","","","","addPeriod","","",""
"33","ergo-vm.com","2021-03-01 16:45:23","2021-02-27","2021-02-27","2022-02-27","809","Ledl.net GmbH","whois.ledl.net","http://www.domaintechnik.at","ERGO Vorsorgemanagement GmbH","ERGO Vorsorgemanagement GmbH","","","","","Austria","","","","","","","","","","","","","","","","","","","","","","","","","","","","","","","","","","ns1.domaintechnik.at","ns2.domaintechnik.at","ns3.domaintechnik.at","ns4.domaintechnik.at","clientDeleteProhibited","clientTransferProhibited","",""
"34","etolerant.com","2021-03-01 16:45:01","2021-02-27","2021-02-27","2022-02-27","1328","RegistryGate GmbH","whois.registrygate.com","http://www.registrygate.com","REDACTED FOR PRIVACY","REDACTED FOR PRIVACY","REDACTED FOR PRIVACY REDACTED FOR PRIVACY REDACTED FOR PRIVACY","REDACTED FOR PRIVACY","","REDACTED FOR PRIVACY","Austria","info@domain-contact.org","REDACTED FOR PRIVACY","REDACTED FOR PRIVACY","REDACTED FOR PRIVACY","REDACTED FOR PRIVACY","REDACTED FOR PRIVACY REDACTED FOR PRIVACY REDACTED FOR PRIVACY","REDACTED FOR PRIVACY","REDACTED FOR PRIVACY","REDACTED FOR PRIVACY","REDACTED FOR PRIVACY","info@domain-contact.org","REDACTED FOR PRIVACY","REDACTED FOR PRIVACY","REDACTED FOR PRIVACY","REDACTED FOR PRIVACY","REDACTED FOR PRIVACY REDACTED FOR PRIVACY REDACTED FOR PRIVACY","REDACTED FOR PRIVACY","REDACTED FOR PRIVACY","REDACTED FOR PRIVACY","REDACTED FOR PRIVACY","info@domain-contact.org","REDACTED FOR PRIVACY","REDACTED FOR PRIVACY","REDACTED FOR PRIVACY","REDACTED FOR PRIVACY","REDACTED FOR PRIVACY REDACTED FOR PRIVACY REDACTED FOR PRIVACY","REDACTED FOR PRIVACY","REDACTED FOR PRIVACY","REDACTED FOR PRIVACY","REDACTED FOR PRIVACY","info@domain-contact.org","REDACTED FOR PRIVACY","REDACTED FOR PRIVACY","ns5.kasserver.com","ns6.kasserver.com","","","clientTransferProhibited","","",""
"35","ferienwohnungen-walchsee-tirol.info","2021-03-01 15:52:53","2021-02-27","2021-02-27","2022-02-27","2","Network Solutions, LLC","whois.networksolutions.com","http://networksolutions.com","","","","","AT-7","","Austria","","","","","","","","","","","","","","","","","","","","","","","","","","","","","","","","","","ns4.wixdns.net","ns5.wixdns.net","","","addPeriod","clientTransferProhibited","serverTransferProhibited",""
"36","feuergrill.com","2021-03-01 17:51:52","2021-02-27","2021-02-27","2022-02-27","1647","Hosting Concepts B.V. dba Openprovider","whois.registrar.eu","http://www.openprovider.com","REDACTED FOR PRIVACY","","REDACTED FOR PRIVACY","REDACTED FOR PRIVACY","","REDACTED FOR PRIVACY","Austria","","REDACTED FOR PRIVACY","REDACTED FOR PRIVACY","REDACTED FOR PRIVACY","REDACTED FOR PRIVACY","REDACTED FOR PRIVACY","REDACTED FOR PRIVACY","REDACTED FOR PRIVACY","REDACTED FOR PRIVACY","REDACTED FOR PRIVACY","","REDACTED FOR PRIVACY","REDACTED FOR PRIVACY","REDACTED FOR PRIVACY","REDACTED FOR PRIVACY","REDACTED FOR PRIVACY","REDACTED FOR PRIVACY","REDACTED FOR PRIVACY","REDACTED FOR PRIVACY","REDACTED FOR PRIVACY","","REDACTED FOR PRIVACY","REDACTED FOR PRIVACY","","","","","","","","","","","ns1.edis.at","ns2.edis.at","ns5.edis.at","ns6.edis.at","clientTransferProhibited","ok","",""
"37","ffkit.info","2021-03-01 15:52:48","2021-02-27","2021-02-27","2022-02-27","433","OVH sas","whois.ovh.com","http://www.ovh.com","","","","","","","Austria","","","","","","","","","","","","","","","","","","","","","","","","","","","","","","","","","","helium.ns.hetzner.de","hydrogen.ns.hetzner.com","oxygen.ns.hetzner.com","","addPeriod","clientDeleteProhibited","clientTransferProhibited","serverTransferProhibited"
"38","fioas.com","2021-03-01 17:25:39","2021-02-27","2021-02-27","2022-02-27","146","GoDaddy.com, LLC","whois.godaddy.com","http://registrar.godaddy.com","Oyzta E.U.","Oyzta E.U.","","","Vienna","","Austria","","","","","","","","","","","","","","","","","","","","","","","","","","","","","","","","","","ns41.domaincontrol.com","ns42.domaincontrol.com","","","clientDeleteProhibited","clientRenewProhibited","clientTransferProhibited","clientUpdateProhibited"
"39","fommer-store.com","2021-03-01 16:42:52","2021-02-27","2021-02-27","2022-02-27","1328","RegistryGate GmbH","whois.registrygate.com","http://www.registrygate.com","REDACTED FOR PRIVACY","REDACTED FOR PRIVACY","REDACTED FOR PRIVACY REDACTED FOR PRIVACY REDACTED FOR PRIVACY","REDACTED FOR PRIVACY","","REDACTED FOR PRIVACY","Austria","info@domain-contact.org","REDACTED FOR PRIVACY","REDACTED FOR PRIVACY","REDACTED FOR PRIVACY","REDACTED FOR PRIVACY","REDACTED FOR PRIVACY REDACTED FOR PRIVACY REDACTED FOR PRIVACY","REDACTED FOR PRIVACY","REDACTED FOR PRIVACY","REDACTED FOR PRIVACY","REDACTED FOR PRIVACY","info@domain-contact.org","REDACTED FOR PRIVACY","REDACTED FOR PRIVACY","REDACTED FOR PRIVACY","REDACTED FOR PRIVACY","REDACTED FOR PRIVACY REDACTED FOR PRIVACY REDACTED FOR PRIVACY","REDACTED FOR PRIVACY","REDACTED FOR PRIVACY","REDACTED FOR PRIVACY","REDACTED FOR PRIVACY","info@domain-contact.org","REDACTED FOR PRIVACY","REDACTED FOR PRIVACY","REDACTED FOR PRIVACY","REDACTED FOR PRIVACY","REDACTED FOR PRIVACY REDACTED FOR PRIVACY REDACTED FOR PRIVACY","REDACTED FOR PRIVACY","REDACTED FOR PRIVACY","REDACTED FOR PRIVACY","REDACTED FOR PRIVACY","info@domain-contact.org","REDACTED FOR PRIVACY","REDACTED FOR PRIVACY","ns5.kasserver.com","ns6.kasserver.com","","","clientTransferProhibited","","",""
"40","ganz-rund.com","2021-03-01 16:41:44","2021-02-27","2021-02-27","2022-02-27","1328","RegistryGate GmbH","whois.registrygate.com","http://www.registrygate.com","REDACTED FOR PRIVACY","REDACTED FOR PRIVACY","REDACTED FOR PRIVACY REDACTED FOR PRIVACY REDACTED FOR PRIVACY","REDACTED FOR PRIVACY","","REDACTED FOR PRIVACY","Austria","info@domain-contact.org","REDACTED FOR PRIVACY","REDACTED FOR PRIVACY","REDACTED FOR PRIVACY","REDACTED FOR PRIVACY","REDACTED FOR PRIVACY REDACTED FOR PRIVACY REDACTED FOR PRIVACY","REDACTED FOR PRIVACY","REDACTED FOR PRIVACY","REDACTED FOR PRIVACY","REDACTED FOR PRIVACY","info@domain-contact.org","REDACTED FOR PRIVACY","REDACTED FOR PRIVACY","REDACTED FOR PRIVACY","REDACTED FOR PRIVACY","REDACTED FOR PRIVACY REDACTED FOR PRIVACY REDACTED FOR PRIVACY","REDACTED FOR PRIVACY","REDACTED FOR PRIVACY","REDACTED FOR PRIVACY","REDACTED FOR PRIVACY","info@domain-contact.org","REDACTED FOR PRIVACY","REDACTED FOR PRIVACY","REDACTED FOR PRIVACY","REDACTED FOR PRIVACY","REDACTED FOR PRIVACY REDACTED FOR PRIVACY REDACTED FOR PRIVACY","REDACTED FOR PRIVACY","REDACTED FOR PRIVACY","REDACTED FOR PRIVACY","REDACTED FOR PRIVACY","info@domain-contact.org","REDACTED FOR PRIVACY","REDACTED FOR PRIVACY","ns01.anexia.at","ns02.anexia.at","ns03.anexia.at","ns04.anexia.at","clientTransferProhibited","","",""
"41","gaysense.club","2021-03-01 17:53:17","2021-02-27","2021-02-27","2022-02-27","146","GoDaddy.com, LLC","whois.godaddy.com","http://registrar.godaddy.com","REDACTED FOR PRIVACY","","REDACTED FOR PRIVACY REDACTED FOR PRIVACY REDACTED FOR PRIVACY","REDACTED FOR PRIVACY","Tirol","REDACTED FOR PRIVACY","Austria","","REDACTED FOR PRIVACY","REDACTED FOR PRIVACY","REDACTED FOR PRIVACY","REDACTED FOR PRIVACY","REDACTED FOR PRIVACY REDACTED FOR PRIVACY REDACTED FOR PRIVACY","REDACTED FOR PRIVACY","REDACTED FOR PRIVACY","REDACTED FOR PRIVACY","REDACTED FOR PRIVACY","","REDACTED FOR PRIVACY","REDACTED FOR PRIVACY","REDACTED FOR PRIVACY","REDACTED FOR PRIVACY","REDACTED FOR PRIVACY REDACTED FOR PRIVACY REDACTED FOR PRIVACY","REDACTED FOR PRIVACY","REDACTED FOR PRIVACY","REDACTED FOR PRIVACY","REDACTED FOR PRIVACY","","REDACTED FOR PRIVACY","REDACTED FOR PRIVACY","","","","","","","","","","","alec.ns.cloudflare.com","sandy.ns.cloudflare.com","","","addPeriod","clientDeleteProhibited","clientRenewProhibited","clientTransferProhibited"
"42","gligar.net","2021-03-01 15:40:25","2021-02-26","2021-02-26","2022-02-26","106","Ascio Technologies, Inc. Danmark - Filial af Ascio technologies, Inc. USA","whois.ascio.com","http://www.ascio.com","Not Disclosed","Not Disclosed","Not Disclosed","Not Disclosed","","Not Disclosed","Austria","","Not Disclosed","Not Disclosed","Not Disclosed","Not Disclosed","Not Disclosed","Not Disclosed","Not Disclosed","Not Disclosed","Not Disclosed","","Not Disclosed","Not Disclosed","Not Disclosed","Not Disclosed","Not Disclosed","Not Disclosed","Not Disclosed","Not Disclosed","Not Disclosed","","Not Disclosed","Not Disclosed","","","","","","","","","","","ns1.nameservice.at","ns2.nameservice.at","","","OK","","",""
"43","guenther-forcher.com","2021-03-01 16:39:24","2021-02-27","2021-02-27","2022-02-27","1328","RegistryGate GmbH","whois.registrygate.com","http://www.registrygate.com","REDACTED FOR PRIVACY","REDACTED FOR PRIVACY","REDACTED FOR PRIVACY REDACTED FOR PRIVACY REDACTED FOR PRIVACY","REDACTED FOR PRIVACY","","REDACTED FOR PRIVACY","Austria","info@domain-contact.org","REDACTED FOR PRIVACY","REDACTED FOR PRIVACY","REDACTED FOR PRIVACY","REDACTED FOR PRIVACY","REDACTED FOR PRIVACY REDACTED FOR PRIVACY REDACTED FOR PRIVACY","REDACTED FOR PRIVACY","REDACTED FOR PRIVACY","REDACTED FOR PRIVACY","REDACTED FOR PRIVACY","info@domain-contact.org","REDACTED FOR PRIVACY","REDACTED FOR PRIVACY","REDACTED FOR PRIVACY","REDACTED FOR PRIVACY","REDACTED FOR PRIVACY REDACTED FOR PRIVACY REDACTED FOR PRIVACY","REDACTED FOR PRIVACY","REDACTED FOR PRIVACY","REDACTED FOR PRIVACY","REDACTED FOR PRIVACY","info@domain-contact.org","REDACTED FOR PRIVACY","REDACTED FOR PRIVACY","REDACTED FOR PRIVACY","REDACTED FOR PRIVACY","REDACTED FOR PRIVACY REDACTED FOR PRIVACY REDACTED FOR PRIVACY","REDACTED FOR PRIVACY","REDACTED FOR PRIVACY","REDACTED FOR PRIVACY","REDACTED FOR PRIVACY","info@domain-contact.org","REDACTED FOR PRIVACY","REDACTED FOR PRIVACY","ns5.kasserver.com","ns6.kasserver.com","","","clientTransferProhibited","","",""
"44","humanrightswiki.com","2021-03-01 16:36:43","2021-02-27","2021-02-27","2022-02-27","1390","Mesh Digital Limited","whois.meshdigital.com","http://www.meshdigital.com","REDACTED FOR PRIVACY","","REDACTED FOR PRIVACY","REDACTED FOR PRIVACY","","REDACTED FOR PRIVACY","Austria","","REDACTED FOR PRIVACY","REDACTED FOR PRIVACY","","","","","","","","","","","","","","","","","","","","","","","","","","","","","","","ns29.domaincontrol.com","ns30.domaincontrol.com","","","clientDeleteProhibited","clientTransferProhibited","clientUpdateProhibited",""
"45","i-got-your.email","2021-03-01 15:56:36","2021-02-27","2021-02-27","2022-02-27","146","GoDaddy.com, LLC","whois.godaddy.com","http://registrar.godaddy.com","REDACTED FOR PRIVACY","","REDACTED FOR PRIVACY","REDACTED FOR PRIVACY","Tirol","REDACTED FOR PRIVACY","Austria","","REDACTED FOR PRIVACY","REDACTED FOR PRIVACY","","","","","","","","","","","","","","","","","","","","","","","","","","","","","","","","","","","addPeriod","clientDeleteProhibited","clientRenewProhibited","clientTransferProhibited"
"46","i-hack-your.email","2021-03-01 15:56:41","2021-02-27","2021-02-27","2022-02-27","146","GoDaddy.com, LLC","whois.godaddy.com","http://registrar.godaddy.com","REDACTED FOR PRIVACY","","REDACTED FOR PRIVACY","REDACTED FOR PRIVACY","Tirol","REDACTED FOR PRIVACY","Austria","","REDACTED FOR PRIVACY","REDACTED FOR PRIVACY","","","","","","","","","","","","","","","","","","","","","","","","","","","","","","","","","","","addPeriod","clientDeleteProhibited","clientRenewProhibited","clientTransferProhibited"
"47","i-mph.com","2021-03-01 16:36:30","2021-02-27","2021-02-27","2022-02-27","1328","RegistryGate GmbH","whois.registrygate.com","http://www.registrygate.com","REDACTED FOR PRIVACY","REDACTED FOR PRIVACY","REDACTED FOR PRIVACY REDACTED FOR PRIVACY REDACTED FOR PRIVACY","REDACTED FOR PRIVACY","","REDACTED FOR PRIVACY","Austria","info@domain-contact.org","REDACTED FOR PRIVACY","REDACTED FOR PRIVACY","REDACTED FOR PRIVACY","REDACTED FOR PRIVACY","REDACTED FOR PRIVACY REDACTED FOR PRIVACY REDACTED FOR PRIVACY","REDACTED FOR PRIVACY","REDACTED FOR PRIVACY","REDACTED FOR PRIVACY","REDACTED FOR PRIVACY","info@domain-contact.org","REDACTED FOR PRIVACY","REDACTED FOR PRIVACY","REDACTED FOR PRIVACY","REDACTED FOR PRIVACY","REDACTED FOR PRIVACY REDACTED FOR PRIVACY REDACTED FOR PRIVACY","REDACTED FOR PRIVACY","REDACTED FOR PRIVACY","REDACTED FOR PRIVACY","REDACTED FOR PRIVACY","info@domain-contact.org","REDACTED FOR PRIVACY","REDACTED FOR PRIVACY","REDACTED FOR PRIVACY","REDACTED FOR PRIVACY","REDACTED FOR PRIVACY REDACTED FOR PRIVACY REDACTED FOR PRIVACY","REDACTED FOR PRIVACY","REDACTED FOR PRIVACY","REDACTED FOR PRIVACY","REDACTED FOR PRIVACY","info@domain-contact.org","REDACTED FOR PRIVACY","REDACTED FOR PRIVACY","ns5.kasserver.com","ns6.kasserver.com","","","clientTransferProhibited","","",""
"48","ichmoechte.net","2021-03-01 15:39:59","2021-02-26","2021-02-26","2022-02-26","146","GoDaddy.com, LLC","whois.godaddy.com","http://registrar.godaddy.com","","","","","Vorarlberg","","Austria","","","","","","","","","","","","","","","","","","","","","","","","","","","","","","","","","","ns77.domaincontrol.com","ns78.domaincontrol.com","","","clientDeleteProhibited","clientRenewProhibited","clientTransferProhibited","clientUpdateProhibited"
"49","immobilienwiki.com","2021-03-01 16:36:00","2021-02-27","2021-02-27","2022-02-27","1443","Vautron Rechenzentrum AG","whois.antagus.de","http://www.vautron.de","","","","","","","Austria","aok02vjvxj@domprivacy.de","","","","","","","","","","aok02vjvxj@domprivacy.de","","","","","","","","","","aok02vjvxj@domprivacy.de","","","","","","","","","","","","","ns1.ns-serve.net","ns2.ns-serve.net","","","OK","","",""
"50","immoworld4you.com","2021-03-01 16:35:55","2021-02-27","2021-02-27","2022-02-27","1647","Hosting Concepts B.V. dba Openprovider","whois.registrar.eu","http://www.openprovider.com","REDACTED FOR PRIVACY","Luger Sabina","REDACTED FOR PRIVACY","REDACTED FOR PRIVACY","Oberosterreich","REDACTED FOR PRIVACY","Austria","","REDACTED FOR PRIVACY","REDACTED FOR PRIVACY","REDACTED FOR PRIVACY","REDACTED FOR PRIVACY","REDACTED FOR PRIVACY","REDACTED FOR PRIVACY","REDACTED FOR PRIVACY","REDACTED FOR PRIVACY","REDACTED FOR PRIVACY","","REDACTED FOR PRIVACY","REDACTED FOR PRIVACY","REDACTED FOR PRIVACY","REDACTED FOR PRIVACY","REDACTED FOR PRIVACY","REDACTED FOR PRIVACY","REDACTED FOR PRIVACY","REDACTED FOR PRIVACY","REDACTED FOR PRIVACY","","REDACTED FOR PRIVACY","REDACTED FOR PRIVACY","","","","","","","","","","","ns1.dns-parking.com","ns2.dns-parking.com","","","clientTransferProhibited","ok","",""
"51","impro-ve.com","2021-03-01 16:35:47","2021-02-27","2021-02-27","2022-02-27","828","Hetzner Online AG","whois.your-server.de","http://www.hetzner.de","REDACTED FOR PRIVACY","REDACTED FOR PRIVACY","REDACTED FOR PRIVACY REDACTED FOR PRIVACY REDACTED FOR PRIVACY","REDACTED FOR PRIVACY","","REDACTED FOR PRIVACY","Austria","info@domain-contact.org","REDACTED FOR PRIVACY","REDACTED FOR PRIVACY","REDACTED FOR PRIVACY","REDACTED FOR PRIVACY","REDACTED FOR PRIVACY REDACTED FOR PRIVACY REDACTED FOR PRIVACY","REDACTED FOR PRIVACY","REDACTED FOR PRIVACY","REDACTED FOR PRIVACY","REDACTED FOR PRIVACY","info@domain-contact.org","REDACTED FOR PRIVACY","REDACTED FOR PRIVACY","REDACTED FOR PRIVACY","REDACTED FOR PRIVACY","REDACTED FOR PRIVACY REDACTED FOR PRIVACY REDACTED FOR PRIVACY","REDACTED FOR PRIVACY","REDACTED FOR PRIVACY","REDACTED FOR PRIVACY","REDACTED FOR PRIVACY","info@domain-contact.org","REDACTED FOR PRIVACY","REDACTED FOR PRIVACY","REDACTED FOR PRIVACY","REDACTED FOR PRIVACY","REDACTED FOR PRIVACY REDACTED FOR PRIVACY REDACTED FOR PRIVACY","REDACTED FOR PRIVACY","REDACTED FOR PRIVACY","REDACTED FOR PRIVACY","REDACTED FOR PRIVACY","info@domain-contact.org","REDACTED FOR PRIVACY","REDACTED FOR PRIVACY","helium.ns.hetzner.de","hydrogen.ns.hetzner.com","oxygen.ns.hetzner.com","","OK","","",""
"52","ingridgrabner.site","2021-03-01 15:29:37","2021-02-26","","2022-02-26","151","PSI-USA, Inc. dba Domain Robot","whois.psi-usa.info","http://www.psi-usa.info","","","","","AT","","Austria","","","","","","","","","","","","","","","","","","","","","","","","","","","","","","","","","","ns1.nameserver.center","ns2.nameserver.center","","","addPeriod","clientTransferProhibited","serverTransferProhibited",""
"53","iot.wien","2021-03-01 14:51:26","2021-02-26","2021-02-26","2022-02-26","151","PSI-USA, Inc. dba Domain Robot","whois.psi-usa.info","http://www.psi-usa.info","REDACTED","","REDACTED","REDACTED","REDACTED","REDACTED","Austria","","REDACTED","REDACTED","REDACTED","REDACTED","REDACTED","REDACTED","REDACTED","REDACTED","REDACTED","","REDACTED","REDACTED","REDACTED","REDACTED","REDACTED","REDACTED","REDACTED","REDACTED","REDACTED","","REDACTED","REDACTED","REDACTED","REDACTED","REDACTED","REDACTED","REDACTED","REDACTED","REDACTED","","REDACTED","REDACTED","ns1.world4you.at","ns2.world4you.at","","","clientTransferProhibited","","",""
"54","kainz.wien","2021-03-01 14:51:26","2021-02-26","2021-02-26","2022-02-26","1257","Variomedia AG dba puredomain.com","whois.puredomain.com","http://www.puredomain.com","REDACTED","unternehmen24 e.U.","REDACTED","REDACTED","REDACTED","REDACTED","Austria","","REDACTED","REDACTED","REDACTED","REDACTED","REDACTED","REDACTED","REDACTED","REDACTED","REDACTED","","REDACTED","REDACTED","REDACTED","REDACTED","REDACTED","REDACTED","REDACTED","REDACTED","REDACTED","","REDACTED","REDACTED","REDACTED","REDACTED","REDACTED","REDACTED","REDACTED","REDACTED","REDACTED","","REDACTED","REDACTED","ns1.variomedia.de","ns2.variomedia.de","","","OK","","",""
"55","karaox.com","2021-03-01 16:35:41","2021-02-27","2021-02-27","2022-02-27","1476","World4You Internet Services GmbH","whois.world4you.com","http://www.world4you.com","REDACTED FOR PRIVACY","Kara Intertrade GmbH","REDACTED FOR PRIVACY","REDACTED FOR PRIVACY","AT","REDACTED FOR PRIVACY","Austria","","REDACTED FOR PRIVACY","REDACTED FOR PRIVACY","REDACTED FOR PRIVACY","REDACTED FOR PRIVACY","REDACTED FOR PRIVACY","REDACTED FOR PRIVACY","REDACTED FOR PRIVACY","REDACTED FOR PRIVACY","REDACTED FOR PRIVACY","","REDACTED FOR PRIVACY","REDACTED FOR PRIVACY","REDACTED FOR PRIVACY","REDACTED FOR PRIVACY","REDACTED FOR PRIVACY","REDACTED FOR PRIVACY","REDACTED FOR PRIVACY","REDACTED FOR PRIVACY","REDACTED FOR PRIVACY","","REDACTED FOR PRIVACY","REDACTED FOR PRIVACY","","","","","","","","","","","ns1.world4you.at","ns2.world4you.at","","","clientTransferProhibited","","",""
"56","lead-avalanche.com","2021-03-01 16:32:53","2021-02-27","2021-02-27","2022-02-27","828","Hetzner Online AG","whois.your-server.de","http://www.hetzner.de","REDACTED FOR PRIVACY","REDACTED FOR PRIVACY","REDACTED FOR PRIVACY REDACTED FOR PRIVACY REDACTED FOR PRIVACY","REDACTED FOR PRIVACY","","REDACTED FOR PRIVACY","Austria","info@domain-contact.org","REDACTED FOR PRIVACY","REDACTED FOR PRIVACY","REDACTED FOR PRIVACY","REDACTED FOR PRIVACY","REDACTED FOR PRIVACY REDACTED FOR PRIVACY REDACTED FOR PRIVACY","REDACTED FOR PRIVACY","REDACTED FOR PRIVACY","REDACTED FOR PRIVACY","REDACTED FOR PRIVACY","info@domain-contact.org","REDACTED FOR PRIVACY","REDACTED FOR PRIVACY","REDACTED FOR PRIVACY","REDACTED FOR PRIVACY","REDACTED FOR PRIVACY REDACTED FOR PRIVACY REDACTED FOR PRIVACY","REDACTED FOR PRIVACY","REDACTED FOR PRIVACY","REDACTED FOR PRIVACY","REDACTED FOR PRIVACY","info@domain-contact.org","REDACTED FOR PRIVACY","REDACTED FOR PRIVACY","REDACTED FOR PRIVACY","REDACTED FOR PRIVACY","REDACTED FOR PRIVACY REDACTED FOR PRIVACY REDACTED FOR PRIVACY","REDACTED FOR PRIVACY","REDACTED FOR PRIVACY","REDACTED FOR PRIVACY","REDACTED FOR PRIVACY","info@domain-contact.org","REDACTED FOR PRIVACY","REDACTED FOR PRIVACY","ns.second-ns.com","ns1.your-server.de","ns3.second-ns.de","","OK","","",""
"57","lightwall-system.net","2021-03-01 14:42:39","2021-02-26","2021-02-26","2022-02-26","83","1&1 Internet AG","whois.schlund.info","http://1and1.com","REDACTED FOR PRIVACY","DAREBELL Holding GmbH","REDACTED FOR PRIVACY","REDACTED FOR PRIVACY","","REDACTED FOR PRIVACY","Austria","dataprivacyprotected@1und1.de","REDACTED FOR PRIVACY","REDACTED FOR PRIVACY","REDACTED FOR PRIVACY","REDACTED FOR PRIVACY","REDACTED FOR PRIVACY","REDACTED FOR PRIVACY","REDACTED FOR PRIVACY","REDACTED FOR PRIVACY","REDACTED FOR PRIVACY","dataprivacyprotected@1und1.de","REDACTED FOR PRIVACY","REDACTED FOR PRIVACY","REDACTED FOR PRIVACY","REDACTED FOR PRIVACY","REDACTED FOR PRIVACY","REDACTED FOR PRIVACY","REDACTED FOR PRIVACY","REDACTED FOR PRIVACY","REDACTED FOR PRIVACY","dataprivacyprotected@1und1.de","REDACTED FOR PRIVACY","REDACTED FOR PRIVACY","","","","","","","","","","","ns1034.ui-dns.org","ns1054.ui-dns.com","ns1076.ui-dns.biz","ns1099.ui-dns.de","addPeriod","clientTransferProhibited","",""
"58","lightwall-systems.net","2021-03-01 14:42:41","2021-02-26","2021-02-26","2022-02-26","83","1&1 Internet AG","whois.schlund.info","http://1and1.com","REDACTED FOR PRIVACY","DAREBELL Holding GmbH","REDACTED FOR PRIVACY","REDACTED FOR PRIVACY","","REDACTED FOR PRIVACY","Austria","dataprivacyprotected@1und1.de","REDACTED FOR PRIVACY","REDACTED FOR PRIVACY","REDACTED FOR PRIVACY","REDACTED FOR PRIVACY","REDACTED FOR PRIVACY","REDACTED FOR PRIVACY","REDACTED FOR PRIVACY","REDACTED FOR PRIVACY","REDACTED FOR PRIVACY","dataprivacyprotected@1und1.de","REDACTED FOR PRIVACY","REDACTED FOR PRIVACY","REDACTED FOR PRIVACY","REDACTED FOR PRIVACY","REDACTED FOR PRIVACY","REDACTED FOR PRIVACY","REDACTED FOR PRIVACY","REDACTED FOR PRIVACY","REDACTED FOR PRIVACY","dataprivacyprotected@1und1.de","REDACTED FOR PRIVACY","REDACTED FOR PRIVACY","","","","","","","","","","","ns1034.ui-dns.org","ns1054.ui-dns.com","ns1076.ui-dns.biz","ns1099.ui-dns.de","addPeriod","clientTransferProhibited","",""
"59","lightwallsystem.net","2021-03-01 14:42:37","2021-02-26","2021-02-26","2022-02-26","83","1&1 Internet AG","whois.schlund.info","http://1and1.com","REDACTED FOR PRIVACY","DAREBELL Holding GmbH","REDACTED FOR PRIVACY","REDACTED FOR PRIVACY","","REDACTED FOR PRIVACY","Austria","dataprivacyprotected@1und1.de","REDACTED FOR PRIVACY","REDACTED FOR PRIVACY","REDACTED FOR PRIVACY","REDACTED FOR PRIVACY","REDACTED FOR PRIVACY","REDACTED FOR PRIVACY","REDACTED FOR PRIVACY","REDACTED FOR PRIVACY","REDACTED FOR PRIVACY","dataprivacyprotected@1und1.de","REDACTED FOR PRIVACY","REDACTED FOR PRIVACY","REDACTED FOR PRIVACY","REDACTED FOR PRIVACY","REDACTED FOR PRIVACY","REDACTED FOR PRIVACY","REDACTED FOR PRIVACY","REDACTED FOR PRIVACY","REDACTED FOR PRIVACY","dataprivacyprotected@1und1.de","REDACTED FOR PRIVACY","REDACTED FOR PRIVACY","","","","","","","","","","","ns1034.ui-dns.org","ns1054.ui-dns.com","ns1076.ui-dns.biz","ns1099.ui-dns.de","addPeriod","clientTransferProhibited","",""
"60","lightwallsystems.net","2021-03-01 14:42:41","2021-02-26","2021-02-26","2022-02-26","83","1&1 Internet AG","whois.schlund.info","http://1and1.com","REDACTED FOR PRIVACY","DAREBELL Holding GmbH","REDACTED FOR PRIVACY","REDACTED FOR PRIVACY","","REDACTED FOR PRIVACY","Austria","dataprivacyprotected@1und1.de","REDACTED FOR PRIVACY","REDACTED FOR PRIVACY","REDACTED FOR PRIVACY","REDACTED FOR PRIVACY","REDACTED FOR PRIVACY","REDACTED FOR PRIVACY","REDACTED FOR PRIVACY","REDACTED FOR PRIVACY","REDACTED FOR PRIVACY","dataprivacyprotected@1und1.de","REDACTED FOR PRIVACY","REDACTED FOR PRIVACY","REDACTED FOR PRIVACY","REDACTED FOR PRIVACY","REDACTED FOR PRIVACY","REDACTED FOR PRIVACY","REDACTED FOR PRIVACY","REDACTED FOR PRIVACY","REDACTED FOR PRIVACY","dataprivacyprotected@1und1.de","REDACTED FOR PRIVACY","REDACTED FOR PRIVACY","","","","","","","","","","","ns1034.ui-dns.org","ns1054.ui-dns.com","ns1076.ui-dns.biz","ns1099.ui-dns.de","addPeriod","clientTransferProhibited","",""
"61","luckyyou.wien","2021-03-01 14:51:31","2021-02-26","2021-02-26","2022-02-26","1443","Vautron Rechenzentrum AG","whois.antagus.de","http://www.vautron.de","REDACTED","","REDACTED","REDACTED","REDACTED","REDACTED","Austria","","REDACTED","REDACTED","REDACTED","REDACTED","REDACTED","REDACTED","REDACTED","REDACTED","REDACTED","","REDACTED","REDACTED","REDACTED","REDACTED","REDACTED","REDACTED","REDACTED","REDACTED","REDACTED","","REDACTED","REDACTED","REDACTED","REDACTED","REDACTED","REDACTED","REDACTED","REDACTED","REDACTED","","REDACTED","REDACTED","ns49.internic.at","ns501.internic.at","ns57.internic.at","ns6.internic.at","OK","","",""
"62","manifesteramera.com","2021-03-01 16:29:38","2021-02-27","2021-02-27","2022-02-27","828","Hetzner Online AG","whois.your-server.de","http://www.hetzner.de","REDACTED FOR PRIVACY","REDACTED FOR PRIVACY","REDACTED FOR PRIVACY REDACTED FOR PRIVACY REDACTED FOR PRIVACY","REDACTED FOR PRIVACY","","REDACTED FOR PRIVACY","Austria","info@domain-contact.org","REDACTED FOR PRIVACY","REDACTED FOR PRIVACY","REDACTED FOR PRIVACY","REDACTED FOR PRIVACY","REDACTED FOR PRIVACY REDACTED FOR PRIVACY REDACTED FOR PRIVACY","REDACTED FOR PRIVACY","REDACTED FOR PRIVACY","REDACTED FOR PRIVACY","REDACTED FOR PRIVACY","info@domain-contact.org","REDACTED FOR PRIVACY","REDACTED FOR PRIVACY","REDACTED FOR PRIVACY","REDACTED FOR PRIVACY","REDACTED FOR PRIVACY REDACTED FOR PRIVACY REDACTED FOR PRIVACY","REDACTED FOR PRIVACY","REDACTED FOR PRIVACY","REDACTED FOR PRIVACY","REDACTED FOR PRIVACY","info@domain-contact.org","REDACTED FOR PRIVACY","REDACTED FOR PRIVACY","REDACTED FOR PRIVACY","REDACTED FOR PRIVACY","REDACTED FOR PRIVACY REDACTED FOR PRIVACY REDACTED FOR PRIVACY","REDACTED FOR PRIVACY","REDACTED FOR PRIVACY","REDACTED FOR PRIVACY","REDACTED FOR PRIVACY","info@domain-contact.org","REDACTED FOR PRIVACY","REDACTED FOR PRIVACY","ns.second-ns.com","ns1.your-server.de","ns3.second-ns.de","","OK","","",""
"63","matthiasroder.com","2021-03-01 16:28:58","2021-02-27","2021-02-27","2022-02-27","1408","united-domains AG","whois.udag.net","http://www.united-domains.de","","","","","","","Austria","","","","","","","","","","","","","","","","","","","","","","","","","","","","","","","","","","ns.udag.de","ns.udag.net","ns.udag.org","","clientTransferProhibited","","",""
"64","medicalquality.media","2021-03-01 15:46:40","2021-02-26","2021-02-26","2022-02-26","106","Ascio Technologies, Inc. Danmark - Filial af Ascio technologies, Inc. USA","whois.ascio.com","http://www.ascio.com","REDACTED FOR PRIVACY","QMM Quality Multi Media GmbH","REDACTED FOR PRIVACY","REDACTED FOR PRIVACY","","REDACTED FOR PRIVACY","Austria","","REDACTED FOR PRIVACY","REDACTED FOR PRIVACY","","","","","","","","","","","","","","","","","","","","","","","","","","","","","","","","","","","addPeriod","","",""
"65","medizinphilatelie.com","2021-03-01 16:28:42","2021-02-27","2021-02-27","2022-02-27","1387","1API GmbH","whois.1api.net","http://www.1api.net","REDACTED FOR PRIVACY","REDACTED FOR PRIVACY","REDACTED FOR PRIVACY","REDACTED FOR PRIVACY","Vorarlberg","REDACTED FOR PRIVACY","Austria","","REDACTED FOR PRIVACY","","REDACTED FOR PRIVACY","REDACTED FOR PRIVACY","REDACTED FOR PRIVACY","REDACTED FOR PRIVACY","REDACTED FOR PRIVACY","REDACTED FOR PRIVACY","REDACTED FOR PRIVACY","","REDACTED FOR PRIVACY","","REDACTED FOR PRIVACY","REDACTED FOR PRIVACY","REDACTED FOR PRIVACY","REDACTED FOR PRIVACY","REDACTED FOR PRIVACY","REDACTED FOR PRIVACY","REDACTED FOR PRIVACY","","REDACTED FOR PRIVACY","","","","","","","","","","","","ns1177.ispapi.net","ns2181.ispapi.net","ns3199.ispapi.net","","clientTransferProhibited","","",""
"66","merchantelle.com","2021-03-01 16:28:21","2021-02-27","2021-02-27","2022-02-27","141","Cronon AG","whois.cronon.net","http://www.cronon.net","","","","","","","Austria","domaincontact@reg.xlink.net","","","","","","","","","","","","","","","","","","","","","","","","","","","","","","","","","docks09.rzone.de","shades07.rzone.de","","","OK","","",""
"67","obefo-store.com","2021-03-01 16:22:34","2021-02-27","2021-02-27","2022-02-27","1328","RegistryGate GmbH","whois.registrygate.com","http://www.registrygate.com","REDACTED FOR PRIVACY","REDACTED FOR PRIVACY","REDACTED FOR PRIVACY REDACTED FOR PRIVACY REDACTED FOR PRIVACY","REDACTED FOR PRIVACY","","REDACTED FOR PRIVACY","Austria","info@domain-contact.org","REDACTED FOR PRIVACY","REDACTED FOR PRIVACY","REDACTED FOR PRIVACY","REDACTED FOR PRIVACY","REDACTED FOR PRIVACY REDACTED FOR PRIVACY REDACTED FOR PRIVACY","REDACTED FOR PRIVACY","REDACTED FOR PRIVACY","REDACTED FOR PRIVACY","REDACTED FOR PRIVACY","info@domain-contact.org","REDACTED FOR PRIVACY","REDACTED FOR PRIVACY","REDACTED FOR PRIVACY","REDACTED FOR PRIVACY","REDACTED FOR PRIVACY REDACTED FOR PRIVACY REDACTED FOR PRIVACY","REDACTED FOR PRIVACY","REDACTED FOR PRIVACY","REDACTED FOR PRIVACY","REDACTED FOR PRIVACY","info@domain-contact.org","REDACTED FOR PRIVACY","REDACTED FOR PRIVACY","REDACTED FOR PRIVACY","REDACTED FOR PRIVACY","REDACTED FOR PRIVACY REDACTED FOR PRIVACY REDACTED FOR PRIVACY","REDACTED FOR PRIVACY","REDACTED FOR PRIVACY","REDACTED FOR PRIVACY","REDACTED FOR PRIVACY","info@domain-contact.org","REDACTED FOR PRIVACY","REDACTED FOR PRIVACY","ns5.kasserver.com","ns6.kasserver.com","","","clientTransferProhibited","","",""
"68","one11.net","2021-03-01 15:45:35","2021-02-26","2021-02-26","2022-02-26","106","Ascio Technologies, Inc. Danmark - Filial af Ascio technologies, Inc. USA","whois.ascio.com","http://www.ascio.com","Not Disclosed","Not Disclosed","Not Disclosed","Not Disclosed","","Not Disclosed","Austria","","Not Disclosed","Not Disclosed","Not Disclosed","Not Disclosed","Not Disclosed","Not Disclosed","Not Disclosed","Not Disclosed","Not Disclosed","","Not Disclosed","Not Disclosed","Not Disclosed","Not Disclosed","Not Disclosed","Not Disclosed","Not Disclosed","Not Disclosed","Not Disclosed","","Not Disclosed","Not Disclosed","","","","","","","","","","","ns1.nameservice.at","ns2.nameservice.at","","","OK","","",""
"69","open-study.online","2021-03-01 15:36:44","2021-02-26","2021-02-26","2022-02-26","2","Network Solutions, LLC","whois.networksolutions.com","http://networksolutions.com","Blue Danube Business Investment GmbH","Blue Danube Business Investment GmbH","","","","","Austria","","","","","","","","","","","","","","","","","","","","","","","","","","","","","","","","","","ns1.kt-net.at","ns2.kt-net.at","","","addPeriod","clientTransferProhibited","serverTransferProhibited",""
"70","paha-effekt.com","2021-03-01 16:20:35","2021-02-27","2021-02-27","2022-02-27","1390","Mesh Digital Limited","whois.meshdigital.com","http://www.meshdigital.com","REDACTED FOR PRIVACY","","REDACTED FOR PRIVACY","REDACTED FOR PRIVACY","Oesterreich","REDACTED FOR PRIVACY","Austria","","REDACTED FOR PRIVACY","REDACTED FOR PRIVACY","","","","","","","","","","","","","","","","","","","","","","","","","","","","","","","ns29.domaincontrol.com","ns30.domaincontrol.com","","","OK","","",""
"71","pair-affair.com","2021-03-01 16:20:34","2021-02-27","2021-02-27","2022-02-27","1328","RegistryGate GmbH","whois.registrygate.com","http://www.registrygate.com","REDACTED FOR PRIVACY","REDACTED FOR PRIVACY","REDACTED FOR PRIVACY REDACTED FOR PRIVACY REDACTED FOR PRIVACY","REDACTED FOR PRIVACY","","REDACTED FOR PRIVACY","Austria","info@domain-contact.org","REDACTED FOR PRIVACY","REDACTED FOR PRIVACY","REDACTED FOR PRIVACY","REDACTED FOR PRIVACY","REDACTED FOR PRIVACY REDACTED FOR PRIVACY REDACTED FOR PRIVACY","REDACTED FOR PRIVACY","REDACTED FOR PRIVACY","REDACTED FOR PRIVACY","REDACTED FOR PRIVACY","info@domain-contact.org","REDACTED FOR PRIVACY","REDACTED FOR PRIVACY","REDACTED FOR PRIVACY","REDACTED FOR PRIVACY","REDACTED FOR PRIVACY REDACTED FOR PRIVACY REDACTED FOR PRIVACY","REDACTED FOR PRIVACY","REDACTED FOR PRIVACY","REDACTED FOR PRIVACY","REDACTED FOR PRIVACY","info@domain-contact.org","REDACTED FOR PRIVACY","REDACTED FOR PRIVACY","REDACTED FOR PRIVACY","REDACTED FOR PRIVACY","REDACTED FOR PRIVACY REDACTED FOR PRIVACY REDACTED FOR PRIVACY","REDACTED FOR PRIVACY","REDACTED FOR PRIVACY","REDACTED FOR PRIVACY","REDACTED FOR PRIVACY","info@domain-contact.org","REDACTED FOR PRIVACY","REDACTED FOR PRIVACY","ns5.kasserver.com","ns6.kasserver.com","","","clientTransferProhibited","","",""
"72","parfumore.com","2021-03-01 14:23:02","2021-02-27","2021-02-27","2022-02-27","1408","united-domains AG","whois.udag.net","http://www.united-domains.de","","","","","","","Austria","","","","","","","","","","","","","","","","","","","","","","","","","","","","","","","","","","ns.udag.de","ns.udag.net","ns.udag.org","","clientTransferProhibited","","",""
"73","patrick-nuernberger.com","2021-03-01 16:20:15","2021-02-27","2021-02-27","2022-02-27","1476","World4You Internet Services GmbH","whois.world4you.com","http://www.world4you.com","REDACTED FOR PRIVACY","","REDACTED FOR PRIVACY","REDACTED FOR PRIVACY","AT","REDACTED FOR PRIVACY","Austria","","REDACTED FOR PRIVACY","REDACTED FOR PRIVACY","REDACTED FOR PRIVACY","REDACTED FOR PRIVACY","REDACTED FOR PRIVACY","REDACTED FOR PRIVACY","REDACTED FOR PRIVACY","REDACTED FOR PRIVACY","REDACTED FOR PRIVACY","","REDACTED FOR PRIVACY","REDACTED FOR PRIVACY","REDACTED FOR PRIVACY","REDACTED FOR PRIVACY","REDACTED FOR PRIVACY","REDACTED FOR PRIVACY","REDACTED FOR PRIVACY","REDACTED FOR PRIVACY","REDACTED FOR PRIVACY","","REDACTED FOR PRIVACY","REDACTED FOR PRIVACY","","","","","","","","","","","ns1.world4you.at","ns2.world4you.at","","","clientTransferProhibited","","",""
"74","paul-koch.net","2021-03-01 14:41:53","2021-02-26","2021-02-26","2022-02-26","303","PDR Ltd. d/b/a PublicDomainRegistry.com","whois.publicdomainregistry.com","http://www.publicdomainregistry.com","GDPR Masked","GDPR Masked","GDPR Masked","GDPR Masked","","GDPR Masked","Austria","gdpr-masking@gdpr-masked.com","GDPR Masked","GDPR Masked","GDPR Masked","GDPR Masked","GDPR Masked","GDPR Masked","GDPR Masked","GDPR Masked","GDPR Masked","gdpr-masking@gdpr-masked.com","GDPR Masked","GDPR Masked","GDPR Masked","GDPR Masked","GDPR Masked","GDPR Masked","GDPR Masked","GDPR Masked","GDPR Masked","gdpr-masking@gdpr-masked.com","GDPR Masked","GDPR Masked","","","","","","","","","","","ns5.l4dns.com","ns6.l4dns.com","","","clientTransferProhibited","","",""
"75","peachswap.finance","2021-03-01 15:55:43","2021-02-26","2021-02-26","2022-02-26","146","GoDaddy.com, LLC","whois.godaddy.com","http://registrar.godaddy.com","REDACTED FOR PRIVACY","","REDACTED FOR PRIVACY","REDACTED FOR PRIVACY","Wien","REDACTED FOR PRIVACY","Austria","","REDACTED FOR PRIVACY","REDACTED FOR PRIVACY","","","","","","","","","","","","","","","","","","","","","","","","","","","","","","","","","","","addPeriod","clientDeleteProhibited","clientRenewProhibited","clientTransferProhibited"
"76","physi-om.com","2021-03-01 16:19:32","2021-02-27","2021-02-27","2024-02-27","1647","Hosting Concepts B.V. dba Openprovider","whois.registrar.eu","http://www.openprovider.com","REDACTED FOR PRIVACY","PHYSIOM","REDACTED FOR PRIVACY","REDACTED FOR PRIVACY","Tirol","REDACTED FOR PRIVACY","Austria","","REDACTED FOR PRIVACY","REDACTED FOR PRIVACY","REDACTED FOR PRIVACY","REDACTED FOR PRIVACY","REDACTED FOR PRIVACY","REDACTED FOR PRIVACY","REDACTED FOR PRIVACY","REDACTED FOR PRIVACY","REDACTED FOR PRIVACY","","REDACTED FOR PRIVACY","REDACTED FOR PRIVACY","REDACTED FOR PRIVACY","REDACTED FOR PRIVACY","REDACTED FOR PRIVACY","REDACTED FOR PRIVACY","REDACTED FOR PRIVACY","REDACTED FOR PRIVACY","REDACTED FOR PRIVACY","","REDACTED FOR PRIVACY","REDACTED FOR PRIVACY","","","","","","","","","","","ns1.dns-parking.com","ns2.dns-parking.com","","","clientTransferProhibited","ok","",""
"77","pvo.energy","2021-03-01 15:56:38","2021-02-27","2021-02-27","2022-02-27","1052","EuroDNS S.A.","http://whois.rotld.ro","http://www.eurodns.com","REDACTED FOR PRIVACY","PVI GmbH","REDACTED FOR PRIVACY","REDACTED FOR PRIVACY","","REDACTED FOR PRIVACY","Austria","","REDACTED FOR PRIVACY","REDACTED FOR PRIVACY","","","","","","","","","","","","","","","","","","","","","","","","","","","","","","","","","","","addPeriod","clientTransferProhibited","",""
"78","rab-ex.com","2021-03-01 14:35:49","2021-02-27","2021-02-27","2022-02-27","1476","World4You Internet Services GmbH","whois.world4you.com","http://www.world4you.com","REDACTED FOR PRIVACY","","REDACTED FOR PRIVACY","REDACTED FOR PRIVACY","AT","REDACTED FOR PRIVACY","Austria","","REDACTED FOR PRIVACY","REDACTED FOR PRIVACY","REDACTED FOR PRIVACY","REDACTED FOR PRIVACY","REDACTED FOR PRIVACY","REDACTED FOR PRIVACY","REDACTED FOR PRIVACY","REDACTED FOR PRIVACY","REDACTED FOR PRIVACY","","REDACTED FOR PRIVACY","REDACTED FOR PRIVACY","REDACTED FOR PRIVACY","REDACTED FOR PRIVACY","REDACTED FOR PRIVACY","REDACTED FOR PRIVACY","REDACTED FOR PRIVACY","REDACTED FOR PRIVACY","REDACTED FOR PRIVACY","","REDACTED FOR PRIVACY","REDACTED FOR PRIVACY","","","","","","","","","","","ns1.world4you.at","ns2.world4you.at","","","clientTransferProhibited","","",""
"79","s11-shop.com","2021-03-01 16:16:09","2021-02-27","2021-02-27","2022-02-27","1328","RegistryGate GmbH","whois.registrygate.com","http://www.registrygate.com","REDACTED FOR PRIVACY","REDACTED FOR PRIVACY","REDACTED FOR PRIVACY REDACTED FOR PRIVACY REDACTED FOR PRIVACY","REDACTED FOR PRIVACY","","REDACTED FOR PRIVACY","Austria","info@domain-contact.org","REDACTED FOR PRIVACY","REDACTED FOR PRIVACY","REDACTED FOR PRIVACY","REDACTED FOR PRIVACY","REDACTED FOR PRIVACY REDACTED FOR PRIVACY REDACTED FOR PRIVACY","REDACTED FOR PRIVACY","REDACTED FOR PRIVACY","REDACTED FOR PRIVACY","REDACTED FOR PRIVACY","info@domain-contact.org","REDACTED FOR PRIVACY","REDACTED FOR PRIVACY","REDACTED FOR PRIVACY","REDACTED FOR PRIVACY","REDACTED FOR PRIVACY REDACTED FOR PRIVACY REDACTED FOR PRIVACY","REDACTED FOR PRIVACY","REDACTED FOR PRIVACY","REDACTED FOR PRIVACY","REDACTED FOR PRIVACY","info@domain-contact.org","REDACTED FOR PRIVACY","REDACTED FOR PRIVACY","REDACTED FOR PRIVACY","REDACTED FOR PRIVACY","REDACTED FOR PRIVACY REDACTED FOR PRIVACY REDACTED FOR PRIVACY","REDACTED FOR PRIVACY","REDACTED FOR PRIVACY","REDACTED FOR PRIVACY","REDACTED FOR PRIVACY","info@domain-contact.org","REDACTED FOR PRIVACY","REDACTED FOR PRIVACY","ns5.kasserver.com","ns6.kasserver.com","","","clientTransferProhibited","","",""
"80","shanghai-skiclub.com","2021-03-01 16:14:04","2021-02-27","2021-02-27","2022-02-27","269","Key-Systems GmbH","whois.rrpproxy.net","http://www.key-systems.net","REDACTED FOR PRIVACY","REDACTED FOR PRIVACY","REDACTED FOR PRIVACY REDACTED FOR PRIVACY REDACTED FOR PRIVACY","REDACTED FOR PRIVACY","","REDACTED FOR PRIVACY","Austria","info@domain-contact.org","REDACTED FOR PRIVACY","REDACTED FOR PRIVACY","REDACTED FOR PRIVACY","REDACTED FOR PRIVACY","REDACTED FOR PRIVACY REDACTED FOR PRIVACY REDACTED FOR PRIVACY","REDACTED FOR PRIVACY","REDACTED FOR PRIVACY","REDACTED FOR PRIVACY","REDACTED FOR PRIVACY","info@domain-contact.org","REDACTED FOR PRIVACY","REDACTED FOR PRIVACY","REDACTED FOR PRIVACY","REDACTED FOR PRIVACY","REDACTED FOR PRIVACY REDACTED FOR PRIVACY REDACTED FOR PRIVACY","REDACTED FOR PRIVACY","REDACTED FOR PRIVACY","REDACTED FOR PRIVACY","REDACTED FOR PRIVACY","info@domain-contact.org","REDACTED FOR PRIVACY","REDACTED FOR PRIVACY","REDACTED FOR PRIVACY","REDACTED FOR PRIVACY","REDACTED FOR PRIVACY REDACTED FOR PRIVACY REDACTED FOR PRIVACY","REDACTED FOR PRIVACY","REDACTED FOR PRIVACY","REDACTED FOR PRIVACY","REDACTED FOR PRIVACY","info@domain-contact.org","REDACTED FOR PRIVACY","REDACTED FOR PRIVACY","ns1.hosttech.de","ns2.hosttech.de","ns3.hosttech.de","","OK","","",""
"81","sheettricks.com","2021-03-01 16:13:56","2021-02-27","2021-02-27","2022-02-27","269","Key-Systems GmbH","whois.rrpproxy.net","http://www.key-systems.net","REDACTED FOR PRIVACY","REDACTED FOR PRIVACY","REDACTED FOR PRIVACY REDACTED FOR PRIVACY REDACTED FOR PRIVACY","REDACTED FOR PRIVACY","","REDACTED FOR PRIVACY","Austria","info@domain-contact.org","REDACTED FOR PRIVACY","REDACTED FOR PRIVACY","REDACTED FOR PRIVACY","REDACTED FOR PRIVACY","REDACTED FOR PRIVACY REDACTED FOR PRIVACY REDACTED FOR PRIVACY","REDACTED FOR PRIVACY","REDACTED FOR PRIVACY","REDACTED FOR PRIVACY","REDACTED FOR PRIVACY","info@domain-contact.org","REDACTED FOR PRIVACY","REDACTED FOR PRIVACY","REDACTED FOR PRIVACY","REDACTED FOR PRIVACY","REDACTED FOR PRIVACY REDACTED FOR PRIVACY REDACTED FOR PRIVACY","REDACTED FOR PRIVACY","REDACTED FOR PRIVACY","REDACTED FOR PRIVACY","REDACTED FOR PRIVACY","info@domain-contact.org","REDACTED FOR PRIVACY","REDACTED FOR PRIVACY","REDACTED FOR PRIVACY","REDACTED FOR PRIVACY","REDACTED FOR PRIVACY REDACTED FOR PRIVACY REDACTED FOR PRIVACY","REDACTED FOR PRIVACY","REDACTED FOR PRIVACY","REDACTED FOR PRIVACY","REDACTED FOR PRIVACY","info@domain-contact.org","REDACTED FOR PRIVACY","REDACTED FOR PRIVACY","ns1.aftermarket.pl","ns2.aftermarket.pl","","","OK","","",""
"82","skin-love.net","2021-03-01 15:43:49","2021-02-26","2021-02-26","2022-02-26","106","Ascio Technologies, Inc. Danmark - Filial af Ascio technologies, Inc. USA","whois.ascio.com","http://www.ascio.com","Not Disclosed","Not Disclosed","Not Disclosed","Not Disclosed","","Not Disclosed","Austria","","Not Disclosed","Not Disclosed","Not Disclosed","Not Disclosed","Not Disclosed","Not Disclosed","Not Disclosed","Not Disclosed","Not Disclosed","","Not Disclosed","Not Disclosed","Not Disclosed","Not Disclosed","Not Disclosed","Not Disclosed","Not Disclosed","Not Disclosed","Not Disclosed","","Not Disclosed","Not Disclosed","","","","","","","","","","","ns.checkdomain.de","ns2.checkdomain.de","","","OK","","",""
"83","sofia-santorini.art","2021-03-01 17:54:46","2021-02-26","","2022-02-26","1345","Key-Systems, LLC","whois.nic.uk","http://www.key-systems.net/","","","","","","","Austria","","","","","","","","","","","","","","","","","","","","","","","","","","","","","","","","","","ns1.world4you.at","ns2.world4you.at","","","addPeriod","serverTransferProhibited","",""
"84","ssoglobalogistics-dhl.net","2021-03-01 14:41:05","2021-02-26","2021-02-26","2022-02-26","1476","World4You Internet Services GmbH","whois.world4you.com","http://www.world4you.com","REDACTED FOR PRIVACY","","REDACTED FOR PRIVACY","REDACTED FOR PRIVACY","AT","REDACTED FOR PRIVACY","Austria","","REDACTED FOR PRIVACY","REDACTED FOR PRIVACY","REDACTED FOR PRIVACY","REDACTED FOR PRIVACY","REDACTED FOR PRIVACY","REDACTED FOR PRIVACY","REDACTED FOR PRIVACY","REDACTED FOR PRIVACY","REDACTED FOR PRIVACY","","REDACTED FOR PRIVACY","REDACTED FOR PRIVACY","REDACTED FOR PRIVACY","REDACTED FOR PRIVACY","REDACTED FOR PRIVACY","REDACTED FOR PRIVACY","REDACTED FOR PRIVACY","REDACTED FOR PRIVACY","REDACTED FOR PRIVACY","","REDACTED FOR PRIVACY","REDACTED FOR PRIVACY","","","","","","","","","","","ns1.world4you.at","ns2.world4you.at","","","clientTransferProhibited","","",""
"85","steiermarkliebe.com","2021-03-01 16:10:37","2021-02-27","2021-02-27","2022-02-27","83","1&1 Internet AG","whois.schlund.info","http://1and1.com","REDACTED FOR PRIVACY","","REDACTED FOR PRIVACY","REDACTED FOR PRIVACY","","REDACTED FOR PRIVACY","Austria","dataprivacyprotected@1und1.de","REDACTED FOR PRIVACY","REDACTED FOR PRIVACY","REDACTED FOR PRIVACY","REDACTED FOR PRIVACY","REDACTED FOR PRIVACY","REDACTED FOR PRIVACY","REDACTED FOR PRIVACY","REDACTED FOR PRIVACY","REDACTED FOR PRIVACY","dataprivacyprotected@1und1.de","REDACTED FOR PRIVACY","REDACTED FOR PRIVACY","REDACTED FOR PRIVACY","REDACTED FOR PRIVACY","REDACTED FOR PRIVACY","REDACTED FOR PRIVACY","REDACTED FOR PRIVACY","REDACTED FOR PRIVACY","REDACTED FOR PRIVACY","dataprivacyprotected@1und1.de","REDACTED FOR PRIVACY","REDACTED FOR PRIVACY","","","","","","","","","","","ns1024.ui-dns.org","ns1060.ui-dns.com","ns1085.ui-dns.de","ns1120.ui-dns.biz","addPeriod","clientTransferProhibited","",""
"86","swiss-made.wien","2021-03-01 14:51:26","2021-02-26","2021-02-26","2022-02-26","1443","Vautron Rechenzentrum AG","whois.antagus.de","http://www.vautron.de","REDACTED","afp werbeagentur gmbh","REDACTED","REDACTED","REDACTED","REDACTED","Austria","","REDACTED","REDACTED","REDACTED","REDACTED","REDACTED","REDACTED","REDACTED","REDACTED","REDACTED","","REDACTED","REDACTED","REDACTED","REDACTED","REDACTED","REDACTED","REDACTED","REDACTED","REDACTED","","REDACTED","REDACTED","REDACTED","REDACTED","REDACTED","REDACTED","REDACTED","REDACTED","REDACTED","","REDACTED","REDACTED","ns49.internic.at","ns501.internic.at","ns57.internic.at","ns6.internic.at","OK","","",""
"87","taschana.net","2021-03-01 14:40:57","2021-02-26","2021-02-26","2022-02-26","828","Hetzner Online AG","whois.your-server.de","http://www.hetzner.de","REDACTED FOR PRIVACY","REDACTED FOR PRIVACY","REDACTED FOR PRIVACY REDACTED FOR PRIVACY REDACTED FOR PRIVACY","REDACTED FOR PRIVACY","","REDACTED FOR PRIVACY","Austria","info@domain-contact.org","REDACTED FOR PRIVACY","REDACTED FOR PRIVACY","REDACTED FOR PRIVACY","REDACTED FOR PRIVACY","REDACTED FOR PRIVACY REDACTED FOR PRIVACY REDACTED FOR PRIVACY","REDACTED FOR PRIVACY","REDACTED FOR PRIVACY","REDACTED FOR PRIVACY","REDACTED FOR PRIVACY","info@domain-contact.org","REDACTED FOR PRIVACY","REDACTED FOR PRIVACY","REDACTED FOR PRIVACY","REDACTED FOR PRIVACY","REDACTED FOR PRIVACY REDACTED FOR PRIVACY REDACTED FOR PRIVACY","REDACTED FOR PRIVACY","REDACTED FOR PRIVACY","REDACTED FOR PRIVACY","REDACTED FOR PRIVACY","info@domain-contact.org","REDACTED FOR PRIVACY","REDACTED FOR PRIVACY","REDACTED FOR PRIVACY","REDACTED FOR PRIVACY","REDACTED FOR PRIVACY REDACTED FOR PRIVACY REDACTED FOR PRIVACY","REDACTED FOR PRIVACY","REDACTED FOR PRIVACY","REDACTED FOR PRIVACY","REDACTED FOR PRIVACY","info@domain-contact.org","REDACTED FOR PRIVACY","REDACTED FOR PRIVACY","ns.second-ns.com","ns1.your-server.de","ns3.second-ns.de","","OK","","",""
"88","thetarotcloset.com","2021-03-01 16:06:03","2021-02-27","2021-02-27","2022-02-27","146","GoDaddy.com, LLC","whois.godaddy.com","http://registrar.godaddy.com","The Tarot Closet","The Tarot Closet","","","AT","","Austria","","","","","","","","","","","","","","","","","","","","","","","","","","","","","","","","","","ns21.domaincontrol.com","ns22.domaincontrol.com","","","clientDeleteProhibited","clientRenewProhibited","clientTransferProhibited","clientUpdateProhibited"
"89","tiefer-schlafen.com","2021-03-01 16:05:41","2021-02-27","2021-02-27","2022-02-27","1328","RegistryGate GmbH","whois.registrygate.com","http://www.registrygate.com","REDACTED FOR PRIVACY","REDACTED FOR PRIVACY","REDACTED FOR PRIVACY REDACTED FOR PRIVACY REDACTED FOR PRIVACY","REDACTED FOR PRIVACY","","REDACTED FOR PRIVACY","Austria","info@domain-contact.org","REDACTED FOR PRIVACY","REDACTED FOR PRIVACY","REDACTED FOR PRIVACY","REDACTED FOR PRIVACY","REDACTED FOR PRIVACY REDACTED FOR PRIVACY REDACTED FOR PRIVACY","REDACTED FOR PRIVACY","REDACTED FOR PRIVACY","REDACTED FOR PRIVACY","REDACTED FOR PRIVACY","info@domain-contact.org","REDACTED FOR PRIVACY","REDACTED FOR PRIVACY","REDACTED FOR PRIVACY","REDACTED FOR PRIVACY","REDACTED FOR PRIVACY REDACTED FOR PRIVACY REDACTED FOR PRIVACY","REDACTED FOR PRIVACY","REDACTED FOR PRIVACY","REDACTED FOR PRIVACY","REDACTED FOR PRIVACY","info@domain-contact.org","REDACTED FOR PRIVACY","REDACTED FOR PRIVACY","REDACTED FOR PRIVACY","REDACTED FOR PRIVACY","REDACTED FOR PRIVACY REDACTED FOR PRIVACY REDACTED FOR PRIVACY","REDACTED FOR PRIVACY","REDACTED FOR PRIVACY","REDACTED FOR PRIVACY","REDACTED FOR PRIVACY","info@domain-contact.org","REDACTED FOR PRIVACY","REDACTED FOR PRIVACY","ns5.kasserver.com","ns6.kasserver.com","","","clientTransferProhibited","","",""
"90","trust-me-no-iplogger.xyz","2021-03-01 14:47:26","2021-02-27","2021-02-27","2022-02-27","146","GoDaddy.com, LLC","whois.godaddy.com","http://registrar.godaddy.com","","","","","Tirol","","Austria","","","","","","","","","","","","","","","","","","","","","","","","","","","","","","","","","","alec.ns.cloudflare.com","sandy.ns.cloudflare.com","","","addPeriod","clientDeleteProhibited","clientRenewProhibited","clientTransferProhibited"
"91","tuchlauben-8.wien","2021-03-01 14:51:30","2021-02-26","2021-02-26","2022-02-26","1345","Key-Systems, LLC","whois.nic.uk","http://www.key-systems.net/","REDACTED","Kapp Hebein Partner GmbH","REDACTED","REDACTED","REDACTED","REDACTED","Austria","","REDACTED","REDACTED","REDACTED","REDACTED","REDACTED","REDACTED","REDACTED","REDACTED","REDACTED","","REDACTED","REDACTED","REDACTED","REDACTED","REDACTED","REDACTED","REDACTED","REDACTED","REDACTED","","REDACTED","REDACTED","REDACTED","REDACTED","REDACTED","REDACTED","REDACTED","REDACTED","REDACTED","","REDACTED","REDACTED","dns1.braintrust.at","dns2.braintrust.at","","","OK","","",""
"92","tuchlauben-acht.wien","2021-03-01 14:51:31","2021-02-26","2021-02-26","2022-02-26","1345","Key-Systems, LLC","whois.nic.uk","http://www.key-systems.net/","REDACTED","Kapp Hebein Partner GmbH","REDACTED","REDACTED","REDACTED","REDACTED","Austria","","REDACTED","REDACTED","REDACTED","REDACTED","REDACTED","REDACTED","REDACTED","REDACTED","REDACTED","","REDACTED","REDACTED","REDACTED","REDACTED","REDACTED","REDACTED","REDACTED","REDACTED","REDACTED","","REDACTED","REDACTED","REDACTED","REDACTED","REDACTED","REDACTED","REDACTED","REDACTED","REDACTED","","REDACTED","REDACTED","dns1.braintrust.at","dns2.braintrust.at","","","OK","","",""
"93","tuchlauben8.wien","2021-03-01 14:51:26","2021-02-26","2021-02-26","2022-02-26","1345","Key-Systems, LLC","whois.nic.uk","http://www.key-systems.net/","REDACTED","Kapp Hebein Partner GmbH","REDACTED","REDACTED","REDACTED","REDACTED","Austria","","REDACTED","REDACTED","REDACTED","REDACTED","REDACTED","REDACTED","REDACTED","REDACTED","REDACTED","","REDACTED","REDACTED","REDACTED","REDACTED","REDACTED","REDACTED","REDACTED","REDACTED","REDACTED","","REDACTED","REDACTED","REDACTED","REDACTED","REDACTED","REDACTED","REDACTED","REDACTED","REDACTED","","REDACTED","REDACTED","dns1.braintrust.at","dns2.braintrust.at","","","OK","","",""
"94","tuchlaubenacht.wien","2021-03-01 14:51:30","2021-02-26","2021-02-26","2022-02-26","1345","Key-Systems, LLC","whois.nic.uk","http://www.key-systems.net/","REDACTED","Kapp Hebein Partner GmbH","REDACTED","REDACTED","REDACTED","REDACTED","Austria","","REDACTED","REDACTED","REDACTED","REDACTED","REDACTED","REDACTED","REDACTED","REDACTED","REDACTED","","REDACTED","REDACTED","REDACTED","REDACTED","REDACTED","REDACTED","REDACTED","REDACTED","REDACTED","","REDACTED","REDACTED","REDACTED","REDACTED","REDACTED","REDACTED","REDACTED","REDACTED","REDACTED","","REDACTED","REDACTED","dns1.braintrust.at","dns2.braintrust.at","","","OK","","",""
"95","turnaroundenterprise.com","2021-03-01 16:03:58","2021-02-27","2021-02-27","2022-02-27","1328","RegistryGate GmbH","whois.registrygate.com","http://www.registrygate.com","REDACTED FOR PRIVACY","REDACTED FOR PRIVACY","REDACTED FOR PRIVACY REDACTED FOR PRIVACY REDACTED FOR PRIVACY","REDACTED FOR PRIVACY","","REDACTED FOR PRIVACY","Austria","info@domain-contact.org","REDACTED FOR PRIVACY","REDACTED FOR PRIVACY","REDACTED FOR PRIVACY","REDACTED FOR PRIVACY","REDACTED FOR PRIVACY REDACTED FOR PRIVACY REDACTED FOR PRIVACY","REDACTED FOR PRIVACY","REDACTED FOR PRIVACY","REDACTED FOR PRIVACY","REDACTED FOR PRIVACY","info@domain-contact.org","REDACTED FOR PRIVACY","REDACTED FOR PRIVACY","REDACTED FOR PRIVACY","REDACTED FOR PRIVACY","REDACTED FOR PRIVACY REDACTED FOR PRIVACY REDACTED FOR PRIVACY","REDACTED FOR PRIVACY","REDACTED FOR PRIVACY","REDACTED FOR PRIVACY","REDACTED FOR PRIVACY","info@domain-contact.org","REDACTED FOR PRIVACY","REDACTED FOR PRIVACY","REDACTED FOR PRIVACY","REDACTED FOR PRIVACY","REDACTED FOR PRIVACY REDACTED FOR PRIVACY REDACTED FOR PRIVACY","REDACTED FOR PRIVACY","REDACTED FOR PRIVACY","REDACTED FOR PRIVACY","REDACTED FOR PRIVACY","info@domain-contact.org","REDACTED FOR PRIVACY","REDACTED FOR PRIVACY","cns1.cloudpit.de","cns2.cloudpit.com","cns3.cloudpit.io","","OK","","",""
"96","uckermarkliebe.com","2021-03-01 16:03:50","2021-02-27","2021-02-27","2022-02-27","83","1&1 Internet AG","whois.schlund.info","http://1and1.com","REDACTED FOR PRIVACY","","REDACTED FOR PRIVACY","REDACTED FOR PRIVACY","","REDACTED FOR PRIVACY","Austria","dataprivacyprotected@1und1.de","REDACTED FOR PRIVACY","REDACTED FOR PRIVACY","REDACTED FOR PRIVACY","REDACTED FOR PRIVACY","REDACTED FOR PRIVACY","REDACTED FOR PRIVACY","REDACTED FOR PRIVACY","REDACTED FOR PRIVACY","REDACTED FOR PRIVACY","dataprivacyprotected@1und1.de","REDACTED FOR PRIVACY","REDACTED FOR PRIVACY","REDACTED FOR PRIVACY","REDACTED FOR PRIVACY","REDACTED FOR PRIVACY","REDACTED FOR PRIVACY","REDACTED FOR PRIVACY","REDACTED FOR PRIVACY","REDACTED FOR PRIVACY","dataprivacyprotected@1und1.de","REDACTED FOR PRIVACY","REDACTED FOR PRIVACY","","","","","","","","","","","ns1027.ui-dns.biz","ns1070.ui-dns.com","ns1105.ui-dns.org","ns1125.ui-dns.de","addPeriod","clientTransferProhibited","",""
"97","unerwartet.design","2021-03-01 15:57:12","2021-02-27","","2022-02-27","141","Cronon AG","whois.cronon.net","http://www.cronon.net","","","","","","","Austria","","","","","","","","","","","","","","","","","","","","","","","","","","","","","","","","","","docks02.rzone.de","shades03.rzone.de","","","addPeriod","serverTransferProhibited","",""
"98","ungeimpft.wien","2021-03-01 14:51:26","2021-02-26","2021-02-26","2022-02-26","1443","Vautron Rechenzentrum AG","whois.antagus.de","http://www.vautron.de","REDACTED","Knezevic","REDACTED","REDACTED","REDACTED","REDACTED","Austria","","REDACTED","REDACTED","REDACTED","REDACTED","REDACTED","REDACTED","REDACTED","REDACTED","REDACTED","","REDACTED","REDACTED","REDACTED","REDACTED","REDACTED","REDACTED","REDACTED","REDACTED","REDACTED","","REDACTED","REDACTED","REDACTED","REDACTED","REDACTED","REDACTED","REDACTED","REDACTED","REDACTED","","REDACTED","REDACTED","ns1.byting.at","ns2.byting.at","","","OK","","",""
"99","unternehmen-sanierung.wien","2021-03-01 14:51:31","2021-02-26","2021-02-26","2022-02-26","809","Ledl.net GmbH","whois.ledl.net","http://www.domaintechnik.at","REDACTED","","REDACTED","REDACTED","REDACTED","REDACTED","Austria","","REDACTED","REDACTED","REDACTED","REDACTED","REDACTED","REDACTED","REDACTED","REDACTED","REDACTED","","REDACTED","REDACTED","REDACTED","REDACTED","REDACTED","REDACTED","REDACTED","REDACTED","REDACTED","","REDACTED","REDACTED","REDACTED","REDACTED","REDACTED","REDACTED","REDACTED","REDACTED","REDACTED","","REDACTED","REDACTED","naya.ns.cloudflare.com","plato.ns.cloudflare.com","","","clientDeleteProhibited","clientTransferProhibited","",""
"100","urkraftschamane.com","2021-03-01 16:02:50","2021-02-27","2021-02-27","2022-02-27","625","Name.com, Inc.","whois.name.com","http://www.name.com","Non-Public Data","","Non-Public Data","Non-Public Data","","00000","Austria","","Non-Public Data","","Non-Public Data","Non-Public Data","Non-Public Data","Non-Public Data","Non-Public Data","00000","","","Non-Public Data","","Non-Public Data","Non-Public Data","Non-Public Data","Non-Public Data","Non-Public Data","00000","","","Non-Public Data","","","","","","","","","","","","ns11.jimdo.com","ns12.jimdo.com","","","addPeriod","clientTransferProhibited","",""
"101","vadervisions.com","2021-03-01 16:02:29","2021-02-27","2021-02-27","2022-02-27","113","CSL Computer Service Langenbach GmbH d/b/a joker.com","whois.joker.com","http://www.joker.com","","","","","Wien","","Austria","","","","","","","","","","","","","","","","","","","","","","","","","","","","","","","","","","x.ns.joker.com","y.ns.joker.com","z.ns.joker.com","","clientTransferProhibited","","",""
"102","value.credit","2021-03-01 15:57:30","2021-02-27","2021-02-27","2022-02-27","146","GoDaddy.com, LLC","whois.godaddy.com","http://registrar.godaddy.com","REDACTED FOR PRIVACY","","REDACTED FOR PRIVACY","REDACTED FOR PRIVACY","Styria","REDACTED FOR PRIVACY","Austria","","REDACTED FOR PRIVACY","REDACTED FOR PRIVACY","","","","","","","","","","","","","","","","","","","","","","","","","","","","","","","","","","","addPeriod","clientDeleteProhibited","clientRenewProhibited","clientTransferProhibited"
"103","verticalbath.com","2021-03-01 16:02:08","2021-02-26","2021-02-26","2022-02-26","146","GoDaddy.com, LLC","whois.godaddy.com","http://registrar.godaddy.com","","","","","Kaernten","","Austria","","","","","","","","","","","","","","","","","","","","","","","","","","","","","","","","","","ns55.domaincontrol.com","ns56.domaincontrol.com","","","clientDeleteProhibited","clientRenewProhibited","clientTransferProhibited","clientUpdateProhibited"
"104","verticalbathtub.com","2021-03-01 16:02:03","2021-02-26","2021-02-26","2022-02-26","146","GoDaddy.com, LLC","whois.godaddy.com","http://registrar.godaddy.com","","","","","Kaernten","","Austria","","","","","","","","","","","","","","","","","","","","","","","","","","","","","","","","","","ns11.domaincontrol.com","ns12.domaincontrol.com","","","clientDeleteProhibited","clientRenewProhibited","clientTransferProhibited","clientUpdateProhibited"
"105","verticaltub.com","2021-03-01 16:02:03","2021-02-26","2021-02-26","2022-02-26","146","GoDaddy.com, LLC","whois.godaddy.com","http://registrar.godaddy.com","","","","","Kaernten","","Austria","","","","","","","","","","","","","","","","","","","","","","","","","","","","","","","","","","ns11.domaincontrol.com","ns12.domaincontrol.com","","","clientDeleteProhibited","clientRenewProhibited","clientTransferProhibited","clientUpdateProhibited"
"106","vomscharfenrene.online","2021-03-01 15:34:30","2021-02-26","2021-02-26","2022-02-26","1408","united-domains AG","whois.udag.net","http://www.united-domains.de","","","","","","","Austria","","","","","","","","","","","","","","","","","","","","","","","","","","","","","","","","","","ns.udag.de","ns.udag.net","ns.udag.org","","addPeriod","clientTransferProhibited","serverTransferProhibited",""
"107","vorarlbergliebe.com","2021-03-01 16:01:23","2021-02-27","2021-02-27","2022-02-27","83","1&1 Internet AG","whois.schlund.info","http://1and1.com","REDACTED FOR PRIVACY","","REDACTED FOR PRIVACY","REDACTED FOR PRIVACY","","REDACTED FOR PRIVACY","Austria","dataprivacyprotected@1und1.de","REDACTED FOR PRIVACY","REDACTED FOR PRIVACY","REDACTED FOR PRIVACY","REDACTED FOR PRIVACY","REDACTED FOR PRIVACY","REDACTED FOR PRIVACY","REDACTED FOR PRIVACY","REDACTED FOR PRIVACY","REDACTED FOR PRIVACY","dataprivacyprotected@1und1.de","REDACTED FOR PRIVACY","REDACTED FOR PRIVACY","REDACTED FOR PRIVACY","REDACTED FOR PRIVACY","REDACTED FOR PRIVACY","REDACTED FOR PRIVACY","REDACTED FOR PRIVACY","REDACTED FOR PRIVACY","REDACTED FOR PRIVACY","dataprivacyprotected@1und1.de","REDACTED FOR PRIVACY","REDACTED FOR PRIVACY","","","","","","","","","","","ns1024.ui-dns.org","ns1060.ui-dns.com","ns1085.ui-dns.de","ns1120.ui-dns.biz","addPeriod","clientTransferProhibited","",""
"108","webzauberin.com","2021-03-01 15:59:46","2021-02-27","2021-02-27","2022-02-27","1328","RegistryGate GmbH","whois.registrygate.com","http://www.registrygate.com","REDACTED FOR PRIVACY","REDACTED FOR PRIVACY","REDACTED FOR PRIVACY REDACTED FOR PRIVACY REDACTED FOR PRIVACY","REDACTED FOR PRIVACY","","REDACTED FOR PRIVACY","Austria","info@domain-contact.org","REDACTED FOR PRIVACY","REDACTED FOR PRIVACY","REDACTED FOR PRIVACY","REDACTED FOR PRIVACY","REDACTED FOR PRIVACY REDACTED FOR PRIVACY REDACTED FOR PRIVACY","REDACTED FOR PRIVACY","REDACTED FOR PRIVACY","REDACTED FOR PRIVACY","REDACTED FOR PRIVACY","info@domain-contact.org","REDACTED FOR PRIVACY","REDACTED FOR PRIVACY","REDACTED FOR PRIVACY","REDACTED FOR PRIVACY","REDACTED FOR PRIVACY REDACTED FOR PRIVACY REDACTED FOR PRIVACY","REDACTED FOR PRIVACY","REDACTED FOR PRIVACY","REDACTED FOR PRIVACY","REDACTED FOR PRIVACY","info@domain-contact.org","REDACTED FOR PRIVACY","REDACTED FOR PRIVACY","REDACTED FOR PRIVACY","REDACTED FOR PRIVACY","REDACTED FOR PRIVACY REDACTED FOR PRIVACY REDACTED FOR PRIVACY","REDACTED FOR PRIVACY","REDACTED FOR PRIVACY","REDACTED FOR PRIVACY","REDACTED FOR PRIVACY","info@domain-contact.org","REDACTED FOR PRIVACY","REDACTED FOR PRIVACY","ns5.kasserver.com","ns6.kasserver.com","","","clientTransferProhibited","","",""
"109","whattodonewyork.com","2021-03-01 17:14:32","2021-02-27","2021-02-27","2022-02-27","146","GoDaddy.com, LLC","whois.godaddy.com","http://registrar.godaddy.com","","","","","WienWien","","Austria","","","","","","","","","","","","","","","","","","","","","","","","","","","","","","","","","","ns57.domaincontrol.com","ns58.domaincontrol.com","","","clientDeleteProhibited","clientRenewProhibited","clientTransferProhibited","clientUpdateProhibited"
"110","wurmhotel.net","2021-03-01 14:40:05","2021-02-26","2021-02-26","2022-02-26","1328","RegistryGate GmbH","whois.registrygate.com","http://www.registrygate.com","REDACTED FOR PRIVACY","REDACTED FOR PRIVACY","REDACTED FOR PRIVACY REDACTED FOR PRIVACY REDACTED FOR PRIVACY","REDACTED FOR PRIVACY","","REDACTED FOR PRIVACY","Austria","info@domain-contact.org","REDACTED FOR PRIVACY","REDACTED FOR PRIVACY","REDACTED FOR PRIVACY","REDACTED FOR PRIVACY","REDACTED FOR PRIVACY REDACTED FOR PRIVACY REDACTED FOR PRIVACY","REDACTED FOR PRIVACY","REDACTED FOR PRIVACY","REDACTED FOR PRIVACY","REDACTED FOR PRIVACY","info@domain-contact.org","REDACTED FOR PRIVACY","REDACTED FOR PRIVACY","REDACTED FOR PRIVACY","REDACTED FOR PRIVACY","REDACTED FOR PRIVACY REDACTED FOR PRIVACY REDACTED FOR PRIVACY","REDACTED FOR PRIVACY","REDACTED FOR PRIVACY","REDACTED FOR PRIVACY","REDACTED FOR PRIVACY","info@domain-contact.org","REDACTED FOR PRIVACY","REDACTED FOR PRIVACY","REDACTED FOR PRIVACY","REDACTED FOR PRIVACY","REDACTED FOR PRIVACY REDACTED FOR PRIVACY REDACTED FOR PRIVACY","REDACTED FOR PRIVACY","REDACTED FOR PRIVACY","REDACTED FOR PRIVACY","REDACTED FOR PRIVACY","info@domain-contact.org","REDACTED FOR PRIVACY","REDACTED FOR PRIVACY","ns5.ns35.de","ns6.ns35.de","ns7.ns35.de","ns8.ns35.de","clientTransferProhibited","","",""
"111","xcam.icu","2021-03-01 15:55:20","2021-02-26","","2022-02-26","809","Ledl.net GmbH","whois.ledl.net","http://www.domaintechnik.at","","","","","Kaernten","","Austria","","","","","","","","","","","","","","","","","","","","","","","","","","","","","","","","","","ns1.alldomains.hosting","ns2.alldomains.hosting","ns3.alldomains.hosting","ns4.alldomains.hosting","addPeriod","serverTransferProhibited","",""
"112","xn--nachrichtensterreich-ebc.net","2021-03-01 14:40:11","2021-02-26","2021-02-26","2022-02-26","269","Key-Systems GmbH","whois.rrpproxy.net","http://www.key-systems.net","REDACTED FOR PRIVACY","REDACTED FOR PRIVACY","REDACTED FOR PRIVACY REDACTED FOR PRIVACY REDACTED FOR PRIVACY","REDACTED FOR PRIVACY","","REDACTED FOR PRIVACY","Austria","info@domain-contact.org","REDACTED FOR PRIVACY","REDACTED FOR PRIVACY","REDACTED FOR PRIVACY","REDACTED FOR PRIVACY","REDACTED FOR PRIVACY REDACTED FOR PRIVACY REDACTED FOR PRIVACY","REDACTED FOR PRIVACY","REDACTED FOR PRIVACY","REDACTED FOR PRIVACY","REDACTED FOR PRIVACY","info@domain-contact.org","REDACTED FOR PRIVACY","REDACTED FOR PRIVACY","REDACTED FOR PRIVACY","REDACTED FOR PRIVACY","REDACTED FOR PRIVACY REDACTED FOR PRIVACY REDACTED FOR PRIVACY","REDACTED FOR PRIVACY","REDACTED FOR PRIVACY","REDACTED FOR PRIVACY","REDACTED FOR PRIVACY","info@domain-contact.org","REDACTED FOR PRIVACY","REDACTED FOR PRIVACY","REDACTED FOR PRIVACY","REDACTED FOR PRIVACY","REDACTED FOR PRIVACY REDACTED FOR PRIVACY REDACTED FOR PRIVACY","REDACTED FOR PRIVACY","REDACTED FOR PRIVACY","REDACTED FOR PRIVACY","REDACTED FOR PRIVACY","info@domain-contact.org","REDACTED FOR PRIVACY","REDACTED FOR PRIVACY","ns1.domainion.at","ns2.domainion.at","ns3.domainion.at","","OK","","",""
"113","xn--schlafcoaching-dreilndereck-bodensee-kbd.com","2021-03-01 14:38:35","2021-02-27","2021-02-27","2022-02-27","141","Cronon AG","whois.cronon.net","http://www.cronon.net","","","","","","","Austria","domaincontact@reg.xlink.net","","","","","","","","","","","","","","","","","","","","","","","","","","","","","","","","","docks11.rzone.de","shades19.rzone.de","","","OK","","",""
"114","xxxseo.xyz","2021-03-01 14:47:14","2021-02-27","2021-02-27","2022-02-27","809","Ledl.net GmbH","whois.ledl.net","http://www.domaintechnik.at","","","","","","","Austria","","","","","","","","","","","","","","","","","","","","","","","","","","","","","","","","","","ns1.domaintechnik.at","ns2.domaintechnik.at","ns3.domaintechnik.at","ns4.domaintechnik.at","addPeriod","clientDeleteProhibited","clientTransferProhibited","serverTransferProhibited"
"115","yangi.marketing","2021-03-01 15:46:44","2021-02-26","2021-02-26","2022-02-26","1345","Key-Systems, LLC","whois.nic.uk","http://www.key-systems.net/","REDACTED FOR PRIVACY","","REDACTED FOR PRIVACY","REDACTED FOR PRIVACY","","REDACTED FOR PRIVACY","Austria","","REDACTED FOR PRIVACY","REDACTED FOR PRIVACY","","","","","","","","","","","","","","","","","","","","","","","","","","","","","","","","","","","addPeriod","","",""
"116","yemisch.com","2021-03-01 14:38:14","2021-02-27","2021-02-27","2022-02-27","146","GoDaddy.com, LLC","whois.godaddy.com","http://registrar.godaddy.com","","","","","Wr. Neustadt","","Austria","","","","","","","","","","","","","","","","","","","","","","","","","","","","","","","","","","ns11.domaincontrol.com","ns12.domaincontrol.com","","","clientDeleteProhibited","clientRenewProhibited","clientTransferProhibited","clientUpdateProhibited"