"num","domain_name","query_time","create_date","update_date","expiry_date","domain_registrar_id","domain_registrar_name","domain_registrar_whois","domain_registrar_url","registrant_name","registrant_company","registrant_address","registrant_city","registrant_state","registrant_zip","registrant_country","registrant_email","registrant_phone","registrant_fax","administrative_name","administrative_company","administrative_address","administrative_city","administrative_state","administrative_zip","administrative_country","administrative_email","administrative_phone","administrative_fax","technical_name","technical_company","technical_address","technical_city","technical_state","technical_zip","technical_country","technical_email","technical_phone","technical_fax","billing_name","billing_company","billing_address","billing_city","billing_state","billing_zip","billing_country","billing_email","billing_phone","billing_fax","name_server_1","name_server_2","name_server_3","name_server_4","domain_status_1","domain_status_2","domain_status_3","domain_status_4"
"1","atconsulte.com","2021-03-01 16:57:50","2021-02-27","2021-02-27","2022-02-27","74","Online SAS","whois.bookmyname.com","http://www.bookmyname.com","REDACTED FOR PRIVACY","","REDACTED FOR PRIVACY","REDACTED FOR PRIVACY","","REDACTED FOR PRIVACY","Benin","1b5bbba675cb2af3.1701604@spamfree.bookmyname.com","REDACTED FOR PRIVACY","REDACTED FOR PRIVACY","Alexandre YEPES","O2SWITCH","222 Boulevard Gustave Flaubert, For Customer","CLERMONT FERRAND","","63000","France","dns-nospam@o2switch.fr","+33.444446040","+33.444446041","Alexandre YEPES","O2SWITCH","222 Boulevard Gustave Flaubert, For Customer","CLERMONT FERRAND","","63000","France","dns-nospam@o2switch.fr","+33.444446040","+33.444446041","","","","","","","","","","","ns1.o2switch.net","ns2.o2switch.net","","","clientTransferProhibited","","",""
"2","attestez-recharges.com","2021-03-01 16:57:47","2021-02-27","2021-02-27","2022-02-27","433","OVH sas","whois.ovh.com","http://www.ovh.com","REDACTED FOR PRIVACY","2 A FR TECHNOLOGIE","REDACTED FOR PRIVACY","REDACTED FOR PRIVACY","","REDACTED FOR PRIVACY","Benin","sumwk2kist1j9whapne6@q.o-w-o.info","REDACTED FOR PRIVACY","REDACTED FOR PRIVACY","REDACTED FOR PRIVACY","REDACTED FOR PRIVACY","REDACTED FOR PRIVACY","REDACTED FOR PRIVACY","REDACTED FOR PRIVACY","REDACTED FOR PRIVACY","REDACTED FOR PRIVACY","inb5xxbrv88smchmim36@h.o-w-o.info","REDACTED FOR PRIVACY","REDACTED FOR PRIVACY","REDACTED FOR PRIVACY","REDACTED FOR PRIVACY","REDACTED FOR PRIVACY","REDACTED FOR PRIVACY","REDACTED FOR PRIVACY","REDACTED FOR PRIVACY","REDACTED FOR PRIVACY","inb5xxbrv88smchmim36@h.o-w-o.info","REDACTED FOR PRIVACY","REDACTED FOR PRIVACY","","","","","","","","","","","dns108.ovh.net","ns108.ovh.net","","","clientDeleteProhibited","clientTransferProhibited","",""
"3","bid-f.com","2021-03-01 16:55:05","2021-02-27","2021-02-27","2022-02-27","2487","Internet Domain Services BS Corp","whois.publicinterestregistry.net","http://www.internetbs.net","Not disclosed Not disclosed","","Not disclosed, Not disclosed, Not disclosed","Not disclosed","Cotonou","Not disclosed","Benin","c9b70efc25643bc0f8b4d6f4116ab6fb.gdrp@customers.whoisprivacycorp.com","Not disclosed","","Not disclosed Not disclosed","","Not disclosed, Not disclosed, Not disclosed","Not disclosed","Cotonou","Not disclosed","Benin","c9b70efc25643bc0f8b4d6f4116ab6fb.gdrp@customers.whoisprivacycorp.com","Not disclosed","","Not disclosed Not disclosed","","Not disclosed, Not disclosed, Not disclosed","Not disclosed","Cotonou","Not disclosed","Benin","c9b70efc25643bc0f8b4d6f4116ab6fb.gdrp@customers.whoisprivacycorp.com","Not disclosed","","","","","","","","","","","","ns1.alls-heberg.fr","ns2.alls-heberg.fr","","","clientTransferProhibited","ok","",""
"4","bigforex.net","2021-03-01 15:44:47","2021-02-26","2021-02-26","2022-02-26","1630","Ligne Web Services SARL","whois.nic.fr","http://www.ait.com","","","","","","","Benin","8426c4101aaf14df54b52cf0c6b8abf8@whois-anonymous.com","","","","","","","","","Benin","8426c4101aaf14df54b52cf0c6b8abf8@whois-anonymous.com","","","","","","","","","Benin","8426c4101aaf14df54b52cf0c6b8abf8@whois-anonymous.com","","","","","","","","","Benin","8426c4101aaf14df54b52cf0c6b8abf8@whois-anonymous.com","","","","","","","More","informations","on",""
"5","cirabel-group.com","2021-03-01 16:53:15","2021-02-27","2021-02-27","2022-02-27","1464","NameWeb BVBA","whois.NameWeb.biz","http://www.nameweb.biz","REDACTED FOR PRIVACY","","REDACTED FOR PRIVACY","REDACTED FOR PRIVACY","","REDACTED FOR PRIVACY","Benin","","REDACTED FOR PRIVACY","REDACTED FOR PRIVACY","REDACTED FOR PRIVACY","","REDACTED FOR PRIVACY","REDACTED FOR PRIVACY","","REDACTED FOR PRIVACY","Benin","","REDACTED FOR PRIVACY","REDACTED FOR PRIVACY","REDACTED FOR PRIVACY","","REDACTED FOR PRIVACY","REDACTED FOR PRIVACY","","REDACTED FOR PRIVACY","Benin","","REDACTED FOR PRIVACY","REDACTED FOR PRIVACY","","","","","","","","","","","dns1.obambu.com","dns2.obambu.com","","","clientTransferProhibited","","",""
"6","communautceleste-tv.com","2021-03-01 16:51:57","2021-02-27","2021-02-27","2022-02-27","1630","Ligne Web Services SARL","whois.nic.fr","http://www.ait.com","","","","","","","Benin","c883b70db33929f558c527b6d693a6b5@whois-anonymous.com","","","","","","","","","Benin","c883b70db33929f558c527b6d693a6b5@whois-anonymous.com","","","","","","","","","Benin","c883b70db33929f558c527b6d693a6b5@whois-anonymous.com","","","","","","","","","Benin","c883b70db33929f558c527b6d693a6b5@whois-anonymous.com","","","","","","","More","clientTransferProhibited","informations","on"
"7","danhauto.com","2021-03-01 17:18:47","2021-02-27","2021-02-27","2022-02-27","1472","LiquidNet Ltd.","whois.liquidnetlimited.com","http://www.liquidnetlimited.com","REDACTED FOR PRIVACY","REDACTED FOR PRIVACY","REDACTED FOR PRIVACY","REDACTED FOR PRIVACY","Littoral","REDACTED FOR PRIVACY","Benin","","REDACTED FOR PRIVACY","REDACTED FOR PRIVACY","REDACTED FOR PRIVACY","REDACTED FOR PRIVACY","REDACTED FOR PRIVACY","REDACTED FOR PRIVACY","REDACTED FOR PRIVACY","REDACTED FOR PRIVACY","REDACTED FOR PRIVACY","","REDACTED FOR PRIVACY","REDACTED FOR PRIVACY","REDACTED FOR PRIVACY","REDACTED FOR PRIVACY","REDACTED FOR PRIVACY","REDACTED FOR PRIVACY","REDACTED FOR PRIVACY","REDACTED FOR PRIVACY","REDACTED FOR PRIVACY","","REDACTED FOR PRIVACY","REDACTED FOR PRIVACY","","","","","","","","","","","ns1.vehosty.com","ns2.vehosty.com","ns3.vehosty.com","ns4.vehosty.com","clientTransferProhibited","","",""
"8","digitalroyaltech.com","2021-03-01 16:48:36","2021-02-27","2021-02-28","2022-02-27","81","Gandi SAS","whois.gandi.net","http://www.gandi.net","REDACTED FOR PRIVACY","","REDACTED FOR PRIVACY","REDACTED FOR PRIVACY","","REDACTED FOR PRIVACY","Benin","0c496187e18d2d0bcc17c09648db85b5-25743400@contact.gandi.net","REDACTED FOR PRIVACY","REDACTED FOR PRIVACY","REDACTED FOR PRIVACY","REDACTED FOR PRIVACY","REDACTED FOR PRIVACY","REDACTED FOR PRIVACY","REDACTED FOR PRIVACY","REDACTED FOR PRIVACY","REDACTED FOR PRIVACY","0c496187e18d2d0bcc17c09648db85b5-25743400@contact.gandi.net","REDACTED FOR PRIVACY","REDACTED FOR PRIVACY","REDACTED FOR PRIVACY","REDACTED FOR PRIVACY","REDACTED FOR PRIVACY","REDACTED FOR PRIVACY","REDACTED FOR PRIVACY","REDACTED FOR PRIVACY","REDACTED FOR PRIVACY","0c496187e18d2d0bcc17c09648db85b5-25743400@contact.gandi.net","REDACTED FOR PRIVACY","REDACTED FOR PRIVACY","","","","","","","","","","","ns-145-c.gandi.net","ns-164-b.gandi.net","ns-177-a.gandi.net","","clientTransferProhibited","","",""
"9","ezone-market.com","2021-03-01 16:44:33","2021-02-27","2021-02-27","2022-02-27","303","PDR Ltd. d/b/a PublicDomainRegistry.com","whois.publicdomainregistry.com","http://www.publicdomainregistry.com","Souleymane salem","Ezone","Banikanni parakou,maison MOUSTAPHA","Parakou","Borgou","0215","Benin","salemnouhou2020@gmail.com","+229.52314635","","Souleymane salem","Ezone","Banikanni parakou,maison MOUSTAPHA","Parakou","Borgou","0215","Benin","salemnouhou2020@gmail.com","+229.52314635","","Souleymane salem","Ezone","Banikanni parakou,maison MOUSTAPHA","Parakou","Borgou","0215","Benin","salemnouhou2020@gmail.com","+229.52314635","","","","","","","","","","","","corporate.vip41.noc40.com","corporate.vip42.noc40.com","","","clientTransferProhibited","","",""
"10","firmware-jaxx.online","2021-03-01 15:37:38","2021-02-26","","2022-02-26","303","PDR Ltd. d/b/a PublicDomainRegistry.com","whois.publicdomainregistry.com","http://www.publicdomainregistry.com","","","","","Benin","","Benin","","","","","","","","","","","","","","","","","","","","","","","","","","","","","","","","","","ns21.doveserver.com","ns22.doveserver.com","","","addPeriod","clientTransferProhibited","serverTransferProhibited",""
"11","heartbreakers.online","2021-03-01 15:38:22","2021-02-26","2021-02-26","2022-02-26","146","GoDaddy.com, LLC","whois.godaddy.com","http://registrar.godaddy.com","","","","","zou","","Benin","","","","","","","","","","","","","","","","","","","","","","","","","","","","","","","","","","ns09.domaincontrol.com","ns10.domaincontrol.com","","","addPeriod","clientDeleteProhibited","clientRenewProhibited","clientTransferProhibited"
"12","mypremium-store.com","2021-03-01 16:25:34","2021-02-27","2021-02-27","2022-02-27","1464","NameWeb BVBA","whois.NameWeb.biz","http://www.nameweb.biz","REDACTED FOR PRIVACY","","REDACTED FOR PRIVACY","REDACTED FOR PRIVACY","","REDACTED FOR PRIVACY","Benin","","REDACTED FOR PRIVACY","REDACTED FOR PRIVACY","REDACTED FOR PRIVACY","","REDACTED FOR PRIVACY","REDACTED FOR PRIVACY","","REDACTED FOR PRIVACY","Benin","","REDACTED FOR PRIVACY","REDACTED FOR PRIVACY","REDACTED FOR PRIVACY","","REDACTED FOR PRIVACY","REDACTED FOR PRIVACY","","REDACTED FOR PRIVACY","Benin","","REDACTED FOR PRIVACY","REDACTED FOR PRIVACY","","","","","","","","","","","dns1.obambu.com","dns2.obambu.com","","","clientTransferProhibited","","",""
"13","omisiki.com","2021-03-01 16:22:09","2021-02-27","2021-02-27","2023-02-27","146","GoDaddy.com, LLC","whois.godaddy.com","http://registrar.godaddy.com","","","","","AL","","Benin","","","","","","","","","","","","","","","","","","","","","","","","","","","","","","","","","","ns45.domaincontrol.com","ns46.domaincontrol.com","","","clientDeleteProhibited","clientRenewProhibited","clientTransferProhibited","clientUpdateProhibited"
"14","privatebank-online.com","2021-03-01 10:30:10","2021-02-26","2021-02-26","2022-02-26","1479","Namesilo, LLC","whois.namesilo.com","http://www.namesilo.com","mehinto igor","","cotonoubenin 222 cotonou","pahou","cotonou","229","Benin","kachiugwuowo@gmail.com","+229.96647759","","mehinto igor","","cotonoubenin 222 cotonou","pahou","cotonou","229","Benin","kachiugwuowo@gmail.com","+229.96647759","","mehinto igor","","cotonoubenin 222 cotonou","pahou","cotonou","229","Benin","kachiugwuowo@gmail.com","+229.96647759","","","","","","","","","","","","ns1.dnsowl.com","ns2.dnsowl.com","ns3.dnsowl.com","","clientTransferProhibited","","",""
"15","sexesmodel.com","2021-03-01 14:24:59","2021-02-27","2021-02-27","2022-02-27","303","PDR Ltd. d/b/a PublicDomainRegistry.com","whois.publicdomainregistry.com","http://www.publicdomainregistry.com","Souleymane salem","Ezone","Banikanni parakou,maison MOUSTAPHA","Parakou","Borgou","0215","Benin","salemnouhou2020@gmail.com","+229.52314635","","Souleymane salem","Ezone","Banikanni parakou,maison MOUSTAPHA","Parakou","Borgou","0215","Benin","salemnouhou2020@gmail.com","+229.52314635","","Souleymane salem","Ezone","Banikanni parakou,maison MOUSTAPHA","Parakou","Borgou","0215","Benin","salemnouhou2020@gmail.com","+229.52314635","","","","","","","","","","","","corporate.vip41.noc40.com","corporate.vip42.noc40.com","","","clientTransferProhibited","","",""
"16","sofico-group.com","2021-03-01 16:11:47","2021-02-27","2021-02-27","2022-02-27","1630","Ligne Web Services SARL","whois.nic.fr","http://www.ait.com","","","","","","","Benin","8930641a256c20c29b3d1c1ab392d653@whois-anonymous.com","","","","","","","","","Benin","8930641a256c20c29b3d1c1ab392d653@whois-anonymous.com","","","","","","","","","Benin","8930641a256c20c29b3d1c1ab392d653@whois-anonymous.com","","","","","","","","","Benin","8930641a256c20c29b3d1c1ab392d653@whois-anonymous.com","","","","","","","More","clientTransferProhibited","informations","on"
"17","speedtechafrique.com","2021-03-01 16:11:10","2021-02-27","2021-02-27","2022-02-27","1464","NameWeb BVBA","whois.NameWeb.biz","http://www.nameweb.biz","REDACTED FOR PRIVACY","SPEED-TECH","REDACTED FOR PRIVACY","REDACTED FOR PRIVACY","","REDACTED FOR PRIVACY","Benin","","REDACTED FOR PRIVACY","REDACTED FOR PRIVACY","REDACTED FOR PRIVACY","REDACTED FOR PRIVACY","REDACTED FOR PRIVACY","REDACTED FOR PRIVACY","","REDACTED FOR PRIVACY","Benin","","REDACTED FOR PRIVACY","REDACTED FOR PRIVACY","REDACTED FOR PRIVACY","REDACTED FOR PRIVACY","REDACTED FOR PRIVACY","REDACTED FOR PRIVACY","","REDACTED FOR PRIVACY","Benin","","REDACTED FOR PRIVACY","REDACTED FOR PRIVACY","","","","","","","","","","","dns1.obambu.com","dns2.obambu.com","","","clientTransferProhibited","","",""
"18","sublimeyourskin.com","2021-03-01 16:10:10","2021-02-27","2021-02-27","2022-02-27","146","GoDaddy.com, LLC","whois.godaddy.com","http://registrar.godaddy.com","","","","","littoral","","Benin","","","","","","","","","","","","","","","","","","","","","","","","","","","","","","","","","","ns51.domaincontrol.com","ns52.domaincontrol.com","","","clientDeleteProhibited","clientRenewProhibited","clientTransferProhibited","clientUpdateProhibited"
"19","sunshineagency.company","2021-03-01 15:58:47","2021-02-27","2021-02-27","2022-02-27","146","GoDaddy.com, LLC","whois.godaddy.com","http://registrar.godaddy.com","REDACTED FOR PRIVACY","","REDACTED FOR PRIVACY","REDACTED FOR PRIVACY","Littoral","REDACTED FOR PRIVACY","Benin","","REDACTED FOR PRIVACY","REDACTED FOR PRIVACY","","","","","","","","","","","","","","","","","","","","","","","","","","","","","","","","","","","addPeriod","clientDeleteProhibited","clientRenewProhibited","clientTransferProhibited"
"20","the-worldsmarket.com","2021-03-01 16:07:50","2021-02-27","2021-02-27","2022-02-27","303","PDR Ltd. d/b/a PublicDomainRegistry.com","whois.publicdomainregistry.com","http://www.publicdomainregistry.com","Maryline Souza","","Parakou","Parakou","Donga","00229","Benin","dolancourt8100@gmail.com","+229.61283000","","Maryline Souza","","Parakou","Parakou","Donga","00229","Benin","dolancourt8100@gmail.com","+229.61283000","","Maryline Souza","","Parakou","Parakou","Donga","00229","Benin","dolancourt8100@gmail.com","+229.61283000","","","","","","","","","","","","ns1098.ifastnet.com","ns2098.ifastnet.com","","","clientTransferProhibited","","",""
"21","uz-exchange.com","2021-03-01 16:02:34","2021-02-27","2021-02-27","2022-02-27","1647","Hosting Concepts B.V. dba Openprovider","whois.registrar.eu","http://www.openprovider.com","REDACTED FOR PRIVACY","UZ Services","REDACTED FOR PRIVACY","REDACTED FOR PRIVACY","Plateau","REDACTED FOR PRIVACY","Benin","","REDACTED FOR PRIVACY","REDACTED FOR PRIVACY","REDACTED FOR PRIVACY","REDACTED FOR PRIVACY","REDACTED FOR PRIVACY","REDACTED FOR PRIVACY","REDACTED FOR PRIVACY","REDACTED FOR PRIVACY","REDACTED FOR PRIVACY","","REDACTED FOR PRIVACY","REDACTED FOR PRIVACY","REDACTED FOR PRIVACY","REDACTED FOR PRIVACY","REDACTED FOR PRIVACY","REDACTED FOR PRIVACY","REDACTED FOR PRIVACY","REDACTED FOR PRIVACY","REDACTED FOR PRIVACY","","REDACTED FOR PRIVACY","REDACTED FOR PRIVACY","","","","","","","","","","","ns1.dns-parking.com","ns2.dns-parking.com","","","clientTransferProhibited","ok","",""
"22","voixdelacroix.com","2021-03-01 16:01:26","2021-02-27","2021-02-27","2022-02-27","168","Register.it SPA","whois.register.it","http://we.register.it","REDACTED FOR PRIVACY","Business Research Lab","REDACTED FOR PRIVACY","REDACTED FOR PRIVACY","Atlantique","REDACTED FOR PRIVACY","Benin","","REDACTED.FORPRIVACY","REDACTED.FORPRIVACY","REDACTED FOR PRIVACY","REDACTED FOR PRIVACY","REDACTED FOR PRIVACY","REDACTED FOR PRIVACY","REDACTED FOR PRIVACY","REDACTED FOR PRIVACY","REDACTED FOR PRIVACY","","REDACTED.FORPRIVACY","REDACTED.FORPRIVACY","REDACTED FOR PRIVACY","REDACTED FOR PRIVACY","REDACTED FOR PRIVACY","REDACTED FOR PRIVACY","REDACTED FOR PRIVACY","REDACTED FOR PRIVACY","REDACTED FOR PRIVACY","","REDACTED.FORPRIVACY","REDACTED.FORPRIVACY","","","","","","","","","","","ns1.amenworld.com","ns2.amenworld.com","","","OK","","",""
"23","votrepermisenmigne.com","2021-03-01 16:00:16","2021-02-27","2021-02-27","2022-02-27","69","Tucows Domains Inc.","whois.tucows.com","http://domainhelp.opensrs.net","REDACTED FOR PRIVACY","REDACTED FOR PRIVACY","REDACTED FOR PRIVACY","REDACTED FOR PRIVACY","XX","REDACTED FOR PRIVACY","Benin","","REDACTED FOR PRIVACY","REDACTED FOR PRIVACY","REDACTED FOR PRIVACY","REDACTED FOR PRIVACY","REDACTED FOR PRIVACY","REDACTED FOR PRIVACY","REDACTED FOR PRIVACY","REDACTED FOR PRIVACY","REDACTED FOR PRIVACY","","REDACTED FOR PRIVACY","REDACTED FOR PRIVACY","REDACTED FOR PRIVACY","REDACTED FOR PRIVACY","REDACTED FOR PRIVACY","REDACTED FOR PRIVACY","REDACTED FOR PRIVACY","REDACTED FOR PRIVACY","REDACTED FOR PRIVACY","","REDACTED FOR PRIVACY","REDACTED FOR PRIVACY","","","","","","","","","","","ns1.m37.siteground.biz","ns2.m37.siteground.biz","","","clientTransferProhibited","clientUpdateProhibited","",""