"num","domain_name","query_time","create_date","update_date","expiry_date","domain_registrar_id","domain_registrar_name","domain_registrar_whois","domain_registrar_url","registrant_name","registrant_company","registrant_address","registrant_city","registrant_state","registrant_zip","registrant_country","registrant_email","registrant_phone","registrant_fax","administrative_name","administrative_company","administrative_address","administrative_city","administrative_state","administrative_zip","administrative_country","administrative_email","administrative_phone","administrative_fax","technical_name","technical_company","technical_address","technical_city","technical_state","technical_zip","technical_country","technical_email","technical_phone","technical_fax","billing_name","billing_company","billing_address","billing_city","billing_state","billing_zip","billing_country","billing_email","billing_phone","billing_fax","name_server_1","name_server_2","name_server_3","name_server_4","domain_status_1","domain_status_2","domain_status_3","domain_status_4"
"1","agenteoga.com","2021-03-01 17:01:12","2021-02-27","2021-02-27","2022-02-27","1005","NetEarth One Inc. d/b/a NetEarth","whois.advancedregistrar.com","http://www.netearthone.com","Miguel Angel Fernandez Mendoza","","Av. Santos Dumount 7to. Anillo","Santa Cruz","Santa Cruz","00000","Bolivia","angelfermendoza@gmail.com","+591.76616280","","Miguel Angel Fernandez Mendoza","","Av. Santos Dumount 7to. Anillo","Santa Cruz","Santa Cruz","00000","Bolivia","angelfermendoza@gmail.com","+591.76616280","","Miguel Angel Fernandez Mendoza","","Av. Santos Dumount 7to. Anillo","Santa Cruz","Santa Cruz","00000","Bolivia","angelfermendoza@gmail.com","+591.76616280","","","","","","","","","","","","ns2101.neothek.com","ns2102.neothek.com","","","clientTransferProhibited","","",""
"2","alphamaxcommunity.com","2021-03-01 17:00:14","2021-02-27","2021-02-28","2022-02-27","955","Launchpad, Inc.","whois.launchpad.com","http://www.launchpad.com","Sean","","4 Scabiosastraat","Paramaribo","PM","","Bolivia","lily@sr.net","+591.78812151","","Sean","","4 Scabiosastraat","Paramaribo","PM","","Bolivia","lily@sr.net","+591.78812151","","Sean","","4 Scabiosastraat","Paramaribo","PM","","Bolivia","lily@sr.net","+591.78812151","","","","","","","","","","","","ns8093.hostgator.com","ns8094.hostgator.com","","","clientTransferProhibited","","",""
"3","andysce.site","2021-03-01 15:29:52","2021-02-26","2021-02-26","2022-02-26","146","GoDaddy.com, LLC","whois.godaddy.com","http://registrar.godaddy.com","","","","","Senora de La paz","","Bolivia","","","","","","","","","","","","","","","","","","","","","","","","","","","","","","","","","","ns55.domaincontrol.com","ns56.domaincontrol.com","","","addPeriod","clientDeleteProhibited","clientRenewProhibited","clientTransferProhibited"
"4","apglivestreaming.com","2021-03-01 16:59:09","2021-02-26","2021-02-26","2022-02-26","146","GoDaddy.com, LLC","whois.godaddy.com","http://registrar.godaddy.com","APG NOTICIAS S.R.L.","APG NOTICIAS S.R.L.","","","La Paz/Murillo/Palca","","Bolivia","","","","","","","","","","","","","","","","","","","","","","","","","","","","","","","","","","ns51.domaincontrol.com","ns52.domaincontrol.com","","","clientDeleteProhibited","clientRenewProhibited","clientTransferProhibited","clientUpdateProhibited"
"5","aprendeonlinencasa.xyz","2021-03-01 14:49:44","2021-02-27","2021-02-28","2022-02-27","146","GoDaddy.com, LLC","whois.godaddy.com","http://registrar.godaddy.com","","","","","Departamento de La Paz","","Bolivia","","","","","","","","","","","","","","","","","","","","","","","","","","","","","","","","","","ns9070.banahosting.com","ns9071.banahosting.com","","","addPeriod","clientDeleteProhibited","clientRenewProhibited","clientTransferProhibited"
"6","arqvista.com","2021-03-01 17:27:16","2021-02-27","2021-02-27","2022-02-27","1647","Hosting Concepts B.V. dba Openprovider","whois.registrar.eu","http://www.openprovider.com","REDACTED FOR PRIVACY","arqvista","REDACTED FOR PRIVACY","REDACTED FOR PRIVACY","La Paz","REDACTED FOR PRIVACY","Bolivia","","REDACTED FOR PRIVACY","REDACTED FOR PRIVACY","REDACTED FOR PRIVACY","REDACTED FOR PRIVACY","REDACTED FOR PRIVACY","REDACTED FOR PRIVACY","REDACTED FOR PRIVACY","REDACTED FOR PRIVACY","REDACTED FOR PRIVACY","","REDACTED FOR PRIVACY","REDACTED FOR PRIVACY","REDACTED FOR PRIVACY","REDACTED FOR PRIVACY","REDACTED FOR PRIVACY","REDACTED FOR PRIVACY","REDACTED FOR PRIVACY","REDACTED FOR PRIVACY","REDACTED FOR PRIVACY","","REDACTED FOR PRIVACY","REDACTED FOR PRIVACY","","","","","","","","","","","ns1.dns-parking.com","ns2.dns-parking.com","","","clientTransferProhibited","ok","",""
"7","bienybueno.com","2021-03-01 16:55:09","2021-02-27","2021-02-27","2022-02-27","146","GoDaddy.com, LLC","whois.godaddy.com","http://registrar.godaddy.com","ASEMIN BG","ASEMIN BG","","","Cercado","","Bolivia","","","","","","","","","","","","","","","","","","","","","","","","","","","","","","","","","","ns21.domaincontrol.com","ns22.domaincontrol.com","","","clientDeleteProhibited","clientRenewProhibited","clientTransferProhibited","clientUpdateProhibited"
"8","biovedikamedspa.com","2021-03-01 16:54:50","2021-02-27","2021-02-27","2022-02-27","625","Name.com, Inc.","whois.name.com","http://www.name.com","Veronica Ernst","Universidad","Zona los Ceibos s/n","Cochabamba","Cercado","591","Bolivia","","Non-Public Data","","Veronica Ernst","Universidad","Zona los Ceibos s/n","Cochabamba","Cercado","591","Bolivia","","Non-Public Data","","Veronica Ernst","Universidad","Zona los Ceibos s/n","Cochabamba","Cercado","591","Bolivia","","Non-Public Data","","","","","","","","","","","","ns1bcp.name.com","ns2btz.name.com","ns3dgj.name.com","ns4ksy.name.com","addPeriod","clientTransferProhibited","",""
"9","caribbeancworld.com","2021-03-01 14:28:25","2021-02-27","2021-02-28","2022-02-27","955","Launchpad, Inc.","whois.launchpad.com","http://www.launchpad.com","Sean","","4 Scabiosastraat","Paramaribo","PM","","Bolivia","lily@sr.net","+591.78812151","","Sean","","4 Scabiosastraat","Paramaribo","PM","","Bolivia","lily@sr.net","+591.78812151","","Sean","","4 Scabiosastraat","Paramaribo","PM","","Bolivia","lily@sr.net","+591.78812151","","","","","","","","","","","","ns8093.hostgator.com","ns8094.hostgator.com","","","clientTransferProhibited","","",""
"10","cesaralcalde.com","2021-03-01 17:33:49","2021-02-27","2021-02-27","2022-02-27","76","Nominalia Internet S.L.","whois.nominalia.com","http://www.nominalia.com","REDACTED FOR PRIVACY","REDACTED FOR PRIVACY","REDACTED FOR PRIVACY","REDACTED FOR PRIVACY","Murillo","REDACTED FOR PRIVACY","Bolivia","","REDACTED.FORPRIVACY","REDACTED.FORPRIVACY","REDACTED FOR PRIVACY","REDACTED FOR PRIVACY","REDACTED FOR PRIVACY","REDACTED FOR PRIVACY","REDACTED FOR PRIVACY","REDACTED FOR PRIVACY","REDACTED FOR PRIVACY","","REDACTED.FORPRIVACY","REDACTED.FORPRIVACY","REDACTED FOR PRIVACY","REDACTED FOR PRIVACY","REDACTED FOR PRIVACY","REDACTED FOR PRIVACY","REDACTED FOR PRIVACY","REDACTED FOR PRIVACY","REDACTED FOR PRIVACY","","REDACTED.FORPRIVACY","REDACTED.FORPRIVACY","","","","","","","","","","","dns1.nominalia.com","dns2.nominalia.com","","","OK","","",""
"11","chinovps.online","2021-03-01 15:37:59","2021-02-26","2021-02-26","2022-02-26","146","GoDaddy.com, LLC","whois.godaddy.com","http://registrar.godaddy.com","Revollo","Revollo","","","Departamento de Cochabamba","","Bolivia","","","","","","","","","","","","","","","","","","","","","","","","","","","","","","","","","","ns1.vultr.com","ns2.vultr.com","","","addPeriod","clientDeleteProhibited","clientRenewProhibited","clientTransferProhibited"
"12","fabritb.com","2021-03-01 16:44:32","2021-02-27","2021-02-27","2022-02-27","76","Nominalia Internet S.L.","whois.nominalia.com","http://www.nominalia.com","REDACTED FOR PRIVACY","REDACTED FOR PRIVACY","REDACTED FOR PRIVACY","REDACTED FOR PRIVACY","Murillo","REDACTED FOR PRIVACY","Bolivia","","REDACTED.FORPRIVACY","REDACTED.FORPRIVACY","REDACTED FOR PRIVACY","REDACTED FOR PRIVACY","REDACTED FOR PRIVACY","REDACTED FOR PRIVACY","REDACTED FOR PRIVACY","REDACTED FOR PRIVACY","REDACTED FOR PRIVACY","","REDACTED.FORPRIVACY","REDACTED.FORPRIVACY","REDACTED FOR PRIVACY","REDACTED FOR PRIVACY","REDACTED FOR PRIVACY","REDACTED FOR PRIVACY","REDACTED FOR PRIVACY","REDACTED FOR PRIVACY","REDACTED FOR PRIVACY","","REDACTED.FORPRIVACY","REDACTED.FORPRIVACY","","","","","","","","","","","dns1.nominalia.com","dns2.nominalia.com","","","OK","","",""
"13","fexpo.online","2021-03-01 15:38:29","2021-02-26","","2022-02-26","1636","Hostinger, UAB","whois.hostinger.com","http://www.hostinger.com","Not Applicable","Not Applicable","","","Santa Cruz","","Bolivia","","","","","","","","","","","","","","","","","","","","","","","","","","","","","","","","","","ns1.dns-parking.com","ns2.dns-parking.com","","","addPeriod","clientTransferProhibited","serverTransferProhibited",""
"14","giolandscaping.com","2021-03-01 16:41:14","2021-02-27","2021-02-27","2022-02-27","1647","Hosting Concepts B.V. dba Openprovider","whois.registrar.eu","http://www.openprovider.com","REDACTED FOR PRIVACY","","REDACTED FOR PRIVACY","REDACTED FOR PRIVACY","santa cruz","REDACTED FOR PRIVACY","Bolivia","","REDACTED FOR PRIVACY","REDACTED FOR PRIVACY","REDACTED FOR PRIVACY","REDACTED FOR PRIVACY","REDACTED FOR PRIVACY","REDACTED FOR PRIVACY","REDACTED FOR PRIVACY","REDACTED FOR PRIVACY","REDACTED FOR PRIVACY","","REDACTED FOR PRIVACY","REDACTED FOR PRIVACY","REDACTED FOR PRIVACY","REDACTED FOR PRIVACY","REDACTED FOR PRIVACY","REDACTED FOR PRIVACY","REDACTED FOR PRIVACY","REDACTED FOR PRIVACY","REDACTED FOR PRIVACY","","REDACTED FOR PRIVACY","REDACTED FOR PRIVACY","","","","","","","","","","","ns1.dns-parking.com","ns2.dns-parking.com","","","clientTransferProhibited","ok","",""
"15","hotelcondeza.net","2021-03-01 15:44:40","2021-02-26","2021-02-26","2022-02-26","303","PDR Ltd. d/b/a PublicDomainRegistry.com","whois.publicdomainregistry.com","http://www.publicdomainregistry.com","Cesar Castro Pastrana","Bolivia Sitios","Villa Copacabana","La Paz","La Paz","6094","Bolivia","dominios@boliviasitios.com","+591.22834269","","Cesar Castro Pastrana","Bolivia Sitios","Villa Copacabana","La Paz","La Paz","6094","Bolivia","dominios@boliviasitios.com","+591.22834269","","Cesar Castro Pastrana","Bolivia Sitios","Villa Copacabana","La Paz","La Paz","6094","Bolivia","dominios@boliviasitios.com","+591.22834269","","","","","","","","","","","","ns1.boliviasitios.com","ns2.boliviasitios.com","","","clientTransferProhibited","","",""
"16","industriaseid.com","2021-03-01 14:19:52","2021-02-27","2021-02-27","2022-02-27","76","Nominalia Internet S.L.","whois.nominalia.com","http://www.nominalia.com","REDACTED FOR PRIVACY","REDACTED FOR PRIVACY","REDACTED FOR PRIVACY","REDACTED FOR PRIVACY","Andres Ibanes","REDACTED FOR PRIVACY","Bolivia","","REDACTED.FORPRIVACY","REDACTED.FORPRIVACY","REDACTED FOR PRIVACY","REDACTED FOR PRIVACY","REDACTED FOR PRIVACY","REDACTED FOR PRIVACY","REDACTED FOR PRIVACY","REDACTED FOR PRIVACY","REDACTED FOR PRIVACY","","REDACTED.FORPRIVACY","REDACTED.FORPRIVACY","REDACTED FOR PRIVACY","REDACTED FOR PRIVACY","REDACTED FOR PRIVACY","REDACTED FOR PRIVACY","REDACTED FOR PRIVACY","REDACTED FOR PRIVACY","REDACTED FOR PRIVACY","","REDACTED.FORPRIVACY","REDACTED.FORPRIVACY","","","","","","","","","","","dns1.nominalia.com","dns2.nominalia.com","","","OK","","",""
"17","infortecbolivia.com","2021-03-01 17:48:47","2021-02-27","2021-02-26","2022-02-27","146","GoDaddy.com, LLC","whois.godaddy.com","http://registrar.godaddy.com","Infortec Bolivia","Infortec Bolivia","","","bolivia","","Bolivia","","","","","","","","","","","","","","","","","","","","","","","","","","","","","","","","","","ns1-trusted.vivawebhost.com","ns2-trusted.vivawebhost.com","","","clientDeleteProhibited","clientRenewProhibited","clientTransferProhibited","clientUpdateProhibited"
"18","nombrespara.info","2021-03-01 15:56:08","2021-02-27","2021-02-27","2022-02-27","1647","Hosting Concepts B.V. dba Openprovider","whois.registrar.eu","http://www.openprovider.com","","","","","Estado o provincia","","Bolivia","","","","","","","","","","","","","","","","","","","","","","","","","","","","","","","","","","dns1.sered.net","dns2.sered.net","dns3.sered.net","dns4.sered.net","addPeriod","clientTransferProhibited","serverTransferProhibited",""
"19","nuevohabito.com","2021-03-01 17:13:09","2021-02-27","2021-02-27","2022-02-27","146","GoDaddy.com, LLC","whois.godaddy.com","http://registrar.godaddy.com","Marketing","Marketing","","","COCHABAMBA","","Bolivia","","","","","","","","","","","","","","","","","","","","","","","","","","","","","","","","","","ns21.domaincontrol.com","ns22.domaincontrol.com","","","clientDeleteProhibited","clientRenewProhibited","clientTransferProhibited","clientUpdateProhibited"
"20","que-comen.info","2021-03-01 15:54:45","2021-02-27","2021-02-27","2022-02-27","1647","Hosting Concepts B.V. dba Openprovider","whois.registrar.eu","http://www.openprovider.com","","","","","Estado o provincia","","Bolivia","","","","","","","","","","","","","","","","","","","","","","","","","","","","","","","","","","dns1.sered.net","dns2.sered.net","dns3.sered.net","dns4.sered.net","addPeriod","clientTransferProhibited","serverTransferProhibited",""
"21","syscordobesa.com","2021-03-01 16:09:01","2021-02-27","2021-02-27","2022-02-27","303","PDR Ltd. d/b/a PublicDomainRegistry.com","whois.publicdomainregistry.com","http://www.publicdomainregistry.com","fernando mendoza alborta","","la paz, 591 0","la paz","murillo","591","Bolivia","fernandomendozaalborta@gmail.com","+591.77785620","","fernando mendoza alborta","","la paz, 591 0","la paz","murillo","591","Bolivia","fernandomendozaalborta@gmail.com","+591.77785620","","fernando mendoza alborta","","la paz, 591 0","la paz","murillo","591","Bolivia","fernandomendozaalborta@gmail.com","+591.77785620","","","","","","","","","","","","ns1.sediconsistema.com","ns2.sediconsistema.com","","","clientTransferProhibited","","",""
"22","torrealta.net","2021-03-01 14:40:38","2021-02-25","2021-02-25","2022-02-25","146","GoDaddy.com, LLC","whois.godaddy.com","http://registrar.godaddy.com","Dataleader","Dataleader","","","Santa Cruz","","Bolivia","","","","","","","","","","","","","","","","","","","","","","","","","","","","","","","","","","ns11.domaincontrol.com","ns12.domaincontrol.com","","","clientDeleteProhibited","clientRenewProhibited","clientTransferProhibited","clientUpdateProhibited"
"23","tunegocioenrrss.com","2021-03-01 16:04:12","2021-02-27","2021-02-27","2022-02-27","955","Launchpad, Inc.","whois.launchpad.com","http://www.launchpad.com","Eddy Luis Mujica Sanchez","","C. Rodolfo Palenque Nro. 14 Z. 12 de Octubre","La Paz","La Paz","","Bolivia","kakashihokage426@gmail.com","+591.69785401","","Eddy Luis Mujica Sanchez","","C. Rodolfo Palenque Nro. 14 Z. 12 de Octubre","La Paz","La Paz","","Bolivia","kakashihokage426@gmail.com","+591.69785401","","Eddy Luis Mujica Sanchez","","C. Rodolfo Palenque Nro. 14 Z. 12 de Octubre","La Paz","La Paz","","Bolivia","kakashihokage426@gmail.com","+591.69785401","","","","","","","","","","","","ns1.hostgator.com","ns2.hostgator.com","","","clientTransferProhibited","","",""
"24","yenis.online","2021-03-01 15:32:35","2021-02-26","2021-02-26","2022-02-26","146","GoDaddy.com, LLC","whois.godaddy.com","http://registrar.godaddy.com","Revollo","Revollo","","","Departamento de Cochabamba","","Bolivia","","","","","","","","","","","","","","","","","","","","","","","","","","","","","","","","","","ns1.vultr.com","ns2.vultr.com","","","addPeriod","clientDeleteProhibited","clientRenewProhibited","clientTransferProhibited"