"num","domain_name","query_time","create_date","update_date","expiry_date","domain_registrar_id","domain_registrar_name","domain_registrar_whois","domain_registrar_url","registrant_name","registrant_company","registrant_address","registrant_city","registrant_state","registrant_zip","registrant_country","registrant_email","registrant_phone","registrant_fax","administrative_name","administrative_company","administrative_address","administrative_city","administrative_state","administrative_zip","administrative_country","administrative_email","administrative_phone","administrative_fax","technical_name","technical_company","technical_address","technical_city","technical_state","technical_zip","technical_country","technical_email","technical_phone","technical_fax","billing_name","billing_company","billing_address","billing_city","billing_state","billing_zip","billing_country","billing_email","billing_phone","billing_fax","name_server_1","name_server_2","name_server_3","name_server_4","domain_status_1","domain_status_2","domain_status_3","domain_status_4"
"1","360dessygn.com","2021-03-01 17:03:33","2021-02-27","2021-02-27","2022-02-27","303","PDR Ltd. d/b/a PublicDomainRegistry.com","whois.publicdomainregistry.com","http://www.publicdomainregistry.com","GDPR Masked","GDPR Masked","GDPR Masked","GDPR Masked","","GDPR Masked","Bulgaria","gdpr-masking@gdpr-masked.com","GDPR Masked","GDPR Masked","GDPR Masked","GDPR Masked","GDPR Masked","GDPR Masked","GDPR Masked","GDPR Masked","GDPR Masked","gdpr-masking@gdpr-masked.com","GDPR Masked","GDPR Masked","GDPR Masked","GDPR Masked","GDPR Masked","GDPR Masked","GDPR Masked","GDPR Masked","GDPR Masked","gdpr-masking@gdpr-masked.com","GDPR Masked","GDPR Masked","","","","","","","","","","","ns87.icndns.net","ns88.icndns.net","","","clientTransferProhibited","","",""
"2","aabmain2021.info","2021-03-01 15:54:46","2021-02-27","2021-02-27","2022-02-27","146","GoDaddy.com, LLC","whois.godaddy.com","http://registrar.godaddy.com","Plovdiv","Plovdiv","","","Sofia","","Bulgaria","","","","","","","","","","","","","","","","","","","","","","","","","","","","","","","","","","ns55.domaincontrol.com","ns56.domaincontrol.com","","","addPeriod","clientDeleteProhibited","clientRenewProhibited","clientTransferProhibited"
"3","aagoodmedia2021.info","2021-03-01 15:54:46","2021-02-27","2021-02-27","2022-02-27","146","GoDaddy.com, LLC","whois.godaddy.com","http://registrar.godaddy.com","Plovdiv","Plovdiv","","","Sofia","","Bulgaria","","","","","","","","","","","","","","","","","","","","","","","","","","","","","","","","","","ns51.domaincontrol.com","ns52.domaincontrol.com","","","addPeriod","clientDeleteProhibited","clientRenewProhibited","clientTransferProhibited"
"4","alavaracrash.com","2021-03-01 17:00:42","2021-02-27","2021-02-27","2022-02-27","146","GoDaddy.com, LLC","whois.godaddy.com","http://registrar.godaddy.com","","","","","Sofia","","Bulgaria","","","","","","","","","","","","","","","","","","","","","","","","","","","","","","","","","","ruth.ns.cloudflare.com","wesley.ns.cloudflare.com","","","clientDeleteProhibited","clientRenewProhibited","clientTransferProhibited","clientUpdateProhibited"
"5","automodelsportpz.com","2021-03-01 16:57:25","2021-02-27","2021-02-27","2023-02-27","303","PDR Ltd. d/b/a PublicDomainRegistry.com","whois.publicdomainregistry.com","http://www.publicdomainregistry.com","GDPR Masked","GDPR Masked","GDPR Masked","GDPR Masked","","GDPR Masked","Bulgaria","gdpr-masking@gdpr-masked.com","GDPR Masked","GDPR Masked","GDPR Masked","GDPR Masked","GDPR Masked","GDPR Masked","GDPR Masked","GDPR Masked","GDPR Masked","gdpr-masking@gdpr-masked.com","GDPR Masked","GDPR Masked","GDPR Masked","GDPR Masked","GDPR Masked","GDPR Masked","GDPR Masked","GDPR Masked","GDPR Masked","gdpr-masking@gdpr-masked.com","GDPR Masked","GDPR Masked","","","","","","","","","","","ns69.icndns.net","ns70.icndns.net","","","clientTransferProhibited","","",""
"6","azazel138.com","2021-03-01 16:57:13","2021-02-27","2021-02-27","2022-02-27","303","PDR Ltd. d/b/a PublicDomainRegistry.com","whois.publicdomainregistry.com","http://www.publicdomainregistry.com","GDPR Masked","GDPR Masked","GDPR Masked","GDPR Masked","Sofia","GDPR Masked","Bulgaria","gdpr-masking@gdpr-masked.com","GDPR Masked","GDPR Masked","GDPR Masked","GDPR Masked","GDPR Masked","GDPR Masked","GDPR Masked","GDPR Masked","GDPR Masked","gdpr-masking@gdpr-masked.com","GDPR Masked","GDPR Masked","GDPR Masked","GDPR Masked","GDPR Masked","GDPR Masked","GDPR Masked","GDPR Masked","GDPR Masked","gdpr-masking@gdpr-masked.com","GDPR Masked","GDPR Masked","","","","","","","","","","","ns101.cloudns.net","ns102.cloudns.net","ns103.cloudns.net","ns104.cloudns.net","clientTransferProhibited","","",""
"7","blacklistedclient.com","2021-03-01 17:28:51","2021-02-27","2021-02-27","2022-02-27","48","eNom, Inc.","whois.enom.com","http://www.enom.com","REDACTED FOR PRIVACY","REDACTED FOR PRIVACY","REDACTED FOR PRIVACY","REDACTED FOR PRIVACY","Gabrovo","REDACTED FOR PRIVACY","Bulgaria","","REDACTED FOR PRIVACY","REDACTED FOR PRIVACY","REDACTED FOR PRIVACY","REDACTED FOR PRIVACY","REDACTED FOR PRIVACY","REDACTED FOR PRIVACY","REDACTED FOR PRIVACY","REDACTED FOR PRIVACY","REDACTED FOR PRIVACY","","REDACTED FOR PRIVACY","REDACTED FOR PRIVACY","REDACTED FOR PRIVACY","REDACTED FOR PRIVACY","REDACTED FOR PRIVACY","REDACTED FOR PRIVACY","REDACTED FOR PRIVACY","REDACTED FOR PRIVACY","REDACTED FOR PRIVACY","","REDACTED FOR PRIVACY","REDACTED FOR PRIVACY","","","","","","","","","","","ns215.superhosting.bg","ns216.superhosting.bg","","","addPeriod","clientTransferProhibited","",""
"8","brain-google.com","2021-03-01 14:30:14","2021-02-27","2021-02-27","2022-02-27","303","PDR Ltd. d/b/a PublicDomainRegistry.com","whois.publicdomainregistry.com","http://www.publicdomainregistry.com","GDPR Masked","GDPR Masked","GDPR Masked","GDPR Masked","Geografia Milev","GDPR Masked","Bulgaria","gdpr-masking@gdpr-masked.com","GDPR Masked","GDPR Masked","GDPR Masked","GDPR Masked","GDPR Masked","GDPR Masked","GDPR Masked","GDPR Masked","GDPR Masked","gdpr-masking@gdpr-masked.com","GDPR Masked","GDPR Masked","GDPR Masked","GDPR Masked","GDPR Masked","GDPR Masked","GDPR Masked","GDPR Masked","GDPR Masked","gdpr-masking@gdpr-masked.com","GDPR Masked","GDPR Masked","","","","","","","","","","","ns3.gotobg.net","ns4.gotobg.net","","","clientTransferProhibited","","",""
"9","buffaloniansroam.com","2021-03-01 14:29:43","2021-02-27","2021-02-27","2023-02-27","48","eNom, Inc.","whois.enom.com","http://www.enom.com","REDACTED FOR PRIVACY","REDACTED FOR PRIVACY","REDACTED FOR PRIVACY","REDACTED FOR PRIVACY","KUSTENDIL","REDACTED FOR PRIVACY","Bulgaria","","REDACTED FOR PRIVACY","REDACTED FOR PRIVACY","REDACTED FOR PRIVACY","REDACTED FOR PRIVACY","REDACTED FOR PRIVACY","REDACTED FOR PRIVACY","REDACTED FOR PRIVACY","REDACTED FOR PRIVACY","REDACTED FOR PRIVACY","","REDACTED FOR PRIVACY","REDACTED FOR PRIVACY","REDACTED FOR PRIVACY","REDACTED FOR PRIVACY","REDACTED FOR PRIVACY","REDACTED FOR PRIVACY","REDACTED FOR PRIVACY","REDACTED FOR PRIVACY","REDACTED FOR PRIVACY","","REDACTED FOR PRIVACY","REDACTED FOR PRIVACY","","","","","","","","","","","ns1.s461.sureserver.com","ns2.s461.sureserver.com","","","addPeriod","clientTransferProhibited","",""
"10","bulgaric.net","2021-03-01 15:41:49","2021-02-26","2021-02-26","2022-02-26","48","eNom, Inc.","whois.enom.com","http://www.enom.com","REDACTED FOR PRIVACY","REDACTED FOR PRIVACY","REDACTED FOR PRIVACY","REDACTED FOR PRIVACY","Varna","REDACTED FOR PRIVACY","Bulgaria","","REDACTED FOR PRIVACY","REDACTED FOR PRIVACY","REDACTED FOR PRIVACY","REDACTED FOR PRIVACY","REDACTED FOR PRIVACY","REDACTED FOR PRIVACY","REDACTED FOR PRIVACY","REDACTED FOR PRIVACY","REDACTED FOR PRIVACY","","REDACTED FOR PRIVACY","REDACTED FOR PRIVACY","REDACTED FOR PRIVACY","REDACTED FOR PRIVACY","REDACTED FOR PRIVACY","REDACTED FOR PRIVACY","REDACTED FOR PRIVACY","REDACTED FOR PRIVACY","REDACTED FOR PRIVACY","","REDACTED FOR PRIVACY","REDACTED FOR PRIVACY","","","","","","","","","","","ns143.superhosting.bg","ns144.superhosting.bg","","","addPeriod","clientTransferProhibited","",""
"11","burningradio.com","2021-03-01 17:43:55","2021-02-27","2021-02-27","2022-02-27","48","eNom, Inc.","whois.enom.com","http://www.enom.com","REDACTED FOR PRIVACY","REDACTED FOR PRIVACY","REDACTED FOR PRIVACY","REDACTED FOR PRIVACY","KUSTENDIL","REDACTED FOR PRIVACY","Bulgaria","","REDACTED FOR PRIVACY","REDACTED FOR PRIVACY","REDACTED FOR PRIVACY","REDACTED FOR PRIVACY","REDACTED FOR PRIVACY","REDACTED FOR PRIVACY","REDACTED FOR PRIVACY","REDACTED FOR PRIVACY","REDACTED FOR PRIVACY","","REDACTED FOR PRIVACY","REDACTED FOR PRIVACY","REDACTED FOR PRIVACY","REDACTED FOR PRIVACY","REDACTED FOR PRIVACY","REDACTED FOR PRIVACY","REDACTED FOR PRIVACY","REDACTED FOR PRIVACY","REDACTED FOR PRIVACY","","REDACTED FOR PRIVACY","REDACTED FOR PRIVACY","","","","","","","","","","","ns1.s458.sureserver.com","ns2.s458.sureserver.com","","","addPeriod","clientTransferProhibited","",""
"12","businessdevelopmentbalkans.one","2021-03-01 15:38:33","2021-02-26","2021-02-27","2022-02-26","1462","One.com A/S","whois.ripn.net","www.one.com","REDACTED FOR PRIVACY","Business Development Balkans Ltd.","REDACTED FOR PRIVACY REDACTED FOR PRIVACY REDACTED FOR PRIVACY","REDACTED FOR PRIVACY","","REDACTED FOR PRIVACY","Bulgaria","","REDACTED FOR PRIVACY","REDACTED FOR PRIVACY","REDACTED FOR PRIVACY","REDACTED FOR PRIVACY","REDACTED FOR PRIVACY REDACTED FOR PRIVACY REDACTED FOR PRIVACY","REDACTED FOR PRIVACY","REDACTED FOR PRIVACY","REDACTED FOR PRIVACY","REDACTED FOR PRIVACY","","REDACTED FOR PRIVACY","REDACTED FOR PRIVACY","REDACTED FOR PRIVACY","REDACTED FOR PRIVACY","REDACTED FOR PRIVACY REDACTED FOR PRIVACY REDACTED FOR PRIVACY","REDACTED FOR PRIVACY","REDACTED FOR PRIVACY","REDACTED FOR PRIVACY","REDACTED FOR PRIVACY","","REDACTED FOR PRIVACY","REDACTED FOR PRIVACY","","","","","","","","","","","ns01.one.com","ns02.one.com","","","addPeriod","ok","",""
"13","buynft.photos","2021-03-01 15:31:18","2021-02-26","2021-02-26","2023-02-26","146","GoDaddy.com, LLC","whois.godaddy.com","http://registrar.godaddy.com","REDACTED FOR PRIVACY","LETTER BG","REDACTED FOR PRIVACY","REDACTED FOR PRIVACY","Sofia","REDACTED FOR PRIVACY","Bulgaria","","REDACTED FOR PRIVACY","REDACTED FOR PRIVACY","","","","","","","","","","","","","","","","","","","","","","","","","","","","","","","","","","","addPeriod","clientDeleteProhibited","clientRenewProhibited","clientTransferProhibited"
"14","buynft.today","2021-03-01 15:23:59","2021-02-26","2021-02-26","2023-02-26","146","GoDaddy.com, LLC","whois.godaddy.com","http://registrar.godaddy.com","REDACTED FOR PRIVACY","LETTER BG","REDACTED FOR PRIVACY","REDACTED FOR PRIVACY","Sofia","REDACTED FOR PRIVACY","Bulgaria","","REDACTED FOR PRIVACY","REDACTED FOR PRIVACY","","","","","","","","","","","","","","","","","","","","","","","","","","","","","","","","","","","addPeriod","clientDeleteProhibited","clientRenewProhibited","clientTransferProhibited"
"15","capstone72.com","2021-03-01 14:28:30","2021-02-27","2021-02-27","2022-02-27","48","eNom, Inc.","whois.enom.com","http://www.enom.com","REDACTED FOR PRIVACY","REDACTED FOR PRIVACY","REDACTED FOR PRIVACY","REDACTED FOR PRIVACY","KUSTENDIL","REDACTED FOR PRIVACY","Bulgaria","","REDACTED FOR PRIVACY","REDACTED FOR PRIVACY","REDACTED FOR PRIVACY","REDACTED FOR PRIVACY","REDACTED FOR PRIVACY","REDACTED FOR PRIVACY","REDACTED FOR PRIVACY","REDACTED FOR PRIVACY","REDACTED FOR PRIVACY","","REDACTED FOR PRIVACY","REDACTED FOR PRIVACY","REDACTED FOR PRIVACY","REDACTED FOR PRIVACY","REDACTED FOR PRIVACY","REDACTED FOR PRIVACY","REDACTED FOR PRIVACY","REDACTED FOR PRIVACY","REDACTED FOR PRIVACY","","REDACTED FOR PRIVACY","REDACTED FOR PRIVACY","","","","","","","","","","","ns1.station184.com","ns2.station184.com","","","addPeriod","clientTransferProhibited","",""
"16","carbon-skinning.com","2021-03-01 14:28:32","2021-02-27","2021-02-27","2022-02-27","48","eNom, Inc.","whois.enom.com","http://www.enom.com","REDACTED FOR PRIVACY","REDACTED FOR PRIVACY","REDACTED FOR PRIVACY","REDACTED FOR PRIVACY","Sofia","REDACTED FOR PRIVACY","Bulgaria","","REDACTED FOR PRIVACY","REDACTED FOR PRIVACY","REDACTED FOR PRIVACY","REDACTED FOR PRIVACY","REDACTED FOR PRIVACY","REDACTED FOR PRIVACY","REDACTED FOR PRIVACY","REDACTED FOR PRIVACY","REDACTED FOR PRIVACY","","REDACTED FOR PRIVACY","REDACTED FOR PRIVACY","REDACTED FOR PRIVACY","REDACTED FOR PRIVACY","REDACTED FOR PRIVACY","REDACTED FOR PRIVACY","REDACTED FOR PRIVACY","REDACTED FOR PRIVACY","REDACTED FOR PRIVACY","","REDACTED FOR PRIVACY","REDACTED FOR PRIVACY","","","","","","","","","","","ns169.superhosting.bg","ns170.superhosting.bg","","","addPeriod","clientTransferProhibited","",""
"17","cometriders.net","2021-03-01 15:41:25","2021-02-26","2021-02-26","2022-02-26","303","PDR Ltd. d/b/a PublicDomainRegistry.com","whois.publicdomainregistry.com","http://www.publicdomainregistry.com","GDPR Masked","GDPR Masked","GDPR Masked","GDPR Masked","","GDPR Masked","Bulgaria","gdpr-masking@gdpr-masked.com","GDPR Masked","GDPR Masked","GDPR Masked","GDPR Masked","GDPR Masked","GDPR Masked","GDPR Masked","GDPR Masked","GDPR Masked","gdpr-masking@gdpr-masked.com","GDPR Masked","GDPR Masked","GDPR Masked","GDPR Masked","GDPR Masked","GDPR Masked","GDPR Masked","GDPR Masked","GDPR Masked","gdpr-masking@gdpr-masked.com","GDPR Masked","GDPR Masked","","","","","","","","","","","ns123.icndns.net","ns124.icndns.net","","","clientTransferProhibited","","",""
"18","conteineri.com","2021-03-01 16:51:48","2021-02-27","2021-02-27","2022-02-27","48","eNom, Inc.","whois.enom.com","http://www.enom.com","REDACTED FOR PRIVACY","REDACTED FOR PRIVACY","REDACTED FOR PRIVACY","REDACTED FOR PRIVACY","Sofiya","REDACTED FOR PRIVACY","Bulgaria","","REDACTED FOR PRIVACY","REDACTED FOR PRIVACY","REDACTED FOR PRIVACY","REDACTED FOR PRIVACY","REDACTED FOR PRIVACY","REDACTED FOR PRIVACY","REDACTED FOR PRIVACY","REDACTED FOR PRIVACY","REDACTED FOR PRIVACY","","REDACTED FOR PRIVACY","REDACTED FOR PRIVACY","REDACTED FOR PRIVACY","REDACTED FOR PRIVACY","REDACTED FOR PRIVACY","REDACTED FOR PRIVACY","REDACTED FOR PRIVACY","REDACTED FOR PRIVACY","REDACTED FOR PRIVACY","","REDACTED FOR PRIVACY","REDACTED FOR PRIVACY","","","","","","","","","","","ns55.superhosting.bg","ns56.superhosting.bg","","","addPeriod","clientTransferProhibited","",""
"19","euro-neus.net","2021-03-01 15:40:48","2021-02-26","2021-02-26","2022-02-26","48","eNom, Inc.","whois.enom.com","http://www.enom.com","REDACTED FOR PRIVACY","REDACTED FOR PRIVACY","REDACTED FOR PRIVACY","REDACTED FOR PRIVACY","gr.+Sofiya","REDACTED FOR PRIVACY","Bulgaria","","REDACTED FOR PRIVACY","REDACTED FOR PRIVACY","REDACTED FOR PRIVACY","REDACTED FOR PRIVACY","REDACTED FOR PRIVACY","REDACTED FOR PRIVACY","REDACTED FOR PRIVACY","REDACTED FOR PRIVACY","REDACTED FOR PRIVACY","","REDACTED FOR PRIVACY","REDACTED FOR PRIVACY","REDACTED FOR PRIVACY","REDACTED FOR PRIVACY","REDACTED FOR PRIVACY","REDACTED FOR PRIVACY","REDACTED FOR PRIVACY","REDACTED FOR PRIVACY","REDACTED FOR PRIVACY","","REDACTED FOR PRIVACY","REDACTED FOR PRIVACY","","","","","","","","","","","ns31.bgdns.net","ns32.bgdns.net","","","addPeriod","clientTransferProhibited","",""
"20","euronews-bg.net","2021-03-01 15:40:48","2021-02-26","2021-02-26","2022-02-26","48","eNom, Inc.","whois.enom.com","http://www.enom.com","REDACTED FOR PRIVACY","REDACTED FOR PRIVACY","REDACTED FOR PRIVACY","REDACTED FOR PRIVACY","gr.+Sofiya","REDACTED FOR PRIVACY","Bulgaria","","REDACTED FOR PRIVACY","REDACTED FOR PRIVACY","REDACTED FOR PRIVACY","REDACTED FOR PRIVACY","REDACTED FOR PRIVACY","REDACTED FOR PRIVACY","REDACTED FOR PRIVACY","REDACTED FOR PRIVACY","REDACTED FOR PRIVACY","","REDACTED FOR PRIVACY","REDACTED FOR PRIVACY","REDACTED FOR PRIVACY","REDACTED FOR PRIVACY","REDACTED FOR PRIVACY","REDACTED FOR PRIVACY","REDACTED FOR PRIVACY","REDACTED FOR PRIVACY","REDACTED FOR PRIVACY","","REDACTED FOR PRIVACY","REDACTED FOR PRIVACY","","","","","","","","","","","ns31.bgdns.net","ns32.bgdns.net","","","addPeriod","clientTransferProhibited","",""
"21","freshbabyclothes.com","2021-03-01 16:42:22","2021-02-27","2021-02-27","2022-02-27","886","Domain.com, LLC","whois.domain.com","http://www.domain.com","REDACTED FOR PRIVACY","REDACTED FOR PRIVACY","REDACTED FOR PRIVACY","REDACTED FOR PRIVACY","NA","REDACTED FOR PRIVACY","Bulgaria","","REDACTED FOR PRIVACY","REDACTED FOR PRIVACY","REDACTED FOR PRIVACY","REDACTED FOR PRIVACY","REDACTED FOR PRIVACY","REDACTED FOR PRIVACY","REDACTED FOR PRIVACY","REDACTED FOR PRIVACY","REDACTED FOR PRIVACY","","REDACTED FOR PRIVACY","REDACTED FOR PRIVACY","REDACTED FOR PRIVACY","REDACTED FOR PRIVACY","REDACTED FOR PRIVACY","REDACTED FOR PRIVACY","REDACTED FOR PRIVACY","REDACTED FOR PRIVACY","REDACTED FOR PRIVACY","","REDACTED FOR PRIVACY","REDACTED FOR PRIVACY","","","","","","","","","","","ns1.domain.com","ns2.domain.com","","","OK","","",""
"22","homenetworkcompany.com","2021-03-01 16:37:46","2021-02-27","2021-02-27","2022-02-27","48","eNom, Inc.","whois.enom.com","http://www.enom.com","REDACTED FOR PRIVACY","REDACTED FOR PRIVACY","REDACTED FOR PRIVACY","REDACTED FOR PRIVACY","REDACTED FOR PRIVACY","REDACTED FOR PRIVACY","Bulgaria","","REDACTED FOR PRIVACY","REDACTED FOR PRIVACY","REDACTED FOR PRIVACY","REDACTED FOR PRIVACY","REDACTED FOR PRIVACY","REDACTED FOR PRIVACY","REDACTED FOR PRIVACY","REDACTED FOR PRIVACY","REDACTED FOR PRIVACY","","REDACTED FOR PRIVACY","REDACTED FOR PRIVACY","REDACTED FOR PRIVACY","REDACTED FOR PRIVACY","REDACTED FOR PRIVACY","REDACTED FOR PRIVACY","REDACTED FOR PRIVACY","REDACTED FOR PRIVACY","REDACTED FOR PRIVACY","","REDACTED FOR PRIVACY","REDACTED FOR PRIVACY","","","","","","","","","","","ns181.superhosting.bg","ns182.superhosting.bg","","","addPeriod","clientTransferProhibited","",""
"23","homeonetv.com","2021-03-01 16:37:48","2021-02-27","2021-02-27","2022-02-27","48","eNom, Inc.","whois.enom.com","http://www.enom.com","REDACTED FOR PRIVACY","REDACTED FOR PRIVACY","REDACTED FOR PRIVACY","REDACTED FOR PRIVACY","REDACTED FOR PRIVACY","REDACTED FOR PRIVACY","Bulgaria","","REDACTED FOR PRIVACY","REDACTED FOR PRIVACY","REDACTED FOR PRIVACY","REDACTED FOR PRIVACY","REDACTED FOR PRIVACY","REDACTED FOR PRIVACY","REDACTED FOR PRIVACY","REDACTED FOR PRIVACY","REDACTED FOR PRIVACY","","REDACTED FOR PRIVACY","REDACTED FOR PRIVACY","REDACTED FOR PRIVACY","REDACTED FOR PRIVACY","REDACTED FOR PRIVACY","REDACTED FOR PRIVACY","REDACTED FOR PRIVACY","REDACTED FOR PRIVACY","REDACTED FOR PRIVACY","","REDACTED FOR PRIVACY","REDACTED FOR PRIVACY","","","","","","","","","","","ns181.superhosting.bg","ns182.superhosting.bg","","","addPeriod","clientTransferProhibited","",""
"24","info-fishing.com","2021-03-01 16:35:41","2021-02-27","2021-02-27","2022-02-27","303","PDR Ltd. d/b/a PublicDomainRegistry.com","whois.publicdomainregistry.com","http://www.publicdomainregistry.com","GDPR Masked","GDPR Masked","GDPR Masked","GDPR Masked","","GDPR Masked","Bulgaria","gdpr-masking@gdpr-masked.com","GDPR Masked","GDPR Masked","GDPR Masked","GDPR Masked","GDPR Masked","GDPR Masked","GDPR Masked","GDPR Masked","GDPR Masked","gdpr-masking@gdpr-masked.com","GDPR Masked","GDPR Masked","GDPR Masked","GDPR Masked","GDPR Masked","GDPR Masked","GDPR Masked","GDPR Masked","GDPR Masked","gdpr-masking@gdpr-masked.com","GDPR Masked","GDPR Masked","","","","","","","","","","","ns123.icndns.net","ns124.icndns.net","","","clientTransferProhibited","","",""
"25","inspire-sofia.com","2021-03-01 14:33:14","2021-02-27","2021-02-27","2023-02-27","146","GoDaddy.com, LLC","whois.godaddy.com","http://registrar.godaddy.com","","","","","IL","","Bulgaria","","","","","","","","","","","","","","","","","","","","","","","","","","","","","","","","","","ns11.domaincontrol.com","ns12.domaincontrol.com","","","clientDeleteProhibited","clientRenewProhibited","clientTransferProhibited","clientUpdateProhibited"
"26","kaizerfrukt.com","2021-03-01 14:30:53","2021-02-27","2021-02-27","2022-02-27","146","GoDaddy.com, LLC","whois.godaddy.com","http://registrar.godaddy.com","","","","","Qmbol","","Bulgaria","","","","","","","","","","","","","","","","","","","","","","","","","","","","","","","","","","ns21.domaincontrol.com","ns22.domaincontrol.com","","","clientDeleteProhibited","clientRenewProhibited","clientTransferProhibited","clientUpdateProhibited"
"27","kontrolbg.com","2021-03-01 16:34:02","2021-02-27","2021-02-27","2022-02-27","69","Tucows Domains Inc.","whois.tucows.com","http://domainhelp.opensrs.net","REDACTED FOR PRIVACY","REDACTED FOR PRIVACY","REDACTED FOR PRIVACY","REDACTED FOR PRIVACY","XX","REDACTED FOR PRIVACY","Bulgaria","","REDACTED FOR PRIVACY","REDACTED FOR PRIVACY","REDACTED FOR PRIVACY","REDACTED FOR PRIVACY","REDACTED FOR PRIVACY","REDACTED FOR PRIVACY","REDACTED FOR PRIVACY","REDACTED FOR PRIVACY","REDACTED FOR PRIVACY","","REDACTED FOR PRIVACY","REDACTED FOR PRIVACY","REDACTED FOR PRIVACY","REDACTED FOR PRIVACY","REDACTED FOR PRIVACY","REDACTED FOR PRIVACY","REDACTED FOR PRIVACY","REDACTED FOR PRIVACY","REDACTED FOR PRIVACY","","REDACTED FOR PRIVACY","REDACTED FOR PRIVACY","","","","","","","","","","","ns1.gnldm1040.siteground.biz","ns2.gnldm1040.siteground.biz","","","clientTransferProhibited","clientUpdateProhibited","",""
"28","learnfast.online","2021-03-01 15:38:23","2021-02-26","2021-02-26","2022-02-26","146","GoDaddy.com, LLC","whois.godaddy.com","http://registrar.godaddy.com","","","","","\u0421\u043e\u0444\u0438\u044f-\u0413\u0440\u0430\","","Bulgaria","","","","","","","","","","","","","","","","","","","","","","","","","","","","","","","","","","ns1.gotobg.net","ns2.gotobg.net","ns3.gotobg.net","ns4.gotobg.net","addPeriod","clientDeleteProhibited","clientRenewProhibited","clientTransferProhibited"
"29","mibio-life.com","2021-03-01 16:27:47","2021-02-27","2021-02-27","2022-02-27","625","Name.com, Inc.","whois.name.com","http://www.name.com","Non-Public Data","","Non-Public Data","Non-Public Data","","00000","Bulgaria","","Non-Public Data","","Non-Public Data","Non-Public Data","Non-Public Data","Non-Public Data","Non-Public Data","00000","","","Non-Public Data","","Non-Public Data","Non-Public Data","Non-Public Data","Non-Public Data","Non-Public Data","00000","","","Non-Public Data","","","","","","","","","","","","ns1kwy.name.com","ns3cgw.name.com","","","addPeriod","clientTransferProhibited","",""
"30","mirakosta.art","2021-03-01 17:54:52","2021-02-26","","2022-02-26","1519","NETIM SARL","whois.netim.com","http://www.netim.com","","","","","","","Bulgaria","","","","","","","","","","","","","","","","","","","","","","","","","","","","","","","","","","ns1.getspace.us","ns2.getspace.us","","","addPeriod","serverTransferProhibited","",""
"31","my-releezer.store","2021-03-01 15:26:02","2021-02-26","2021-02-26","2022-02-26","146","GoDaddy.com, LLC","whois.godaddy.com","http://registrar.godaddy.com","Releezer Services OOD","Releezer Services OOD","","","\u0412\u0430\u0440\u043d\u0430","","Bulgaria","","","","","","","","","","","","","","","","","","","","","","","","","","","","","","","","","","ns69.domaincontrol.com","ns70.domaincontrol.com","","","addPeriod","clientDeleteProhibited","clientRenewProhibited","clientTransferProhibited"
"32","mybio-life.com","2021-03-01 16:25:53","2021-02-27","2021-02-27","2022-02-27","625","Name.com, Inc.","whois.name.com","http://www.name.com","Non-Public Data","","Non-Public Data","Non-Public Data","","00000","Bulgaria","","Non-Public Data","","Non-Public Data","Non-Public Data","Non-Public Data","Non-Public Data","Non-Public Data","00000","","","Non-Public Data","","Non-Public Data","Non-Public Data","Non-Public Data","Non-Public Data","Non-Public Data","00000","","","Non-Public Data","","","","","","","","","","","","ns1kwy.name.com","ns3cgw.name.com","","","addPeriod","clientTransferProhibited","",""
"33","myreleezer.store","2021-03-01 15:25:56","2021-02-26","2021-02-26","2022-02-26","146","GoDaddy.com, LLC","whois.godaddy.com","http://registrar.godaddy.com","Releezer Services OOD","Releezer Services OOD","","","\u0412\u0430\u0440\u043d\u0430","","Bulgaria","","","","","","","","","","","","","","","","","","","","","","","","","","","","","","","","","","ns69.domaincontrol.com","ns70.domaincontrol.com","","","addPeriod","clientDeleteProhibited","clientRenewProhibited","clientTransferProhibited"
"34","novinionline.com","2021-03-01 14:21:58","2021-02-27","2021-02-27","2023-02-27","303","PDR Ltd. d/b/a PublicDomainRegistry.com","whois.publicdomainregistry.com","http://www.publicdomainregistry.com","GDPR Masked","GDPR Masked","GDPR Masked","GDPR Masked","","GDPR Masked","Bulgaria","gdpr-masking@gdpr-masked.com","GDPR Masked","GDPR Masked","GDPR Masked","GDPR Masked","GDPR Masked","GDPR Masked","GDPR Masked","GDPR Masked","GDPR Masked","gdpr-masking@gdpr-masked.com","GDPR Masked","GDPR Masked","GDPR Masked","GDPR Masked","GDPR Masked","GDPR Masked","GDPR Masked","GDPR Masked","GDPR Masked","gdpr-masking@gdpr-masked.com","GDPR Masked","GDPR Masked","","","","","","","","","","","ns3.gotobg.net","ns4.gotobg.net","","","clientTransferProhibited","","",""
"35","openfinances.info","2021-03-01 15:50:21","2021-02-27","2021-02-27","2022-02-27","303","PDR Ltd. d/b/a PublicDomainRegistry.com","whois.publicdomainregistry.com","http://www.publicdomainregistry.com","GDPR Masked","GDPR Masked","","","Plovdiv","","Bulgaria","","","","","","","","","","","","","","","","","","","","","","","","","","","","","","","","","","ns101.amcn.in","ns102.amcn.in","ns103.amcn.in","ns104.amcn.in","addPeriod","clientTransferProhibited","serverTransferProhibited",""
"36","photobook-bg.com","2021-03-01 16:19:30","2021-02-27","2021-02-27","2022-02-27","48","eNom, Inc.","whois.enom.com","http://www.enom.com","REDACTED FOR PRIVACY","REDACTED FOR PRIVACY","REDACTED FOR PRIVACY","REDACTED FOR PRIVACY","Lovech","REDACTED FOR PRIVACY","Bulgaria","","REDACTED FOR PRIVACY","REDACTED FOR PRIVACY","REDACTED FOR PRIVACY","REDACTED FOR PRIVACY","REDACTED FOR PRIVACY","REDACTED FOR PRIVACY","REDACTED FOR PRIVACY","REDACTED FOR PRIVACY","REDACTED FOR PRIVACY","","REDACTED FOR PRIVACY","REDACTED FOR PRIVACY","REDACTED FOR PRIVACY","REDACTED FOR PRIVACY","REDACTED FOR PRIVACY","REDACTED FOR PRIVACY","REDACTED FOR PRIVACY","REDACTED FOR PRIVACY","REDACTED FOR PRIVACY","","REDACTED FOR PRIVACY","REDACTED FOR PRIVACY","","","","","","","","","","","ns215.superhosting.bg","ns216.superhosting.bg","","","addPeriod","clientTransferProhibited","",""
"37","pinkolina.com","2021-03-01 16:19:23","2021-02-27","2021-02-27","2022-02-27","146","GoDaddy.com, LLC","whois.godaddy.com","http://registrar.godaddy.com","","","","","Sofia","","Bulgaria","","","","","","","","","","","","","","","","","","","","","","","","","","","","","","","","","","ns41.domaincontrol.com","ns42.domaincontrol.com","","","clientDeleteProhibited","clientRenewProhibited","clientTransferProhibited","clientUpdateProhibited"
"38","podemtex-bg.net","2021-03-01 14:41:45","2021-02-26","2021-02-26","2022-02-26","303","PDR Ltd. d/b/a PublicDomainRegistry.com","whois.publicdomainregistry.com","http://www.publicdomainregistry.com","GDPR Masked","GDPR Masked","GDPR Masked","GDPR Masked","","GDPR Masked","Bulgaria","gdpr-masking@gdpr-masked.com","GDPR Masked","GDPR Masked","GDPR Masked","GDPR Masked","GDPR Masked","GDPR Masked","GDPR Masked","GDPR Masked","GDPR Masked","gdpr-masking@gdpr-masked.com","GDPR Masked","GDPR Masked","GDPR Masked","GDPR Masked","GDPR Masked","GDPR Masked","GDPR Masked","GDPR Masked","GDPR Masked","gdpr-masking@gdpr-masked.com","GDPR Masked","GDPR Masked","","","","","","","","","","","ns19.icndns.net","ns20.icndns.net","","","clientTransferProhibited","","",""
"39","r-daniell.com","2021-03-01 14:35:58","2021-02-27","2021-02-27","2022-02-27","48","eNom, Inc.","whois.enom.com","http://www.enom.com","REDACTED FOR PRIVACY","REDACTED FOR PRIVACY","REDACTED FOR PRIVACY","REDACTED FOR PRIVACY","Sofiya","REDACTED FOR PRIVACY","Bulgaria","","REDACTED FOR PRIVACY","REDACTED FOR PRIVACY","REDACTED FOR PRIVACY","REDACTED FOR PRIVACY","REDACTED FOR PRIVACY","REDACTED FOR PRIVACY","REDACTED FOR PRIVACY","REDACTED FOR PRIVACY","REDACTED FOR PRIVACY","","REDACTED FOR PRIVACY","REDACTED FOR PRIVACY","REDACTED FOR PRIVACY","REDACTED FOR PRIVACY","REDACTED FOR PRIVACY","REDACTED FOR PRIVACY","REDACTED FOR PRIVACY","REDACTED FOR PRIVACY","REDACTED FOR PRIVACY","","REDACTED FOR PRIVACY","REDACTED FOR PRIVACY","","","","","","","","","","","ns219.superhosting.bg","ns220.superhosting.bg","","","addPeriod","clientTransferProhibited","",""
"40","rauchbeer.com","2021-03-01 17:39:28","2021-02-27","2021-02-27","2022-02-27","48","eNom, Inc.","whois.enom.com","http://www.enom.com","REDACTED FOR PRIVACY","REDACTED FOR PRIVACY","REDACTED FOR PRIVACY","REDACTED FOR PRIVACY","KUSTENDIL","REDACTED FOR PRIVACY","Bulgaria","","REDACTED FOR PRIVACY","REDACTED FOR PRIVACY","REDACTED FOR PRIVACY","REDACTED FOR PRIVACY","REDACTED FOR PRIVACY","REDACTED FOR PRIVACY","REDACTED FOR PRIVACY","REDACTED FOR PRIVACY","REDACTED FOR PRIVACY","","REDACTED FOR PRIVACY","REDACTED FOR PRIVACY","REDACTED FOR PRIVACY","REDACTED FOR PRIVACY","REDACTED FOR PRIVACY","REDACTED FOR PRIVACY","REDACTED FOR PRIVACY","REDACTED FOR PRIVACY","REDACTED FOR PRIVACY","","REDACTED FOR PRIVACY","REDACTED FOR PRIVACY","","","","","","","","","","","ns-not-configured-1.sureserver.com","ns-not-configured-2.sureserver.com","","","addPeriod","clientTransferProhibited","",""
"41","rayavet.com","2021-03-01 14:35:24","2021-02-27","2021-02-27","2023-02-27","113","CSL Computer Service Langenbach GmbH d/b/a joker.com","whois.joker.com","http://www.joker.com","Dimental","Dimental","","","","","Bulgaria","","","","","","","","","","","","","","","","","","","","","","","","","","","","","","","","","","x.ns.joker.com","y.ns.joker.com","z.ns.joker.com","","clientTransferProhibited","","",""
"42","reikiplovdiv.com","2021-03-01 14:34:59","2021-02-27","2021-02-27","2022-02-27","303","PDR Ltd. d/b/a PublicDomainRegistry.com","whois.publicdomainregistry.com","http://www.publicdomainregistry.com","GDPR Masked","GDPR Masked","GDPR Masked","GDPR Masked","plovdivska","GDPR Masked","Bulgaria","gdpr-masking@gdpr-masked.com","GDPR Masked","GDPR Masked","GDPR Masked","GDPR Masked","GDPR Masked","GDPR Masked","GDPR Masked","GDPR Masked","GDPR Masked","gdpr-masking@gdpr-masked.com","GDPR Masked","GDPR Masked","GDPR Masked","GDPR Masked","GDPR Masked","GDPR Masked","GDPR Masked","GDPR Masked","GDPR Masked","gdpr-masking@gdpr-masked.com","GDPR Masked","GDPR Masked","","","","","","","","","","","ns3.gotobg.net","ns4.gotobg.net","","","clientTransferProhibited","","",""
"43","reloyaltyapp.com","2021-03-01 14:25:01","2021-02-27","2021-02-27","2022-02-27","146","GoDaddy.com, LLC","whois.godaddy.com","http://registrar.godaddy.com","","","","","Sofia","","Bulgaria","","","","","","","","","","","","","","","","","","","","","","","","","","","","","","","","","","ns11.domaincontrol.com","ns12.domaincontrol.com","","","clientDeleteProhibited","clientRenewProhibited","clientTransferProhibited","clientUpdateProhibited"
"44","reonetv.com","2021-03-01 14:34:46","2021-02-27","2021-02-27","2022-02-27","48","eNom, Inc.","whois.enom.com","http://www.enom.com","REDACTED FOR PRIVACY","REDACTED FOR PRIVACY","REDACTED FOR PRIVACY","REDACTED FOR PRIVACY","REDACTED FOR PRIVACY","REDACTED FOR PRIVACY","Bulgaria","","REDACTED FOR PRIVACY","REDACTED FOR PRIVACY","REDACTED FOR PRIVACY","REDACTED FOR PRIVACY","REDACTED FOR PRIVACY","REDACTED FOR PRIVACY","REDACTED FOR PRIVACY","REDACTED FOR PRIVACY","REDACTED FOR PRIVACY","","REDACTED FOR PRIVACY","REDACTED FOR PRIVACY","REDACTED FOR PRIVACY","REDACTED FOR PRIVACY","REDACTED FOR PRIVACY","REDACTED FOR PRIVACY","REDACTED FOR PRIVACY","REDACTED FOR PRIVACY","REDACTED FOR PRIVACY","","REDACTED FOR PRIVACY","REDACTED FOR PRIVACY","","","","","","","","","","","ns181.superhosting.bg","ns182.superhosting.bg","","","addPeriod","clientTransferProhibited","",""
"45","road-help.com","2021-03-01 17:38:14","2021-02-27","2021-02-27","2022-02-27","48","eNom, Inc.","whois.enom.com","http://www.enom.com","REDACTED FOR PRIVACY","REDACTED FOR PRIVACY","REDACTED FOR PRIVACY","REDACTED FOR PRIVACY","Ruse","REDACTED FOR PRIVACY","Bulgaria","","REDACTED FOR PRIVACY","REDACTED FOR PRIVACY","REDACTED FOR PRIVACY","REDACTED FOR PRIVACY","REDACTED FOR PRIVACY","REDACTED FOR PRIVACY","REDACTED FOR PRIVACY","REDACTED FOR PRIVACY","REDACTED FOR PRIVACY","","REDACTED FOR PRIVACY","REDACTED FOR PRIVACY","REDACTED FOR PRIVACY","REDACTED FOR PRIVACY","REDACTED FOR PRIVACY","REDACTED FOR PRIVACY","REDACTED FOR PRIVACY","REDACTED FOR PRIVACY","REDACTED FOR PRIVACY","","REDACTED FOR PRIVACY","REDACTED FOR PRIVACY","","","","","","","","","","","ns219.superhosting.bg","ns220.superhosting.bg","","","addPeriod","clientTransferProhibited","",""
"46","rodopskaiskra2020.com","2021-03-01 14:34:00","2021-02-27","2021-02-27","2022-02-27","48","eNom, Inc.","whois.enom.com","http://www.enom.com","REDACTED FOR PRIVACY","REDACTED FOR PRIVACY","REDACTED FOR PRIVACY","REDACTED FOR PRIVACY","Lilkovo","REDACTED FOR PRIVACY","Bulgaria","","REDACTED FOR PRIVACY","REDACTED FOR PRIVACY","REDACTED FOR PRIVACY","REDACTED FOR PRIVACY","REDACTED FOR PRIVACY","REDACTED FOR PRIVACY","REDACTED FOR PRIVACY","REDACTED FOR PRIVACY","REDACTED FOR PRIVACY","","REDACTED FOR PRIVACY","REDACTED FOR PRIVACY","REDACTED FOR PRIVACY","REDACTED FOR PRIVACY","REDACTED FOR PRIVACY","REDACTED FOR PRIVACY","REDACTED FOR PRIVACY","REDACTED FOR PRIVACY","REDACTED FOR PRIVACY","","REDACTED FOR PRIVACY","REDACTED FOR PRIVACY","","","","","","","","","","","ns193.superhosting.bg","ns194.superhosting.bg","","","addPeriod","clientTransferProhibited","",""
"47","rus.world","2021-03-01 14:50:59","2021-02-26","2021-02-26","2022-02-26","146","GoDaddy.com, LLC","whois.godaddy.com","http://registrar.godaddy.com","REDACTED FOR PRIVACY","TIDEN LTD","REDACTED FOR PRIVACY","REDACTED FOR PRIVACY","Varna","REDACTED FOR PRIVACY","Bulgaria","","REDACTED FOR PRIVACY","REDACTED FOR PRIVACY","","","","","","","","","","","","","","","","","","","","","","","","","","","","","","","","","","","addPeriod","clientDeleteProhibited","clientRenewProhibited","clientTransferProhibited"
"48","simpaya.com","2021-03-01 17:28:04","2021-02-27","2021-02-27","2022-02-27","82","OnlineNIC, Inc.","whois.onlinenic.com","http://www.onlinenic.com","Pavel Milanov","Pavel Milanov","","","BG","","Bulgaria","","","","","","","","","","","","","","","","","","","","","","","","","","","","","","","","","","ns11.jumpdns.net","ns12.jumpdns.net","","","clientTransferProhibited","","",""
"49","technotv.info","2021-03-01 15:56:10","2021-02-27","2021-02-27","2022-02-27","303","PDR Ltd. d/b/a PublicDomainRegistry.com","whois.publicdomainregistry.com","http://www.publicdomainregistry.com","GDPR Masked","GDPR Masked","","","Sofia","","Bulgaria","","","","","","","","","","","","","","","","","","","","","","","","","","","","","","","","","","arely.ns.cloudflare.com","cartman.ns.cloudflare.com","","","addPeriod","clientTransferProhibited","serverTransferProhibited",""
"50","transproconsult.com","2021-03-01 16:04:49","2021-02-27","2021-02-27","2022-02-27","48","eNom, Inc.","whois.enom.com","http://www.enom.com","REDACTED FOR PRIVACY","REDACTED FOR PRIVACY","REDACTED FOR PRIVACY","REDACTED FOR PRIVACY","Aksakovo","REDACTED FOR PRIVACY","Bulgaria","","REDACTED FOR PRIVACY","REDACTED FOR PRIVACY","REDACTED FOR PRIVACY","REDACTED FOR PRIVACY","REDACTED FOR PRIVACY","REDACTED FOR PRIVACY","REDACTED FOR PRIVACY","REDACTED FOR PRIVACY","REDACTED FOR PRIVACY","","REDACTED FOR PRIVACY","REDACTED FOR PRIVACY","REDACTED FOR PRIVACY","REDACTED FOR PRIVACY","REDACTED FOR PRIVACY","REDACTED FOR PRIVACY","REDACTED FOR PRIVACY","REDACTED FOR PRIVACY","REDACTED FOR PRIVACY","","REDACTED FOR PRIVACY","REDACTED FOR PRIVACY","","","","","","","","","","","ns195.superhosting.bg","ns196.superhosting.bg","","","addPeriod","clientTransferProhibited","",""
"51","ulichenfitnes.com","2021-03-01 16:03:45","2021-02-27","2021-02-27","2022-02-27","303","PDR Ltd. d/b/a PublicDomainRegistry.com","whois.publicdomainregistry.com","http://www.publicdomainregistry.com","GDPR Masked","GDPR Masked","GDPR Masked","GDPR Masked","Sofia","GDPR Masked","Bulgaria","gdpr-masking@gdpr-masked.com","GDPR Masked","GDPR Masked","GDPR Masked","GDPR Masked","GDPR Masked","GDPR Masked","GDPR Masked","GDPR Masked","GDPR Masked","gdpr-masking@gdpr-masked.com","GDPR Masked","GDPR Masked","GDPR Masked","GDPR Masked","GDPR Masked","GDPR Masked","GDPR Masked","GDPR Masked","GDPR Masked","gdpr-masking@gdpr-masked.com","GDPR Masked","GDPR Masked","","","","","","","","","","","ns1.fight-bg.com","ns2.fight-bg.com","","","clientTransferProhibited","","",""
"52","valorebarba.com","2021-03-01 16:02:20","2021-02-27","2021-02-27","2023-02-27","146","GoDaddy.com, LLC","whois.godaddy.com","http://registrar.godaddy.com","VALOR COSMETIC LTD","VALOR COSMETIC LTD","","","Sofia","","Bulgaria","","","","","","","","","","","","","","","","","","","","","","","","","","","","","","","","","","ns29.domaincontrol.com","ns30.domaincontrol.com","","","clientDeleteProhibited","clientRenewProhibited","clientTransferProhibited","clientUpdateProhibited"
"53","verticale-hanoi.com","2021-03-01 17:35:11","2021-02-27","2021-02-27","2022-02-27","2675","DropCatch.com 916 LLC","whois.namebright.com","http://www.namebright.com","Gergana Raycheva","Edoms LLC","Uznadze str., N111, flat N11, building N2","Tbilisi","Sofia-Grad","0102","Bulgaria","mail@edoms.net","+359.884632528","","Gergana Raycheva","Edoms LLC","Uznadze str., N111, flat N11, building N2","Tbilisi","Sofia-Grad","0102","Bulgaria","mail@edoms.net","+359.884632528","","Gergana Raycheva","Edoms LLC","Uznadze str., N111, flat N11, building N2","Tbilisi","Sofia-Grad","0102","Bulgaria","mail@edoms.net","+359.884632528","","","","","","","","","","","","","","","","clientTransferProhibited","","",""
"54","weatheronetv.com","2021-03-01 15:59:47","2021-02-27","2021-02-27","2022-02-27","48","eNom, Inc.","whois.enom.com","http://www.enom.com","REDACTED FOR PRIVACY","REDACTED FOR PRIVACY","REDACTED FOR PRIVACY","REDACTED FOR PRIVACY","REDACTED FOR PRIVACY","REDACTED FOR PRIVACY","Bulgaria","","REDACTED FOR PRIVACY","REDACTED FOR PRIVACY","REDACTED FOR PRIVACY","REDACTED FOR PRIVACY","REDACTED FOR PRIVACY","REDACTED FOR PRIVACY","REDACTED FOR PRIVACY","REDACTED FOR PRIVACY","REDACTED FOR PRIVACY","","REDACTED FOR PRIVACY","REDACTED FOR PRIVACY","REDACTED FOR PRIVACY","REDACTED FOR PRIVACY","REDACTED FOR PRIVACY","REDACTED FOR PRIVACY","REDACTED FOR PRIVACY","REDACTED FOR PRIVACY","REDACTED FOR PRIVACY","","REDACTED FOR PRIVACY","REDACTED FOR PRIVACY","","","","","","","","","","","ns181.superhosting.bg","ns182.superhosting.bg","","","addPeriod","clientTransferProhibited","",""
"55","wiesenschnee.com","2021-03-01 15:59:10","2021-02-27","2021-02-27","2022-02-27","303","PDR Ltd. d/b/a PublicDomainRegistry.com","whois.publicdomainregistry.com","http://www.publicdomainregistry.com","GDPR Masked","GDPR Masked","GDPR Masked","GDPR Masked","Sofia","GDPR Masked","Bulgaria","gdpr-masking@gdpr-masked.com","GDPR Masked","GDPR Masked","GDPR Masked","GDPR Masked","GDPR Masked","GDPR Masked","GDPR Masked","GDPR Masked","GDPR Masked","gdpr-masking@gdpr-masked.com","GDPR Masked","GDPR Masked","GDPR Masked","GDPR Masked","GDPR Masked","GDPR Masked","GDPR Masked","GDPR Masked","GDPR Masked","gdpr-masking@gdpr-masked.com","GDPR Masked","GDPR Masked","","","","","","","","","","","ns101.cloudns.net","ns102.cloudns.net","ns103.cloudns.net","ns104.cloudns.net","clientTransferProhibited","","",""
"56","winagizateb.com","2021-03-01 15:59:07","2021-02-27","2021-02-27","2022-02-27","146","GoDaddy.com, LLC","whois.godaddy.com","http://registrar.godaddy.com","","","","","Sofiq","","Bulgaria","","","","","","","","","","","","","","","","","","","","","","","","","","","","","","","","","","ns05.domaincontrol.com","ns06.domaincontrol.com","","","clientDeleteProhibited","clientRenewProhibited","clientTransferProhibited","clientUpdateProhibited"
"57","xgooodmedia2021.info","2021-03-01 15:50:10","2021-02-27","2021-02-27","2022-02-27","146","GoDaddy.com, LLC","whois.godaddy.com","http://registrar.godaddy.com","Plovdiv","Plovdiv","","","Sofia","","Bulgaria","","","","","","","","","","","","","","","","","","","","","","","","","","","","","","","","","","ns51.domaincontrol.com","ns52.domaincontrol.com","","","addPeriod","clientDeleteProhibited","clientRenewProhibited","clientTransferProhibited"
"58","youtubettnet.com","2021-03-01 14:37:52","2021-02-27","2021-02-28","2022-02-27","303","PDR Ltd. d/b/a PublicDomainRegistry.com","whois.publicdomainregistry.com","http://www.publicdomainregistry.com","GDPR Masked","GDPR Masked","GDPR Masked","GDPR Masked","Sofia","GDPR Masked","Bulgaria","gdpr-masking@gdpr-masked.com","GDPR Masked","GDPR Masked","GDPR Masked","GDPR Masked","GDPR Masked","GDPR Masked","GDPR Masked","GDPR Masked","GDPR Masked","gdpr-masking@gdpr-masked.com","GDPR Masked","GDPR Masked","GDPR Masked","GDPR Masked","GDPR Masked","GDPR Masked","GDPR Masked","GDPR Masked","GDPR Masked","gdpr-masking@gdpr-masked.com","GDPR Masked","GDPR Masked","","","","","","","","","","","ns101.cloudns.net","ns102.cloudns.net","ns103.cloudns.net","ns104.cloudns.net","clientTransferProhibited","","",""
"59","zvetan.art","2021-03-01 17:54:46","2021-02-26","2021-02-26","2022-02-26","146","GoDaddy.com, LLC","whois.godaddy.com","http://registrar.godaddy.com","","","","","plovdiv","","Bulgaria","","","","","","","","","","","","","","","","","","","","","","","","","","","","","","","","","","ns09.domaincontrol.com","ns10.domaincontrol.com","","","addPeriod","clientDeleteProhibited","clientRenewProhibited","clientTransferProhibited"