"num","domain_name","query_time","create_date","update_date","expiry_date","domain_registrar_id","domain_registrar_name","domain_registrar_whois","domain_registrar_url","registrant_name","registrant_company","registrant_address","registrant_city","registrant_state","registrant_zip","registrant_country","registrant_email","registrant_phone","registrant_fax","administrative_name","administrative_company","administrative_address","administrative_city","administrative_state","administrative_zip","administrative_country","administrative_email","administrative_phone","administrative_fax","technical_name","technical_company","technical_address","technical_city","technical_state","technical_zip","technical_country","technical_email","technical_phone","technical_fax","billing_name","billing_company","billing_address","billing_city","billing_state","billing_zip","billing_country","billing_email","billing_phone","billing_fax","name_server_1","name_server_2","name_server_3","name_server_4","domain_status_1","domain_status_2","domain_status_3","domain_status_4"
"1","animalworldhelpers.com","2021-03-01 16:59:28","2021-02-27","2021-02-27","2022-02-27","146","GoDaddy.com, LLC","whois.godaddy.com","http://registrar.godaddy.com","","","","","Grand Cayman","","Cayman Islands","","","","","","","","","","","","","","","","","","","","","","","","","","","","","","","","","","ns41.domaincontrol.com","ns42.domaincontrol.com","","","clientDeleteProhibited","clientRenewProhibited","clientTransferProhibited","clientUpdateProhibited"
"2","banshee3d.com","2021-03-01 14:23:16","2021-02-27","2021-02-27","2022-02-27","1579","ProNamed LLC","whois.pronamed.com","http://www.pronamed.com","Jane Dew","","233 Markey Street","Camana Bay","Grand Cayman","KY1-9006","Cayman Islands","1domains12345@gmail.com","+1.2542245346","","Jane Dew","","233 Markey Street","Camana Bay","Grand Cayman","KY1-9006","Cayman Islands","1domains12345@gmail.com","+1.2542245346","","Jane Dew","","233 Markey Street","Camana Bay","Grand Cayman","KY1-9006","Cayman Islands","1domains12345@gmail.com","+1.2542245346","","","","","","","","","","","","","","","","clientTransferProhibited","","",""
"3","beerkeg.club","2021-03-01 14:15:45","2021-02-27","2021-02-27","2023-02-27","1659","Uniregistrar Corp","whois.uniregistrar.com","http://www.uniregistrar.com","REDACTED FOR PRIVACY","","REDACTED FOR PRIVACY REDACTED FOR PRIVACY REDACTED FOR PRIVACY","REDACTED FOR PRIVACY","Grand Cayman","REDACTED FOR PRIVACY","Cayman Islands","","REDACTED FOR PRIVACY","REDACTED FOR PRIVACY","REDACTED FOR PRIVACY","REDACTED FOR PRIVACY","REDACTED FOR PRIVACY REDACTED FOR PRIVACY REDACTED FOR PRIVACY","REDACTED FOR PRIVACY","REDACTED FOR PRIVACY","REDACTED FOR PRIVACY","REDACTED FOR PRIVACY","","REDACTED FOR PRIVACY","REDACTED FOR PRIVACY","REDACTED FOR PRIVACY","REDACTED FOR PRIVACY","REDACTED FOR PRIVACY REDACTED FOR PRIVACY REDACTED FOR PRIVACY","REDACTED FOR PRIVACY","REDACTED FOR PRIVACY","REDACTED FOR PRIVACY","REDACTED FOR PRIVACY","","REDACTED FOR PRIVACY","REDACTED FOR PRIVACY","","","","","","","","","","","ns1.uniregistry-dns.com","ns1.uniregistry-dns.net","ns2.uniregistry-dns.com","ns2.uniregistry-dns.net","addPeriod","clientTransferProhibited","",""
"4","crosshijacks.xyz","2021-03-01 14:49:23","2021-02-27","2021-02-27","2022-02-27","1659","Uniregistrar Corp","whois.uniregistrar.com","http://www.uniregistrar.com","","","","","Grand Cayman","","Cayman Islands","","","","","","","","","","","","","","","","","","","","","","","","","","","","","","","","","","ns1.uniregistry-dns.com","ns1.uniregistry-dns.net","ns2.uniregistry-dns.com","ns2.uniregistry-dns.net","addPeriod","clientTransferProhibited","serverTransferProhibited",""
"5","dotcom.watch","2021-03-01 14:52:30","2021-02-26","2021-02-26","2022-02-26","1659","Uniregistrar Corp","whois.uniregistrar.com","http://www.uniregistrar.com","REDACTED FOR PRIVACY","","REDACTED FOR PRIVACY","REDACTED FOR PRIVACY","Grand Cayman","REDACTED FOR PRIVACY","Cayman Islands","","REDACTED FOR PRIVACY","REDACTED FOR PRIVACY","","","","","","","","","","","","","","","","","","","","","","","","","","","","","","","","","","","addPeriod","clientTransferProhibited","",""
"6","el8.business","2021-03-01 14:16:55","2021-02-26","2021-02-26","2022-02-26","1659","Uniregistrar Corp","whois.uniregistrar.com","http://www.uniregistrar.com","REDACTED FOR PRIVACY","","REDACTED FOR PRIVACY","REDACTED FOR PRIVACY","Grand Cayman","REDACTED FOR PRIVACY","Cayman Islands","","REDACTED FOR PRIVACY","REDACTED FOR PRIVACY","","","","","","","","","","","","","","","","","","","","","","","","","","","","","","","","","","","addPeriod","clientTransferProhibited","",""
"7","el8.host","2021-03-01 15:55:28","2021-02-26","2021-02-26","2022-02-26","1659","Uniregistrar Corp","whois.uniregistrar.com","http://www.uniregistrar.com","","","","","Grand Cayman","","Cayman Islands","","","","","","","","","","","","","","","","","","","","","","","","","","","","","","","","","","ns1.uniregistry-dns.com","ns1.uniregistry-dns.net","ns2.uniregistry-dns.com","ns2.uniregistry-dns.net","addPeriod","clientTransferProhibited","serverTransferProhibited",""
"8","el8.site","2021-03-01 15:30:04","2021-02-26","2021-02-26","2022-02-26","1659","Uniregistrar Corp","whois.uniregistrar.com","http://www.uniregistrar.com","","","","","Grand Cayman","","Cayman Islands","","","","","","","","","","","","","","","","","","","","","","","","","","","","","","","","","","ns1.uniregistry-dns.com","ns1.uniregistry-dns.net","ns2.uniregistry-dns.com","ns2.uniregistry-dns.net","addPeriod","clientTransferProhibited","serverTransferProhibited",""
"9","el8.space","2021-03-01 15:27:59","2021-02-26","2021-02-26","2022-02-26","1659","Uniregistrar Corp","whois.uniregistrar.com","http://www.uniregistrar.com","","","","","Grand Cayman","","Cayman Islands","","","","","","","","","","","","","","","","","","","","","","","","","","","","","","","","","","ns1.uniregistry-dns.com","ns1.uniregistry-dns.net","ns2.uniregistry-dns.com","ns2.uniregistry-dns.net","addPeriod","clientTransferProhibited","serverTransferProhibited",""
"10","el8.tech","2021-03-01 15:25:22","2021-02-26","2021-02-26","2022-02-26","1659","Uniregistrar Corp","whois.uniregistrar.com","http://www.uniregistrar.com","","","","","Grand Cayman","","Cayman Islands","","","","","","","","","","","","","","","","","","","","","","","","","","","","","","","","","","ns1.uniregistry-dns.com","ns1.uniregistry-dns.net","ns2.uniregistry-dns.com","ns2.uniregistry-dns.net","addPeriod","clientTransferProhibited","serverTransferProhibited",""
"11","hackers.network","2021-03-01 15:38:42","2021-02-26","2021-02-26","2022-02-26","1659","Uniregistrar Corp","whois.uniregistrar.com","http://www.uniregistrar.com","REDACTED FOR PRIVACY","","REDACTED FOR PRIVACY","REDACTED FOR PRIVACY","Grand Cayman","REDACTED FOR PRIVACY","Cayman Islands","","REDACTED FOR PRIVACY","REDACTED FOR PRIVACY","","","","","","","","","","","","","","","","","","","","","","","","","","","","","","","","","","","addPeriod","clientTransferProhibited","",""
"12","hackers.systems","2021-03-01 15:25:31","2021-02-26","2021-02-26","2022-02-26","1659","Uniregistrar Corp","whois.uniregistrar.com","http://www.uniregistrar.com","REDACTED FOR PRIVACY","","REDACTED FOR PRIVACY","REDACTED FOR PRIVACY","Grand Cayman","REDACTED FOR PRIVACY","Cayman Islands","","REDACTED FOR PRIVACY","REDACTED FOR PRIVACY","","","","","","","","","","","","","","","","","","","","","","","","","","","","","","","","","","","addPeriod","clientTransferProhibited","",""
"13","keam.academy","2021-03-01 14:15:22","2021-02-27","2021-02-27","2022-02-27","1659","Uniregistrar Corp","whois.uniregistrar.com","http://www.uniregistrar.com","REDACTED FOR PRIVACY","","REDACTED FOR PRIVACY","REDACTED FOR PRIVACY","Grand Cayman","REDACTED FOR PRIVACY","Cayman Islands","","REDACTED FOR PRIVACY","REDACTED FOR PRIVACY","","","","","","","","","","","","","","","","","","","","","","","","","","","","","","","","","","","addPeriod","clientTransferProhibited","",""
"14","maritriniginer.com","2021-03-01 17:36:27","2021-02-27","2021-02-27","2022-02-27","3605","DropCatch.com 1396 LLC","","","Jane Dew","","233 Markey Street","Camana Bay","Grand Cayman","KY1-9006","Cayman Islands","1domains12345@gmail.com","+1.2542245346","","Jane Dew","","233 Markey Street","Camana Bay","Grand Cayman","KY1-9006","Cayman Islands","1domains12345@gmail.com","+1.2542245346","","Jane Dew","","233 Markey Street","Camana Bay","Grand Cayman","KY1-9006","Cayman Islands","1domains12345@gmail.com","+1.2542245346","","","","","","","","","","","","","","","","clientTransferProhibited","","",""
"15","minicask.club","2021-03-01 17:53:07","2021-02-27","2021-02-27","2023-02-27","1659","Uniregistrar Corp","whois.uniregistrar.com","http://www.uniregistrar.com","REDACTED FOR PRIVACY","","REDACTED FOR PRIVACY REDACTED FOR PRIVACY REDACTED FOR PRIVACY","REDACTED FOR PRIVACY","Grand Cayman","REDACTED FOR PRIVACY","Cayman Islands","","REDACTED FOR PRIVACY","REDACTED FOR PRIVACY","REDACTED FOR PRIVACY","REDACTED FOR PRIVACY","REDACTED FOR PRIVACY REDACTED FOR PRIVACY REDACTED FOR PRIVACY","REDACTED FOR PRIVACY","REDACTED FOR PRIVACY","REDACTED FOR PRIVACY","REDACTED FOR PRIVACY","","REDACTED FOR PRIVACY","REDACTED FOR PRIVACY","REDACTED FOR PRIVACY","REDACTED FOR PRIVACY","REDACTED FOR PRIVACY REDACTED FOR PRIVACY REDACTED FOR PRIVACY","REDACTED FOR PRIVACY","REDACTED FOR PRIVACY","REDACTED FOR PRIVACY","REDACTED FOR PRIVACY","","REDACTED FOR PRIVACY","REDACTED FOR PRIVACY","","","","","","","","","","","ns1.uniregistry-dns.com","ns1.uniregistry-dns.net","ns2.uniregistry-dns.com","ns2.uniregistry-dns.net","addPeriod","clientTransferProhibited","",""
"16","minikeg.club","2021-03-01 17:53:11","2021-02-27","2021-02-27","2023-02-27","1659","Uniregistrar Corp","whois.uniregistrar.com","http://www.uniregistrar.com","REDACTED FOR PRIVACY","","REDACTED FOR PRIVACY REDACTED FOR PRIVACY REDACTED FOR PRIVACY","REDACTED FOR PRIVACY","Grand Cayman","REDACTED FOR PRIVACY","Cayman Islands","","REDACTED FOR PRIVACY","REDACTED FOR PRIVACY","REDACTED FOR PRIVACY","REDACTED FOR PRIVACY","REDACTED FOR PRIVACY REDACTED FOR PRIVACY REDACTED FOR PRIVACY","REDACTED FOR PRIVACY","REDACTED FOR PRIVACY","REDACTED FOR PRIVACY","REDACTED FOR PRIVACY","","REDACTED FOR PRIVACY","REDACTED FOR PRIVACY","REDACTED FOR PRIVACY","REDACTED FOR PRIVACY","REDACTED FOR PRIVACY REDACTED FOR PRIVACY REDACTED FOR PRIVACY","REDACTED FOR PRIVACY","REDACTED FOR PRIVACY","REDACTED FOR PRIVACY","REDACTED FOR PRIVACY","","REDACTED FOR PRIVACY","REDACTED FOR PRIVACY","","","","","","","","","","","ns1.uniregistry-dns.com","ns1.uniregistry-dns.net","ns2.uniregistry-dns.com","ns2.uniregistry-dns.net","addPeriod","clientTransferProhibited","",""
"17","oaworld.space","2021-03-01 15:28:04","2021-02-26","2021-02-26","2022-02-26","1659","Uniregistrar Corp","whois.uniregistrar.com","http://www.uniregistrar.com","","","","","Grand Cayman","","Cayman Islands","","","","","","","","","","","","","","","","","","","","","","","","","","","","","","","","","","ns1.uniregistry-dns.com","ns1.uniregistry-dns.net","ns2.uniregistry-dns.com","ns2.uniregistry-dns.net","addPeriod","clientTransferProhibited","serverTransferProhibited",""
"18","oblozhki.net","2021-03-01 15:45:55","2021-02-26","2021-02-26","2022-02-26","2733","DropCatch.com 974 LLC","whois.namebright.com","http://www.dropcatch974.com","Jane Dew","","233 Markey Street","Camana Bay","Grand Cayman","KY1-9006","Cayman Islands","1domains12345@gmail.com","+1.2542245346","","Jane Dew","","233 Markey Street","Camana Bay","Grand Cayman","KY1-9006","Cayman Islands","1domains12345@gmail.com","+1.2542245346","","Jane Dew","","233 Markey Street","Camana Bay","Grand Cayman","KY1-9006","Cayman Islands","1domains12345@gmail.com","+1.2542245346","","","","","","","","","","","","","","","","clientTransferProhibited","","",""
"19","opservan.com","2021-03-01 17:14:19","2021-02-27","2021-02-27","2022-02-27","2012","DropCatch.com 532 LLC","whois.namebright.com","http://www.dropcatch532.com","Jane Dew","","233 Markey Street","Camana Bay","Grand Cayman","KY1-9006","Cayman Islands","1domains12345@gmail.com","+1.2542245346","","Jane Dew","","233 Markey Street","Camana Bay","Grand Cayman","KY1-9006","Cayman Islands","1domains12345@gmail.com","+1.2542245346","","Jane Dew","","233 Markey Street","Camana Bay","Grand Cayman","KY1-9006","Cayman Islands","1domains12345@gmail.com","+1.2542245346","","","","","","","","","","","","","","","","clientTransferProhibited","","",""
"20","paymint.finance","2021-03-01 15:55:43","2021-02-26","2021-02-26","2022-02-26","1659","Uniregistrar Corp","whois.uniregistrar.com","http://www.uniregistrar.com","REDACTED FOR PRIVACY","","REDACTED FOR PRIVACY","REDACTED FOR PRIVACY","Grand Cayman","REDACTED FOR PRIVACY","Cayman Islands","","REDACTED FOR PRIVACY","REDACTED FOR PRIVACY","","","","","","","","","","","","","","","","","","","","","","","","","","","","","","","","","","","addPeriod","clientTransferProhibited","",""
"21","realcheatinggirls.com","2021-03-01 17:08:39","2021-02-27","2021-02-27","2022-02-27","2549","DROPCATCH.COM 790 LLC","whois.namebright.com","http://www.namebright.com","Jane Dew","","233 Markey Street","Camana Bay","Grand Cayman","KY1-9006","Cayman Islands","1domains12345@gmail.com","+1.2542245346","","Jane Dew","","233 Markey Street","Camana Bay","Grand Cayman","KY1-9006","Cayman Islands","1domains12345@gmail.com","+1.2542245346","","Jane Dew","","233 Markey Street","Camana Bay","Grand Cayman","KY1-9006","Cayman Islands","1domains12345@gmail.com","+1.2542245346","","","","","","","","","","","","","","","","clientTransferProhibited","","",""
"22","rootshell.website","2021-03-01 14:52:17","2021-02-26","2021-02-26","2022-02-26","1659","Uniregistrar Corp","whois.uniregistrar.com","http://www.uniregistrar.com","","","","","Grand Cayman","","Cayman Islands","","","","","","","","","","","","","","","","","","","","","","","","","","","","","","","","","","ns1.uniregistrymarket.link","ns2.uniregistrymarket.link","","","addPeriod","clientTransferProhibited","serverTransferProhibited",""
"23","skysboutique.net","2021-03-01 14:41:10","2021-02-26","2021-02-26","2022-02-26","269","Key-Systems GmbH","whois.rrpproxy.net","http://www.key-systems.net","REDACTED FOR PRIVACY","REDACTED FOR PRIVACY","REDACTED FOR PRIVACY REDACTED FOR PRIVACY REDACTED FOR PRIVACY","REDACTED FOR PRIVACY","","REDACTED FOR PRIVACY","Cayman Islands","info@domain-contact.org","REDACTED FOR PRIVACY","REDACTED FOR PRIVACY","REDACTED FOR PRIVACY","REDACTED FOR PRIVACY","REDACTED FOR PRIVACY REDACTED FOR PRIVACY REDACTED FOR PRIVACY","REDACTED FOR PRIVACY","REDACTED FOR PRIVACY","REDACTED FOR PRIVACY","REDACTED FOR PRIVACY","info@domain-contact.org","REDACTED FOR PRIVACY","REDACTED FOR PRIVACY","REDACTED FOR PRIVACY","REDACTED FOR PRIVACY","REDACTED FOR PRIVACY REDACTED FOR PRIVACY REDACTED FOR PRIVACY","REDACTED FOR PRIVACY","REDACTED FOR PRIVACY","REDACTED FOR PRIVACY","REDACTED FOR PRIVACY","info@domain-contact.org","REDACTED FOR PRIVACY","REDACTED FOR PRIVACY","REDACTED FOR PRIVACY","REDACTED FOR PRIVACY","REDACTED FOR PRIVACY REDACTED FOR PRIVACY REDACTED FOR PRIVACY","REDACTED FOR PRIVACY","REDACTED FOR PRIVACY","REDACTED FOR PRIVACY","REDACTED FOR PRIVACY","info@domain-contact.org","REDACTED FOR PRIVACY","REDACTED FOR PRIVACY","ns1.rrpproxy.net","ns2.rrpproxy.net","ns3.rrpproxy.net","","OK","","",""
"24","thbzilla.com","2021-03-01 17:21:59","2021-02-27","2021-02-27","2022-02-27","2641","DropCatch.com 882 LLC","whois.namebright.com","http://www.dropcatch882.com","Jane Dew","","233 Markey Street","Camana Bay","Grand Cayman","KY1-9006","Cayman Islands","1domains12345@gmail.com","+1.2542245346","","Jane Dew","","233 Markey Street","Camana Bay","Grand Cayman","KY1-9006","Cayman Islands","1domains12345@gmail.com","+1.2542245346","","Jane Dew","","233 Markey Street","Camana Bay","Grand Cayman","KY1-9006","Cayman Islands","1domains12345@gmail.com","+1.2542245346","","","","","","","","","","","","","","","","clientTransferProhibited","","",""
"25","transfer.watch","2021-03-01 14:52:26","2021-02-26","2021-02-26","2022-02-26","1659","Uniregistrar Corp","whois.uniregistrar.com","http://www.uniregistrar.com","REDACTED FOR PRIVACY","","REDACTED FOR PRIVACY","REDACTED FOR PRIVACY","Grand Cayman","REDACTED FOR PRIVACY","Cayman Islands","","REDACTED FOR PRIVACY","REDACTED FOR PRIVACY","","","","","","","","","","","","","","","","","","","","","","","","","","","","","","","","","","","addPeriod","clientTransferProhibited","",""
"26","united.watch","2021-03-01 14:52:25","2021-02-26","2021-02-26","2022-02-26","1659","Uniregistrar Corp","whois.uniregistrar.com","http://www.uniregistrar.com","REDACTED FOR PRIVACY","","REDACTED FOR PRIVACY","REDACTED FOR PRIVACY","Grand Cayman","REDACTED FOR PRIVACY","Cayman Islands","","REDACTED FOR PRIVACY","REDACTED FOR PRIVACY","","","","","","","","","","","","","","","","","","","","","","","","","","","","","","","","","","","addPeriod","clientTransferProhibited","",""
"27","uploadmp4.com","2021-03-01 17:14:10","2021-02-27","2021-02-27","2022-02-27","1815","DropCatch.com 404 LLC","whois.namebright.com","http://www.dropcatch404.com","Jane Dew","","233 Markey Street","Camana Bay","Grand Cayman","KY1-9006","Cayman Islands","1domains12345@gmail.com","+1.2542245346","","Jane Dew","","233 Markey Street","Camana Bay","Grand Cayman","KY1-9006","Cayman Islands","1domains12345@gmail.com","+1.2542245346","","Jane Dew","","233 Markey Street","Camana Bay","Grand Cayman","KY1-9006","Cayman Islands","1domains12345@gmail.com","+1.2542245346","","","","","","","","","","","","","","","","clientTransferProhibited","","",""