"num","domain_name","query_time","create_date","update_date","expiry_date","domain_registrar_id","domain_registrar_name","domain_registrar_whois","domain_registrar_url","registrant_name","registrant_company","registrant_address","registrant_city","registrant_state","registrant_zip","registrant_country","registrant_email","registrant_phone","registrant_fax","administrative_name","administrative_company","administrative_address","administrative_city","administrative_state","administrative_zip","administrative_country","administrative_email","administrative_phone","administrative_fax","technical_name","technical_company","technical_address","technical_city","technical_state","technical_zip","technical_country","technical_email","technical_phone","technical_fax","billing_name","billing_company","billing_address","billing_city","billing_state","billing_zip","billing_country","billing_email","billing_phone","billing_fax","name_server_1","name_server_2","name_server_3","name_server_4","domain_status_1","domain_status_2","domain_status_3","domain_status_4"
"1","academianma.com","2021-03-01 17:02:03","2021-02-27","2021-02-27","2022-02-27","69","Tucows Domains Inc.","whois.tucows.com","http://domainhelp.opensrs.net","REDACTED FOR PRIVACY","REDACTED FOR PRIVACY","REDACTED FOR PRIVACY","REDACTED FOR PRIVACY","XX","REDACTED FOR PRIVACY","Chile","","REDACTED FOR PRIVACY","REDACTED FOR PRIVACY","REDACTED FOR PRIVACY","REDACTED FOR PRIVACY","REDACTED FOR PRIVACY","REDACTED FOR PRIVACY","REDACTED FOR PRIVACY","REDACTED FOR PRIVACY","REDACTED FOR PRIVACY","","REDACTED FOR PRIVACY","REDACTED FOR PRIVACY","REDACTED FOR PRIVACY","REDACTED FOR PRIVACY","REDACTED FOR PRIVACY","REDACTED FOR PRIVACY","REDACTED FOR PRIVACY","REDACTED FOR PRIVACY","REDACTED FOR PRIVACY","","REDACTED FOR PRIVACY","REDACTED FOR PRIVACY","","","","","","","","","","","ns1.gnldm1020.siteground.biz","ns2.gnldm1020.siteground.biz","","","clientTransferProhibited","clientUpdateProhibited","",""
"2","amalainter.com","2021-03-01 17:00:01","2021-02-27","2021-02-27","2023-02-27","146","GoDaddy.com, LLC","whois.godaddy.com","http://registrar.godaddy.com","","","","","28","","Chile","","","","","","","","","","","","","","","","","","","","","","","","","","","","","","","","","","ns51.domaincontrol.com","ns52.domaincontrol.com","","","clientDeleteProhibited","clientRenewProhibited","clientTransferProhibited","clientUpdateProhibited"
"3","andeslatam.online","2021-03-01 15:38:12","2021-02-26","2021-02-26","2022-02-26","146","GoDaddy.com, LLC","whois.godaddy.com","http://registrar.godaddy.com","","","","","Metropolitana","","Chile","","","","","","","","","","","","","","","","","","","","","","","","","","","","","","","","","","ns29.domaincontrol.com","ns30.domaincontrol.com","","","addPeriod","clientDeleteProhibited","clientRenewProhibited","clientTransferProhibited"
"4","andeslatam.store","2021-03-01 15:27:40","2021-02-26","2021-02-26","2022-02-26","146","GoDaddy.com, LLC","whois.godaddy.com","http://registrar.godaddy.com","","","","","Metropolitana","","Chile","","","","","","","","","","","","","","","","","","","","","","","","","","","","","","","","","","ns75.domaincontrol.com","ns76.domaincontrol.com","","","addPeriod","clientDeleteProhibited","clientRenewProhibited","clientTransferProhibited"
"5","auricainternational.com","2021-03-01 16:57:32","2021-02-27","2021-02-27","2022-02-27","1647","Hosting Concepts B.V. dba Openprovider","whois.registrar.eu","http://www.openprovider.com","REDACTED FOR PRIVACY","Aurica SpA","REDACTED FOR PRIVACY","REDACTED FOR PRIVACY","Region Metropolitana de Santiago","REDACTED FOR PRIVACY","Chile","","REDACTED FOR PRIVACY","REDACTED FOR PRIVACY","REDACTED FOR PRIVACY","REDACTED FOR PRIVACY","REDACTED FOR PRIVACY","REDACTED FOR PRIVACY","REDACTED FOR PRIVACY","REDACTED FOR PRIVACY","REDACTED FOR PRIVACY","","REDACTED FOR PRIVACY","REDACTED FOR PRIVACY","REDACTED FOR PRIVACY","REDACTED FOR PRIVACY","REDACTED FOR PRIVACY","REDACTED FOR PRIVACY","REDACTED FOR PRIVACY","REDACTED FOR PRIVACY","REDACTED FOR PRIVACY","","REDACTED FOR PRIVACY","REDACTED FOR PRIVACY","","","","","","","","","","","ns1.dns-parking.com","ns2.dns-parking.com","","","clientTransferProhibited","ok","",""
"6","bernardosantander.com","2021-03-01 17:50:36","2021-02-26","2021-02-26","2022-02-26","146","GoDaddy.com, LLC","whois.godaddy.com","http://registrar.godaddy.com","Independiente","Independiente","","","LO BARNECHEA","","Chile","","","","","","","","","","","","","","","","","","","","","","","","","","","","","","","","","","ns51.domaincontrol.com","ns52.domaincontrol.com","","","clientDeleteProhibited","clientRenewProhibited","clientTransferProhibited","clientUpdateProhibited"
"7","biblicalarchaeoastronomy.com","2021-03-01 16:55:11","2021-02-27","2021-02-28","2023-02-27","146","GoDaddy.com, LLC","whois.godaddy.com","http://registrar.godaddy.com","ElCalendario.org","ElCalendario.org","","","Region Tenth, Of The Lakes","","Chile","","","","","","","","","","","","","","","","","","","","","","","","","","","","","","","","","","ns01.inc.cl","ns02.inc.cl","ns03.inc.cl","ns04.inc.cl","clientDeleteProhibited","clientRenewProhibited","clientTransferProhibited","clientUpdateProhibited"
"8","casablancafilms.com","2021-03-01 17:23:35","2021-02-27","2021-02-27","2022-02-27","146","GoDaddy.com, LLC","whois.godaddy.com","http://registrar.godaddy.com","","","","","RM","","Chile","","","","","","","","","","","","","","","","","","","","","","","","","","","","","","","","","","ns41.domaincontrol.com","ns42.domaincontrol.com","","","clientDeleteProhibited","clientRenewProhibited","clientTransferProhibited","clientUpdateProhibited"
"9","cazahogares.com","2021-03-01 14:27:54","2021-02-26","2021-02-26","2022-02-26","146","GoDaddy.com, LLC","whois.godaddy.com","http://registrar.godaddy.com","","","","","Arica y Parinacota","","Chile","","","","","","","","","","","","","","","","","","","","","","","","","","","","","","","","","","ns55.domaincontrol.com","ns56.domaincontrol.com","","","clientDeleteProhibited","clientRenewProhibited","clientTransferProhibited","clientUpdateProhibited"
"10","ceppuntaarenas.com","2021-03-01 14:27:43","2021-02-27","2021-02-27","2022-02-27","895","Google, Inc.","whois.rrpproxy.net","http://www.google.com","CE PATAGONIA PUNTA ARENAS","CE PATAGONIA PUNTA ARENAS","","","Magallanes","","Chile","","","","","","","","","","","","","","","","","","","","","","","","","","","","","","","","","","ns-cloud-e1.googledomains.com","ns-cloud-e2.googledomains.com","ns-cloud-e3.googledomains.com","ns-cloud-e4.googledomains.com","clientTransferProhibited","","",""
"11","comincoop.com","2021-03-01 16:51:53","2021-02-27","2021-02-28","2022-02-27","379","Arsys Internet, S.L. dba NICLINE.COM","whois.nicline.com","http://www.nicline.com","REDACTED FOR PRIVACY","comincoop","REDACTED FOR PRIVACY","REDACTED FOR PRIVACY","Region Metropolitana","REDACTED FOR PRIVACY","Chile","whoiscontact@domainconnection.info","REDACTED FOR PRIVACY","REDACTED FOR PRIVACY","REDACTED FOR PRIVACY","REDACTED FOR PRIVACY","REDACTED FOR PRIVACY","REDACTED FOR PRIVACY","REDACTED FOR PRIVACY","REDACTED FOR PRIVACY","REDACTED FOR PRIVACY","whoiscontact@domainconnection.info","REDACTED FOR PRIVACY","REDACTED FOR PRIVACY","REDACTED FOR PRIVACY","REDACTED FOR PRIVACY","REDACTED FOR PRIVACY","REDACTED FOR PRIVACY","REDACTED FOR PRIVACY","REDACTED FOR PRIVACY","REDACTED FOR PRIVACY","whoiscontact@domainconnection.info","REDACTED FOR PRIVACY","REDACTED FOR PRIVACY","","","","","","","","","","","ns1.dns-principal-39.com","ns2.dns-principal-39.com","","","addPeriod","ok","",""
"12","compra-inteligente.com","2021-03-01 17:27:36","2021-02-27","2021-02-27","2022-02-27","146","GoDaddy.com, LLC","whois.godaddy.com","http://registrar.godaddy.com","Compra Inteligente","Compra Inteligente","","","Tarapaca","","Chile","","","","","","","","","","","","","","","","","","","","","","","","","","","","","","","","","","ns41.domaincontrol.com","ns42.domaincontrol.com","","","clientDeleteProhibited","clientRenewProhibited","clientTransferProhibited","clientUpdateProhibited"
"13","decimatension.com","2021-03-01 16:49:56","2021-02-27","2021-02-27","2022-02-27","106","Ascio Technologies, Inc. Danmark - Filial af Ascio technologies, Inc. USA","whois.ascio.com","http://www.ascio.com","Not Disclosed","Not Disclosed","Not Disclosed","Not Disclosed","","Not Disclosed","Chile","","Not Disclosed","Not Disclosed","Not Disclosed","Not Disclosed","Not Disclosed","Not Disclosed","Not Disclosed","Not Disclosed","Not Disclosed","","Not Disclosed","Not Disclosed","Not Disclosed","Not Disclosed","Not Disclosed","Not Disclosed","Not Disclosed","Not Disclosed","Not Disclosed","","Not Disclosed","Not Disclosed","","","","","","","","","","","dns1.123hjemmeside.dk","dns2.123hjemmeside.dk","dns3.123hjemmeside.dk","","OK","","",""
"14","distribuidoralamedalla.com","2021-03-01 16:48:30","2021-02-27","2021-02-27","2023-02-27","146","GoDaddy.com, LLC","whois.godaddy.com","http://registrar.godaddy.com","INZAFE S.A. - RUT 76250712-9","INZAFE S.A. - RUT 76250712-9","","","Santiago RM","","Chile","","","","","","","","","","","","","","","","","","","","","","","","","","","","","","","","","","ns57.domaincontrol.com","ns58.domaincontrol.com","","","clientDeleteProhibited","clientRenewProhibited","clientTransferProhibited","clientUpdateProhibited"
"15","drajimenajalil.website","2021-03-01 14:54:22","2021-02-26","","2022-02-26","106","Ascio Technologies, Inc. Danmark - Filial af Ascio technologies, Inc. USA","whois.ascio.com","http://www.ascio.com","","","","","","","Chile","","","","","","","","","","","","","","","","","","","","","","","","","","","","","","","","","","dns1.123hjemmeside.dk","dns2.123hjemmeside.dk","dns3.123hjemmeside.dk","","addPeriod","serverTransferProhibited","",""
"16","eltatasabe.com","2021-03-01 16:45:56","2021-02-27","2021-02-27","2022-02-27","1647","Hosting Concepts B.V. dba Openprovider","whois.registrar.eu","http://www.openprovider.com","REDACTED FOR PRIVACY","","REDACTED FOR PRIVACY","REDACTED FOR PRIVACY","Region Metropolitana de Santiago","REDACTED FOR PRIVACY","Chile","","REDACTED FOR PRIVACY","REDACTED FOR PRIVACY","REDACTED FOR PRIVACY","REDACTED FOR PRIVACY","REDACTED FOR PRIVACY","REDACTED FOR PRIVACY","REDACTED FOR PRIVACY","REDACTED FOR PRIVACY","REDACTED FOR PRIVACY","","REDACTED FOR PRIVACY","REDACTED FOR PRIVACY","REDACTED FOR PRIVACY","REDACTED FOR PRIVACY","REDACTED FOR PRIVACY","REDACTED FOR PRIVACY","REDACTED FOR PRIVACY","REDACTED FOR PRIVACY","REDACTED FOR PRIVACY","","REDACTED FOR PRIVACY","REDACTED FOR PRIVACY","","","","","","","","","","","ns1.dns-parking.com","ns2.dns-parking.com","","","clientTransferProhibited","ok","",""
"17","ensaludyvida.com","2021-03-01 16:45:34","2021-02-27","2021-02-28","2022-02-27","146","GoDaddy.com, LLC","whois.godaddy.com","http://registrar.godaddy.com","En Salud y Vida","En Salud y Vida","","","Bernando de Ohiggins","","Chile","","","","","","","","","","","","","","","","","","","","","","","","","","","","","","","","","","ns41.domaincontrol.com","ns42.domaincontrol.com","","","clientDeleteProhibited","clientRenewProhibited","clientTransferProhibited","clientUpdateProhibited"
"18","enviostorres.com","2021-03-01 16:45:31","2021-02-27","2021-02-27","2022-02-27","1647","Hosting Concepts B.V. dba Openprovider","whois.registrar.eu","http://www.openprovider.com","REDACTED FOR PRIVACY","","REDACTED FOR PRIVACY","REDACTED FOR PRIVACY","RM","REDACTED FOR PRIVACY","Chile","","REDACTED FOR PRIVACY","REDACTED FOR PRIVACY","REDACTED FOR PRIVACY","REDACTED FOR PRIVACY","REDACTED FOR PRIVACY","REDACTED FOR PRIVACY","REDACTED FOR PRIVACY","REDACTED FOR PRIVACY","REDACTED FOR PRIVACY","","REDACTED FOR PRIVACY","REDACTED FOR PRIVACY","REDACTED FOR PRIVACY","REDACTED FOR PRIVACY","REDACTED FOR PRIVACY","REDACTED FOR PRIVACY","REDACTED FOR PRIVACY","REDACTED FOR PRIVACY","REDACTED FOR PRIVACY","","REDACTED FOR PRIVACY","REDACTED FOR PRIVACY","","","","","","","","","","","dns1.hostingplus.cl","dns2.hostingplus.cl","dns3.hostingplus.cl","","clientTransferProhibited","ok","",""
"19","estelabravocortes.com","2021-03-01 16:45:10","2021-02-27","2021-02-27","2022-02-27","146","GoDaddy.com, LLC","whois.godaddy.com","http://registrar.godaddy.com","Diseno Publicidad","Diseno Publicidad","","","Region de Coquimbo","","Chile","","","","","","","","","","","","","","","","","","","","","","","","","","","","","","","","","","ns05.domaincontrol.com","ns06.domaincontrol.com","","","clientDeleteProhibited","clientRenewProhibited","clientTransferProhibited","clientUpdateProhibited"
"20","ferreteriaelcastillo.com","2021-03-01 16:44:03","2021-02-27","2021-02-27","2022-02-27","1383","Soluciones Corporativas IP, SLU","whois.scip.es","http://www.dondominio.com","Redacted for privacy","Enfierraduras el castillo Ltda","Redacted for privacy","Redacted for privacy","Los Lagos","Redacted for privacy","Chile","","Redacted for privacy","Redacted for privacy","REDACTED FOR PRIVACY","REDACTED FOR PRIVACY","REDACTED FOR PRIVACY","REDACTED FOR PRIVACY","REDACTED FOR PRIVACY","REDACTED FOR PRIVACY","REDACTED FOR PRIVACY","","REDACTED FOR PRIVACY","REDACTED FOR PRIVACY","REDACTED FOR PRIVACY","REDACTED FOR PRIVACY","REDACTED FOR PRIVACY","REDACTED FOR PRIVACY","REDACTED FOR PRIVACY","REDACTED FOR PRIVACY","REDACTED FOR PRIVACY","","REDACTED FOR PRIVACY","REDACTED FOR PRIVACY","","","","","","","","","","","ns50271.webempresa.eu","ns50272.webempresa.eu","","","OK","","",""
"21","fonchoybabi.com","2021-03-01 16:42:46","2021-02-27","2021-02-27","2022-02-27","1647","Hosting Concepts B.V. dba Openprovider","whois.registrar.eu","http://www.openprovider.com","REDACTED FOR PRIVACY","","REDACTED FOR PRIVACY","REDACTED FOR PRIVACY","Region Metropolitana de Santiago","REDACTED FOR PRIVACY","Chile","","REDACTED FOR PRIVACY","REDACTED FOR PRIVACY","REDACTED FOR PRIVACY","REDACTED FOR PRIVACY","REDACTED FOR PRIVACY","REDACTED FOR PRIVACY","REDACTED FOR PRIVACY","REDACTED FOR PRIVACY","REDACTED FOR PRIVACY","","REDACTED FOR PRIVACY","REDACTED FOR PRIVACY","REDACTED FOR PRIVACY","REDACTED FOR PRIVACY","REDACTED FOR PRIVACY","REDACTED FOR PRIVACY","REDACTED FOR PRIVACY","REDACTED FOR PRIVACY","REDACTED FOR PRIVACY","","REDACTED FOR PRIVACY","REDACTED FOR PRIVACY","","","","","","","","","","","dns1.p08.nsone.net","dns2.p08.nsone.net","dns3.p08.nsone.net","dns4.p08.nsone.net","clientTransferProhibited","ok","",""
"22","halitesalt.com","2021-03-01 17:37:38","2021-02-27","2021-02-27","2022-02-27","1086","Marcaria.com International, Inc.","whois.melbourneit.com","http://www.melbourneit.com","Domain Manager","Chile Mineral Company SpA","CUATRO ESQUINAS 751","LA SERENA","COQUIMBO","1721041","Chile","contacto@onecapital.cl","+56.951481318","","Domain Manager","Chile Mineral Company SpA","CUATRO ESQUINAS 751","LA SERENA","COQUIMBO","1721041","Chile","contacto@onecapital.cl","+56.951481318","","Domain Manager","Marcaria.com LLC","8345 NW 66 ST #B1673","Miami","Florida","33195","United States","domains@marcaria.com","+1.3054348621","","","","","","","","","","","","ns6.wixdns.net","ns7.wixdns.net","","","clientTransferProhibited","","",""
"23","hebrascrochet.com","2021-03-01 16:38:30","2021-02-27","2021-02-27","2022-02-27","69","Tucows Domains Inc.","whois.tucows.com","http://domainhelp.opensrs.net","REDACTED FOR PRIVACY","REDACTED FOR PRIVACY","REDACTED FOR PRIVACY","REDACTED FOR PRIVACY","XX","REDACTED FOR PRIVACY","Chile","","REDACTED FOR PRIVACY","REDACTED FOR PRIVACY","REDACTED FOR PRIVACY","REDACTED FOR PRIVACY","REDACTED FOR PRIVACY","REDACTED FOR PRIVACY","REDACTED FOR PRIVACY","REDACTED FOR PRIVACY","REDACTED FOR PRIVACY","","REDACTED FOR PRIVACY","REDACTED FOR PRIVACY","REDACTED FOR PRIVACY","REDACTED FOR PRIVACY","REDACTED FOR PRIVACY","REDACTED FOR PRIVACY","REDACTED FOR PRIVACY","REDACTED FOR PRIVACY","REDACTED FOR PRIVACY","","REDACTED FOR PRIVACY","REDACTED FOR PRIVACY","","","","","","","","","","","ns1.giowm1295.siteground.biz","ns2.giowm1295.siteground.biz","","","clientTransferProhibited","clientUpdateProhibited","",""
"24","holding.wiki","2021-03-01 14:51:25","2021-02-26","2021-02-26","2022-02-26","146","GoDaddy.com, LLC","whois.godaddy.com","http://registrar.godaddy.com","INVERSIONES SANTA BETTY LIMITADA","INVERSIONES SANTA BETTY LIMITADA","","","METROPOLITANA","","Chile","","","","","","","","","","","","","","","","","","","","","","","","","","","","","","","","","","ns11.domaincontrol.com","ns12.domaincontrol.com","","","addPeriod","clientDeleteProhibited","clientRenewProhibited","clientTransferProhibited"
"25","javieraantonia.com","2021-03-01 14:32:11","2021-02-27","2021-02-27","2022-02-27","303","PDR Ltd. d/b/a PublicDomainRegistry.com","whois.publicdomainregistry.com","http://www.publicdomainregistry.com","javiera  gallegos","jg","Sargento Aldea","osorno","lakes region","5290000","Chile","javieraantonia09@gmail.com","+56.56979935610","","javiera  gallegos","jg","Sargento Aldea","osorno","lakes region","5290000","Chile","javieraantonia09@gmail.com","+56.56979935610","","javiera  gallegos","jg","Sargento Aldea","osorno","lakes region","5290000","Chile","javieraantonia09@gmail.com","+56.56979935610","","","","","","","","","","","","ns1.server-9.com","ns2.server-9.com","","","clientTransferProhibited","","",""
"26","lemn.store","2021-03-01 15:26:05","2021-02-26","2021-02-26","2022-02-26","146","GoDaddy.com, LLC","whois.godaddy.com","http://registrar.godaddy.com","","","","","Metropolitana de Santiago","","Chile","","","","","","","","","","","","","","","","","","","","","","","","","","","","","","","","","","ns09.domaincontrol.com","ns10.domaincontrol.com","","","addPeriod","clientDeleteProhibited","clientRenewProhibited","clientTransferProhibited"
"27","limoniumartist.com","2021-03-01 16:32:01","2021-02-27","2021-02-27","2022-02-27","886","Domain.com, LLC","whois.domain.com","http://www.domain.com","REDACTED FOR PRIVACY","REDACTED FOR PRIVACY","REDACTED FOR PRIVACY","REDACTED FOR PRIVACY","NA","REDACTED FOR PRIVACY","Chile","","REDACTED FOR PRIVACY","REDACTED FOR PRIVACY","REDACTED FOR PRIVACY","REDACTED FOR PRIVACY","REDACTED FOR PRIVACY","REDACTED FOR PRIVACY","REDACTED FOR PRIVACY","REDACTED FOR PRIVACY","REDACTED FOR PRIVACY","","REDACTED FOR PRIVACY","REDACTED FOR PRIVACY","REDACTED FOR PRIVACY","REDACTED FOR PRIVACY","REDACTED FOR PRIVACY","REDACTED FOR PRIVACY","REDACTED FOR PRIVACY","REDACTED FOR PRIVACY","REDACTED FOR PRIVACY","","REDACTED FOR PRIVACY","REDACTED FOR PRIVACY","","","","","","","","","","","ns1.inc.cl","ns2.inc.cl","","","","","",""
"28","litemc.site","2021-03-01 15:29:27","2021-02-26","2021-02-26","2022-02-26","146","GoDaddy.com, LLC","whois.godaddy.com","http://registrar.godaddy.com","","","","","Los Lagos","","Chile","","","","","","","","","","","","","","","","","","","","","","","","","","","","","","","","","","ns11.domaincontrol.com","ns12.domaincontrol.com","","","addPeriod","clientDeleteProhibited","clientRenewProhibited","clientTransferProhibited"
"29","magosdelmundo.com","2021-03-01 16:29:59","2021-02-26","2021-02-26","2023-02-26","146","GoDaddy.com, LLC","whois.godaddy.com","http://registrar.godaddy.com","PRODUCTORA CARLOS ALBERTO MARTINEZ SALDES","PRODUCTORA CARLOS ALBERTO MARTINEZ SALDES","","","Region del Maule","","Chile","","","","","","","","","","","","","","","","","","","","","","","","","","","","","","","","","","ns1.mediawebchile.com","ns2.mediawebchile.com","","","clientDeleteProhibited","clientRenewProhibited","clientTransferProhibited","clientUpdateProhibited"
"30","manosdelucero.com","2021-03-01 16:29:36","2021-02-26","2021-02-26","2024-02-26","146","GoDaddy.com, LLC","whois.godaddy.com","http://registrar.godaddy.com","","","","","Providencia","","Chile","","","","","","","","","","","","","","","","","","","","","","","","","","","","","","","","","","ns29.domaincontrol.com","ns30.domaincontrol.com","","","clientDeleteProhibited","clientRenewProhibited","clientTransferProhibited","clientUpdateProhibited"
"31","mc-fb.com","2021-03-01 17:26:46","2021-02-27","2021-02-27","2023-02-27","146","GoDaddy.com, LLC","whois.godaddy.com","http://registrar.godaddy.com","","","","","antofagasta","","Chile","","","","","","","","","","","","","","","","","","","","","","","","","","","","","","","","","","ns41.domaincontrol.com","ns42.domaincontrol.com","","","clientDeleteProhibited","clientRenewProhibited","clientTransferProhibited","clientUpdateProhibited"
"32","miaunix.com","2021-03-01 16:27:43","2021-02-27","2021-02-27","2023-02-27","146","GoDaddy.com, LLC","whois.godaddy.com","http://registrar.godaddy.com","","","","","Araucania","","Chile","","","","","","","","","","","","","","","","","","","","","","","","","","","","","","","","","","ns51.domaincontrol.com","ns52.domaincontrol.com","","","clientDeleteProhibited","clientRenewProhibited","clientTransferProhibited","clientUpdateProhibited"
"33","mondeaccessoire.com","2021-03-01 16:26:49","2021-02-27","2021-02-27","2022-02-27","1630","Ligne Web Services SARL","whois.nic.fr","http://www.ait.com","","","","","","","Chile","628a7598014a96a865b219b34b468488@whois-anonymous.com","","","","","","","","","Chile","628a7598014a96a865b219b34b468488@whois-anonymous.com","","","","","","","","","Chile","628a7598014a96a865b219b34b468488@whois-anonymous.com","","","","","","","","","Chile","628a7598014a96a865b219b34b468488@whois-anonymous.com","","","","","","","More","clientTransferProhibited","informations","on"
"34","mrboltapp.com","2021-03-01 16:26:17","2021-02-27","2021-02-27","2023-02-27","303","PDR Ltd. d/b/a PublicDomainRegistry.com","whois.publicdomainregistry.com","http://www.publicdomainregistry.com","Facturaenlinea cl Limitada","Facturaenlinea cl Limitada","Callao 2970, Oficina 901","Santiago, Las Condes","Region Metropolitanade Santiago","7550274","Chile","cristian.ibanez@facturaenlinea.cl","+56.225041651","","Facturaenlinea cl Limitada","Facturaenlinea cl Limitada","Callao 2970, Oficina 901","Santiago, Las Condes","Region Metropolitanade Santiago","7550274","Chile","cristian.ibanez@facturaenlinea.cl","+56.225041651","","Facturaenlinea cl Limitada","Facturaenlinea cl Limitada","Callao 2970, Oficina 901","Santiago, Las Condes","Region Metropolitanade Santiago","7550274","Chile","cristian.ibanez@facturaenlinea.cl","+56.225041651","","","","","","","","","","","","dns1.anacondaweb.com","dns2.anacondaweb.com","","","clientTransferProhibited","","",""
"35","mundodigitalrr.com","2021-03-01 16:25:56","2021-02-27","2021-02-28","2022-02-27","1479","Namesilo, LLC","whois.namesilo.com","http://www.namesilo.com","ADRIANA RUIZ","","SAN NICOLAS 1033 DPTO 1408 COMUNA SAN MIGUEL","SANTIAGO","SANTIAGO","8900000","Chile","adriruiz14@gmail.com","+56.940248378","","ADRIANA RUIZ","","SAN NICOLAS 1033 DPTO 1408 COMUNA SAN MIGUEL","SANTIAGO","SANTIAGO","8900000","Chile","adriruiz14@gmail.com","+56.940248378","","ADRIANA RUIZ","","SAN NICOLAS 1033 DPTO 1408 COMUNA SAN MIGUEL","SANTIAGO","SANTIAGO","8900000","Chile","adriruiz14@gmail.com","+56.940248378","","","","","","","","","","","","ns5110.banahosting.com","ns5111.banahosting.com","","","clientTransferProhibited","","",""
"36","nilianprevencion.com","2021-03-01 16:23:28","2021-02-27","2021-02-28","2022-02-27","303","PDR Ltd. d/b/a PublicDomainRegistry.com","whois.publicdomainregistry.com","http://www.publicdomainregistry.com","Rodrigo Nilian","","Calle Teroel 43 Valle noble","Concepciaon","Concepciaon","0000000","Chile","rdniliantecas@gmail.com","+56.968437029","","Rodrigo Nilian","","Calle Teroel 43 Valle noble","Concepciaon","Concepciaon","0000000","Chile","rdniliantecas@gmail.com","+56.968437029","","Rodrigo Nilian","","Calle Teroel 43 Valle noble","Concepciaon","Concepciaon","0000000","Chile","rdniliantecas@gmail.com","+56.968437029","","","","","","","","","","","","dns1.anacondaweb.com","dns2.anacondaweb.com","","","clientTransferProhibited","","",""
"37","notincraft.com","2021-03-01 16:23:02","2021-02-26","2021-02-26","2022-02-26","146","GoDaddy.com, LLC","whois.godaddy.com","http://registrar.godaddy.com","NotinCraft","NotinCraft","","","RM (Metropolitana)","","Chile","","","","","","","","","","","","","","","","","","","","","","","","","","","","","","","","","","ns51.domaincontrol.com","ns52.domaincontrol.com","","","clientDeleteProhibited","clientRenewProhibited","clientTransferProhibited","clientUpdateProhibited"
"38","objectifsubjectif.com","2021-03-01 16:22:45","2021-02-27","2021-02-27","2022-02-27","1086","Marcaria.com International, Inc.","whois.melbourneit.com","http://www.melbourneit.com","Domain Manager","Luz del Sur","Jose miguel de la barra 450 of 21","Santiago de Chile","Region Metropolitana","8420507","Chile","fotografialuzdelsur@gmail.com","+56.998889904","","Domain Manager","Luz del Sur","Jose miguel de la barra 450 of 21","Santiago de Chile","Region Metropolitana","8420507","Chile","fotografialuzdelsur@gmail.com","+56.998889904","","Domain Manager","Marcaria.com LLC","8345 NW 66 ST #B1673","Miami","Florida","33195","United States","domains@marcaria.com","+1.3054348621","","","","","","","","","","","","ns01.trademarkarea.com","ns02.trademarkarea.com","ns03.trademarkarea.com","","clientTransferProhibited","","",""
"39","orcas.guru","2021-03-01 15:55:28","2021-02-26","2021-02-26","2022-02-26","146","GoDaddy.com, LLC","whois.godaddy.com","http://registrar.godaddy.com","REDACTED FOR PRIVACY","","REDACTED FOR PRIVACY","REDACTED FOR PRIVACY","metropolitana","REDACTED FOR PRIVACY","Chile","","REDACTED FOR PRIVACY","REDACTED FOR PRIVACY","","","","","","","","","","","","","","","","","","","","","","","","","","","","","","","","","","","addPeriod","clientDeleteProhibited","clientRenewProhibited","clientTransferProhibited"
"40","patitasamorosas.com","2021-03-01 17:18:47","2021-02-26","2021-02-26","2022-02-26","146","GoDaddy.com, LLC","whois.godaddy.com","http://registrar.godaddy.com","Banana Digital","Banana Digital","","","Santiago","","Chile","","","","","","","","","","","","","","","","","","","","","","","","","","","","","","","","","","ns10.hostgator.cl","ns11.hostgator.cl","","","clientDeleteProhibited","clientRenewProhibited","clientTransferProhibited","clientUpdateProhibited"
"41","pervaschile.com","2021-03-01 16:19:47","2021-02-27","2021-02-27","2022-02-27","303","PDR Ltd. d/b/a PublicDomainRegistry.com","whois.publicdomainregistry.com","http://www.publicdomainregistry.com","Jonathan Marcelo Vasconcellos Vega","","Los cedros , 639 talcahuano","Talcahuano","BioBio","4260000","Chile","jo.vasconcellosv@gmail.com","+56.935239679","","Jonathan Marcelo Vasconcellos Vega","","Los cedros , 639 talcahuano","Talcahuano","BioBio","4260000","Chile","jo.vasconcellosv@gmail.com","+56.935239679","","Jonathan Marcelo Vasconcellos Vega","","Los cedros , 639 talcahuano","Talcahuano","BioBio","4260000","Chile","jo.vasconcellosv@gmail.com","+56.935239679","","","","","","","","","","","","ns12.hostgator.cl","ns13.hostgator.cl","","","clientTransferProhibited","","",""
"42","plentymind.com","2021-03-01 16:19:02","2021-02-27","2021-02-27","2022-02-27","303","PDR Ltd. d/b/a PublicDomainRegistry.com","whois.publicdomainregistry.com","http://www.publicdomainregistry.com","Luis Francisco Alcayaga","AP","Nuestra Senora del Rosario 1057,  Vitacura","Santiago de Chile","Vitacura","7650703","Chile","franguty@gmail.com","+56.984183815","","Luis Francisco Alcayaga","AP","Nuestra Senora del Rosario 1057,  Vitacura","Santiago de Chile","Vitacura","7650703","Chile","franguty@gmail.com","+56.984183815","","Luis Francisco Alcayaga","AP","Nuestra Senora del Rosario 1057,  Vitacura","Santiago de Chile","Vitacura","7650703","Chile","franguty@gmail.com","+56.984183815","","","","","","","","","","","","ns1.dnsmisitio.net","ns2.dnsmisitio.net","ns3.dnsmisitio.net","","clientTransferProhibited","","",""
"43","portalcostura.com","2021-03-01 16:18:19","2021-02-27","2021-02-27","2022-02-27","1388","Dattatec.com SRL","whois.dattatec.com","http://www.dattatec.com","Juan Trejo","Juan Trejo","Guacolda 201, La Florida","SANTIAGO","SANTIAGO","8311033","Chile","juan@trejo.cl","+56.0995779000","","Juan Trejo","Juan Trejo","Guacolda 201, La Florida","SANTIAGO","SANTIAGO","8311033","Chile","juan@trejo.cl","+56.0995779000","","Juan Trejo","Juan Trejo","Guacolda 201, La Florida","SANTIAGO","SANTIAGO","8311033","Chile","juan@trejo.cl","+56.0995779000","","","","","","","","","","","","ns1.donweb.cl","ns1.donweb.co","ns1.donweb.mx","ns1.donweb.uy","OK","","",""
"44","pymeranking.com","2021-03-01 14:25:33","2021-02-27","2021-02-27","2022-02-27","1086","Marcaria.com International, Inc.","whois.melbourneit.com","http://www.melbourneit.com","Domain Manager","Intelinet Corp","Avenida Presidente Bulnes 79 75","Santiago","Santiago","8331143","Chile","cne@intelinet.cl","+56.994199443","","Domain Manager","Intelinet Corp","Avenida Presidente Bulnes 79 75","Santiago","Santiago","8331143","Chile","cne@intelinet.cl","+56.994199443","","Domain Manager","Marcaria.com LLC","8345 NW 66 ST #B1673","Miami","Florida","33195","United States","domains@marcaria.com","+1.3054348621","","","","","","","","","","","","ns01.trademarkarea.com","ns02.trademarkarea.com","ns03.trademarkarea.com","","clientTransferProhibited","","",""
"45","quierosermago.com","2021-03-01 17:38:16","2021-02-27","2021-02-27","2023-02-27","146","GoDaddy.com, LLC","whois.godaddy.com","http://registrar.godaddy.com","Aprendemagia","Aprendemagia","","","RM","","Chile","","","","","","","","","","","","","","","","","","","","","","","","","","","","","","","","","","ns41.domaincontrol.com","ns42.domaincontrol.com","","","clientDeleteProhibited","clientRenewProhibited","clientTransferProhibited","clientUpdateProhibited"
"46","san-gall.com","2021-03-01 16:15:18","2021-02-27","2021-02-27","2022-02-27","303","PDR Ltd. d/b/a PublicDomainRegistry.com","whois.publicdomainregistry.com","http://www.publicdomainregistry.com","Rafael Enrrique Sanchez Gallanti","","Maipu, 1595 Concepcion","Concepcion","BioBio","4030000","Chile","eleafar9210@gmail.com","+56.945334257","","Rafael Enrrique Sanchez Gallanti","","Maipu, 1595 Concepcion","Concepcion","BioBio","4030000","Chile","eleafar9210@gmail.com","+56.945334257","","Rafael Enrrique Sanchez Gallanti","","Maipu, 1595 Concepcion","Concepcion","BioBio","4030000","Chile","eleafar9210@gmail.com","+56.945334257","","","","","","","","","","","","ns12.hostgator.cl","ns13.hostgator.cl","","","clientTransferProhibited","","",""
"47","seijai.com","2021-03-01 16:14:22","2021-02-27","2021-02-27","2022-02-27","625","Name.com, Inc.","whois.name.com","http://www.name.com","Gustavo Llermaly","Gustavo Llermaly","Victor Manuel 2351","Santiago","REGION METROPOLITANA","8361433","Chile","","Non-Public Data","","Gustavo Llermaly","Gustavo Llermaly","Victor Manuel 2351","Santiago","REGION METROPOLITANA","8361433","Chile","","Non-Public Data","","Gustavo Llermaly","Gustavo Llermaly","Victor Manuel 2351","Santiago","REGION METROPOLITANA","8361433","Chile","","Non-Public Data","","","","","","","","","","","","ns1gmz.name.com","ns2fln.name.com","ns3jkl.name.com","ns4fqz.name.com","addPeriod","clientTransferProhibited","",""
"48","thereallifeenmc.com","2021-03-01 16:06:40","2021-02-27","2021-02-27","2022-02-27","1647","Hosting Concepts B.V. dba Openprovider","whois.registrar.eu","http://www.openprovider.com","REDACTED FOR PRIVACY","","REDACTED FOR PRIVACY","REDACTED FOR PRIVACY","Biobio","REDACTED FOR PRIVACY","Chile","","REDACTED FOR PRIVACY","REDACTED FOR PRIVACY","REDACTED FOR PRIVACY","REDACTED FOR PRIVACY","REDACTED FOR PRIVACY","REDACTED FOR PRIVACY","REDACTED FOR PRIVACY","REDACTED FOR PRIVACY","REDACTED FOR PRIVACY","","REDACTED FOR PRIVACY","REDACTED FOR PRIVACY","REDACTED FOR PRIVACY","REDACTED FOR PRIVACY","REDACTED FOR PRIVACY","REDACTED FOR PRIVACY","REDACTED FOR PRIVACY","REDACTED FOR PRIVACY","REDACTED FOR PRIVACY","","REDACTED FOR PRIVACY","REDACTED FOR PRIVACY","","","","","","","","","","","ns1.dns-parking.com","ns2.dns-parking.com","","","clientTransferProhibited","ok","",""
"49","tiendamissfit.com","2021-03-01 16:05:40","2021-02-27","2021-02-26","2026-02-27","1388","Dattatec.com SRL","whois.dattatec.com","http://www.dattatec.com","pamela said","pamela said","sta amalia 3500","","","","Chile","pamela.said@gmail.com","+56.30738809","","pamela said","pamela said","sta amalia 3500","","","","Chile","pamela.said@gmail.com","+56.30738809","","pamela said","pamela said","sta amalia 3500","","","","Chile","pamela.said@gmail.com","+56.30738809","","","","","","","","","","","","ns-127.awsdns-15.com","ns-1411.awsdns-48.org","ns-1868.awsdns-41.co.uk","ns-883.awsdns-46.net","OK","","",""
"50","titcar.com","2021-03-01 14:26:34","2021-02-27","2021-02-27","2022-02-27","625","Name.com, Inc.","whois.name.com","http://www.name.com","Henrry Henriquez Diaz","","Av. Apoquindo 3846 , las condes","Santiago","Metropolitana","8340422","Chile","","Non-Public Data","","Henrry Henriquez Diaz","","Av. Apoquindo 3846 , las condes","Santiago","Metropolitana","8340422","Chile","","Non-Public Data","","Henrry Henriquez Diaz","","Av. Apoquindo 3846 , las condes","Santiago","Metropolitana","8340422","Chile","","Non-Public Data","","","","","","","","","","","","ns4020.banahosting.com","ns4021.banahosting.com","","","addPeriod","clientTransferProhibited","",""
"51","tuinglesfluido.com","2021-03-01 16:04:04","2021-02-27","2021-02-28","2022-02-27","1479","Namesilo, LLC","whois.namesilo.com","http://www.namesilo.com","Jessica Alejandra Suarez Nunez","","Jose Carlos Mariategui 12572","Santiago","santiago","8320000","Chile","thebestofthecure2014@gmail.com","+56.957182576","","Jessica Alejandra Suarez Nunez","","Jose Carlos Mariategui 12572","Santiago","santiago","8320000","Chile","thebestofthecure2014@gmail.com","+56.957182576","","Jessica Alejandra Suarez Nunez","","Jose Carlos Mariategui 12572","Santiago","santiago","8320000","Chile","thebestofthecure2014@gmail.com","+56.957182576","","","","","","","","","","","","ns5110.banahosting.com","ns5111.banahosting.com","","","clientTransferProhibited","","",""
"52","vakkitahignora.com","2021-03-01 16:02:29","2021-02-27","2021-02-27","2022-02-27","886","Domain.com, LLC","whois.domain.com","http://www.domain.com","REDACTED FOR PRIVACY","REDACTED FOR PRIVACY","REDACTED FOR PRIVACY","REDACTED FOR PRIVACY","NA","REDACTED FOR PRIVACY","Chile","","REDACTED FOR PRIVACY","REDACTED FOR PRIVACY","REDACTED FOR PRIVACY","REDACTED FOR PRIVACY","REDACTED FOR PRIVACY","REDACTED FOR PRIVACY","REDACTED FOR PRIVACY","REDACTED FOR PRIVACY","REDACTED FOR PRIVACY","","REDACTED FOR PRIVACY","REDACTED FOR PRIVACY","REDACTED FOR PRIVACY","REDACTED FOR PRIVACY","REDACTED FOR PRIVACY","REDACTED FOR PRIVACY","REDACTED FOR PRIVACY","REDACTED FOR PRIVACY","REDACTED FOR PRIVACY","","REDACTED FOR PRIVACY","REDACTED FOR PRIVACY","","","","","","","","","","","ns-1123.awsdns-12.org","ns-1798.awsdns-32.co.uk","ns-347.awsdns-43.com","ns-881.awsdns-46.net","","","",""
"53","victorhenriquez.com","2021-03-01 16:01:56","2021-02-27","2021-02-27","2022-02-27","303","PDR Ltd. d/b/a PublicDomainRegistry.com","whois.publicdomainregistry.com","http://www.publicdomainregistry.com","victor henriquez","","alameda 927, 927 Curanilahue","Curanilahue","BioBio","4133002","Chile","dnaenry@gmail.com","+56.988177439","","victor henriquez","","alameda 927, 927 Curanilahue","Curanilahue","BioBio","4133002","Chile","dnaenry@gmail.com","+56.988177439","","victor henriquez","","alameda 927, 927 Curanilahue","Curanilahue","BioBio","4133002","Chile","dnaenry@gmail.com","+56.988177439","","","","","","","","","","","","ns16.hostgator.cl","ns17.hostgator.cl","","","clientTransferProhibited","","",""
"54","vitrineovirtual.com","2021-03-01 16:01:34","2021-02-26","2021-02-26","2022-02-26","146","GoDaddy.com, LLC","whois.godaddy.com","http://registrar.godaddy.com","","","","","Chile","","Chile","","","","","","","","","","","","","","","","","","","","","","","","","","","","","","","","","","ns77.domaincontrol.com","ns78.domaincontrol.com","","","clientDeleteProhibited","clientRenewProhibited","clientTransferProhibited","clientUpdateProhibited"
"55","worldcitizenid.com","2021-03-01 17:28:36","2021-02-27","2021-02-27","2022-02-27","146","GoDaddy.com, LLC","whois.godaddy.com","http://registrar.godaddy.com","Lesys Ltd","Lesys Ltd","","","Metropolitana","","Chile","","","","","","","","","","","","","","","","","","","","","","","","","","","","","","","","","","ns29.domaincontrol.com","ns30.domaincontrol.com","","","clientDeleteProhibited","clientRenewProhibited","clientTransferProhibited","clientUpdateProhibited"
"56","xwendys.site","2021-03-01 15:28:15","2021-02-27","2021-02-27","2022-02-27","1647","Hosting Concepts B.V. dba Openprovider","whois.registrar.eu","http://www.openprovider.com","","","","","Tarapaca","","Chile","","","","","","","","","","","","","","","","","","","","","","","","","","","","","","","","","","dns1.sered.net","dns2.sered.net","","","addPeriod","clientTransferProhibited","serverTransferProhibited",""
"57","yobsin.com","2021-03-01 17:25:35","2021-02-27","2021-02-27","2022-02-27","303","PDR Ltd. d/b/a PublicDomainRegistry.com","whois.publicdomainregistry.com","http://www.publicdomainregistry.com","victor alvial","","laguna redonda 2055","Concepcion","Araucania","0000000","Chile","victor.alvialf@gmail.com","+56.95097813","","victor alvial","","laguna redonda 2055","Concepcion","Araucania","0000000","Chile","victor.alvialf@gmail.com","+56.95097813","","victor alvial","","laguna redonda 2055","Concepcion","Araucania","0000000","Chile","victor.alvialf@gmail.com","+56.95097813","","","","","","","","","","","","ns1.dominioschile.com","ns2.dominioschile.com","","","clientTransferProhibited","","",""