"num","domain_name","query_time","create_date","update_date","expiry_date","domain_registrar_id","domain_registrar_name","domain_registrar_whois","domain_registrar_url","registrant_name","registrant_company","registrant_address","registrant_city","registrant_state","registrant_zip","registrant_country","registrant_email","registrant_phone","registrant_fax","administrative_name","administrative_company","administrative_address","administrative_city","administrative_state","administrative_zip","administrative_country","administrative_email","administrative_phone","administrative_fax","technical_name","technical_company","technical_address","technical_city","technical_state","technical_zip","technical_country","technical_email","technical_phone","technical_fax","billing_name","billing_company","billing_address","billing_city","billing_state","billing_zip","billing_country","billing_email","billing_phone","billing_fax","name_server_1","name_server_2","name_server_3","name_server_4","domain_status_1","domain_status_2","domain_status_3","domain_status_4"
"1","ahorroyjubilacion.com","2021-03-01 17:34:49","2021-02-26","2021-02-26","2022-02-26","146","GoDaddy.com, LLC","whois.godaddy.com","http://registrar.godaddy.com","Mdmuller Group","Mdmuller Group","","","Pichincha","","Ecuador","","","","","","","","","","","","","","","","","","","","","","","","","","","","","","","","","","ns11.domaincontrol.com","ns12.domaincontrol.com","","","clientDeleteProhibited","clientRenewProhibited","clientTransferProhibited","clientUpdateProhibited"
"2","blogdeadlay.online","2021-03-01 15:38:00","2021-02-27","2021-02-27","2022-02-27","146","GoDaddy.com, LLC","whois.godaddy.com","http://registrar.godaddy.com","","","","","Pichincha","","Ecuador","","","","","","","","","","","","","","","","","","","","","","","","","","","","","","","","","","ns14.wixdns.net","ns15.wixdns.net","","","addPeriod","clientDeleteProhibited","clientRenewProhibited","clientTransferProhibited"
"3","chirimoyaclub.com","2021-03-01 16:53:33","2021-02-27","2021-02-27","2022-02-27","1250","Trunkoz Technologies Pvt Ltd. d/b/a OwnRegistrar.com","whois.ownregistrar.com","http://www.ownregistrar.com","Jorge Pillaga","Physeter","Guillermo Garzon y Jose CanelosMiraflores","Cuenca","Azuay","010107","Ecuador","pillaga@hotmail.com","+593.995151717","","Jorge Pillaga","Physeter","Guillermo Garzon y Jose CanelosMiraflores","Cuenca","Azuay","010107","Ecuador","pillaga@hotmail.com","+593-995151717","","Jorge Pillaga","Physeter","Guillermo Garzon y Jose CanelosMiraflores","Cuenca","Azuay","010107","Ecuador","pillaga@hotmail.com","+593-995151717","","","","","","","","","","","","ns1.kapcservice.com","ns2.kapcservice.com","ns3.kapcservice.com","ns4.kapcservice.com","clientRenewProhibited","clientTransferProhibited","clientUpdateProhibited",""
"4","club-aprende.com","2021-03-01 16:52:52","2021-02-26","2021-02-27","2022-02-26","1479","Namesilo, LLC","whois.namesilo.com","http://www.namesilo.com","Diego Ayuquina","","Via a Salitre","Guayaquil","Guayas","091910","Ecuador","diego.ayuquina@gmail.com","+593.963954451","","Diego Ayuquina","","Via a Salitre","Guayaquil","Guayas","091910","Ecuador","diego.ayuquina@gmail.com","+593.963954451","","Diego Ayuquina","","Via a Salitre","Guayaquil","Guayas","091910","Ecuador","diego.ayuquina@gmail.com","+593.963954451","","","","","","","","","","","","ns5110.banahosting.com","ns5111.banahosting.com","","","clientTransferProhibited","","",""
"5","consultoriaycapacitacionsepct.com","2021-03-01 16:51:37","2021-02-26","2021-02-27","2022-02-26","1479","Namesilo, LLC","whois.namesilo.com","http://www.namesilo.com","OSCAR DANIEL ROSERO HERNANDEZ","","JACINTO ESCOBAR 12-21 JOSE ABARCAS","QUITO","PICHINCHA","170606","Ecuador","digitalscriptquito@gmail.com","+593.987668120","","OSCAR DANIEL ROSERO HERNANDEZ","","JACINTO ESCOBAR 12-21 JOSE ABARCAS","QUITO","PICHINCHA","170606","Ecuador","digitalscriptquito@gmail.com","+593.987668120","","OSCAR DANIEL ROSERO HERNANDEZ","","JACINTO ESCOBAR 12-21 JOSE ABARCAS","QUITO","PICHINCHA","170606","Ecuador","digitalscriptquito@gmail.com","+593.987668120","","","","","","","","","","","","ns4020.banahosting.com","ns4021.banahosting.com","","","clientTransferProhibited","","",""
"6","cursosdebienesraices.online","2021-03-01 15:37:50","2021-02-26","2021-02-26","2022-02-26","625","Name.com, Inc.","whois.name.com","http://www.name.com","","","","","azuay","","Ecuador","","","","","","","","","","","","","","","","","","","","","","","","","","","","","","","","","","ns1.host2fire.com","ns2.host2fire.com","","","addPeriod","clientTransferProhibited","serverTransferProhibited",""
"7","cursosyseminariosvip.com","2021-03-01 16:50:41","2021-02-27","2021-02-27","2022-02-27","955","Launchpad, Inc.","whois.launchpad.com","http://www.launchpad.com","Homero Xavier Copo Guaman","None","Coop Jardines del Salado MZ 217 V12","Guayaquil","G","091112","Ecuador","xavcopo@outlook.es","+593.980313464","","Homero Xavier Copo Guaman","None","Coop Jardines del Salado MZ 217 V12","Guayaquil","G","091112","Ecuador","xavcopo@outlook.es","+593.980313464","","Homero Xavier Copo Guaman","None","Coop Jardines del Salado MZ 217 V12","Guayaquil","G","091112","Ecuador","xavcopo@outlook.es","+593.980313464","","","","","","","","","","","","ns8107.hostgator.com","ns8108.hostgator.com","","","clientTransferProhibited","","",""
"8","cvcomunica.com","2021-03-01 16:50:37","2021-02-27","2021-02-27","2022-02-27","303","PDR Ltd. d/b/a PublicDomainRegistry.com","whois.publicdomainregistry.com","http://www.publicdomainregistry.com","Paul Guevara","Rotanuncio","Av. 35 Calle18","Manta","Manabi","130203","Ecuador","rotanuncio@gmail.com","+593.9809577944","","Paul Guevara","Rotanuncio","Av. 35 Calle18","Manta","Manabi","130203","Ecuador","rotanuncio@gmail.com","+593.9809577944","","Paul Guevara","Rotanuncio","Av. 35 Calle18","Manta","Manabi","130203","Ecuador","rotanuncio@gmail.com","+593.9809577944","","","","","","","","","","","","ns1.mihosting.net","ns2.mihosting.net","ns3.mihosting.net","","clientTransferProhibited","","",""
"9","daquilemainforma.com","2021-03-01 16:50:14","2021-02-27","2021-02-27","2022-02-27","146","GoDaddy.com, LLC","whois.godaddy.com","http://registrar.godaddy.com","COOPERATIVA DAQUILEMA LTDA.","COOPERATIVA DAQUILEMA LTDA.","","","Sierra","","Ecuador","","","","","","","","","","","","","","","","","","","","","","","","","","","","","","","","","","","","","","clientDeleteProhibited","clientRenewProhibited","clientTransferProhibited","clientUpdateProhibited"
"10","datingify.site","2021-03-01 15:29:43","2021-02-26","2021-02-26","2022-02-26","1647","Hosting Concepts B.V. dba Openprovider","whois.registrar.eu","http://www.openprovider.com","","","","","El Oro","","Ecuador","","","","","","","","","","","","","","","","","","","","","","","","","","","","","","","","","","dns1.sered.net","dns2.sered.net","dns3.sered.net","dns4.sered.net","addPeriod","clientTransferProhibited","serverTransferProhibited",""
"11","detayess.com","2021-03-01 16:48:58","2021-02-27","2021-02-27","2022-02-27","303","PDR Ltd. d/b/a PublicDomainRegistry.com","whois.publicdomainregistry.com","http://www.publicdomainregistry.com","Erika Yesenia Mendoza Almache","","Carapungo, oe8-204 San Camilo","Quito","Pichincha","170202","Ecuador","ymendozaalmache@gmail.com","+593.0967739640","","Erika Yesenia Mendoza Almache","","Carapungo, oe8-204 San Camilo","Quito","Pichincha","170202","Ecuador","ymendozaalmache@gmail.com","+593.0967739640","","Erika Yesenia Mendoza Almache","","Carapungo, oe8-204 San Camilo","Quito","Pichincha","170202","Ecuador","ymendozaalmache@gmail.com","+593.0967739640","","","","","","","","","","","","ns44.hostgator.mx","ns45.hostgator.mx","","","clientTransferProhibited","","",""
"12","detodoenbici.com","2021-03-01 17:19:18","2021-02-27","2021-02-27","2022-02-27","886","Domain.com, LLC","whois.domain.com","http://www.domain.com","REDACTED FOR PRIVACY","REDACTED FOR PRIVACY","REDACTED FOR PRIVACY","REDACTED FOR PRIVACY","NA","REDACTED FOR PRIVACY","Ecuador","","REDACTED FOR PRIVACY","REDACTED FOR PRIVACY","REDACTED FOR PRIVACY","REDACTED FOR PRIVACY","REDACTED FOR PRIVACY","REDACTED FOR PRIVACY","REDACTED FOR PRIVACY","REDACTED FOR PRIVACY","REDACTED FOR PRIVACY","","REDACTED FOR PRIVACY","REDACTED FOR PRIVACY","REDACTED FOR PRIVACY","REDACTED FOR PRIVACY","REDACTED FOR PRIVACY","REDACTED FOR PRIVACY","REDACTED FOR PRIVACY","REDACTED FOR PRIVACY","REDACTED FOR PRIVACY","","REDACTED FOR PRIVACY","REDACTED FOR PRIVACY","","","","","","","","","","","ns1.ipage.com","ns2.ipage.com","","","OK","","",""
"13","distribgonzalez.com","2021-03-01 16:48:25","2021-02-27","2021-02-27","2022-02-27","303","PDR Ltd. d/b/a PublicDomainRegistry.com","whois.publicdomainregistry.com","http://www.publicdomainregistry.com","DISTRIBUIDORA  GONZALEZ Y COMPANIA","DISTRIBUIDORA GONZALEZ Y COMPANIA","PANAMERICANA S/N Y 24 DE ENERO - CAMILO PONCE ENRIQUEZ","CAMILO PONCE","Azuay","099299","Ecuador","gdistgonzalez@yahoo.com","+593.999499425","","DISTRIBUIDORA  GONZALEZ Y COMPANIA","DISTRIBUIDORA GONZALEZ Y COMPANIA","PANAMERICANA S/N Y 24 DE ENERO - CAMILO PONCE ENRIQUEZ","CAMILO PONCE","Azuay","099299","Ecuador","gdistgonzalez@yahoo.com","+593.999499425","","DISTRIBUIDORA  GONZALEZ Y COMPANIA","DISTRIBUIDORA GONZALEZ Y COMPANIA","PANAMERICANA S/N Y 24 DE ENERO - CAMILO PONCE ENRIQUEZ","CAMILO PONCE","Azuay","099299","Ecuador","gdistgonzalez@yahoo.com","+593.999499425","","","","","","","","","","","","ns23.hostingcolor.com","ns24.hostingcolor.com","ns25.hostingcolor.com","","clientTransferProhibited","","",""
"14","excelenciaboutiqueevent.com","2021-03-01 16:44:45","2021-02-27","2021-02-27","2022-02-27","1647","Hosting Concepts B.V. dba Openprovider","whois.registrar.eu","http://www.openprovider.com","REDACTED FOR PRIVACY","Excelencia Boutique Event","REDACTED FOR PRIVACY","REDACTED FOR PRIVACY","Pichincha","REDACTED FOR PRIVACY","Ecuador","","REDACTED FOR PRIVACY","REDACTED FOR PRIVACY","REDACTED FOR PRIVACY","REDACTED FOR PRIVACY","REDACTED FOR PRIVACY","REDACTED FOR PRIVACY","REDACTED FOR PRIVACY","REDACTED FOR PRIVACY","REDACTED FOR PRIVACY","","REDACTED FOR PRIVACY","REDACTED FOR PRIVACY","REDACTED FOR PRIVACY","REDACTED FOR PRIVACY","REDACTED FOR PRIVACY","REDACTED FOR PRIVACY","REDACTED FOR PRIVACY","REDACTED FOR PRIVACY","REDACTED FOR PRIVACY","","REDACTED FOR PRIVACY","REDACTED FOR PRIVACY","","","","","","","","","","","ns1.dns-parking.com","ns2.dns-parking.com","","","clientTransferProhibited","ok","",""
"15","ferreterialopez.net","2021-03-01 15:40:36","2021-02-26","2021-02-26","2022-02-26","69","Tucows Domains Inc.","whois.tucows.com","http://domainhelp.opensrs.net","REDACTED FOR PRIVACY","REDACTED FOR PRIVACY","REDACTED FOR PRIVACY","REDACTED FOR PRIVACY","XX","REDACTED FOR PRIVACY","Ecuador","","REDACTED FOR PRIVACY","REDACTED FOR PRIVACY","REDACTED FOR PRIVACY","REDACTED FOR PRIVACY","REDACTED FOR PRIVACY","REDACTED FOR PRIVACY","REDACTED FOR PRIVACY","REDACTED FOR PRIVACY","REDACTED FOR PRIVACY","","REDACTED FOR PRIVACY","REDACTED FOR PRIVACY","REDACTED FOR PRIVACY","REDACTED FOR PRIVACY","REDACTED FOR PRIVACY","REDACTED FOR PRIVACY","REDACTED FOR PRIVACY","REDACTED FOR PRIVACY","REDACTED FOR PRIVACY","","REDACTED FOR PRIVACY","REDACTED FOR PRIVACY","","","","","","","","","","","ns1.giowm1291.siteground.biz","ns2.giowm1291.siteground.biz","","","clientTransferProhibited","clientUpdateProhibited","",""
"16","gigimat.com","2021-03-01 16:41:12","2021-02-27","2021-02-27","2022-02-27","69","Tucows Domains Inc.","whois.tucows.com","http://domainhelp.opensrs.net","REDACTED FOR PRIVACY","REDACTED FOR PRIVACY","REDACTED FOR PRIVACY","REDACTED FOR PRIVACY","XX","REDACTED FOR PRIVACY","Ecuador","","REDACTED FOR PRIVACY","REDACTED FOR PRIVACY","REDACTED FOR PRIVACY","REDACTED FOR PRIVACY","REDACTED FOR PRIVACY","REDACTED FOR PRIVACY","REDACTED FOR PRIVACY","REDACTED FOR PRIVACY","REDACTED FOR PRIVACY","","REDACTED FOR PRIVACY","REDACTED FOR PRIVACY","REDACTED FOR PRIVACY","REDACTED FOR PRIVACY","REDACTED FOR PRIVACY","REDACTED FOR PRIVACY","REDACTED FOR PRIVACY","REDACTED FOR PRIVACY","REDACTED FOR PRIVACY","","REDACTED FOR PRIVACY","REDACTED FOR PRIVACY","","","","","","","","","","","ns1.siteground181.com","ns2.siteground181.com","","","clientTransferProhibited","clientUpdateProhibited","",""
"17","globalpharmaceutica.com","2021-03-01 16:40:59","2021-02-27","2021-02-27","2022-02-27","955","Launchpad, Inc.","whois.launchpad.com","http://www.launchpad.com","Hanley Borge","None","Av. Teniente Hugo Ortiz","Quito","P","170202","Ecuador","hanleyb@gmail.com","+593.969997938","","Hanley Borge","None","Av. Teniente Hugo Ortiz","Quito","P","170202","Ecuador","hanleyb@gmail.com","+593.969997938","","Hanley Borge","None","Av. Teniente Hugo Ortiz","Quito","P","170202","Ecuador","hanleyb@gmail.com","+593.969997938","","","","","","","","","","","","ns1.hostgator.com","ns2.hostgator.com","","","clientTransferProhibited","","",""
"18","haciendalasdelicias.net","2021-03-01 15:40:18","2021-02-26","2021-02-26","2022-02-26","303","PDR Ltd. d/b/a PublicDomainRegistry.com","whois.publicdomainregistry.com","http://www.publicdomainregistry.com","JULIO CESAR GEREDA CARRILLO","UNIVERSIDAD SAN GREGORIO DE PORTOVIEJO","AV OLIMPICA, AVENIDA METROPOLITANA 2005 BIBLIOTECA GENERAL USGP, DEPARTAMENTO DE COMUNICACION","PORTOVIEJO","MANABI","130101","Ecuador","juliogereda@hotmail.com","+593.86485742","","JULIO CESAR GEREDA CARRILLO","UNIVERSIDAD SAN GREGORIO DE PORTOVIEJO","AV OLIMPICA, AVENIDA METROPOLITANA 2005 BIBLIOTECA GENERAL USGP, DEPARTAMENTO DE COMUNICACION","PORTOVIEJO","MANABI","130101","Ecuador","juliogereda@hotmail.com","+593.86485742","","JULIO CESAR GEREDA CARRILLO","UNIVERSIDAD SAN GREGORIO DE PORTOVIEJO","AV OLIMPICA, AVENIDA METROPOLITANA 2005 BIBLIOTECA GENERAL USGP, DEPARTAMENTO DE COMUNICACION","PORTOVIEJO","MANABI","130101","Ecuador","juliogereda@hotmail.com","+593.86485742","","","","","","","","","","","","ns1.colombiawebs.net","ns2.colombiawebs.net","ns5.colombiawebs.net","ns6.colombiawebs.net","clientTransferProhibited","","",""
"19","herquinet.com","2021-03-01 16:38:16","2021-02-27","2021-02-27","2022-02-27","146","GoDaddy.com, LLC","whois.godaddy.com","http://registrar.godaddy.com","","","","","Guayas","","Ecuador","","","","","","","","","","","","","","","","","","","","","","","","","","","","","","","","","","ns21.domaincontrol.com","ns22.domaincontrol.com","","","clientDeleteProhibited","clientRenewProhibited","clientTransferProhibited","clientUpdateProhibited"
"20","marketingdigital593.com","2021-03-01 17:18:25","2021-02-27","2021-02-27","2022-02-27","303","PDR Ltd. d/b/a PublicDomainRegistry.com","whois.publicdomainregistry.com","http://www.publicdomainregistry.com","ANTONIO VERA","MARKETING DIGITAL","carcelen bajo","quito","PICHINCHA","170401","Ecuador","antoniovera0917@gmail.com","+593.995827662","","ANTONIO VERA","MARKETING DIGITAL","carcelen bajo","quito","PICHINCHA","170401","Ecuador","antoniovera0917@gmail.com","+593.995827662","","ANTONIO VERA","MARKETING DIGITAL","carcelen bajo","quito","PICHINCHA","170401","Ecuador","antoniovera0917@gmail.com","+593.995827662","","","","","","","","","","","","srv10.infranetdns.com","srv10a.infranetdns.com","","","clientTransferProhibited","","",""
"21","marketingdigitalg.com","2021-03-01 16:29:17","2021-02-26","2021-02-27","2022-02-26","146","GoDaddy.com, LLC","whois.godaddy.com","http://registrar.godaddy.com","Natural","Natural","","","Quito","","Ecuador","","","","","","","","","","","","","","","","","","","","","","","","","","","","","","","","","","ns1.digitalmentehosting.com","ns2.digitalmentehosting.com","","","clientDeleteProhibited","clientRenewProhibited","clientTransferProhibited","clientUpdateProhibited"
"22","matercargo.com","2021-03-01 16:29:12","2021-02-27","2021-02-27","2022-02-27","303","PDR Ltd. d/b/a PublicDomainRegistry.com","whois.publicdomainregistry.com","http://www.publicdomainregistry.com","SEBASTIAN MIRO VARGAS GONZALEZ","","GUAYACANES 513 Y LAS MONJAS","GUAYAQUIL","GUAYAS","090507","Ecuador","sebastian_vargas@hotmail.com","+593.46018224","","SEBASTIAN MIRO VARGAS GONZALEZ","","GUAYACANES 513 Y LAS MONJAS","GUAYAQUIL","GUAYAS","090507","Ecuador","sebastian_vargas@hotmail.com","+593.46018224","","SEBASTIAN MIRO VARGAS GONZALEZ","","GUAYACANES 513 Y LAS MONJAS","GUAYAQUIL","GUAYAS","090507","Ecuador","sebastian_vargas@hotmail.com","+593.46018224","","","","","","","","","","","","ns23.hostingcolor.com","ns24.hostingcolor.com","ns25.hostingcolor.com","","clientTransferProhibited","","",""
"23","maxstore593.com","2021-03-01 16:28:59","2021-02-27","2021-02-27","2022-02-27","625","Name.com, Inc.","whois.name.com","http://www.name.com","Xavier Freire","QSoftware.biz","Fernandez Salvador OE4-56 J22 3A y Pedro Freile","Quito","Pichincha","EC000","Ecuador","","Non-Public Data","","Xavier Freire","QSoftware.biz","Fernandez Salvador OE4-56 J22 3A y Pedro Freile","Quito","Pichincha","EC000","Ecuador","","Non-Public Data","","Xavier Freire","QSoftware.biz","Fernandez Salvador OE4-56 J22 3A y Pedro Freile","Quito","Pichincha","EC000","Ecuador","","Non-Public Data","","","","","","","","","","","","ns1.name.com","ns2.name.com","ns3.name.com","ns4.name.com","addPeriod","clientTransferProhibited","",""
"24","mimarcademoda.com","2021-03-01 16:27:26","2021-02-27","2021-02-27","2022-02-27","146","GoDaddy.com, LLC","whois.godaddy.com","http://registrar.godaddy.com","Rodrigo Urrea","Rodrigo Urrea","","","Tungurahua","","Ecuador","","","","","","","","","","","","","","","","","","","","","","","","","","","","","","","","","","ns57.domaincontrol.com","ns58.domaincontrol.com","","","clientDeleteProhibited","clientRenewProhibited","clientTransferProhibited","clientUpdateProhibited"
"25","mimundopet.com","2021-03-01 17:47:47","2021-02-27","2021-02-27","2022-02-27","1154","FastDomain Inc.","whois.fastdomain.com","http://www.fastdomain.com","JORGE NINO","JORGE NINO","AV MACHALA CASA 13","QUITO","NA","EC170134","Ecuador","cross.bta@gmail.com","+593.0961735969","","JORGE NINO","JORGE NINO","AV MACHALA CASA 13","QUITO","NA","EC170134","Ecuador","cross.bta@gmail.com","+593.0961735969","","BLUEHOST INC","BLUEHOST.COM","550 E TIMPANOGOS PKWY","OREM","UTAH","84097","United States","whois@bluehost.com","+1.8017659400","+1.8017651992","","","","","","","","","","","ns1.bluehost.com","ns2.bluehost.com","","","clientTransferProhibited","","",""
"26","minkamello.net","2021-03-01 14:42:17","2021-02-26","2021-02-26","2022-02-26","440","Wild West Domains, LLC","whois.wildwestdomains.com","http://www.wildwestdomains.com","","","","","Pichincha","","Ecuador","","","","","","","","","","","","","","","","","","","","","","","","","","","","","","","","","","ns701.sameservers.com","ns702.sameservers.com","ns703.sameservers.com","","clientDeleteProhibited","clientRenewProhibited","clientTransferProhibited","clientUpdateProhibited"
"27","nextcloud-ati.space","2021-03-01 15:27:54","2021-02-27","2021-02-27","2022-02-27","1472","LiquidNet Ltd.","whois.liquidnetlimited.com","http://www.liquidnetlimited.com","","","","","Pichincha","","Ecuador","","","","","","","","","","","","","","","","","","","","","","","","","","","","","","","","","","dns1.freehostia.com","dns2.freehostia.com","","","addPeriod","clientTransferProhibited","serverTransferProhibited",""
"28","pixel3drendering.com","2021-03-01 16:19:18","2021-02-27","2021-02-27","2022-02-27","303","PDR Ltd. d/b/a PublicDomainRegistry.com","whois.publicdomainregistry.com","http://www.publicdomainregistry.com","Freddy Guaminga","","Oe11-82, N81 La Paz","Quito","Pichincha","170301","Ecuador","pixel3drendering@gmail.com","+593.0998496923","","Freddy Guaminga","","Oe11-82, N81 La Paz","Quito","Pichincha","170301","Ecuador","pixel3drendering@gmail.com","+593.0998496923","","Freddy Guaminga","","Oe11-82, N81 La Paz","Quito","Pichincha","170301","Ecuador","pixel3drendering@gmail.com","+593.0998496923","","","","","","","","","","","","ns10.hostgator.mx","ns11.hostgator.mx","","","clientTransferProhibited","","",""
"29","recursoscreativosemprendedores.com","2021-03-01 14:35:06","2021-02-27","2021-02-27","2022-02-27","1383","Soluciones Corporativas IP, SLU","whois.scip.es","http://www.dondominio.com","REDACTED FOR PRIVACY","","REDACTED FOR PRIVACY","REDACTED FOR PRIVACY","Pichincha","REDACTED FOR PRIVACY","Ecuador","","REDACTED FOR PRIVACY","REDACTED FOR PRIVACY","REDACTED FOR PRIVACY","REDACTED FOR PRIVACY","REDACTED FOR PRIVACY","REDACTED FOR PRIVACY","REDACTED FOR PRIVACY","REDACTED FOR PRIVACY","REDACTED FOR PRIVACY","","REDACTED FOR PRIVACY","REDACTED FOR PRIVACY","REDACTED FOR PRIVACY","REDACTED FOR PRIVACY","REDACTED FOR PRIVACY","REDACTED FOR PRIVACY","REDACTED FOR PRIVACY","REDACTED FOR PRIVACY","REDACTED FOR PRIVACY","","REDACTED FOR PRIVACY","REDACTED FOR PRIVACY","","","","","","","","","","","ns2001.webempresa.eu","ns2002.webempresa.eu","","","OK","","",""
"30","rendimientocorporalybienestar.online","2021-03-01 15:34:52","2021-02-26","2021-02-26","2022-02-26","625","Name.com, Inc.","whois.name.com","http://www.name.com","","","","","Pichincha","","Ecuador","","","","","","","","","","","","","","","","","","","","","","","","","","","","","","","","","","ns10.hostgator.mx","ns11.hostgator.mx","","","addPeriod","clientTransferProhibited","serverTransferProhibited",""
"31","rivermarmol.com","2021-03-01 14:34:14","2021-02-27","2021-02-27","2022-02-27","1388","Dattatec.com SRL","whois.dattatec.com","http://www.dattatec.com","Santiago Solorzano","Santiago Solorzano","Av. 12 de Octubre","Quito","Pichincha","","Ecuador","sjsvaultv@gmail.com","+0.958816847","","Santiago Solorzano","Santiago Solorzano","Av. 12 de Octubre","Quito","Pichincha","","Ecuador","sjsvaultv@gmail.com","+0.958816847","","Santiago Solorzano","Santiago Solorzano","Av. 12 de Octubre","Quito","Pichincha","","Ecuador","sjsvaultv@gmail.com","+0.958816847","","","","","","","","","","","","ns1.bluehost.com","ns2.bluehost.com","","","OK","","",""
"32","salomebetancourt.com","2021-03-01 16:15:47","2021-02-27","2021-02-27","2022-02-27","303","PDR Ltd. d/b/a PublicDomainRegistry.com","whois.publicdomainregistry.com","http://www.publicdomainregistry.com","Salome Betancourt","","Av. Brasil n40-60 y Charles Darwin, Sector Quito T","Quito","Pichincha","170510","Ecuador","snbetancourt27@gmail.com","+593.0984589872","","Salome Betancourt","","Av. Brasil n40-60 y Charles Darwin, Sector Quito T","Quito","Pichincha","170510","Ecuador","snbetancourt27@gmail.com","+593.0984589872","","Salome Betancourt","","Av. Brasil n40-60 y Charles Darwin, Sector Quito T","Quito","Pichincha","170510","Ecuador","snbetancourt27@gmail.com","+593.0984589872","","","","","","","","","","","","ns23.hostingcolor.com","ns24.hostingcolor.com","ns25.hostingcolor.com","","clientTransferProhibited","","",""
"33","syncronia.site","2021-03-01 15:29:13","2021-02-26","2021-02-26","2022-02-26","1636","Hostinger, UAB","whois.hostinger.com","http://www.hostinger.com","Not Applicable","Not Applicable","","","Pichincha","","Ecuador","","","","","","","","","","","","","","","","","","","","","","","","","","","","","","","","","","ns1.dns-parking.com","ns2.dns-parking.com","","","addPeriod","clientTransferProhibited","serverTransferProhibited",""
"34","tecnoglobals.com","2021-03-01 16:08:22","2021-02-27","2021-02-27","2022-02-27","955","Launchpad, Inc.","whois.launchpad.com","http://www.launchpad.com","Hanley Borge","None","Av. Teniente Hugo Ortiz","Quito","P","170202","Ecuador","hanleyb@gmail.com","+593.969997938","","Hanley Borge","None","Av. Teniente Hugo Ortiz","Quito","P","170202","Ecuador","hanleyb@gmail.com","+593.969997938","","Hanley Borge","None","Av. Teniente Hugo Ortiz","Quito","P","170202","Ecuador","hanleyb@gmail.com","+593.969997938","","","","","","","","","","","","ns1.hostgator.com","ns2.hostgator.com","","","clientTransferProhibited","","",""
"35","themidasbusiness.com","2021-03-01 16:06:50","2021-02-27","2021-02-27","2022-02-27","955","Launchpad, Inc.","whois.launchpad.com","http://www.launchpad.com","Ivan Alvear","None","Cdla Las Orquideas","Guayaquil","G","090510","Ecuador","iaalvearp@gmail.com","+593.982486981","","Ivan Alvear","None","Cdla Las Orquideas","Guayaquil","G","090510","Ecuador","iaalvearp@gmail.com","+593.982486981","","Ivan Alvear","None","Cdla Las Orquideas","Guayaquil","G","090510","Ecuador","iaalvearp@gmail.com","+593.982486981","","","","","","","","","","","","ns8543.hostgator.com","ns8544.hostgator.com","","","clientTransferProhibited","","",""
"36","totaldatas.com","2021-03-01 17:46:18","2021-02-27","2021-02-27","2022-02-27","1647","Hosting Concepts B.V. dba Openprovider","whois.registrar.eu","http://www.openprovider.com","REDACTED FOR PRIVACY","","REDACTED FOR PRIVACY","REDACTED FOR PRIVACY","Guayas","REDACTED FOR PRIVACY","Ecuador","","REDACTED FOR PRIVACY","REDACTED FOR PRIVACY","REDACTED FOR PRIVACY","REDACTED FOR PRIVACY","REDACTED FOR PRIVACY","REDACTED FOR PRIVACY","REDACTED FOR PRIVACY","REDACTED FOR PRIVACY","REDACTED FOR PRIVACY","","REDACTED FOR PRIVACY","REDACTED FOR PRIVACY","REDACTED FOR PRIVACY","REDACTED FOR PRIVACY","REDACTED FOR PRIVACY","REDACTED FOR PRIVACY","REDACTED FOR PRIVACY","REDACTED FOR PRIVACY","REDACTED FOR PRIVACY","","REDACTED FOR PRIVACY","REDACTED FOR PRIVACY","","","","","","","","","","","ns1.dns-parking.com","ns2.dns-parking.com","","","clientTransferProhibited","ok","",""
"37","totalorganichealth.net","2021-03-01 14:40:33","2021-02-26","2021-02-26","2022-02-26","303","PDR Ltd. d/b/a PublicDomainRegistry.com","whois.publicdomainregistry.com","http://www.publicdomainregistry.com","ROLANDO JAVIER PILLAJO PILA","Byte Technology","Av. Atahualpa 45-40","Quito","Pichincha","171104","Ecuador","javier.pillajo@yahoo.com","+593.992698691","","ROLANDO JAVIER PILLAJO PILA","Byte Technology","Av. Atahualpa 45-40","Quito","Pichincha","171104","Ecuador","javier.pillajo@yahoo.com","+593.992698691","","ROLANDO JAVIER PILLAJO PILA","Byte Technology","Av. Atahualpa 45-40","Quito","Pichincha","171104","Ecuador","javier.pillajo@yahoo.com","+593.992698691","","","","","","","","","","","","ns23.hostingcolor.com","ns24.hostingcolor.com","ns25.hostingcolor.com","","clientTransferProhibited","","",""
"38","trabajo-europa.com","2021-03-01 16:04:54","2021-02-27","2021-02-27","2023-02-27","69","Tucows Domains Inc.","whois.tucows.com","http://domainhelp.opensrs.net","REDACTED FOR PRIVACY","REDACTED FOR PRIVACY","REDACTED FOR PRIVACY","REDACTED FOR PRIVACY","Pichincha","REDACTED FOR PRIVACY","Ecuador","","REDACTED FOR PRIVACY","REDACTED FOR PRIVACY","REDACTED FOR PRIVACY","REDACTED FOR PRIVACY","REDACTED FOR PRIVACY","REDACTED FOR PRIVACY","REDACTED FOR PRIVACY","REDACTED FOR PRIVACY","REDACTED FOR PRIVACY","","REDACTED FOR PRIVACY","REDACTED FOR PRIVACY","REDACTED FOR PRIVACY","REDACTED FOR PRIVACY","REDACTED FOR PRIVACY","REDACTED FOR PRIVACY","REDACTED FOR PRIVACY","REDACTED FOR PRIVACY","REDACTED FOR PRIVACY","","REDACTED FOR PRIVACY","REDACTED FOR PRIVACY","","","","","","","","","","","yns1.yahoo.com","yns2.yahoo.com","","","clientTransferProhibited","clientUpdateProhibited","",""
"39","tuafiliacionvirtual.online","2021-03-01 15:34:35","2021-02-26","2021-02-26","2022-02-26","1636","Hostinger, UAB","whois.hostinger.com","http://www.hostinger.com","Not Applicable","Not Applicable","","","Pichincha","","Ecuador","","","","","","","","","","","","","","","","","","","","","","","","","","","","","","","","","","ns1.mysecurecloudhost.com","ns2.mysecurecloudhost.com","","","addPeriod","clientTransferProhibited","serverTransferProhibited",""
"40","tumundopet.com","2021-03-01 16:04:19","2021-02-27","2021-02-27","2022-02-27","1154","FastDomain Inc.","whois.fastdomain.com","http://www.fastdomain.com","JORGE NINO","JORGE NINO","AV MACHALA CASA 13","QUITO","NA","EC170134","Ecuador","cross.bta@gmail.com","+593.0961735969","","JORGE NINO","JORGE NINO","AV MACHALA CASA 13","QUITO","NA","EC170134","Ecuador","cross.bta@gmail.com","+593.0961735969","","BLUEHOST INC","BLUEHOST.COM","550 E TIMPANOGOS PKWY","OREM","UTAH","84097","United States","whois@bluehost.com","+1.8017659400","+1.8017651992","","","","","","","","","","","ns1.bluehost.com","ns2.bluehost.com","","","clientTransferProhibited","","",""
"41","viandamenu.com","2021-03-01 16:02:04","2021-02-27","2021-02-27","2022-02-27","146","GoDaddy.com, LLC","whois.godaddy.com","http://registrar.godaddy.com","Quetrip","Quetrip","","","manabi","","Ecuador","","","","","","","","","","","","","","","","","","","","","","","","","","","","","","","","","","ns55.domaincontrol.com","ns56.domaincontrol.com","","","clientDeleteProhibited","clientRenewProhibited","clientTransferProhibited","clientUpdateProhibited"
"42","volkfire.com","2021-03-01 16:01:19","2021-02-26","2021-02-26","2022-02-26","146","GoDaddy.com, LLC","whois.godaddy.com","http://registrar.godaddy.com","","","","","MP","","Ecuador","","","","","","","","","","","","","","","","","","","","","","","","","","","","","","","","","","ns1.adminhostdns13.com","ns2.adminhostdns13.com","","","clientDeleteProhibited","clientRenewProhibited","clientTransferProhibited","clientUpdateProhibited"
"43","xabelhi.com","2021-03-01 14:39:16","2021-02-27","2021-02-27","2022-02-27","48","eNom, Inc.","whois.enom.com","http://www.enom.com","REDACTED FOR PRIVACY","REDACTED FOR PRIVACY","REDACTED FOR PRIVACY","REDACTED FOR PRIVACY","Loja","REDACTED FOR PRIVACY","Ecuador","","REDACTED FOR PRIVACY","REDACTED FOR PRIVACY","REDACTED FOR PRIVACY","REDACTED FOR PRIVACY","REDACTED FOR PRIVACY","REDACTED FOR PRIVACY","REDACTED FOR PRIVACY","REDACTED FOR PRIVACY","REDACTED FOR PRIVACY","","REDACTED FOR PRIVACY","REDACTED FOR PRIVACY","REDACTED FOR PRIVACY","REDACTED FOR PRIVACY","REDACTED FOR PRIVACY","REDACTED FOR PRIVACY","REDACTED FOR PRIVACY","REDACTED FOR PRIVACY","REDACTED FOR PRIVACY","","REDACTED FOR PRIVACY","REDACTED FOR PRIVACY","","","","","","","","","","","ns1.dongee.com","ns2.dongee.com","ns3.dongee.com","","addPeriod","clientTransferProhibited","",""