"num","domain_name","query_time","create_date","update_date","expiry_date","domain_registrar_id","domain_registrar_name","domain_registrar_whois","domain_registrar_url","registrant_name","registrant_company","registrant_address","registrant_city","registrant_state","registrant_zip","registrant_country","registrant_email","registrant_phone","registrant_fax","administrative_name","administrative_company","administrative_address","administrative_city","administrative_state","administrative_zip","administrative_country","administrative_email","administrative_phone","administrative_fax","technical_name","technical_company","technical_address","technical_city","technical_state","technical_zip","technical_country","technical_email","technical_phone","technical_fax","billing_name","billing_company","billing_address","billing_city","billing_state","billing_zip","billing_country","billing_email","billing_phone","billing_fax","name_server_1","name_server_2","name_server_3","name_server_4","domain_status_1","domain_status_2","domain_status_3","domain_status_4"
"1","abcease.xyz","2021-03-01 14:46:35","2021-02-27","2021-02-27","2022-02-27","146","GoDaddy.com, LLC","whois.godaddy.com","http://registrar.godaddy.com","Couponit","Couponit","","","Cairo","","Egypt","","","","","","","","","","","","","","","","","","","","","","","","","","","","","","","","","","ns05.domaincontrol.com","ns06.domaincontrol.com","","","addPeriod","clientDeleteProhibited","clientRenewProhibited","clientTransferProhibited"
"2","abdelrahmangarhi.com","2021-03-01 17:02:15","2021-02-27","2021-02-28","2022-02-27","1647","Hosting Concepts B.V. dba Openprovider","whois.registrar.eu","http://www.openprovider.com","REDACTED FOR PRIVACY","","REDACTED FOR PRIVACY","REDACTED FOR PRIVACY","Fayoum","REDACTED FOR PRIVACY","Egypt","","REDACTED FOR PRIVACY","REDACTED FOR PRIVACY","REDACTED FOR PRIVACY","REDACTED FOR PRIVACY","REDACTED FOR PRIVACY","REDACTED FOR PRIVACY","REDACTED FOR PRIVACY","REDACTED FOR PRIVACY","REDACTED FOR PRIVACY","","REDACTED FOR PRIVACY","REDACTED FOR PRIVACY","REDACTED FOR PRIVACY","REDACTED FOR PRIVACY","REDACTED FOR PRIVACY","REDACTED FOR PRIVACY","REDACTED FOR PRIVACY","REDACTED FOR PRIVACY","REDACTED FOR PRIVACY","","REDACTED FOR PRIVACY","REDACTED FOR PRIVACY","","","","","","","","","","","ns1.dns-parking.com","ns2.dns-parking.com","","","clientTransferProhibited","ok","",""
"3","abood-store.net","2021-03-01 15:42:58","2021-02-26","","2022-02-26","1068","NameCheap, Inc.","whois.namecheap.com","http://www.namecheap.com","Expand Solution","Expand Solution","6th Of October","Giza","Cairo","12111","Egypt","domains@expandcart.com","+20.1212121212","","Expand Solution","Expand Solution","6th Of October","Giza","Cairo","12111","Egypt","domains@expandcart.com","+20.1212121212","","Expand Solution","Expand Solution","6th Of October","Giza","Cairo","12111","Egypt","domains@expandcart.com","+20.1212121212","","","","","","","","","","","","dns1.registrar-servers.com","dns2.registrar-servers.com","","","addPeriod","clientTransferProhibited","",""
"4","accesuar.com","2021-03-01 17:21:40","2021-02-27","2021-02-27","2022-02-27","146","GoDaddy.com, LLC","whois.godaddy.com","http://registrar.godaddy.com","","","","","cairo","","Egypt","","","","","","","","","","","","","","","","","","","","","","","","","","","","","","","","","","ns29.domaincontrol.com","ns30.domaincontrol.com","","","clientDeleteProhibited","clientRenewProhibited","clientTransferProhibited","clientUpdateProhibited"
"5","acceswar.com","2021-03-01 17:02:05","2021-02-27","2021-02-27","2022-02-27","146","GoDaddy.com, LLC","whois.godaddy.com","http://registrar.godaddy.com","","","","","cairo","","Egypt","","","","","","","","","","","","","","","","","","","","","","","","","","","","","","","","","","ns51.domaincontrol.com","ns52.domaincontrol.com","","","clientDeleteProhibited","clientRenewProhibited","clientTransferProhibited","clientUpdateProhibited"
"6","aerodyn-hvac.com","2021-03-01 17:01:20","2021-02-27","2021-02-27","2022-02-27","146","GoDaddy.com, LLC","whois.godaddy.com","http://registrar.godaddy.com","","","","","cairo","","Egypt","","","","","","","","","","","","","","","","","","","","","","","","","","","","","","","","","","ns55.domaincontrol.com","ns56.domaincontrol.com","","","clientDeleteProhibited","clientRenewProhibited","clientTransferProhibited","clientUpdateProhibited"
"7","akhbarkm777.com","2021-03-01 17:00:54","2021-02-27","2021-02-27","2022-02-27","1647","Hosting Concepts B.V. dba Openprovider","whois.registrar.eu","http://www.openprovider.com","REDACTED FOR PRIVACY","","REDACTED FOR PRIVACY","REDACTED FOR PRIVACY","Beheira","REDACTED FOR PRIVACY","Egypt","","REDACTED FOR PRIVACY","REDACTED FOR PRIVACY","REDACTED FOR PRIVACY","REDACTED FOR PRIVACY","REDACTED FOR PRIVACY","REDACTED FOR PRIVACY","REDACTED FOR PRIVACY","REDACTED FOR PRIVACY","REDACTED FOR PRIVACY","","REDACTED FOR PRIVACY","REDACTED FOR PRIVACY","REDACTED FOR PRIVACY","REDACTED FOR PRIVACY","REDACTED FOR PRIVACY","REDACTED FOR PRIVACY","REDACTED FOR PRIVACY","REDACTED FOR PRIVACY","REDACTED FOR PRIVACY","","REDACTED FOR PRIVACY","REDACTED FOR PRIVACY","","","","","","","","","","","ns1.dns-parking.com","ns2.dns-parking.com","","","clientTransferProhibited","ok","",""
"8","aklatmamyy.com","2021-03-01 17:00:52","2021-02-27","2021-02-27","2022-02-27","146","GoDaddy.com, LLC","whois.godaddy.com","http://registrar.godaddy.com","","","","","Alexandria","","Egypt","","","","","","","","","","","","","","","","","","","","","","","","","","","","","","","","","","ns11.domaincontrol.com","ns12.domaincontrol.com","","","clientDeleteProhibited","clientRenewProhibited","clientTransferProhibited","clientUpdateProhibited"
"9","alalmanya-group.com","2021-03-01 17:23:40","2021-02-27","2021-02-27","2022-02-27","146","GoDaddy.com, LLC","whois.godaddy.com","http://registrar.godaddy.com","","","","","mansoura","","Egypt","","","","","","","","","","","","","","","","","","","","","","","","","","","","","","","","","","lynn.ns.cloudflare.com","meg.ns.cloudflare.com","","","clientDeleteProhibited","clientRenewProhibited","clientTransferProhibited","clientUpdateProhibited"
"10","alathid.com","2021-03-01 17:00:43","2021-02-27","2021-02-27","2022-02-27","1647","Hosting Concepts B.V. dba Openprovider","whois.registrar.eu","http://www.openprovider.com","REDACTED FOR PRIVACY","Tempo Store","REDACTED FOR PRIVACY","REDACTED FOR PRIVACY","Dumiat","REDACTED FOR PRIVACY","Egypt","","REDACTED FOR PRIVACY","REDACTED FOR PRIVACY","REDACTED FOR PRIVACY","REDACTED FOR PRIVACY","REDACTED FOR PRIVACY","REDACTED FOR PRIVACY","REDACTED FOR PRIVACY","REDACTED FOR PRIVACY","REDACTED FOR PRIVACY","","REDACTED FOR PRIVACY","REDACTED FOR PRIVACY","REDACTED FOR PRIVACY","REDACTED FOR PRIVACY","REDACTED FOR PRIVACY","REDACTED FOR PRIVACY","REDACTED FOR PRIVACY","REDACTED FOR PRIVACY","REDACTED FOR PRIVACY","","REDACTED FOR PRIVACY","REDACTED FOR PRIVACY","","","","","","","","","","","ns1.dns-parking.com","ns2.dns-parking.com","","","clientTransferProhibited","ok","",""
"11","albostan.site","2021-03-01 15:29:57","2021-02-26","2021-02-26","2022-02-26","146","GoDaddy.com, LLC","whois.godaddy.com","http://registrar.godaddy.com","","","","","\u0645\u0635\u0631","","Egypt","","","","","","","","","","","","","","","","","","","","","","","","","","","","","","","","","","ns77.domaincontrol.com","ns78.domaincontrol.com","","","addPeriod","clientDeleteProhibited","clientRenewProhibited","clientTransferProhibited"
"12","alfajrmall.com","2021-03-01 17:00:29","2021-02-27","2021-02-27","2022-02-27","146","GoDaddy.com, LLC","whois.godaddy.com","http://registrar.godaddy.com","","","","","cairo","","Egypt","","","","","","","","","","","","","","","","","","","","","","","","","","","","","","","","","","ns45.domaincontrol.com","ns46.domaincontrol.com","","","clientDeleteProhibited","clientRenewProhibited","clientTransferProhibited","clientUpdateProhibited"
"13","alhelalvetshop.com","2021-03-01 17:00:34","2021-02-27","2021-02-27","2022-02-27","1647","Hosting Concepts B.V. dba Openprovider","whois.registrar.eu","http://www.openprovider.com","REDACTED FOR PRIVACY","alhlal llkhdmat albbytryt","REDACTED FOR PRIVACY","REDACTED FOR PRIVACY","Fayoum","REDACTED FOR PRIVACY","Egypt","","REDACTED FOR PRIVACY","REDACTED FOR PRIVACY","REDACTED FOR PRIVACY","REDACTED FOR PRIVACY","REDACTED FOR PRIVACY","REDACTED FOR PRIVACY","REDACTED FOR PRIVACY","REDACTED FOR PRIVACY","REDACTED FOR PRIVACY","","REDACTED FOR PRIVACY","REDACTED FOR PRIVACY","REDACTED FOR PRIVACY","REDACTED FOR PRIVACY","REDACTED FOR PRIVACY","REDACTED FOR PRIVACY","REDACTED FOR PRIVACY","REDACTED FOR PRIVACY","REDACTED FOR PRIVACY","","REDACTED FOR PRIVACY","REDACTED FOR PRIVACY","","","","","","","","","","","ns1.dns-parking.com","ns2.dns-parking.com","","","clientTransferProhibited","ok","",""
"14","allbostan.online","2021-03-01 15:38:13","2021-02-27","2021-02-27","2022-02-27","146","GoDaddy.com, LLC","whois.godaddy.com","http://registrar.godaddy.com","","","","","\u0645\u0635\u0631","","Egypt","","","","","","","","","","","","","","","","","","","","","","","","","","","","","","","","","","ns29.domaincontrol.com","ns30.domaincontrol.com","","","addPeriod","clientDeleteProhibited","clientRenewProhibited","clientTransferProhibited"
"15","almarifa.xyz","2021-03-01 14:49:41","2021-02-27","","2022-02-27","1636","Hostinger, UAB","whois.hostinger.com","http://www.hostinger.com","Not Applicable","Not Applicable","","","Giza","","Egypt","","","","","","","","","","","","","","","","","","","","","","","","","","","","","","","","","","ns1.dns-parking.com","ns2.dns-parking.com","","","addPeriod","clientTransferProhibited","serverTransferProhibited",""
"16","alnourclean.online","2021-03-01 15:38:13","2021-02-26","2021-02-26","2022-02-26","146","GoDaddy.com, LLC","whois.godaddy.com","http://registrar.godaddy.com","","","","","nabrouh","","Egypt","","","","","","","","","","","","","","","","","","","","","","","","","","","","","","","","","","ns1.hostens.com","ns2.hostens.com","","","addPeriod","clientDeleteProhibited","clientRenewProhibited","clientTransferProhibited"
"17","alrahalalmusafer.com","2021-03-01 17:00:13","2021-02-27","2021-02-27","2022-02-27","303","PDR Ltd. d/b/a PublicDomainRegistry.com","whois.publicdomainregistry.com","http://www.publicdomainregistry.com","Cloud Power Pro","Axis Pro Solutions","Nozha St.","Sheikh Zayed","Al Jizah","12511","Egypt","axsispro@gmail.com","+20.1000425904","","Cloud Power Pro","Axis Pro Solutions","Nozha St.","Sheikh Zayed","Al Jizah","12511","Egypt","axsispro@gmail.com","+20.1000425904","","Cloud Power Pro","Axis Pro Solutions","Nozha St.","Sheikh Zayed","Al Jizah","12511","Egypt","axsispro@gmail.com","+20.1000425904","","","","","","","","","","","","ns1.cloudgenix.net","ns2.cloudgenix.net","","","clientTransferProhibited","","",""
"18","alrahalalmusaferonline.com","2021-03-01 17:00:08","2021-02-27","2021-02-27","2022-02-27","303","PDR Ltd. d/b/a PublicDomainRegistry.com","whois.publicdomainregistry.com","http://www.publicdomainregistry.com","Cloud Power Pro","Axis Pro Solutions","Nozha St.","Sheikh Zayed","Al Jizah","12511","Egypt","axsispro@gmail.com","+20.1000425904","","Cloud Power Pro","Axis Pro Solutions","Nozha St.","Sheikh Zayed","Al Jizah","12511","Egypt","axsispro@gmail.com","+20.1000425904","","Cloud Power Pro","Axis Pro Solutions","Nozha St.","Sheikh Zayed","Al Jizah","12511","Egypt","axsispro@gmail.com","+20.1000425904","","","","","","","","","","","","ns1.cloudgenix.net","ns2.cloudgenix.net","","","clientTransferProhibited","","",""
"19","alriyadh-star.com","2021-03-01 17:00:12","2021-02-27","2021-02-27","2022-02-27","625","Name.com, Inc.","whois.name.com","http://www.name.com","samark Development","Samark Development","16 ????? ??? ?????? ?????? - ??????? - ?????? ????? , egypt","Cairo","egypt","12111","Egypt","","Non-Public Data","","samark Development","Samark Development","16 ????? ??? ?????? ?????? - ??????? - ?????? ????? , egypt","Cairo","egypt","12111","Egypt","","Non-Public Data","","samark Development","Samark Development","16 ????? ??? ?????? ?????? - ??????? - ?????? ????? , egypt","Cairo","egypt","12111","Egypt","","Non-Public Data","","","","","","","","","","","","ns1.samarkegypt.com","ns2.samarkegypt.com","","","addPeriod","clientTransferProhibited","",""
"20","alwekalah.net","2021-03-01 15:45:27","2021-02-26","2021-02-26","2022-02-26","1647","Hosting Concepts B.V. dba Openprovider","whois.registrar.eu","http://www.openprovider.com","REDACTED FOR PRIVACY","","REDACTED FOR PRIVACY","REDACTED FOR PRIVACY","Giza","REDACTED FOR PRIVACY","Egypt","","REDACTED FOR PRIVACY","REDACTED FOR PRIVACY","REDACTED FOR PRIVACY","REDACTED FOR PRIVACY","REDACTED FOR PRIVACY","REDACTED FOR PRIVACY","REDACTED FOR PRIVACY","REDACTED FOR PRIVACY","REDACTED FOR PRIVACY","","REDACTED FOR PRIVACY","REDACTED FOR PRIVACY","REDACTED FOR PRIVACY","REDACTED FOR PRIVACY","REDACTED FOR PRIVACY","REDACTED FOR PRIVACY","REDACTED FOR PRIVACY","REDACTED FOR PRIVACY","REDACTED FOR PRIVACY","","REDACTED FOR PRIVACY","REDACTED FOR PRIVACY","","","","","","","","","","","ns1.dns-parking.com","ns2.dns-parking.com","","","clientTransferProhibited","ok","",""
"21","alyhamade.com","2021-03-01 17:00:05","2021-02-27","2021-02-27","2022-02-27","146","GoDaddy.com, LLC","whois.godaddy.com","http://registrar.godaddy.com","","","","","asdfdsf","","Egypt","","","","","","","","","","","","","","","","","","","","","","","","","","","","","","","","","","ns1.supercp.com","ns2.supercp.com","ns3.supercp.com","ns4.supercp.com","clientDeleteProhibited","clientRenewProhibited","clientTransferProhibited","clientUpdateProhibited"
"22","appgood.info","2021-03-01 15:54:40","2021-02-27","2021-02-27","2022-02-27","146","GoDaddy.com, LLC","whois.godaddy.com","http://registrar.godaddy.com","","","","","cairo","","Egypt","","","","","","","","","","","","","","","","","","","","","","","","","","","","","","","","","","ns55.domaincontrol.com","ns56.domaincontrol.com","","","addPeriod","clientDeleteProhibited","clientRenewProhibited","clientTransferProhibited"
"23","appgood.site","2021-03-01 15:29:51","2021-02-27","2021-02-27","2022-02-27","146","GoDaddy.com, LLC","whois.godaddy.com","http://registrar.godaddy.com","","","","","cairo","","Egypt","","","","","","","","","","","","","","","","","","","","","","","","","","","","","","","","","","ns55.domaincontrol.com","ns56.domaincontrol.com","","","addPeriod","clientDeleteProhibited","clientRenewProhibited","clientTransferProhibited"
"24","appgood.store","2021-03-01 15:27:39","2021-02-27","2021-02-27","2022-02-27","146","GoDaddy.com, LLC","whois.godaddy.com","http://registrar.godaddy.com","","","","","cairo","","Egypt","","","","","","","","","","","","","","","","","","","","","","","","","","","","","","","","","","ns11.domaincontrol.com","ns12.domaincontrol.com","","","addPeriod","clientDeleteProhibited","clientRenewProhibited","clientTransferProhibited"
"25","avenir-films.com","2021-03-01 16:57:26","2021-02-27","2021-02-27","2022-02-27","146","GoDaddy.com, LLC","whois.godaddy.com","http://registrar.godaddy.com","","","","","Nasr City","","Egypt","","","","","","","","","","","","","","","","","","","","","","","","","","","","","","","","","","ns57.domaincontrol.com","ns58.domaincontrol.com","","","clientDeleteProhibited","clientRenewProhibited","clientTransferProhibited","clientUpdateProhibited"
"26","bcms-erp.com","2021-03-01 16:56:27","2021-02-27","2021-02-27","2022-02-27","146","GoDaddy.com, LLC","whois.godaddy.com","http://registrar.godaddy.com","BCMS","BCMS","","","1111111","","Egypt","","","","","","","","","","","","","","","","","","","","","","","","","","","","","","","","","","ns05.domaincontrol.com","ns06.domaincontrol.com","","","clientDeleteProhibited","clientRenewProhibited","clientTransferProhibited","clientUpdateProhibited"
"27","beitekstore.com","2021-03-01 16:56:02","2021-02-27","2021-02-27","2022-02-27","146","GoDaddy.com, LLC","whois.godaddy.com","http://registrar.godaddy.com","","","","","cairo","","Egypt","","","","","","","","","","","","","","","","","","","","","","","","","","","","","","","","","","ns1.youcan.shop","ns2.youcan.shop","","","clientDeleteProhibited","clientRenewProhibited","clientTransferProhibited","clientUpdateProhibited"
"28","betapharmaegypt.com","2021-03-01 14:19:50","2021-02-27","2021-02-28","2022-02-27","146","GoDaddy.com, LLC","whois.godaddy.com","http://registrar.godaddy.com","Smart Shadow","Smart Shadow","","","Cairo","","Egypt","","","","","","","","","","","","","","","","","","","","","","","","","","","","","","","","","","ns1.smart-geeks.net","ns2.smart-geeks.net","","","clientDeleteProhibited","clientRenewProhibited","clientTransferProhibited","clientUpdateProhibited"
"29","binrabeah.com","2021-03-01 16:54:53","2021-02-27","2021-02-27","2022-02-27","146","GoDaddy.com, LLC","whois.godaddy.com","http://registrar.godaddy.com","BINRABEAH GROUP","BINRABEAH GROUP","","","Egypt","","Egypt","","","","","","","","","","","","","","","","","","","","","","","","","","","","","","","","","","ns45.domaincontrol.com","ns46.domaincontrol.com","","","clientDeleteProhibited","clientRenewProhibited","clientTransferProhibited","clientUpdateProhibited"
"30","brands-factor.com","2021-03-01 14:30:09","2021-02-27","2021-02-27","2022-02-27","146","GoDaddy.com, LLC","whois.godaddy.com","http://registrar.godaddy.com","Bawabat Alsharq for E-commerce","Bawabat Alsharq for E-commerce","","","Cairo","","Egypt","","","","","","","","","","","","","","","","","","","","","","","","","","","","","","","","","","ns45.domaincontrol.com","ns46.domaincontrol.com","","","clientDeleteProhibited","clientRenewProhibited","clientTransferProhibited","clientUpdateProhibited"
"31","brilliant-mind.com","2021-03-01 17:25:49","2021-02-27","2021-02-27","2023-02-27","146","GoDaddy.com, LLC","whois.godaddy.com","http://registrar.godaddy.com","","","","","\u0627\u0644\u0642\u0627\u0647\u0631\u0629","","Egypt","","","","","","","","","","","","","","","","","","","","","","","","","","","","","","","","","","ns41.domaincontrol.com","ns42.domaincontrol.com","","","clientDeleteProhibited","clientRenewProhibited","clientTransferProhibited","clientUpdateProhibited"
"32","businesideas.site","2021-03-01 15:29:46","2021-02-27","2021-02-27","2022-02-27","146","GoDaddy.com, LLC","whois.godaddy.com","http://registrar.godaddy.com","","","","","damietta","","Egypt","","","","","","","","","","","","","","","","","","","","","","","","","","","","","","","","","","ns11.domaincontrol.com","ns12.domaincontrol.com","","","addPeriod","serverTransferProhibited","",""
"33","buy-pay.site","2021-03-01 15:29:46","2021-02-26","2021-02-27","2022-02-26","146","GoDaddy.com, LLC","whois.godaddy.com","http://registrar.godaddy.com","","","","","cairo","","Egypt","","","","","","","","","","","","","","","","","","","","","","","","","","","","","","","","","","jay.ns.cloudflare.com","zelda.ns.cloudflare.com","","","addPeriod","clientDeleteProhibited","clientRenewProhibited","clientTransferProhibited"
"34","bzns.clinic","2021-03-01 14:16:01","2021-02-26","2021-02-26","2022-02-26","146","GoDaddy.com, LLC","whois.godaddy.com","http://registrar.godaddy.com","REDACTED FOR PRIVACY","BznsBuilder","REDACTED FOR PRIVACY","REDACTED FOR PRIVACY","Cairo","REDACTED FOR PRIVACY","Egypt","","REDACTED FOR PRIVACY","REDACTED FOR PRIVACY","","","","","","","","","","","","","","","","","","","","","","","","","","","","","","","","","","","addPeriod","clientDeleteProhibited","clientRenewProhibited","clientTransferProhibited"
"35","bzns.online","2021-03-01 15:38:25","2021-02-26","2021-02-26","2022-02-26","146","GoDaddy.com, LLC","whois.godaddy.com","http://registrar.godaddy.com","BznsBuilder","BznsBuilder","","","Cairo","","Egypt","","","","","","","","","","","","","","","","","","","","","","","","","","","","","","","","","","ns77.domaincontrol.com","ns78.domaincontrol.com","","","addPeriod","clientDeleteProhibited","clientRenewProhibited","clientTransferProhibited"
"36","bzns.store","2021-03-01 15:27:36","2021-02-26","2021-02-26","2022-02-26","146","GoDaddy.com, LLC","whois.godaddy.com","http://registrar.godaddy.com","BznsBuilder","BznsBuilder","","","Cairo","","Egypt","","","","","","","","","","","","","","","","","","","","","","","","","","","","","","","","","","ns51.domaincontrol.com","ns52.domaincontrol.com","","","addPeriod","clientDeleteProhibited","clientRenewProhibited","clientTransferProhibited"
"37","bzns.today","2021-03-01 15:24:03","2021-02-26","2021-02-26","2022-02-26","146","GoDaddy.com, LLC","whois.godaddy.com","http://registrar.godaddy.com","REDACTED FOR PRIVACY","BznsBuilder","REDACTED FOR PRIVACY","REDACTED FOR PRIVACY","Cairo","REDACTED FOR PRIVACY","Egypt","","REDACTED FOR PRIVACY","REDACTED FOR PRIVACY","","","","","","","","","","","","","","","","","","","","","","","","","","","","","","","","","","","addPeriod","clientDeleteProhibited","clientRenewProhibited","clientTransferProhibited"
"38","cairo-starts.site","2021-03-01 15:29:46","2021-02-27","2021-02-27","2022-02-27","146","GoDaddy.com, LLC","whois.godaddy.com","http://registrar.godaddy.com","Ramadan group","Ramadan group","","","Giza","","Egypt","","","","","","","","","","","","","","","","","","","","","","","","","","","","","","","","","","ns29.domaincontrol.com","ns30.domaincontrol.com","","","addPeriod","clientDeleteProhibited","clientRenewProhibited","clientTransferProhibited"
"39","cairomuralfestival.com","2021-03-01 14:28:52","2021-02-27","2021-02-28","2022-02-27","146","GoDaddy.com, LLC","whois.godaddy.com","http://registrar.godaddy.com","Cairo Mural Festival","Cairo Mural Festival","","","Cairo","","Egypt","","","","","","","","","","","","","","","","","","","","","","","","","","","","","","","","","","ns57.domaincontrol.com","ns58.domaincontrol.com","","","clientDeleteProhibited","clientRenewProhibited","clientTransferProhibited","clientUpdateProhibited"
"40","carrotech.tech","2021-03-01 15:25:17","2021-02-26","","2022-02-26","1443","Vautron Rechenzentrum AG","whois.antagus.de","http://www.vautron.de","Privat","Privat","","","","","Egypt","","","","","","","","","","","","","","","","","","","","","","","","","","","","","","","","","","ns1.contabo.net","ns2.contabo.net","ns3.contabo.net","","addPeriod","serverTransferProhibited","",""
"41","chilloutmassage.online","2021-03-01 15:38:00","2021-02-26","2021-02-27","2022-02-26","1636","Hostinger, UAB","whois.hostinger.com","http://www.hostinger.com","chill out massage","chill out massage","","","Cairo","","Egypt","","","","","","","","","","","","","","","","","","","","","","","","","","","","","","","","","","dns1.zyro.com","dns2.zyro.com","","","addPeriod","clientTransferProhibited","serverTransferProhibited",""
"42","city-moving.site","2021-03-01 15:29:45","2021-02-27","2021-02-27","2022-02-27","146","GoDaddy.com, LLC","whois.godaddy.com","http://registrar.godaddy.com","Ramadan group","Ramadan group","","","Giza","","Egypt","","","","","","","","","","","","","","","","","","","","","","","","","","","","","","","","","","ns29.domaincontrol.com","ns30.domaincontrol.com","","","addPeriod","clientDeleteProhibited","clientRenewProhibited","clientTransferProhibited"
"43","civil-yard.com","2021-03-01 16:53:11","2021-02-27","2021-02-27","2022-02-27","1479","Namesilo, LLC","whois.namesilo.com","http://www.namesilo.com","MaSTeR UR Serv","MTO Service CO","6 October","Cairo","EG","85014","Egypt","contact@m2serv.co","+20.1007460006","","MaSTeR UR Serv","MTO Service CO","6 October","Cairo","EG","85014","Egypt","contact@m2serv.co","+20.1007460006","","MaSTeR UR Serv","MTO Service CO","6 October","Cairo","EG","85014","Egypt","contact@m2serv.co","+20.1007460006","","","","","","","","","","","","ns1.m2serv.co","ns2.m2serv.co","","","clientTransferProhibited","","",""
"44","cloveegypt.com","2021-03-01 16:52:52","2021-02-27","2021-02-27","2023-02-27","146","GoDaddy.com, LLC","whois.godaddy.com","http://registrar.godaddy.com","Clove online market","Clove online market","","","Cairo","","Egypt","","","","","","","","","","","","","","","","","","","","","","","","","","","","","","","","","","ns45.domaincontrol.com","ns46.domaincontrol.com","","","clientDeleteProhibited","clientRenewProhibited","clientTransferProhibited","clientUpdateProhibited"
"45","cosmoscuisines.com","2021-03-01 16:51:30","2021-02-27","2021-02-27","2022-02-27","1647","Hosting Concepts B.V. dba Openprovider","whois.registrar.eu","http://www.openprovider.com","REDACTED FOR PRIVACY","Cosmos","REDACTED FOR PRIVACY","REDACTED FOR PRIVACY","Cairo","REDACTED FOR PRIVACY","Egypt","","REDACTED FOR PRIVACY","REDACTED FOR PRIVACY","REDACTED FOR PRIVACY","REDACTED FOR PRIVACY","REDACTED FOR PRIVACY","REDACTED FOR PRIVACY","REDACTED FOR PRIVACY","REDACTED FOR PRIVACY","REDACTED FOR PRIVACY","","REDACTED FOR PRIVACY","REDACTED FOR PRIVACY","REDACTED FOR PRIVACY","REDACTED FOR PRIVACY","REDACTED FOR PRIVACY","REDACTED FOR PRIVACY","REDACTED FOR PRIVACY","REDACTED FOR PRIVACY","REDACTED FOR PRIVACY","","REDACTED FOR PRIVACY","REDACTED FOR PRIVACY","","","","","","","","","","","ns1.dns-parking.com","ns2.dns-parking.com","","","clientTransferProhibited","ok","",""
"46","cosmoseat.com","2021-03-01 16:51:25","2021-02-27","2021-02-27","2022-02-27","1647","Hosting Concepts B.V. dba Openprovider","whois.registrar.eu","http://www.openprovider.com","REDACTED FOR PRIVACY","Cosmos","REDACTED FOR PRIVACY","REDACTED FOR PRIVACY","Cairo","REDACTED FOR PRIVACY","Egypt","","REDACTED FOR PRIVACY","REDACTED FOR PRIVACY","REDACTED FOR PRIVACY","REDACTED FOR PRIVACY","REDACTED FOR PRIVACY","REDACTED FOR PRIVACY","REDACTED FOR PRIVACY","REDACTED FOR PRIVACY","REDACTED FOR PRIVACY","","REDACTED FOR PRIVACY","REDACTED FOR PRIVACY","REDACTED FOR PRIVACY","REDACTED FOR PRIVACY","REDACTED FOR PRIVACY","REDACTED FOR PRIVACY","REDACTED FOR PRIVACY","REDACTED FOR PRIVACY","REDACTED FOR PRIVACY","","REDACTED FOR PRIVACY","REDACTED FOR PRIVACY","","","","","","","","","","","ns1.dns-parking.com","ns2.dns-parking.com","","","clientTransferProhibited","ok","",""
"47","craftyouth.site","2021-03-01 15:29:49","2021-02-26","2021-02-26","2022-02-26","146","GoDaddy.com, LLC","whois.godaddy.com","http://registrar.godaddy.com","","","","","cairo","","Egypt","","","","","","","","","","","","","","","","","","","","","","","","","","","","","","","","","","ns29.domaincontrol.com","ns30.domaincontrol.com","","","addPeriod","clientDeleteProhibited","clientRenewProhibited","clientTransferProhibited"
"48","dealzaa.com","2021-03-01 17:13:25","2021-02-27","2021-02-27","2022-02-27","146","GoDaddy.com, LLC","whois.godaddy.com","http://registrar.godaddy.com","","","","","sidibeshr","","Egypt","","","","","","","","","","","","","","","","","","","","","","","","","","","","","","","","","","ns1.youcan.shop","ns2.youcan.shop","","","clientDeleteProhibited","clientRenewProhibited","clientTransferProhibited","clientUpdateProhibited"
"49","degriah.com","2021-03-01 16:49:45","2021-02-27","2021-02-27","2022-02-27","146","GoDaddy.com, LLC","whois.godaddy.com","http://registrar.godaddy.com","","","","","cairo","","Egypt","","","","","","","","","","","","","","","","","","","","","","","","","","","","","","","","","","ns77.domaincontrol.com","ns78.domaincontrol.com","","","clientDeleteProhibited","clientRenewProhibited","clientTransferProhibited","clientUpdateProhibited"
"50","deutschekammer.com","2021-03-01 16:49:02","2021-02-27","2021-02-27","2022-02-27","625","Name.com, Inc.","whois.name.com","http://www.name.com","Ads For Media","Ads For Media","egypt , egypt","egypt","egypt","11311","Egypt","","Non-Public Data","","Ads For Media","Ads For Media","egypt , egypt","egypt","egypt","11311","Egypt","","Non-Public Data","","Ads For Media","Ads For Media","egypt , egypt","egypt","egypt","11311","Egypt","","Non-Public Data","","","","","","","","","","","","ns1djs.name.com","ns2fhn.name.com","ns3gnv.name.com","ns4lrt.name.com","addPeriod","clientTransferProhibited","",""
"51","dnbinsu.com","2021-03-01 16:48:10","2021-02-27","2021-02-27","2022-02-27","146","GoDaddy.com, LLC","whois.godaddy.com","http://registrar.godaddy.com","Tele","Tele","","","Maadi","","Egypt","","","","","","","","","","","","","","","","","","","","","","","","","","","","","","","","","","ns51.domaincontrol.com","ns52.domaincontrol.com","","","clientDeleteProhibited","clientRenewProhibited","clientTransferProhibited","clientUpdateProhibited"
"52","drmohammedhussein.com","2021-03-01 16:47:34","2021-02-27","2021-02-27","2022-02-27","303","PDR Ltd. d/b/a PublicDomainRegistry.com","whois.publicdomainregistry.com","http://www.publicdomainregistry.com","Domains Department","Knock Target S.A.E","122 Mostafa El Nahhas St. 8th District, Floor 2","Nasr City","Al Qahirah","11741","Egypt","orders@knocktarget.com","+20.26709927","","Domains Department","Knock Target S.A.E","122 Mostafa El Nahhas St. 8th District, Floor 2","Nasr City","Al Qahirah","11741","Egypt","orders@knocktarget.com","+20.26709927","","Domains Department","Knock Target S.A.E","122 Mostafa El Nahhas St. 8th District, Floor 2","Nasr City","Al Qahirah","11741","Egypt","orders@knocktarget.com","+20.26709927","","","","","","","","","","","","ns1.knocktarget.net","ns2.knocktarget.net","","","clientTransferProhibited","","",""
"53","dudegames4d.com","2021-03-01 16:47:26","2021-02-27","2021-02-27","2022-02-27","146","GoDaddy.com, LLC","whois.godaddy.com","http://registrar.godaddy.com","","","","","QUSIR","","Egypt","","","","","","","","","","","","","","","","","","","","","","","","","","","","","","","","","","ns05.domaincontrol.com","ns06.domaincontrol.com","","","clientDeleteProhibited","clientRenewProhibited","clientTransferProhibited","clientUpdateProhibited"
"54","eec-mep.com","2021-03-01 16:46:46","2021-02-27","2021-02-27","2022-02-27","146","GoDaddy.com, LLC","whois.godaddy.com","http://registrar.godaddy.com","","","","","cairo","","Egypt","","","","","","","","","","","","","","","","","","","","","","","","","","","","","","","","","","ns100.egdata.net","ns101.egdata.net","","","clientDeleteProhibited","clientRenewProhibited","clientTransferProhibited","clientUpdateProhibited"
"55","eg-brand.com","2021-03-01 14:21:35","2021-02-27","2021-02-27","2022-02-27","146","GoDaddy.com, LLC","whois.godaddy.com","http://registrar.godaddy.com","Bawabat Alsharq for E-commerce","Bawabat Alsharq for E-commerce","","","Cairo","","Egypt","","","","","","","","","","","","","","","","","","","","","","","","","","","","","","","","","","ns21.domaincontrol.com","ns22.domaincontrol.com","","","clientDeleteProhibited","clientRenewProhibited","clientTransferProhibited","clientUpdateProhibited"
"56","eg-branding.com","2021-03-01 16:46:51","2021-02-27","2021-02-27","2022-02-27","146","GoDaddy.com, LLC","whois.godaddy.com","http://registrar.godaddy.com","Bawabat Alsharq for E-commerce","Bawabat Alsharq for E-commerce","","","Cairo","","Egypt","","","","","","","","","","","","","","","","","","","","","","","","","","","","","","","","","","ns21.domaincontrol.com","ns22.domaincontrol.com","","","clientDeleteProhibited","clientRenewProhibited","clientTransferProhibited","clientUpdateProhibited"
"57","eg-promo.com","2021-03-01 16:46:45","2021-02-27","2021-02-27","2022-02-27","146","GoDaddy.com, LLC","whois.godaddy.com","http://registrar.godaddy.com","Bawabat Alsharq for E-commerce","Bawabat Alsharq for E-commerce","","","Cairo","","Egypt","","","","","","","","","","","","","","","","","","","","","","","","","","","","","","","","","","ns05.domaincontrol.com","ns06.domaincontrol.com","","","clientDeleteProhibited","clientRenewProhibited","clientTransferProhibited","clientUpdateProhibited"
"58","el-amin.site","2021-03-01 15:29:45","2021-02-27","2021-02-27","2022-02-27","146","GoDaddy.com, LLC","whois.godaddy.com","http://registrar.godaddy.com","Ramadan group","Ramadan group","","","Giza","","Egypt","","","","","","","","","","","","","","","","","","","","","","","","","","","","","","","","","","ns11.domaincontrol.com","ns12.domaincontrol.com","","","addPeriod","clientDeleteProhibited","clientRenewProhibited","clientTransferProhibited"
"59","el-safwa-moving.site","2021-03-01 15:29:40","2021-02-27","2021-02-27","2022-02-27","146","GoDaddy.com, LLC","whois.godaddy.com","http://registrar.godaddy.com","Ramadan group","Ramadan group","","","Giza","","Egypt","","","","","","","","","","","","","","","","","","","","","","","","","","","","","","","","","","ns51.domaincontrol.com","ns52.domaincontrol.com","","","addPeriod","clientDeleteProhibited","clientRenewProhibited","clientTransferProhibited"
"60","el-taawon.site","2021-03-01 15:29:45","2021-02-27","2021-02-27","2022-02-27","146","GoDaddy.com, LLC","whois.godaddy.com","http://registrar.godaddy.com","Ramadan group","Ramadan group","","","Giza","","Egypt","","","","","","","","","","","","","","","","","","","","","","","","","","","","","","","","","","ns11.domaincontrol.com","ns12.domaincontrol.com","","","addPeriod","clientDeleteProhibited","clientRenewProhibited","clientTransferProhibited"
"61","elbatalhub.online","2021-03-01 15:37:43","2021-02-26","2021-02-27","2022-02-26","146","GoDaddy.com, LLC","whois.godaddy.com","http://registrar.godaddy.com","","","","","cairo","","Egypt","","","","","","","","","","","","","","","","","","","","","","","","","","","","","","","","","","jay.ns.cloudflare.com","zelda.ns.cloudflare.com","","","addPeriod","clientDeleteProhibited","clientRenewProhibited","clientTransferProhibited"
"62","eldomiaty-trans.site","2021-03-01 15:29:40","2021-02-27","2021-02-27","2022-02-27","146","GoDaddy.com, LLC","whois.godaddy.com","http://registrar.godaddy.com","Ramadan group","Ramadan group","","","Giza","","Egypt","","","","","","","","","","","","","","","","","","","","","","","","","","","","","","","","","","ns29.domaincontrol.com","ns30.domaincontrol.com","","","addPeriod","clientDeleteProhibited","clientRenewProhibited","clientTransferProhibited"
"63","elfadaly.online","2021-03-01 15:37:43","2021-02-26","2021-02-27","2022-02-26","146","GoDaddy.com, LLC","whois.godaddy.com","http://registrar.godaddy.com","","","","","cairo","","Egypt","","","","","","","","","","","","","","","","","","","","","","","","","","","","","","","","","","jay.ns.cloudflare.com","zelda.ns.cloudflare.com","","","addPeriod","clientDeleteProhibited","clientRenewProhibited","clientTransferProhibited"
"64","elhamamypatisserie.com","2021-03-01 16:46:12","2021-02-27","2021-02-27","2022-02-27","955","Launchpad, Inc.","whois.launchpad.com","http://www.launchpad.com","kareem antar","kareem","giza","giza","GZ","12111","Egypt","kareem_antar@hotmail.com","+20.1001440718","","kareem antar","kareem","giza","giza","GZ","12111","Egypt","kareem_antar@hotmail.com","+20.1001440718","","kareem antar","kareem","giza","giza","GZ","12111","Egypt","kareem_antar@hotmail.com","+20.1001440718","","","","","","","","","","","","ns7999.hostgator.com","ns8000.hostgator.com","","","clientTransferProhibited","","",""
"65","elkhalili.com","2021-03-01 17:33:55","2021-02-27","2021-02-27","2022-02-27","146","GoDaddy.com, LLC","whois.godaddy.com","http://registrar.godaddy.com","","","","","cairo","","Egypt","","","","","","","","","","","","","","","","","","","","","","","","","","","","","","","","","","ns1.keops-solutions.com","ns2.keops-solutions.com","","","clientDeleteProhibited","clientRenewProhibited","clientTransferProhibited","clientUpdateProhibited"
"66","elmoatasem.site","2021-03-01 15:29:40","2021-02-27","2021-02-27","2022-02-27","146","GoDaddy.com, LLC","whois.godaddy.com","http://registrar.godaddy.com","Ramadan group","Ramadan group","","","Giza","","Egypt","","","","","","","","","","","","","","","","","","","","","","","","","","","","","","","","","","ns77.domaincontrol.com","ns78.domaincontrol.com","","","addPeriod","serverTransferProhibited","",""
"67","elmotahedaswemngpool.com","2021-03-01 16:45:54","2021-02-27","2021-02-27","2022-02-27","625","Name.com, Inc.","whois.name.com","http://www.name.com","samark Development","Samark Development","16 ????? ??? ?????? ?????? - ??????? - ?????? ????? , egypt","Cairo","egypt","12111","Egypt","","Non-Public Data","","samark Development","Samark Development","16 ????? ??? ?????? ?????? - ??????? - ?????? ????? , egypt","Cairo","egypt","12111","Egypt","","Non-Public Data","","samark Development","Samark Development","16 ????? ??? ?????? ?????? - ??????? - ?????? ????? , egypt","Cairo","egypt","12111","Egypt","","Non-Public Data","","","","","","","","","","","","ns1.samarkegypt.com","ns2.samarkegypt.com","","","addPeriod","clientTransferProhibited","",""
"68","elnsrnews.com","2021-03-01 16:45:58","2021-02-27","2021-02-27","2022-02-27","625","Name.com, Inc.","whois.name.com","http://www.name.com","Genral Serv","Genral Serv for Web Site information","Egypt , 31111","Alex","cairo","egypt","Egypt","","Non-Public Data","","Genral Serv","Genral Serv for Web Site information","Egypt , 31111","Bhera","cairo","egypt","Egypt","","Non-Public Data","","Genral Serv","Genral Serv for Web Site information","Egypt , 31111","Bhera","cairo","egypt","Egypt","","Non-Public Data","","","","","","","","","","","","ns1qsy.name.com","ns2dqx.name.com","ns3nrz.name.com","ns4gvx.name.com","addPeriod","clientTransferProhibited","",""
"69","elsafwa-trans.site","2021-03-01 15:29:40","2021-02-27","2021-02-27","2022-02-27","146","GoDaddy.com, LLC","whois.godaddy.com","http://registrar.godaddy.com","Ramadan group","Ramadan group","","","Giza","","Egypt","","","","","","","","","","","","","","","","","","","","","","","","","","","","","","","","","","ns55.domaincontrol.com","ns56.domaincontrol.com","","","addPeriod","clientDeleteProhibited","clientRenewProhibited","clientTransferProhibited"
"70","elza3ym.com","2021-03-01 17:40:28","2021-02-27","2021-02-27","2022-02-27","146","GoDaddy.com, LLC","whois.godaddy.com","http://registrar.godaddy.com","","","","","El-Qalubiah","","Egypt","","","","","","","","","","","","","","","","","","","","","","","","","","","","","","","","","","ns21.domaincontrol.com","ns22.domaincontrol.com","","","clientDeleteProhibited","clientRenewProhibited","clientTransferProhibited","clientUpdateProhibited"
"71","elzaafran-trans.site","2021-03-01 15:29:45","2021-02-27","2021-02-27","2022-02-27","146","GoDaddy.com, LLC","whois.godaddy.com","http://registrar.godaddy.com","Ramadan group","Ramadan group","","","Giza","","Egypt","","","","","","","","","","","","","","","","","","","","","","","","","","","","","","","","","","ns29.domaincontrol.com","ns30.domaincontrol.com","","","addPeriod","clientDeleteProhibited","clientRenewProhibited","clientTransferProhibited"
"72","emdad-energy.com","2021-03-01 16:45:45","2021-02-27","2021-02-27","2022-02-27","146","GoDaddy.com, LLC","whois.godaddy.com","http://registrar.godaddy.com","","","","","Imbaba","","Egypt","","","","","","","","","","","","","","","","","","","","","","","","","","","","","","","","","","ns55.domaincontrol.com","ns56.domaincontrol.com","","","clientDeleteProhibited","clientRenewProhibited","clientTransferProhibited","clientUpdateProhibited"
"73","epcear.com","2021-03-01 16:45:24","2021-02-27","2021-02-27","2024-02-27","1647","Hosting Concepts B.V. dba Openprovider","whois.registrar.eu","http://www.openprovider.com","REDACTED FOR PRIVACY","","REDACTED FOR PRIVACY","REDACTED FOR PRIVACY","Menia","REDACTED FOR PRIVACY","Egypt","","REDACTED FOR PRIVACY","REDACTED FOR PRIVACY","REDACTED FOR PRIVACY","REDACTED FOR PRIVACY","REDACTED FOR PRIVACY","REDACTED FOR PRIVACY","REDACTED FOR PRIVACY","REDACTED FOR PRIVACY","REDACTED FOR PRIVACY","","REDACTED FOR PRIVACY","REDACTED FOR PRIVACY","REDACTED FOR PRIVACY","REDACTED FOR PRIVACY","REDACTED FOR PRIVACY","REDACTED FOR PRIVACY","REDACTED FOR PRIVACY","REDACTED FOR PRIVACY","REDACTED FOR PRIVACY","","REDACTED FOR PRIVACY","REDACTED FOR PRIVACY","","","","","","","","","","","ns1.dns-parking.com","ns2.dns-parking.com","","","clientTransferProhibited","ok","",""
"74","eurimexpharma.com","2021-03-01 16:45:03","2021-02-27","2021-02-27","2022-02-27","146","GoDaddy.com, LLC","whois.godaddy.com","http://registrar.godaddy.com","","","","","cairo","","Egypt","","","","","","","","","","","","","","","","","","","","","","","","","","","","","","","","","","ns41.domaincontrol.com","ns42.domaincontrol.com","","","clientDeleteProhibited","clientRenewProhibited","clientTransferProhibited","clientUpdateProhibited"
"75","eventcairo.com","2021-03-01 16:44:54","2021-02-27","2021-02-27","2022-02-27","146","GoDaddy.com, LLC","whois.godaddy.com","http://registrar.godaddy.com","Bookmark Corp","Bookmark Corp","","","6th October","","Egypt","","","","","","","","","","","","","","","","","","","","","","","","","","","","","","","","","","ns11.domaincontrol.com","ns12.domaincontrol.com","","","clientDeleteProhibited","clientRenewProhibited","clientTransferProhibited","clientUpdateProhibited"
"76","eyad.store","2021-03-01 15:26:14","2021-02-26","2021-02-26","2022-02-26","1636","Hostinger, UAB","whois.hostinger.com","http://www.hostinger.com","Not Applicable","Not Applicable","","","Giza","","Egypt","","","","","","","","","","","","","","","","","","","","","","","","","","","","","","","","","","dns1.namecheaphosting.com","dns2namecheaphosting.com","","","addPeriod","clientTransferProhibited","serverTransferProhibited",""
"77","fajrmall.com","2021-03-01 16:44:26","2021-02-27","2021-02-27","2023-02-27","146","GoDaddy.com, LLC","whois.godaddy.com","http://registrar.godaddy.com","","","","","cairo","","Egypt","","","","","","","","","","","","","","","","","","","","","","","","","","","","","","","","","","ns45.domaincontrol.com","ns46.domaincontrol.com","","","clientDeleteProhibited","clientRenewProhibited","clientTransferProhibited","clientUpdateProhibited"
"78","falcon-eng.com","2021-03-01 17:43:27","2021-02-27","2021-02-27","2022-02-27","146","GoDaddy.com, LLC","whois.godaddy.com","http://registrar.godaddy.com","","","","","Nasr city el tyaran 6 ST","","Egypt","","","","","","","","","","","","","","","","","","","","","","","","","","","","","","","","","","ns05.domaincontrol.com","ns06.domaincontrol.com","","","clientDeleteProhibited","clientRenewProhibited","clientTransferProhibited","clientUpdateProhibited"
"79","ffplschool.com","2021-03-01 16:43:59","2021-02-27","2021-02-27","2022-02-27","146","GoDaddy.com, LLC","whois.godaddy.com","http://registrar.godaddy.com","egycs","egycs","","","faysal","","Egypt","","","","","","","","","","","","","","","","","","","","","","","","","","","","","","","","","","ns41.domaincontrol.com","ns42.domaincontrol.com","","","clientDeleteProhibited","clientRenewProhibited","clientTransferProhibited","clientUpdateProhibited"
"80","findfamily.net","2021-03-01 15:46:00","2021-02-26","2021-02-26","2022-02-26","146","GoDaddy.com, LLC","whois.godaddy.com","http://registrar.godaddy.com","Matrix Clouds","Matrix Clouds","","","Cairo","","Egypt","","","","","","","","","","","","","","","","","","","","","","","","","","","","","","","","","","ns1.matrixclouds.net","ns2.matrixclouds.net","","","clientDeleteProhibited","clientRenewProhibited","clientTransferProhibited","clientUpdateProhibited"
"81","forexaffiliate.info","2021-03-01 15:56:14","2021-02-27","2021-02-27","2022-02-27","146","GoDaddy.com, LLC","whois.godaddy.com","http://registrar.godaddy.com","1994","1994","","","qulibya","","Egypt","","","","","","","","","","","","","","","","","","","","","","","","","","","","","","","","","","ns21.domaincontrol.com","ns22.domaincontrol.com","","","addPeriod","clientDeleteProhibited","clientRenewProhibited","clientTransferProhibited"
"82","geekvfx.com","2021-03-01 16:41:36","2021-02-27","2021-02-27","2022-02-27","1647","Hosting Concepts B.V. dba Openprovider","whois.registrar.eu","http://www.openprovider.com","REDACTED FOR PRIVACY","","REDACTED FOR PRIVACY","REDACTED FOR PRIVACY","Giza","REDACTED FOR PRIVACY","Egypt","","REDACTED FOR PRIVACY","REDACTED FOR PRIVACY","REDACTED FOR PRIVACY","REDACTED FOR PRIVACY","REDACTED FOR PRIVACY","REDACTED FOR PRIVACY","REDACTED FOR PRIVACY","REDACTED FOR PRIVACY","REDACTED FOR PRIVACY","","REDACTED FOR PRIVACY","REDACTED FOR PRIVACY","REDACTED FOR PRIVACY","REDACTED FOR PRIVACY","REDACTED FOR PRIVACY","REDACTED FOR PRIVACY","REDACTED FOR PRIVACY","REDACTED FOR PRIVACY","REDACTED FOR PRIVACY","","REDACTED FOR PRIVACY","REDACTED FOR PRIVACY","","","","","","","","","","","ns1.dns-parking.com","ns2.dns-parking.com","","","clientTransferProhibited","ok","",""
"83","getsnow.site","2021-03-01 15:29:41","2021-02-26","2021-02-26","2022-02-26","146","GoDaddy.com, LLC","whois.godaddy.com","http://registrar.godaddy.com","","","","","cairo","","Egypt","","","","","","","","","","","","","","","","","","","","","","","","","","","","","","","","","","ns55.domaincontrol.com","ns56.domaincontrol.com","","","addPeriod","clientDeleteProhibited","clientRenewProhibited","clientTransferProhibited"
"84","gprs.club","2021-03-01 17:53:19","2021-02-27","2021-02-27","2022-02-27","146","GoDaddy.com, LLC","whois.godaddy.com","http://registrar.godaddy.com","REDACTED FOR PRIVACY","Great Pharaohs Runners","REDACTED FOR PRIVACY REDACTED FOR PRIVACY REDACTED FOR PRIVACY","REDACTED FOR PRIVACY","Agoza","REDACTED FOR PRIVACY","Egypt","","REDACTED FOR PRIVACY","REDACTED FOR PRIVACY","REDACTED FOR PRIVACY","REDACTED FOR PRIVACY","REDACTED FOR PRIVACY REDACTED FOR PRIVACY REDACTED FOR PRIVACY","REDACTED FOR PRIVACY","REDACTED FOR PRIVACY","REDACTED FOR PRIVACY","REDACTED FOR PRIVACY","","REDACTED FOR PRIVACY","REDACTED FOR PRIVACY","REDACTED FOR PRIVACY","REDACTED FOR PRIVACY","REDACTED FOR PRIVACY REDACTED FOR PRIVACY REDACTED FOR PRIVACY","REDACTED FOR PRIVACY","REDACTED FOR PRIVACY","REDACTED FOR PRIVACY","REDACTED FOR PRIVACY","","REDACTED FOR PRIVACY","REDACTED FOR PRIVACY","","","","","","","","","","","ns05.domaincontrol.com","ns06.domaincontrol.com","","","addPeriod","clientDeleteProhibited","clientRenewProhibited","clientTransferProhibited"
"85","hameedrawhany.com","2021-03-01 17:25:40","2021-02-27","2021-02-27","2022-02-27","625","Name.com, Inc.","whois.name.com","http://www.name.com","Mohamed Salah","","Ramsis","Cairo","EG","11324","Egypt","","Non-Public Data","","Mohamed Salah","","Ramsis","Cairo","EG","11324","Egypt","","Non-Public Data","","Mohamed Salah","","Ramsis","Cairo","EG","11324","Egypt","","Non-Public Data","","","","","","","","","","","","ns1.hostsenior.com","ns2.hostsenior.com","","","addPeriod","clientTransferProhibited","",""
"86","hammad-eg.com","2021-03-01 16:39:09","2021-02-27","2021-02-27","2022-02-27","48","eNom, Inc.","whois.enom.com","http://www.enom.com","REDACTED FOR PRIVACY","REDACTED FOR PRIVACY","REDACTED FOR PRIVACY","REDACTED FOR PRIVACY","Egypt","REDACTED FOR PRIVACY","Egypt","","REDACTED FOR PRIVACY","REDACTED FOR PRIVACY","REDACTED FOR PRIVACY","REDACTED FOR PRIVACY","REDACTED FOR PRIVACY","REDACTED FOR PRIVACY","REDACTED FOR PRIVACY","REDACTED FOR PRIVACY","REDACTED FOR PRIVACY","","REDACTED FOR PRIVACY","REDACTED FOR PRIVACY","REDACTED FOR PRIVACY","REDACTED FOR PRIVACY","REDACTED FOR PRIVACY","REDACTED FOR PRIVACY","REDACTED FOR PRIVACY","REDACTED FOR PRIVACY","REDACTED FOR PRIVACY","","REDACTED FOR PRIVACY","REDACTED FOR PRIVACY","","","","","","","","","","","linux1.overnetwork.cloud","linux2.overnetwork.cloud","ns1.overnetwork.net","ns2.overnetwork.net","addPeriod","clientTransferProhibited","",""
"87","harakabaraka.com","2021-03-01 17:37:51","2021-02-27","2021-02-27","2022-02-27","1647","Hosting Concepts B.V. dba Openprovider","whois.registrar.eu","http://www.openprovider.com","REDACTED FOR PRIVACY","","REDACTED FOR PRIVACY","REDACTED FOR PRIVACY","cairo","REDACTED FOR PRIVACY","Egypt","","REDACTED FOR PRIVACY","REDACTED FOR PRIVACY","REDACTED FOR PRIVACY","REDACTED FOR PRIVACY","REDACTED FOR PRIVACY","REDACTED FOR PRIVACY","REDACTED FOR PRIVACY","REDACTED FOR PRIVACY","REDACTED FOR PRIVACY","","REDACTED FOR PRIVACY","REDACTED FOR PRIVACY","REDACTED FOR PRIVACY","REDACTED FOR PRIVACY","REDACTED FOR PRIVACY","REDACTED FOR PRIVACY","REDACTED FOR PRIVACY","REDACTED FOR PRIVACY","REDACTED FOR PRIVACY","","REDACTED FOR PRIVACY","REDACTED FOR PRIVACY","","","","","","","","","","","ns1.dns-parking.com","ns2.dns-parking.com","","","clientTransferProhibited","ok","",""
"88","hatlly.net","2021-03-01 15:40:16","2021-02-26","2021-02-26","2022-02-26","1154","FastDomain Inc.","whois.fastdomain.com","http://www.fastdomain.com","DAVID EMAD","DNDASHA COMPANY FOR E-COMMERCE","15 ST AHMED FAHIM BYOUMI - NOZHA","CAIRO","","11111","Egypt","davidemad22@gmail.com","+20.01223370463","","DAVID EMAD","DNDASHA COMPANY FOR E-COMMERCE","15 ST AHMED FAHIM BYOUMI - NOZHA","CAIRO","","11111","Egypt","davidemad22@gmail.com","+20.01223370463","","BLUEHOST INC","BLUEHOST.COM","1958 SOUTH 950 EAST","PROVO","UTAH","84606","United States","whois@bluehost.com","+1.8017659400","+1.8017651992","","","","","","","","","","","ns1.bluehost.com","ns2.bluehost.com","","","clientTransferProhibited","","",""
"89","helmets.info","2021-03-01 15:56:08","2021-02-27","2021-02-28","2022-02-27","146","GoDaddy.com, LLC","whois.godaddy.com","http://registrar.godaddy.com","","","","","Sharkia","","Egypt","","","","","","","","","","","","","","","","","","","","","","","","","","","","","","","","","","ns1.undeveloped.com","ns2.undeveloped.com","","","addPeriod","clientDeleteProhibited","clientRenewProhibited","clientTransferProhibited"
"90","horizon-it.solutions","2021-03-01 15:28:07","2021-02-26","2021-02-26","2022-02-26","1636","Hostinger, UAB","whois.hostinger.com","http://www.hostinger.com","REDACTED FOR PRIVACY","Horizon","REDACTED FOR PRIVACY","REDACTED FOR PRIVACY","Giza","REDACTED FOR PRIVACY","Egypt","","REDACTED FOR PRIVACY","REDACTED FOR PRIVACY","","","","","","","","","","","","","","","","","","","","","","","","","","","","","","","","","","","addPeriod","clientTransferProhibited","",""
"91","ikolekt.online","2021-03-01 15:37:32","2021-02-26","2021-02-26","2022-02-26","146","GoDaddy.com, LLC","whois.godaddy.com","http://registrar.godaddy.com","","","","","Heliopolis","","Egypt","","","","","","","","","","","","","","","","","","","","","","","","","","","","","","","","","","ns39.domaincontrol.com","ns40.domaincontrol.com","","","addPeriod","clientDeleteProhibited","clientRenewProhibited","clientTransferProhibited"
"92","inbusinesscloud.com","2021-03-01 14:19:57","2021-02-27","2021-02-27","2022-02-27","146","GoDaddy.com, LLC","whois.godaddy.com","http://registrar.godaddy.com","MCS Software","MCS Software","","","New Cairo","","Egypt","","","","","","","","","","","","","","","","","","","","","","","","","","","","","","","","","","ns11.domaincontrol.com","ns12.domaincontrol.com","","","clientDeleteProhibited","clientRenewProhibited","clientTransferProhibited","clientUpdateProhibited"
"93","investech-eg.com","2021-03-01 14:33:04","2021-02-27","2021-02-27","2022-02-27","955","Launchpad, Inc.","whois.launchpad.com","http://www.launchpad.com","Diaa Yousef","Agri Soft","32a Betko Buildings - El-Haram st.,","Giza","GZ","12557","Egypt","agridb@gmail.com","+20.233885045","","Diaa Yousef","Agri Soft","32a Betko Buildings - El-Haram st.,","Giza","GZ","12557","Egypt","agridb@gmail.com","+20.233885045","","Diaa Yousef","Agri Soft","32a Betko Buildings - El-Haram st.,","Giza","GZ","12557","Egypt","agridb@gmail.com","+20.233885045","","","","","","","","","","","","ns8113.hostgator.com","ns8114.hostgator.com","","","clientTransferProhibited","","",""
"94","jarirr.xyz","2021-03-01 14:48:45","2021-02-27","2021-02-27","2022-02-27","146","GoDaddy.com, LLC","whois.godaddy.com","http://registrar.godaddy.com","","","","","shubra elkhema","","Egypt","","","","","","","","","","","","","","","","","","","","","","","","","","","","","","","","","","ns45.domaincontrol.com","ns46.domaincontrol.com","","","addPeriod","clientDeleteProhibited","clientRenewProhibited","clientTransferProhibited"
"95","kabumarket.online","2021-03-01 15:37:29","2021-02-26","2021-02-27","2022-02-26","146","GoDaddy.com, LLC","whois.godaddy.com","http://registrar.godaddy.com","","","","","cairo","","Egypt","","","","","","","","","","","","","","","","","","","","","","","","","","","","","","","","","","jay.ns.cloudflare.com","zelda.ns.cloudflare.com","","","addPeriod","clientDeleteProhibited","clientRenewProhibited","clientTransferProhibited"
"96","kanz-sa.com","2021-03-01 14:30:42","2021-02-27","2021-02-27","2022-02-27","303","PDR Ltd. d/b/a PublicDomainRegistry.com","whois.publicdomainregistry.com","http://www.publicdomainregistry.com","innoshop","co","egypt","ca","Ca","12345","Egypt","s.innoshop@gmail.com","+20.1116615610","","innoshop","co","egypt","ca","Ca","12345","Egypt","s.innoshop@gmail.com","+20.1116615610","","innoshop","co","egypt","ca","Ca","12345","Egypt","s.innoshop@gmail.com","+20.1116615610","","","","","","","","","","","","ns-1361.awsdns-42.org","ns-2022.awsdns-60.co.uk","ns-288.awsdns-36.com","ns-926.awsdns-51.net","clientTransferProhibited","","",""
"97","koora-goal.online","2021-03-01 15:38:18","2021-02-26","2021-02-26","2022-02-26","146","GoDaddy.com, LLC","whois.godaddy.com","http://registrar.godaddy.com","\u0627\u0644\u062f\u0642\u0647\u0644\u064a\u0629","\u0627\u0644\u062f\u0642\u0647\u0644\u064a\u0629","","","\u062f\u0643\u0631\u0646\u0633","","Egypt","","","","","","","","","","","","","","","","","","","","","","","","","","","","","","","","","","ns11.domaincontrol.com","ns12.domaincontrol.com","","","addPeriod","clientDeleteProhibited","clientRenewProhibited","clientTransferProhibited"
"98","ladyfashion-eg.com","2021-03-01 16:33:29","2021-02-27","2021-02-27","2022-02-27","146","GoDaddy.com, LLC","whois.godaddy.com","http://registrar.godaddy.com","","","","","cairo","","Egypt","","","","","","","","","","","","","","","","","","","","","","","","","","","","","","","","","","ns05.domaincontrol.com","ns06.domaincontrol.com","","","clientDeleteProhibited","clientRenewProhibited","clientTransferProhibited","clientUpdateProhibited"
"99","law-shop.net","2021-03-01 15:39:34","2021-02-26","2021-02-26","2022-02-26","48","eNom, Inc.","whois.enom.com","http://www.enom.com","REDACTED FOR PRIVACY","REDACTED FOR PRIVACY","REDACTED FOR PRIVACY","REDACTED FOR PRIVACY","REDACTED FOR PRIVACY","REDACTED FOR PRIVACY","Egypt","","REDACTED FOR PRIVACY","REDACTED FOR PRIVACY","REDACTED FOR PRIVACY","REDACTED FOR PRIVACY","REDACTED FOR PRIVACY","REDACTED FOR PRIVACY","REDACTED FOR PRIVACY","REDACTED FOR PRIVACY","REDACTED FOR PRIVACY","","REDACTED FOR PRIVACY","REDACTED FOR PRIVACY","REDACTED FOR PRIVACY","REDACTED FOR PRIVACY","REDACTED FOR PRIVACY","REDACTED FOR PRIVACY","REDACTED FOR PRIVACY","REDACTED FOR PRIVACY","REDACTED FOR PRIVACY","","REDACTED FOR PRIVACY","REDACTED FOR PRIVACY","","","","","","","","","","","ns5.awardspace.com","ns6.awardspace.com","","","addPeriod","clientTransferProhibited","",""
"100","lechefoods.com","2021-03-01 16:32:46","2021-02-27","2021-02-27","2022-02-27","955","Launchpad, Inc.","whois.launchpad.com","http://www.launchpad.com","Fatima Mo'men","None","15 May city","Cairo","C","12345","Egypt","lechefoods1@gmail.com","+20.1118772725","","Fatima Mo'men","None","15 May city","Cairo","C","12345","Egypt","lechefoods1@gmail.com","+20.1118772725","","Fatima Mo'men","None","15 May city","Cairo","C","12345","Egypt","lechefoods1@gmail.com","+20.1118772725","","","","","","","","","","","","ns8415.hostgator.com","ns8416.hostgator.com","","","clientTransferProhibited","","",""
"101","lizariopro.com","2021-03-01 16:31:41","2021-02-27","2021-02-27","2022-02-27","146","GoDaddy.com, LLC","whois.godaddy.com","http://registrar.godaddy.com","","","","","Heliopolis","","Egypt","","","","","","","","","","","","","","","","","","","","","","","","","","","","","","","","","","ns51.domaincontrol.com","ns52.domaincontrol.com","","","clientDeleteProhibited","clientRenewProhibited","clientTransferProhibited","clientUpdateProhibited"
"102","llbnat.com","2021-03-01 16:31:50","2021-02-27","2021-02-27","2022-02-27","1647","Hosting Concepts B.V. dba Openprovider","whois.registrar.eu","http://www.openprovider.com","REDACTED FOR PRIVACY","Mahmoud shbayk","REDACTED FOR PRIVACY","REDACTED FOR PRIVACY","The Pyramid gardens","REDACTED FOR PRIVACY","Egypt","","REDACTED FOR PRIVACY","REDACTED FOR PRIVACY","REDACTED FOR PRIVACY","REDACTED FOR PRIVACY","REDACTED FOR PRIVACY","REDACTED FOR PRIVACY","REDACTED FOR PRIVACY","REDACTED FOR PRIVACY","REDACTED FOR PRIVACY","","REDACTED FOR PRIVACY","REDACTED FOR PRIVACY","REDACTED FOR PRIVACY","REDACTED FOR PRIVACY","REDACTED FOR PRIVACY","REDACTED FOR PRIVACY","REDACTED FOR PRIVACY","REDACTED FOR PRIVACY","REDACTED FOR PRIVACY","","REDACTED FOR PRIVACY","REDACTED FOR PRIVACY","","","","","","","","","","","ns1.dns-parking.com","ns2.dns-parking.com","","","clientTransferProhibited","ok","",""
"103","mahabetterenviroment.tech","2021-03-01 15:24:07","2021-02-26","2021-02-26","2022-02-26","1636","Hostinger, UAB","whois.hostinger.com","http://www.hostinger.com","Not Applicable","Not Applicable","","","Giza","","Egypt","","","","","","","","","","","","","","","","","","","","","","","","","","","","","","","","","","ns1.dns-parking.com","ns2.dns-parking.com","","","addPeriod","clientTransferProhibited","serverTransferProhibited",""
"104","maids-office.com","2021-03-01 16:29:51","2021-02-27","2021-02-26","2022-02-27","146","GoDaddy.com, LLC","whois.godaddy.com","http://registrar.godaddy.com","","","","","cairo","","Egypt","","","","","","","","","","","","","","","","","","","","","","","","","","","","","","","","","","celeste.ns.cloudflare.com","mitchell.ns.cloudflare.com","","","OK","","",""
"105","masl7a.com","2021-03-01 14:25:47","2021-02-27","2021-02-27","2022-02-27","146","GoDaddy.com, LLC","whois.godaddy.com","http://registrar.godaddy.com","","","","","hadyak alkoba","","Egypt","","","","","","","","","","","","","","","","","","","","","","","","","","","","","","","","","","ns11.domaincontrol.com","ns12.domaincontrol.com","","","clientDeleteProhibited","clientRenewProhibited","clientTransferProhibited","clientUpdateProhibited"
"106","masr365.com","2021-03-01 17:41:06","2021-02-27","2021-02-27","2022-02-27","625","Name.com, Inc.","whois.name.com","http://www.name.com","Hamada ali","","Egypt Giza","Giza","Egypt","71110","Egypt","","Non-Public Data","","Hamada ali","","Egypt Giza","Giza","Egypt","71110","Egypt","","Non-Public Data","","Hamada ali","","Egypt Giza","Giza","Egypt","71110","Egypt","","Non-Public Data","","","","","","","","","","","","ns1.7lmweb.com","ns2.7lmweb.com","","","addPeriod","clientTransferProhibited","",""
"107","midrest.online","2021-03-01 15:36:49","2021-02-27","2021-02-27","2022-02-27","1636","Hostinger, UAB","whois.hostinger.com","http://www.hostinger.com","Not Applicable","Not Applicable","","","Cairo","","Egypt","","","","","","","","","","","","","","","","","","","","","","","","","","","","","","","","","","ns1.midpos.com","ns2.midpos.com","","","addPeriod","clientTransferProhibited","serverTransferProhibited",""
"108","mining-set.com","2021-03-01 16:27:20","2021-02-27","2021-02-27","2022-02-27","146","GoDaddy.com, LLC","whois.godaddy.com","http://registrar.godaddy.com","","","","","eg","","Egypt","","","","","","","","","","","","","","","","","","","","","","","","","","","","","","","","","","ns05.domaincontrol.com","ns06.domaincontrol.com","","","clientDeleteProhibited","clientRenewProhibited","clientTransferProhibited","clientUpdateProhibited"
"109","misscindrella.com","2021-03-01 16:27:13","2021-02-27","2021-02-27","2022-02-27","955","Launchpad, Inc.","whois.launchpad.com","http://www.launchpad.com","mohammad  elsayed","mobiteck","egypt new damietta","domyat","DT","77777","Egypt","hodaifa82@yahoo.com","+20.1094404406","","mohammad  elsayed","mobiteck","egypt new damietta","domyat","DT","77777","Egypt","hodaifa82@yahoo.com","+20.1094404406","","mohammad  elsayed","mobiteck","egypt new damietta","domyat","DT","77777","Egypt","hodaifa82@yahoo.com","+20.1094404406","","","","","","","","","","","","ns6247.hostgator.com","ns6248.hostgator.com","","","clientTransferProhibited","","",""
"110","munitedupvc.com","2021-03-01 16:25:55","2021-02-27","2021-02-27","2022-02-27","303","PDR Ltd. d/b/a PublicDomainRegistry.com","whois.publicdomainregistry.com","http://www.publicdomainregistry.com","innoshop","co","egypt","ca","Ca","12345","Egypt","s.innoshop@gmail.com","+20.1116615610","","innoshop","co","egypt","ca","Ca","12345","Egypt","s.innoshop@gmail.com","+20.1116615610","","innoshop","co","egypt","ca","Ca","12345","Egypt","s.innoshop@gmail.com","+20.1116615610","","","","","","","","","","","","ns-1222.awsdns-24.org","ns-1660.awsdns-15.co.uk","ns-88.awsdns-11.com","ns-905.awsdns-49.net","clientTransferProhibited","","",""
"111","nabulsis.com","2021-03-01 16:25:15","2021-02-27","2021-02-27","2022-02-27","146","GoDaddy.com, LLC","whois.godaddy.com","http://registrar.godaddy.com","","","","","cairo","","Egypt","","","","","","","","","","","","","","","","","","","","","","","","","","","","","","","","","","ns57.domaincontrol.com","ns58.domaincontrol.com","","","clientDeleteProhibited","clientRenewProhibited","clientTransferProhibited","clientUpdateProhibited"
"112","ofdeg.com","2021-03-01 16:22:35","2021-02-27","2021-02-27","2022-02-27","955","Launchpad, Inc.","whois.launchpad.com","http://www.launchpad.com","mohamed ahmed  gaber","None","maadi cairo","cairo","C","11728","Egypt","efe.mahmoudsaad@gmail.com","+20.1091992230","","mohamed ahmed  gaber","None","maadi cairo","cairo","C","11728","Egypt","efe.mahmoudsaad@gmail.com","+20.1091992230","","mohamed ahmed  gaber","None","maadi cairo","cairo","C","11728","Egypt","efe.mahmoudsaad@gmail.com","+20.1091992230","","","","","","","","","","","","ns8235.hostgator.com","ns8236.hostgator.com","","","clientTransferProhibited","","",""
"113","payskies.com","2021-03-01 16:22:05","2021-02-26","2021-02-26","2022-02-26","146","GoDaddy.com, LLC","whois.godaddy.com","http://registrar.godaddy.com","dreamland","dreamland","","","CA","","Egypt","","","","","","","","","","","","","","","","","","","","","","","","","","","","","","","","","","alan.ns.cloudflare.com","marge.ns.cloudflare.com","","","clientDeleteProhibited","clientRenewProhibited","clientTransferProhibited","clientUpdateProhibited"
"114","plazerapharma.com","2021-03-01 16:19:02","2021-02-27","2021-02-27","2023-02-27","146","GoDaddy.com, LLC","whois.godaddy.com","http://registrar.godaddy.com","","","","","Sheraton","","Egypt","","","","","","","","","","","","","","","","","","","","","","","","","","","","","","","","","","ns51.domaincontrol.com","ns52.domaincontrol.com","","","clientDeleteProhibited","clientRenewProhibited","clientTransferProhibited","clientUpdateProhibited"
"115","profestore.xyz","2021-03-01 14:47:54","2021-02-27","2021-02-27","2022-02-27","1068","NameCheap, Inc.","whois.namecheap.com","http://www.namecheap.com","","","","","maadi","","Egypt","","","","","","","","","","","","","","","","","","","","","","","","","","","","","","","","","","ns1.site4now.net","ns2.site4now.net","","","addPeriod","clientTransferProhibited","serverTransferProhibited",""
"116","promo-gate.com","2021-03-01 17:36:48","2021-02-27","2021-02-27","2022-02-27","146","GoDaddy.com, LLC","whois.godaddy.com","http://registrar.godaddy.com","Bawabat Alsharq for E-commerce","Bawabat Alsharq for E-commerce","","","Cairo","","Egypt","","","","","","","","","","","","","","","","","","","","","","","","","","","","","","","","","","ns57.domaincontrol.com","ns58.domaincontrol.com","","","clientDeleteProhibited","clientRenewProhibited","clientTransferProhibited","clientUpdateProhibited"
"117","propagandawebsite.com","2021-03-01 16:17:35","2021-02-27","2021-02-27","2022-02-27","1647","Hosting Concepts B.V. dba Openprovider","whois.registrar.eu","http://www.openprovider.com","REDACTED FOR PRIVACY","propaganda","REDACTED FOR PRIVACY","REDACTED FOR PRIVACY","Fayoum","REDACTED FOR PRIVACY","Egypt","","REDACTED FOR PRIVACY","REDACTED FOR PRIVACY","REDACTED FOR PRIVACY","REDACTED FOR PRIVACY","REDACTED FOR PRIVACY","REDACTED FOR PRIVACY","REDACTED FOR PRIVACY","REDACTED FOR PRIVACY","REDACTED FOR PRIVACY","","REDACTED FOR PRIVACY","REDACTED FOR PRIVACY","REDACTED FOR PRIVACY","REDACTED FOR PRIVACY","REDACTED FOR PRIVACY","REDACTED FOR PRIVACY","REDACTED FOR PRIVACY","REDACTED FOR PRIVACY","REDACTED FOR PRIVACY","","REDACTED FOR PRIVACY","REDACTED FOR PRIVACY","","","","","","","","","","","ns1.dns-parking.com","ns2.dns-parking.com","","","clientTransferProhibited","ok","",""
"118","psychupclinic.com","2021-03-01 14:36:38","2021-02-26","2021-02-26","2023-02-26","146","GoDaddy.com, LLC","whois.godaddy.com","http://registrar.godaddy.com","takestep","takestep","","","cairo","","Egypt","","","","","","","","","","","","","","","","","","","","","","","","","","","","","","","","","","ns55.domaincontrol.com","ns56.domaincontrol.com","","","clientDeleteProhibited","clientRenewProhibited","clientTransferProhibited","clientUpdateProhibited"
"119","r5esa.com","2021-03-01 14:35:56","2021-02-27","2021-02-27","2022-02-27","886","Domain.com, LLC","whois.domain.com","http://www.domain.com","REDACTED FOR PRIVACY","REDACTED FOR PRIVACY","REDACTED FOR PRIVACY","REDACTED FOR PRIVACY","NA","REDACTED FOR PRIVACY","Egypt","","REDACTED FOR PRIVACY","REDACTED FOR PRIVACY","REDACTED FOR PRIVACY","REDACTED FOR PRIVACY","REDACTED FOR PRIVACY","REDACTED FOR PRIVACY","REDACTED FOR PRIVACY","REDACTED FOR PRIVACY","REDACTED FOR PRIVACY","","REDACTED FOR PRIVACY","REDACTED FOR PRIVACY","REDACTED FOR PRIVACY","REDACTED FOR PRIVACY","REDACTED FOR PRIVACY","REDACTED FOR PRIVACY","REDACTED FOR PRIVACY","REDACTED FOR PRIVACY","REDACTED FOR PRIVACY","","REDACTED FOR PRIVACY","REDACTED FOR PRIVACY","","","","","","","","","","","cass.ns.cloudflare.com","seth.ns.cloudflare.com","","","","","",""
"120","ra7tkfoods.com","2021-03-01 14:35:45","2021-02-27","2021-02-27","2023-02-27","146","GoDaddy.com, LLC","whois.godaddy.com","http://registrar.godaddy.com","","","","","Alexandria","","Egypt","","","","","","","","","","","","","","","","","","","","","","","","","","","","","","","","","","ns51.domaincontrol.com","ns52.domaincontrol.com","","","clientDeleteProhibited","clientRenewProhibited","clientTransferProhibited","clientUpdateProhibited"
"121","ragyclinic.com","2021-03-01 14:35:48","2021-02-27","2021-02-27","2022-02-27","146","GoDaddy.com, LLC","whois.godaddy.com","http://registrar.godaddy.com","","","","","eldakhlia","","Egypt","","","","","","","","","","","","","","","","","","","","","","","","","","","","","","","","","","plesk4600a.trouble-free.net","plesk4600b.trouble-free.net","","","clientDeleteProhibited","clientRenewProhibited","clientTransferProhibited","clientUpdateProhibited"
"122","rgbstoreksa.com","2021-03-01 14:34:30","2021-02-27","","2022-02-27","1068","NameCheap, Inc.","whois.namecheap.com","http://www.namecheap.com","Expand Solution","Expand Solution","6th Of October","Giza","Cairo","12111","Egypt","domains@expandcart.com","+20.1212121212","","Expand Solution","Expand Solution","6th Of October","Giza","Cairo","12111","Egypt","domains@expandcart.com","+20.1212121212","","Expand Solution","Expand Solution","6th Of October","Giza","Cairo","12111","Egypt","domains@expandcart.com","+20.1212121212","","","","","","","","","","","","dns1.registrar-servers.com","dns2.registrar-servers.com","","","addPeriod","clientTransferProhibited","",""
"123","ro2ya-store.com","2021-03-01 14:34:03","2021-02-27","2021-02-27","2022-02-27","303","PDR Ltd. d/b/a PublicDomainRegistry.com","whois.publicdomainregistry.com","http://www.publicdomainregistry.com","Tqnia IT","Tqnia IT co.","R","R","R","02002","Egypt","am@3jenan.com","+20.01158150888","","Tqnia IT","Tqnia IT co.","R","R","R","02002","Egypt","am@3jenan.com","+20.01158150888","","Tqnia IT","Tqnia IT co.","R","R","R","02002","Egypt","am@3jenan.com","+20.01158150888","","","","","","","","","","","","ns1.tqniait.com","ns2.tqniait.com","ns3.tqniait.com","","clientTransferProhibited","","",""
"124","rrc-egy.com","2021-03-01 16:16:24","2021-02-27","2021-02-28","2022-02-27","146","GoDaddy.com, LLC","whois.godaddy.com","http://registrar.godaddy.com","","","","","Al-Haram","","Egypt","","","","","","","","","","","","","","","","","","","","","","","","","","","","","","","","","","ns8033.hostgator.com","ns8034.hostgator.com","","","clientDeleteProhibited","clientRenewProhibited","clientTransferProhibited","clientUpdateProhibited"
"125","rubikartproduction.com","2021-03-01 16:16:21","2021-02-27","2021-02-27","2022-02-27","146","GoDaddy.com, LLC","whois.godaddy.com","http://registrar.godaddy.com","VASMIX","VASMIX","","","Agouza","","Egypt","","","","","","","","","","","","","","","","","","","","","","","","","","","","","","","","","","ns05.domaincontrol.com","ns06.domaincontrol.com","","","clientDeleteProhibited","clientRenewProhibited","clientTransferProhibited","clientUpdateProhibited"
"126","russiacoin.xyz","2021-03-01 14:46:19","2021-02-27","","2022-02-27","1636","Hostinger, UAB","whois.hostinger.com","http://www.hostinger.com","Not Applicable","Not Applicable","","","Alexandria","","Egypt","","","","","","","","","","","","","","","","","","","","","","","","","","","","","","","","","","ns1.dns-parking.com","ns2.dns-parking.com","","","addPeriod","clientTransferProhibited","serverTransferProhibited",""
"127","saidalya.online","2021-03-01 15:36:28","2021-02-26","2021-02-26","2022-02-26","146","GoDaddy.com, LLC","whois.godaddy.com","http://registrar.godaddy.com","","","","","Menoufia","","Egypt","","","","","","","","","","","","","","","","","","","","","","","","","","","","","","","","","","ns3017.mochahost.com","ns4017.mochahost.com","","","addPeriod","clientDeleteProhibited","clientRenewProhibited","clientTransferProhibited"
"128","salsa-hurghada.com","2021-03-01 16:15:45","2021-02-27","2021-02-27","2022-02-27","146","GoDaddy.com, LLC","whois.godaddy.com","http://registrar.godaddy.com","","","","","Red Sea","","Egypt","","","","","","","","","","","","","","","","","","","","","","","","","","","","","","","","","","ns21.domaincontrol.com","ns22.domaincontrol.com","","","clientDeleteProhibited","clientRenewProhibited","clientTransferProhibited","clientUpdateProhibited"
"129","scopebe.com","2021-03-01 17:22:09","2021-02-27","2021-02-27","2022-02-27","625","Name.com, Inc.","whois.name.com","http://www.name.com","mohamed Elkerwash","sadeem","elkrwash st banha","banha","al kalyobia","32111","Egypt","","Non-Public Data","","mohamed Elkerwash","sadeem","elkrwash st banha","banha","al kalyobia","32111","Egypt","","Non-Public Data","","mohamed Elkerwash","sadeem","elkrwash st banha","banha","al kalyobia","32111","Egypt","","Non-Public Data","","","","","","","","","","","","ns1dns.name.com","ns2dqx.name.com","ns3dgj.name.com","ns4cgs.name.com","addPeriod","clientTransferProhibited","",""
"130","scrmsg.site","2021-03-01 15:29:13","2021-02-27","2021-02-27","2022-02-27","146","GoDaddy.com, LLC","whois.godaddy.com","http://registrar.godaddy.com","","","","","cairo","","Egypt","","","","","","","","","","","","","","","","","","","","","","","","","","","","","","","","","","ns29.domaincontrol.com","ns30.domaincontrol.com","","","addPeriod","clientDeleteProhibited","clientRenewProhibited","clientTransferProhibited"
"131","shattab.net","2021-03-01 14:41:15","2021-02-26","2021-02-26","2022-02-26","1647","Hosting Concepts B.V. dba Openprovider","whois.registrar.eu","http://www.openprovider.com","REDACTED FOR PRIVACY","Inspire Graphics","REDACTED FOR PRIVACY","REDACTED FOR PRIVACY","Cairo","REDACTED FOR PRIVACY","Egypt","","REDACTED FOR PRIVACY","REDACTED FOR PRIVACY","REDACTED FOR PRIVACY","REDACTED FOR PRIVACY","REDACTED FOR PRIVACY","REDACTED FOR PRIVACY","REDACTED FOR PRIVACY","REDACTED FOR PRIVACY","REDACTED FOR PRIVACY","","REDACTED FOR PRIVACY","REDACTED FOR PRIVACY","REDACTED FOR PRIVACY","REDACTED FOR PRIVACY","REDACTED FOR PRIVACY","REDACTED FOR PRIVACY","REDACTED FOR PRIVACY","REDACTED FOR PRIVACY","REDACTED FOR PRIVACY","","REDACTED FOR PRIVACY","REDACTED FOR PRIVACY","","","","","","","","","","","ns1.dns-parking.com","ns2.dns-parking.com","","","clientTransferProhibited","ok","",""
"132","shopinist.online","2021-03-01 15:34:42","2021-02-26","2021-02-27","2022-02-26","146","GoDaddy.com, LLC","whois.godaddy.com","http://registrar.godaddy.com","","","","","cairo","","Egypt","","","","","","","","","","","","","","","","","","","","","","","","","","","","","","","","","","jay.ns.cloudflare.com","zelda.ns.cloudflare.com","","","addPeriod","clientDeleteProhibited","clientRenewProhibited","clientTransferProhibited"
"133","shukri.info","2021-03-01 15:56:11","2021-02-27","","2022-02-27","3775","ALIBABA.COM SINGAPORE E-COMMERCE PRIVATE LIMITED","","","shukri","shukri","","","cairo","","Egypt","","","","","","","","","","","","","","","","","","","","","","","","","","","","","","","","","","ns7.alidns.com","ns8.alidns.com","","","addPeriod","serverTransferProhibited","",""
"134","sinaister.com","2021-03-01 16:13:02","2021-02-27","2021-02-27","2022-02-27","9","register.com, Inc.","whois.register.com","http://www.register.com","Ahmed Elkomy","Hostime","50, July St.","Cairo","","12111","Egypt","domains@hostime-eg.com","+20.1129555512","","Ahmed Elkomy","Hostime","50, July St.","Cairo","","12111","Egypt","domains@hostime-eg.com","+20.1129555512","","Ahmed Elkomy","Hostime Agency","50, July St.","PortSaid","","42111","Egypt","billing@hostime-eg.com","+20.1129555512","","","","","","","","","","","","ns-cloud-e1.googledomains.com","ns-cloud-e2.googledomains.com","ns-cloud-e3.googledomains.com","ns-cloud-e4.googledomains.com","clientTransferProhibited","","",""
"135","sityshop.online","2021-03-01 15:38:17","2021-02-26","2021-02-26","2022-02-26","1068","NameCheap, Inc.","whois.namecheap.com","http://www.namecheap.com","Expand Solution","Expand Solution","","","Cairo","","Egypt","","","","","","","","","","","","","","","","","","","","","","","","","","","","","","","","","","dns1.registrar-servers.com","dns2.registrar-servers.com","","","addPeriod","clientTransferProhibited","serverTransferProhibited",""
"136","srd-realestate.com","2021-03-01 14:26:33","2021-02-27","2021-02-27","2023-02-27","886","Domain.com, LLC","whois.domain.com","http://www.domain.com","REDACTED FOR PRIVACY","REDACTED FOR PRIVACY","REDACTED FOR PRIVACY","REDACTED FOR PRIVACY","NA","REDACTED FOR PRIVACY","Egypt","","REDACTED FOR PRIVACY","REDACTED FOR PRIVACY","REDACTED FOR PRIVACY","REDACTED FOR PRIVACY","REDACTED FOR PRIVACY","REDACTED FOR PRIVACY","REDACTED FOR PRIVACY","REDACTED FOR PRIVACY","REDACTED FOR PRIVACY","","REDACTED FOR PRIVACY","REDACTED FOR PRIVACY","REDACTED FOR PRIVACY","REDACTED FOR PRIVACY","REDACTED FOR PRIVACY","REDACTED FOR PRIVACY","REDACTED FOR PRIVACY","REDACTED FOR PRIVACY","REDACTED FOR PRIVACY","","REDACTED FOR PRIVACY","REDACTED FOR PRIVACY","","","","","","","","","","","ns1.fatcow.com","ns2.fatcow.com","","","clientTransferProhibited","clientUpdateProhibited","",""
"137","st-marketingsolution.com","2021-03-01 16:10:52","2021-02-27","2021-02-27","2022-02-27","146","GoDaddy.com, LLC","whois.godaddy.com","http://registrar.godaddy.com","Startools","Startools","","","Al Jizah","","Egypt","","","","","","","","","","","","","","","","","","","","","","","","","","","","","","","","","","ns11.domaincontrol.com","ns12.domaincontrol.com","","","clientDeleteProhibited","clientRenewProhibited","clientTransferProhibited","clientUpdateProhibited"
"138","std-pack.com","2021-03-01 16:10:41","2021-02-20","2021-02-27","2022-02-20","48","eNom, Inc.","whois.enom.com","http://www.enom.com","REDACTED FOR PRIVACY","REDACTED FOR PRIVACY","REDACTED FOR PRIVACY","REDACTED FOR PRIVACY","REDACTED FOR PRIVACY","REDACTED FOR PRIVACY","Egypt","","REDACTED FOR PRIVACY","REDACTED FOR PRIVACY","REDACTED FOR PRIVACY","REDACTED FOR PRIVACY","REDACTED FOR PRIVACY","REDACTED FOR PRIVACY","REDACTED FOR PRIVACY","REDACTED FOR PRIVACY","REDACTED FOR PRIVACY","","REDACTED FOR PRIVACY","REDACTED FOR PRIVACY","REDACTED FOR PRIVACY","REDACTED FOR PRIVACY","REDACTED FOR PRIVACY","REDACTED FOR PRIVACY","REDACTED FOR PRIVACY","REDACTED FOR PRIVACY","REDACTED FOR PRIVACY","","REDACTED FOR PRIVACY","REDACTED FOR PRIVACY","","","","","","","","","","","ns10.link.net","ns11.link.net","ns12.link.net","","clientTransferProhibited","","",""
"139","stylemodernshop.com","2021-03-01 16:10:19","2021-02-27","2021-02-27","2022-02-27","146","GoDaddy.com, LLC","whois.godaddy.com","http://registrar.godaddy.com","","","","","October","","Egypt","","","","","","","","","","","","","","","","","","","","","","","","","","","","","","","","","","ns55.domaincontrol.com","ns56.domaincontrol.com","","","clientDeleteProhibited","clientRenewProhibited","clientTransferProhibited","clientUpdateProhibited"
"140","sunu.info","2021-03-01 15:56:10","2021-02-27","2021-02-27","2022-02-27","303","PDR Ltd. d/b/a PublicDomainRegistry.com","whois.publicdomainregistry.com","http://www.publicdomainregistry.com","Not Applicable","Not Applicable","","","Cairo","","Egypt","","","","","","","","","","","","","","","","","","","","","","","","","","","","","","","","","","ns1.dns-parking.com","ns2.dns-parking.com","","","addPeriod","clientTransferProhibited","serverTransferProhibited",""
"141","surelyfound.com","2021-03-01 16:09:50","2021-02-27","2021-02-27","2022-02-27","625","Name.com, Inc.","whois.name.com","http://www.name.com","PNSCO Software","PNSCO Software","Shoubra","Cairo","Cairo","13767","Egypt","","Non-Public Data","","PNSCO Software","PNSCO Software","Shoubra","Cairo","Cairo","13767","Egypt","","Non-Public Data","","PNSCO Software","PNSCO Software","Shoubra","Cairo","Cairo","13767","Egypt","","Non-Public Data","","","","","","","","","","","","ns1.fatcow.com","ns2.fatcow.com","","","addPeriod","clientTransferProhibited","",""
"142","talacity.com","2021-03-01 17:34:38","2021-02-27","2021-02-27","2022-02-27","146","GoDaddy.com, LLC","whois.godaddy.com","http://registrar.godaddy.com","husseinmostafa","husseinmostafa","","","cairo","","Egypt","","","","","","","","","","","","","","","","","","","","","","","","","","","","","","","","","","ns51.domaincontrol.com","ns52.domaincontrol.com","","","clientDeleteProhibited","clientRenewProhibited","clientTransferProhibited","clientUpdateProhibited"
"143","test-eg.xyz","2021-03-01 14:47:33","2021-02-27","2021-02-27","2022-02-27","146","GoDaddy.com, LLC","whois.godaddy.com","http://registrar.godaddy.com","","","","","Moharram bey","","Egypt","","","","","","","","","","","","","","","","","","","","","","","","","","","","","","","","","","ns57.domaincontrol.com","ns58.domaincontrol.com","","","addPeriod","clientDeleteProhibited","clientRenewProhibited","clientTransferProhibited"
"144","theaddressinvestment.com","2021-03-01 16:07:58","2021-02-27","2021-02-27","2022-02-27","146","GoDaddy.com, LLC","whois.godaddy.com","http://registrar.godaddy.com","Fawzy ElMawy","Fawzy ElMawy","","","cairo","","Egypt","","","","","","","","","","","","","","","","","","","","","","","","","","","","","","","","","","ns55.domaincontrol.com","ns56.domaincontrol.com","","","clientDeleteProhibited","clientRenewProhibited","clientTransferProhibited","clientUpdateProhibited"
"145","thebodycarestore.com","2021-03-01 17:42:53","2021-02-27","2021-02-28","2023-02-27","146","GoDaddy.com, LLC","whois.godaddy.com","http://registrar.godaddy.com","","","","","cairo","","Egypt","","","","","","","","","","","","","","","","","","","","","","","","","","","","","","","","","","ns1.inmotionhosting.com","ns2.inmotionhosting.com","","","clientDeleteProhibited","clientRenewProhibited","clientTransferProhibited","clientUpdateProhibited"
"146","thefoodcorners.com","2021-03-01 17:25:53","2021-02-27","2021-02-27","2022-02-27","146","GoDaddy.com, LLC","whois.godaddy.com","http://registrar.godaddy.com","Mubeen","Mubeen","","","cairo","","Egypt","","","","","","","","","","","","","","","","","","","","","","","","","","","","","","","","","","ns45.domaincontrol.com","ns46.domaincontrol.com","","","clientDeleteProhibited","clientRenewProhibited","clientTransferProhibited","clientUpdateProhibited"
"147","topcleanksa.com","2021-03-01 16:05:10","2021-02-27","2021-02-27","2022-02-27","303","PDR Ltd. d/b/a PublicDomainRegistry.com","whois.publicdomainregistry.com","http://www.publicdomainregistry.com","Belal","Ideascourt","107 Hegaz st","cairo","Al Qahirah","11771","Egypt","belalgodaa@gmail.com","+20.1155368936","","Belal","Ideascourt","107 Hegaz st","cairo","Al Qahirah","11771","Egypt","belalgodaa@gmail.com","+20.1155368936","","Belal","Ideascourt","107 Hegaz st","cairo","Al Qahirah","11771","Egypt","belalgodaa@gmail.com","+20.1155368936","","","","","","","","","","","","ns1.m37.siteground.biz","ns2.m37.siteground.biz","","","clientTransferProhibited","","",""
"148","training-needs.com","2021-03-01 17:34:26","2021-02-27","2021-02-27","2022-02-27","146","GoDaddy.com, LLC","whois.godaddy.com","http://registrar.godaddy.com","Egyitor LLC","Egyitor LLC","","","Giza","","Egypt","","","","","","","","","","","","","","","","","","","","","","","","","","","","","","","","","","ns51.domaincontrol.com","ns52.domaincontrol.com","","","clientDeleteProhibited","clientRenewProhibited","clientTransferProhibited","clientUpdateProhibited"
"149","trend-factor.com","2021-03-01 14:25:18","2021-02-27","2021-02-27","2022-02-27","146","GoDaddy.com, LLC","whois.godaddy.com","http://registrar.godaddy.com","Bawabat Alsharq for E-commerce","Bawabat Alsharq for E-commerce","","","Cairo","","Egypt","","","","","","","","","","","","","","","","","","","","","","","","","","","","","","","","","","ns41.domaincontrol.com","ns42.domaincontrol.com","","","clientDeleteProhibited","clientRenewProhibited","clientTransferProhibited","clientUpdateProhibited"
"150","trendcheif.com","2021-03-01 17:19:47","2021-02-27","2021-02-27","2022-02-27","146","GoDaddy.com, LLC","whois.godaddy.com","http://registrar.godaddy.com","Bawabat Alsharq for E-commerce","Bawabat Alsharq for E-commerce","","","Cairo","","Egypt","","","","","","","","","","","","","","","","","","","","","","","","","","","","","","","","","","ns57.domaincontrol.com","ns58.domaincontrol.com","","","clientDeleteProhibited","clientRenewProhibited","clientTransferProhibited","clientUpdateProhibited"
"151","trendmep.com","2021-03-01 16:04:31","2021-02-27","2021-02-27","2022-02-27","1647","Hosting Concepts B.V. dba Openprovider","whois.registrar.eu","http://www.openprovider.com","REDACTED FOR PRIVACY","TREND","REDACTED FOR PRIVACY","REDACTED FOR PRIVACY","Alexandria","REDACTED FOR PRIVACY","Egypt","","REDACTED FOR PRIVACY","REDACTED FOR PRIVACY","REDACTED FOR PRIVACY","REDACTED FOR PRIVACY","REDACTED FOR PRIVACY","REDACTED FOR PRIVACY","REDACTED FOR PRIVACY","REDACTED FOR PRIVACY","REDACTED FOR PRIVACY","","REDACTED FOR PRIVACY","REDACTED FOR PRIVACY","REDACTED FOR PRIVACY","REDACTED FOR PRIVACY","REDACTED FOR PRIVACY","REDACTED FOR PRIVACY","REDACTED FOR PRIVACY","REDACTED FOR PRIVACY","REDACTED FOR PRIVACY","","REDACTED FOR PRIVACY","REDACTED FOR PRIVACY","","","","","","","","","","","ns1.dns-parking.com","ns2.dns-parking.com","","","clientTransferProhibited","ok","",""
"152","trendyboutique.net","2021-03-01 15:44:07","2021-02-26","2021-02-26","2022-02-26","146","GoDaddy.com, LLC","whois.godaddy.com","http://registrar.godaddy.com","","","","","cairo","","Egypt","","","","","","","","","","","","","","","","","","","","","","","","","","","","","","","","","","ns1053.websitewelcome.com","ns1054.websitewelcome.com","","","clientDeleteProhibited","clientRenewProhibited","clientTransferProhibited","clientUpdateProhibited"
"153","unused-gov.com","2021-03-01 16:02:59","2021-02-27","2021-02-27","2022-02-27","625","Name.com, Inc.","whois.name.com","http://www.name.com","Ahmed Shamy","","cairo","cairo","Helwan","11713","Egypt","","Non-Public Data","","Ahmed Shamy","","cairo","cairo","Helwan","11713","Egypt","","Non-Public Data","","Ahmed Shamy","","cairo","cairo","Helwan","11713","Egypt","","Non-Public Data","","","","","","","","","","","","ns1.site4now.net","ns2.site4now.net","ns3.site4now.net","","addPeriod","clientTransferProhibited","",""
"154","valichy.com","2021-03-01 16:02:27","2021-02-27","","2022-02-27","1068","NameCheap, Inc.","whois.namecheap.com","http://www.namecheap.com","Expand Solution","Expand Solution","6th Of October","Giza","Cairo","12111","Egypt","domains@expandcart.com","+20.1212121212","","Expand Solution","Expand Solution","6th Of October","Giza","Cairo","12111","Egypt","domains@expandcart.com","+20.1212121212","","Expand Solution","Expand Solution","6th Of October","Giza","Cairo","12111","Egypt","domains@expandcart.com","+20.1212121212","","","","","","","","","","","","dns1.registrar-servers.com","dns2.registrar-servers.com","","","addPeriod","clientTransferProhibited","",""
"155","verbatoriacairo.com","2021-03-01 16:02:02","2021-02-27","2021-02-27","2022-02-27","1154","FastDomain Inc.","whois.fastdomain.com","http://www.fastdomain.com","PETER MAGDI","","CAIRO ST","CAIRO","","11231","Egypt","petermfaheem@gmail.com","+20.01222230402","","PETER MAGDI","","CAIRO ST","CAIRO","","11231","Egypt","petermfaheem@gmail.com","+20.01222230402","","BLUEHOST INC","BLUEHOST.COM","550 E TIMPANOGOS PKWY","OREM","UTAH","84097","United States","whois@bluehost.com","+1.8017659400","+1.8017651992","","","","","","","","","","","ns1.bluehost.com","ns2.bluehost.com","","","clientTransferProhibited","","",""
"156","verbatoriagiza.com","2021-03-01 16:02:08","2021-02-27","2021-02-27","2022-02-27","1154","FastDomain Inc.","whois.fastdomain.com","http://www.fastdomain.com","PETER MAGDI","","CAIRO ST","CAIRO","","11231","Egypt","petermfaheem@gmail.com","+20.01222230402","","PETER MAGDI","","CAIRO ST","CAIRO","","11231","Egypt","petermfaheem@gmail.com","+20.01222230402","","BLUEHOST INC","BLUEHOST.COM","550 E TIMPANOGOS PKWY","OREM","UTAH","84097","United States","whois@bluehost.com","+1.8017659400","+1.8017651992","","","","","","","","","","","ns1.bluehost.com","ns2.bluehost.com","","","clientTransferProhibited","","",""
"157","verbatoriamaadi.com","2021-03-01 16:02:01","2021-02-27","2021-02-27","2022-02-27","1154","FastDomain Inc.","whois.fastdomain.com","http://www.fastdomain.com","PETER MAGDI","","CAIRO ST","CAIRO","","11231","Egypt","petermfaheem@gmail.com","+20.01222230402","","PETER MAGDI","","CAIRO ST","CAIRO","","11231","Egypt","petermfaheem@gmail.com","+20.01222230402","","BLUEHOST INC","BLUEHOST.COM","550 E TIMPANOGOS PKWY","OREM","UTAH","84097","United States","whois@bluehost.com","+1.8017659400","+1.8017651992","","","","","","","","","","","ns1.bluehost.com","ns2.bluehost.com","","","clientTransferProhibited","","",""
"158","vlada.xyz","2021-03-01 14:46:17","2021-02-27","2021-02-27","2022-02-27","146","GoDaddy.com, LLC","whois.godaddy.com","http://registrar.godaddy.com","","","","","Alexandria","","Egypt","","","","","","","","","","","","","","","","","","","","","","","","","","","","","","","","","","ns21.domaincontrol.com","ns22.domaincontrol.com","","","addPeriod","clientDeleteProhibited","clientRenewProhibited","clientTransferProhibited"
"159","volmaneg.com","2021-03-01 16:01:29","2021-02-27","2021-02-27","2023-02-27","146","GoDaddy.com, LLC","whois.godaddy.com","http://registrar.godaddy.com","","","","","Kafr Abou Gomaa","","Egypt","","","","","","","","","","","","","","","","","","","","","","","","","","","","","","","","","","ns51.domaincontrol.com","ns52.domaincontrol.com","","","clientDeleteProhibited","clientRenewProhibited","clientTransferProhibited","clientUpdateProhibited"
"160","wadialnahda.com","2021-03-01 16:00:06","2021-02-27","2021-02-27","2022-02-27","303","PDR Ltd. d/b/a PublicDomainRegistry.com","whois.publicdomainregistry.com","http://www.publicdomainregistry.com","vivian karam","Al Hadaf Web Design Company","10 elhomsany medan ebn sendr","elzaton cairo","cairo","11712","Egypt","alhadfweb@gmail.com","+20.01226637456","","vivian karam","Al Hadaf Web Design Company","10 elhomsany medan ebn sendr","elzaton cairo","cairo","11712","Egypt","alhadfweb@gmail.com","+20.01226637456","","vivian karam","Al Hadaf Web Design Company","10 elhomsany medan ebn sendr","elzaton cairo","cairo","11712","Egypt","alhadfweb@gmail.com","+20.01226637456","","","","","","","","","","","","ns1.depro7.fcomet.com","ns2.depro7.fcomet.com","","","clientTransferProhibited","","",""
"161","waleed-egleem.com","2021-03-01 17:14:21","2021-02-27","2021-02-27","2022-02-27","625","Name.com, Inc.","whois.name.com","http://www.name.com","waleed egleem","","Cairo , Cairo","Cairo","Cairo","11811","Egypt","","Non-Public Data","","waleed egleem","","Cairo , Cairo","Cairo","Cairo","11811","Egypt","","Non-Public Data","","waleed egleem","","Cairo , Cairo","Cairo","Cairo","11811","Egypt","","Non-Public Data","","","","","","","","","","","","ns1.laptop-specs.com","ns2.laptop-specs.com","","","addPeriod","clientTransferProhibited","",""
"162","wataneya-move.site","2021-03-01 15:28:25","2021-02-27","2021-02-27","2022-02-27","146","GoDaddy.com, LLC","whois.godaddy.com","http://registrar.godaddy.com","Ramadan group","Ramadan group","","","Giza","","Egypt","","","","","","","","","","","","","","","","","","","","","","","","","","","","","","","","","","ns29.domaincontrol.com","ns30.domaincontrol.com","","","addPeriod","clientDeleteProhibited","clientRenewProhibited","clientTransferProhibited"
"163","we-rent.xyz","2021-03-01 14:47:22","2021-02-27","2021-02-27","2022-02-27","146","GoDaddy.com, LLC","whois.godaddy.com","http://registrar.godaddy.com","","","","","Egypt","","Egypt","","","","","","","","","","","","","","","","","","","","","","","","","","","","","","","","","","ns77.domaincontrol.com","ns78.domaincontrol.com","","","addPeriod","clientDeleteProhibited","clientRenewProhibited","clientTransferProhibited"
"164","wellconvey.com","2021-03-01 15:59:30","2021-02-27","2021-02-27","2022-02-27","146","GoDaddy.com, LLC","whois.godaddy.com","http://registrar.godaddy.com","","","","","Abotig","","Egypt","","","","","","","","","","","","","","","","","","","","","","","","","","","","","","","","","","ns1.site4now.net","ns2.site4now.net","ns3.site4now.net","","clientDeleteProhibited","clientRenewProhibited","clientTransferProhibited","clientUpdateProhibited"
"165","yotta-it.com","2021-03-01 14:38:01","2021-02-27","2021-02-27","2022-02-27","69","Tucows Domains Inc.","whois.tucows.com","http://domainhelp.opensrs.net","REDACTED FOR PRIVACY","REDACTED FOR PRIVACY","REDACTED FOR PRIVACY","REDACTED FOR PRIVACY","XX","REDACTED FOR PRIVACY","Egypt","","REDACTED FOR PRIVACY","REDACTED FOR PRIVACY","REDACTED FOR PRIVACY","REDACTED FOR PRIVACY","REDACTED FOR PRIVACY","REDACTED FOR PRIVACY","REDACTED FOR PRIVACY","REDACTED FOR PRIVACY","REDACTED FOR PRIVACY","","REDACTED FOR PRIVACY","REDACTED FOR PRIVACY","REDACTED FOR PRIVACY","REDACTED FOR PRIVACY","REDACTED FOR PRIVACY","REDACTED FOR PRIVACY","REDACTED FOR PRIVACY","REDACTED FOR PRIVACY","REDACTED FOR PRIVACY","","REDACTED FOR PRIVACY","REDACTED FOR PRIVACY","","","","","","","","","","","ns1.gfram1008.siteground.biz","ns2.gfram1008.siteground.biz","","","clientTransferProhibited","clientUpdateProhibited","",""
"166","zsoftx.com","2021-03-01 14:37:15","2021-02-27","2021-02-27","2022-02-27","955","Launchpad, Inc.","whois.launchpad.com","http://www.launchpad.com","mohamed amr","None","giza giza","giza","SUZ","12246","Egypt","dev.mohamedamr@gmail.com","+20.1065469647","","mohamed amr","None","giza giza","giza","SUZ","12246","Egypt","dev.mohamedamr@gmail.com","+20.1065469647","","mohamed amr","None","giza giza","giza","SUZ","12246","Egypt","dev.mohamedamr@gmail.com","+20.1065469647","","","","","","","","","","","","ns1.hostgator.com","ns2.hostgator.com","","","clientTransferProhibited","","",""