"num","domain_name","query_time","create_date","update_date","expiry_date","domain_registrar_id","domain_registrar_name","domain_registrar_whois","domain_registrar_url","registrant_name","registrant_company","registrant_address","registrant_city","registrant_state","registrant_zip","registrant_country","registrant_email","registrant_phone","registrant_fax","administrative_name","administrative_company","administrative_address","administrative_city","administrative_state","administrative_zip","administrative_country","administrative_email","administrative_phone","administrative_fax","technical_name","technical_company","technical_address","technical_city","technical_state","technical_zip","technical_country","technical_email","technical_phone","technical_fax","billing_name","billing_company","billing_address","billing_city","billing_state","billing_zip","billing_country","billing_email","billing_phone","billing_fax","name_server_1","name_server_2","name_server_3","name_server_4","domain_status_1","domain_status_2","domain_status_3","domain_status_4"
"1","123bay.space","2021-03-01 15:28:04","2021-02-26","2021-03-01","2022-02-26","472","Dynadot, LLC","whois.dynadot.com","http://www.dynadot.com","","","","","Harjumaa","","Estonia","","","","","","","","","","","","","","","","","","","","","","","","","","","","","","","","","","ns1.dynadot.com","ns2.dynadot.com","","","addPeriod","serverTransferProhibited","",""
"2","adweb3.com","2021-03-01 17:01:22","2021-02-27","2021-02-27","2022-02-27","1515","Webfusion Ltd.","whois.123-reg.co.uk","http://www.123-reg.co.uk","REDACTED FOR PRIVACY","","REDACTED FOR PRIVACY","REDACTED FOR PRIVACY","Harjuma","REDACTED FOR PRIVACY","Estonia","","REDACTED FOR PRIVACY","REDACTED FOR PRIVACY","","","","","","","","","","","","","","","","","","","","","","","","","","","","","","","ns41.domaincontrol.com","ns42.domaincontrol.com","","","clientDeleteProhibited","clientTransferProhibited","clientUpdateProhibited",""
"3","derinbaykal.com","2021-03-01 16:49:06","2021-02-27","2021-02-27","2022-02-27","146","GoDaddy.com, LLC","whois.godaddy.com","http://registrar.godaddy.com","","","","","Kesklinn","","Estonia","","","","","","","","","","","","","","","","","","","","","","","","","","","","","","","","","","ns57.domaincontrol.com","ns58.domaincontrol.com","","","clientDeleteProhibited","clientRenewProhibited","clientTransferProhibited","clientUpdateProhibited"
"4","eurlslgn.com","2021-03-01 16:45:03","2021-02-27","2021-02-27","2022-02-27","1387","1API GmbH","whois.1api.net","http://www.1api.net","Domain Administrator","Eurisign","Tornimae 5","Tallinn","Harjumaa","10145","Estonia","dnsadmin@eurisign.com","+372.8801463","","Domain Administrator","Eurisign","Tornimae 5","Tallinn","Harjumaa","10145","Estonia","dnsadmin@eurisign.com","+372.8801463","","Domain Administrator","Eurisign","Tornimae 5","Tallinn","Harjumaa","10145","Estonia","dnsadmin@eurisign.com","+372.8801463","","","","","","","","","","","","ns1188.ispapi.net","ns2224.ispapi.net","ns3211.ispapi.net","","clientTransferProhibited","","",""
"5","findings.space","2021-03-01 15:28:04","2021-02-26","","2022-02-26","886","Domain.com, LLC","whois.domain.com","http://www.domain.com","Carl Edvard Roland Tiik","Carl Edvard Roland Tiik","","","NA","","Estonia","","","","","","","","","","","","","","","","","","","","","","","","","","","","","","","","","","ns1.domain.com","ns2.domain.com","","","addPeriod","serverTransferProhibited","",""
"6","firevpn.info","2021-03-01 15:52:53","2021-02-27","2021-02-27","2022-02-27","146","GoDaddy.com, LLC","whois.godaddy.com","http://registrar.godaddy.com","","","","","Harju","","Estonia","","","","","","","","","","","","","","","","","","","","","","","","","","","","","","","","","","ns41.domaincontrol.com","ns42.domaincontrol.com","","","addPeriod","clientDeleteProhibited","clientRenewProhibited","clientTransferProhibited"
"7","gamblerstories.com","2021-03-01 16:41:52","2021-02-27","2021-02-27","2022-02-27","146","GoDaddy.com, LLC","whois.godaddy.com","http://registrar.godaddy.com","1995","1995","","","Harju maakond","","Estonia","","","","","","","","","","","","","","","","","","","","","","","","","","","","","","","","","","ns05.domaincontrol.com","ns06.domaincontrol.com","","","clientDeleteProhibited","clientRenewProhibited","clientTransferProhibited","clientUpdateProhibited"
"8","henridrell.com","2021-03-01 16:38:20","2021-02-27","2021-02-27","2024-02-27","106","Ascio Technologies, Inc. Danmark - Filial af Ascio technologies, Inc. USA","whois.ascio.com","http://www.ascio.com","Not Disclosed","Not Disclosed","Not Disclosed","Not Disclosed","Harju","Not Disclosed","Estonia","","Not Disclosed","Not Disclosed","Not Disclosed","Not Disclosed","Not Disclosed","Not Disclosed","Not Disclosed","Not Disclosed","Not Disclosed","","Not Disclosed","Not Disclosed","Not Disclosed","Not Disclosed","Not Disclosed","Not Disclosed","Not Disclosed","Not Disclosed","Not Disclosed","","Not Disclosed","Not Disclosed","","","","","","","","","","","ns.zone.eu","ns2.zone.ee","ns3.zonedata.net","","clientTransferProhibited","","",""
"9","identitan.com","2021-03-01 16:36:17","2021-02-27","2021-02-27","2022-02-27","1387","1API GmbH","whois.1api.net","http://www.1api.net","Domain Administrator","Eurisign","Tornimae 5","Tallinn","Harjumaa","10145","Estonia","dnsadmin@eurisign.com","+372.8801463","","Domain Administrator","Eurisign","Tornimae 5","Tallinn","Harjumaa","10145","Estonia","dnsadmin@eurisign.com","+372.8801463","","Domain Administrator","Eurisign","Tornimae 5","Tallinn","Harjumaa","10145","Estonia","dnsadmin@eurisign.com","+372.8801463","","","","","","","","","","","","emily.ns.cloudflare.com","kurt.ns.cloudflare.com","","","clientTransferProhibited","","",""
"10","identitane.com","2021-03-01 16:36:12","2021-02-27","2021-02-27","2022-02-27","1387","1API GmbH","whois.1api.net","http://www.1api.net","Domain Administrator","Eurisign","Tornimae 5","Tallinn","Harjumaa","10145","Estonia","dnsadmin@eurisign.com","+372.8801463","","Domain Administrator","Eurisign","Tornimae 5","Tallinn","Harjumaa","10145","Estonia","dnsadmin@eurisign.com","+372.8801463","","Domain Administrator","Eurisign","Tornimae 5","Tallinn","Harjumaa","10145","Estonia","dnsadmin@eurisign.com","+372.8801463","","","","","","","","","","","","ns1188.ispapi.net","ns2224.ispapi.net","ns3211.ispapi.net","","clientTransferProhibited","","",""
"11","identytan.com","2021-03-01 16:36:17","2021-02-27","2021-02-27","2022-02-27","1387","1API GmbH","whois.1api.net","http://www.1api.net","Domain Administrator","Eurisign","Tornimae 5","Tallinn","Harjumaa","10145","Estonia","dnsadmin@eurisign.com","+372.8801463","","Domain Administrator","Eurisign","Tornimae 5","Tallinn","Harjumaa","10145","Estonia","dnsadmin@eurisign.com","+372.8801463","","Domain Administrator","Eurisign","Tornimae 5","Tallinn","Harjumaa","10145","Estonia","dnsadmin@eurisign.com","+372.8801463","","","","","","","","","","","","ns1188.ispapi.net","ns2224.ispapi.net","ns3211.ispapi.net","","clientTransferProhibited","","",""
"12","inmogusto.com","2021-03-01 14:33:19","2021-02-27","2021-02-27","2022-02-26","1052","EuroDNS S.A.","http://whois.rotld.ro","http://www.eurodns.com","REDACTED FOR PRIVACY REDACTED FOR PRIVACY","REDACTED FOR PRIVACY","REDACTED FOR PRIVACY","Tallinn","","13013","Estonia","4b5e7d0059ef00081a2b391aa083a5bd_2293246_o@whoisprivacy.com","REDACTED FOR PRIVACY","REDACTED FOR PRIVACY","REDACTED FOR PRIVACY REDACTED FOR PRIVACY","REDACTED FOR PRIVACY","REDACTED FOR PRIVACY","Tallinn","","13013","Estonia","9521a60a90f39bce8be69ccced35b4d0_2293246_a@whoisprivacy.com","REDACTED FOR PRIVACY","REDACTED FOR PRIVACY","REDACTED FOR PRIVACY REDACTED FOR PRIVACY","REDACTED FOR PRIVACY","REDACTED FOR PRIVACY","Tallinn","","13013","Estonia","e7811c721b4f494fccf3d3b35afccb12_2293246_t@whoisprivacy.com","REDACTED FOR PRIVACY","REDACTED FOR PRIVACY","","","","","","","","","","","ns.elkdata.ee","ns2.elkdata.ee","ns3.elkdata.net","","clientTransferProhibited","","",""
"13","iris-ar.com","2021-03-01 17:26:46","2021-02-27","2021-03-01","2023-02-27","146","GoDaddy.com, LLC","whois.godaddy.com","http://registrar.godaddy.com","DHU S.A.","DHU S.A.","","","Harju maakond","","Estonia","","","","","","","","","","","","","","","","","","","","","","","","","","","","","","","","","","ns11.domaincontrol.com","ns12.domaincontrol.com","","","clientDeleteProhibited","clientRenewProhibited","clientTransferProhibited","clientUpdateProhibited"
"14","joyfoodshop.com","2021-03-01 14:31:22","2021-02-27","2021-02-27","2022-02-26","1052","EuroDNS S.A.","http://whois.rotld.ro","http://www.eurodns.com","Urke Sanja","RANI YOGA OU","Koidu tn 84-1","Tallinn linn","","10139","Estonia","raniyogatallinn@gmail.com","+372.51919913","","Urke Sanja","RANI YOGA OU","Koidu tn 84-1","Tallinn linn","","10139","Estonia","raniyogatallinn@gmail.com","+372.51919913","","Urke Sanja","RANI YOGA OU","Koidu tn 84-1","Tallinn linn","","10139","Estonia","raniyogatallinn@gmail.com","+372.51919913","","","","","","","","","","","","ns.elkdata.ee","ns2.elkdata.ee","ns3.elkdata.net","","clientTransferProhibited","","",""
"15","joyfoodstore.com","2021-03-01 14:31:12","2021-02-27","2021-02-27","2022-02-26","1052","EuroDNS S.A.","http://whois.rotld.ro","http://www.eurodns.com","Urke Sanja","RANI YOGA OU","Koidu tn 84-1","Tallinn linn","","10139","Estonia","raniyogatallinn@gmail.com","+372.51919913","","Urke Sanja","RANI YOGA OU","Koidu tn 84-1","Tallinn linn","","10139","Estonia","raniyogatallinn@gmail.com","+372.51919913","","Urke Sanja","RANI YOGA OU","Koidu tn 84-1","Tallinn linn","","10139","Estonia","raniyogatallinn@gmail.com","+372.51919913","","","","","","","","","","","","ns.elkdata.ee","ns2.elkdata.ee","ns3.elkdata.net","","clientTransferProhibited","","",""
"16","kasparsellin.com","2021-03-01 14:20:09","2021-02-27","2021-02-27","2022-02-27","106","Ascio Technologies, Inc. Danmark - Filial af Ascio technologies, Inc. USA","whois.ascio.com","http://www.ascio.com","Not Disclosed","Not Disclosed","Not Disclosed","Not Disclosed","Harjumaa","Not Disclosed","Estonia","","Not Disclosed","Not Disclosed","Not Disclosed","Not Disclosed","Not Disclosed","Not Disclosed","Not Disclosed","Not Disclosed","Not Disclosed","","Not Disclosed","Not Disclosed","Not Disclosed","Not Disclosed","Not Disclosed","Not Disclosed","Not Disclosed","Not Disclosed","Not Disclosed","","Not Disclosed","Not Disclosed","","","","","","","","","","","ns.zone.eu","ns2.zone.ee","ns3.zonedata.net","","clientTransferProhibited","","",""
"17","ldentltan.com","2021-03-01 16:32:54","2021-02-27","2021-02-27","2022-02-27","1387","1API GmbH","whois.1api.net","http://www.1api.net","Domain Administrator","Eurisign","Tornimae 5","Tallinn","Harjumaa","10145","Estonia","dnsadmin@eurisign.com","+372.8801463","","Domain Administrator","Eurisign","Tornimae 5","Tallinn","Harjumaa","10145","Estonia","dnsadmin@eurisign.com","+372.8801463","","Domain Administrator","Eurisign","Tornimae 5","Tallinn","Harjumaa","10145","Estonia","dnsadmin@eurisign.com","+372.8801463","","","","","","","","","","","","ns1188.ispapi.net","ns2224.ispapi.net","ns3211.ispapi.net","","clientTransferProhibited","","",""
"18","locked-shields.com","2021-03-01 16:31:38","2021-02-27","2021-02-27","2022-02-27","106","Ascio Technologies, Inc. Danmark - Filial af Ascio technologies, Inc. USA","whois.ascio.com","http://www.ascio.com","Not Disclosed","Not Disclosed","Not Disclosed","Not Disclosed","Saare maakond","Not Disclosed","Estonia","","Not Disclosed","Not Disclosed","Not Disclosed","Not Disclosed","Not Disclosed","Not Disclosed","Not Disclosed","Not Disclosed","Not Disclosed","","Not Disclosed","Not Disclosed","Not Disclosed","Not Disclosed","Not Disclosed","Not Disclosed","Not Disclosed","Not Disclosed","Not Disclosed","","Not Disclosed","Not Disclosed","","","","","","","","","","","ns.zone.eu","ns2.zone.ee","ns3.zonedata.net","","clientTransferProhibited","","",""
"19","microsoft-uk.info","2021-03-01 15:52:41","2021-02-27","2021-03-01","2022-02-27","1606","Limited Liability Company 'Registrar of domain names REG.RU'","whois.reg.ru","http://www.reg.ru","Private Person","Private Person","","","Moscow","","Estonia","","","","","","","","","","","","","","","","","","","","","","","","","","","","","","","","","","keira.ns.cloudflare.com","margo.ns.cloudflare.com","","","addPeriod","clientTransferProhibited","serverHold","serverTransferProhibited"
"20","pappacourses.com","2021-03-01 16:20:29","2021-02-27","2021-02-27","2022-02-27","106","Ascio Technologies, Inc. Danmark - Filial af Ascio technologies, Inc. USA","whois.ascio.com","http://www.ascio.com","Not Disclosed","Not Disclosed","Not Disclosed","Not Disclosed","Harju","Not Disclosed","Estonia","","Not Disclosed","Not Disclosed","Not Disclosed","Not Disclosed","Not Disclosed","Not Disclosed","Not Disclosed","Not Disclosed","Not Disclosed","","Not Disclosed","Not Disclosed","Not Disclosed","Not Disclosed","Not Disclosed","Not Disclosed","Not Disclosed","Not Disclosed","Not Disclosed","","Not Disclosed","Not Disclosed","","","","","","","","","","","ns.zone.eu","ns2.zone.ee","ns3.zonedata.net","","clientTransferProhibited","","",""
"21","pushgambler.com","2021-03-01 14:36:22","2021-02-27","2021-02-27","2022-02-27","146","GoDaddy.com, LLC","whois.godaddy.com","http://registrar.godaddy.com","1995","1995","","","Harju maakond","","Estonia","","","","","","","","","","","","","","","","","","","","","","","","","","","","","","","","","","ns05.domaincontrol.com","ns06.domaincontrol.com","","","clientDeleteProhibited","clientRenewProhibited","clientTransferProhibited","clientUpdateProhibited"
"22","quotacasa.com","2021-03-01 17:52:02","2021-02-27","2021-02-28","2022-02-27","146","GoDaddy.com, LLC","whois.godaddy.com","http://registrar.godaddy.com","Clientment Ou","Clientment Ou","","","Tallin","","Estonia","","","","","","","","","","","","","","","","","","","","","","","","","","","","","","","","","","ns1.am28.siteground.biz","ns2.am28.siteground.biz","","","clientDeleteProhibited","clientRenewProhibited","clientTransferProhibited","clientUpdateProhibited"
"23","quotacase.com","2021-03-01 14:24:40","2021-02-27","2021-02-27","2022-02-27","146","GoDaddy.com, LLC","whois.godaddy.com","http://registrar.godaddy.com","Clientment Ou","Clientment Ou","","","Tallin","","Estonia","","","","","","","","","","","","","","","","","","","","","","","","","","","","","","","","","","ns29.domaincontrol.com","ns30.domaincontrol.com","","","clientDeleteProhibited","clientRenewProhibited","clientTransferProhibited","clientUpdateProhibited"
"24","rannatennisest.net","2021-03-01 14:41:34","2021-02-26","2021-02-26","2022-02-25","1052","EuroDNS S.A.","http://whois.rotld.ro","http://www.eurodns.com","Rebane Eneli","Geim OU","Koidu 100-4","Tallinn","","10139","Estonia","enelirebane@hotmail.com","+372.56244190","","Rebane Eneli","Geim OU","Koidu 100-4","Tallinn","","10139","Estonia","enelirebane@hotmail.com","+372.56244190","","Rebane Eneli","Geim OU","Koidu 100-4","Tallinn","","10139","Estonia","enelirebane@hotmail.com","+372.56244190","","","","","","","","","","","","ns.elkdata.ee","ns2.elkdata.ee","ns3.elkdata.net","","clientTransferProhibited","","",""
"25","thefuturefedex.com","2021-03-01 17:12:51","2021-02-27","2021-02-27","2022-02-27","3265","DropCatch.com 1056 LLC","","","Redacted for GDPR privacy","","Redacted for GDPR privacy","Redacted for GDPR privacy","Harjumaa","Redacted for GDPR privacy","Estonia","thefuturefedex.com@namebrightprivacy.com","Redacted for GDPR privacy","Redacted for GDPR privacy","Redacted for GDPR privacy","Redacted for GDPR privacy","Redacted for GDPR privacy","Redacted for GDPR privacy","Redacted for GDPR privacy","Redacted for GDPR privacy","Redacted for GDPR privacy","thefuturefedex.com@namebrightprivacy.com","Redacted for GDPR privacy","Redacted for GDPR privacy","Redacted for GDPR privacy","Redacted for GDPR privacy","Redacted for GDPR privacy","Redacted for GDPR privacy","Redacted for GDPR privacy","Redacted for GDPR privacy","Redacted for GDPR privacy","thefuturefedex.com@namebrightprivacy.com","Redacted for GDPR privacy","Redacted for GDPR privacy","","","","","","","","","","","","","","","clientTransferProhibited","","",""
"26","toknatic.com","2021-03-01 16:05:19","2021-02-27","2021-02-27","2022-02-27","106","Ascio Technologies, Inc. Danmark - Filial af Ascio technologies, Inc. USA","whois.ascio.com","http://www.ascio.com","Not Disclosed","Not Disclosed","Not Disclosed","Not Disclosed","Harju","Not Disclosed","Estonia","","Not Disclosed","Not Disclosed","Not Disclosed","Not Disclosed","Not Disclosed","Not Disclosed","Not Disclosed","Not Disclosed","Not Disclosed","","Not Disclosed","Not Disclosed","Not Disclosed","Not Disclosed","Not Disclosed","Not Disclosed","Not Disclosed","Not Disclosed","Not Disclosed","","Not Disclosed","Not Disclosed","","","","","","","","","","","ns.zone.eu","ns2.zone.ee","ns3.zonedata.net","","clientTransferProhibited","","",""
"27","woozymoney.com","2021-03-01 14:39:37","2021-02-27","2021-02-27","2022-02-27","146","GoDaddy.com, LLC","whois.godaddy.com","http://registrar.godaddy.com","","","","","Harjumaa","","Estonia","","","","","","","","","","","","","","","","","","","","","","","","","","","","","","","","","","ns0.thundercloud.uk","ns1.thundercloud.uk","","","clientDeleteProhibited","clientRenewProhibited","clientTransferProhibited","clientUpdateProhibited"
"28","wsutest.website","2021-03-01 14:51:26","2021-02-26","2021-02-26","2022-02-26","886","Domain.com, LLC","whois.domain.com","http://www.domain.com","Heigo Protten","Heigo Protten","","","NA","","Estonia","","","","","","","","","","","","","","","","","","","","","","","","","","","","","","","","","","ns1.bluehost.com","ns2.bluehost.com","","","addPeriod","serverTransferProhibited","",""