"num","domain_name","query_time","create_date","update_date","expiry_date","domain_registrar_id","domain_registrar_name","domain_registrar_whois","domain_registrar_url","registrant_name","registrant_company","registrant_address","registrant_city","registrant_state","registrant_zip","registrant_country","registrant_email","registrant_phone","registrant_fax","administrative_name","administrative_company","administrative_address","administrative_city","administrative_state","administrative_zip","administrative_country","administrative_email","administrative_phone","administrative_fax","technical_name","technical_company","technical_address","technical_city","technical_state","technical_zip","technical_country","technical_email","technical_phone","technical_fax","billing_name","billing_company","billing_address","billing_city","billing_state","billing_zip","billing_country","billing_email","billing_phone","billing_fax","name_server_1","name_server_2","name_server_3","name_server_4","domain_status_1","domain_status_2","domain_status_3","domain_status_4"
"1","alletkusa.com","2021-03-01 17:00:26","2021-02-27","2021-02-27","2022-02-27","303","PDR Ltd. d/b/a PublicDomainRegistry.com","whois.publicdomainregistry.com","http://www.publicdomainregistry.com","GDPR Masked","GDPR Masked","GDPR Masked","GDPR Masked","Helsinki","GDPR Masked","Finland","gdpr-masking@gdpr-masked.com","GDPR Masked","GDPR Masked","GDPR Masked","GDPR Masked","GDPR Masked","GDPR Masked","GDPR Masked","GDPR Masked","GDPR Masked","gdpr-masking@gdpr-masked.com","GDPR Masked","GDPR Masked","GDPR Masked","GDPR Masked","GDPR Masked","GDPR Masked","GDPR Masked","GDPR Masked","GDPR Masked","gdpr-masking@gdpr-masked.com","GDPR Masked","GDPR Masked","","","","","","","","","","","earth.monovm.com","mars.monovm.com","mercury.monovm.com","venus.monovm.com","clientTransferProhibited","","",""
"2","arvontamaailma.net","2021-03-01 15:42:39","2021-02-26","2021-02-26","2022-02-26","269","Key-Systems GmbH","whois.rrpproxy.net","http://www.key-systems.net","REDACTED FOR PRIVACY","REDACTED FOR PRIVACY","REDACTED FOR PRIVACY REDACTED FOR PRIVACY REDACTED FOR PRIVACY","REDACTED FOR PRIVACY","","REDACTED FOR PRIVACY","Finland","info@domain-contact.org","REDACTED FOR PRIVACY","REDACTED FOR PRIVACY","REDACTED FOR PRIVACY","REDACTED FOR PRIVACY","REDACTED FOR PRIVACY REDACTED FOR PRIVACY REDACTED FOR PRIVACY","REDACTED FOR PRIVACY","REDACTED FOR PRIVACY","REDACTED FOR PRIVACY","REDACTED FOR PRIVACY","info@domain-contact.org","REDACTED FOR PRIVACY","REDACTED FOR PRIVACY","REDACTED FOR PRIVACY","REDACTED FOR PRIVACY","REDACTED FOR PRIVACY REDACTED FOR PRIVACY REDACTED FOR PRIVACY","REDACTED FOR PRIVACY","REDACTED FOR PRIVACY","REDACTED FOR PRIVACY","REDACTED FOR PRIVACY","info@domain-contact.org","REDACTED FOR PRIVACY","REDACTED FOR PRIVACY","REDACTED FOR PRIVACY","REDACTED FOR PRIVACY","REDACTED FOR PRIVACY REDACTED FOR PRIVACY REDACTED FOR PRIVACY","REDACTED FOR PRIVACY","REDACTED FOR PRIVACY","REDACTED FOR PRIVACY","REDACTED FOR PRIVACY","info@domain-contact.org","REDACTED FOR PRIVACY","REDACTED FOR PRIVACY","ns1.int2000.net","ns2.int2000.net","","","OK","","",""
"3","autosportsgroup.online","2021-03-01 15:38:04","2021-02-26","2021-02-26","2022-02-26","146","GoDaddy.com, LLC","whois.godaddy.com","http://registrar.godaddy.com","","","","","Uusimaa","","Finland","","","","","","","","","","","","","","","","","","","","","","","","","","","","","","","","","","ns55.domaincontrol.com","ns56.domaincontrol.com","","","addPeriod","clientDeleteProhibited","clientRenewProhibited","clientTransferProhibited"
"4","dastibuutsit.com","2021-03-01 16:50:08","2021-02-27","2021-02-27","2022-02-27","9","register.com, Inc.","whois.register.com","http://www.register.com","Statutory Masking Enabled","Statutory Masking Enabled","Statutory Masking Enabled","Statutory Masking Enabled","","Statutory Masking Enabled","Finland","abuse@web.com","Statutory Masking Enabled","Statutory Masking Enabled","Statutory Masking Enabled","Statutory Masking Enabled","Statutory Masking Enabled","Statutory Masking Enabled","Statutory Masking Enabled","Statutory Masking Enabled","Statutory Masking Enabled","abuse@web.com","Statutory Masking Enabled","Statutory Masking Enabled","Statutory Masking Enabled","Statutory Masking Enabled","Statutory Masking Enabled","Statutory Masking Enabled","Statutory Masking Enabled","Statutory Masking Enabled","Statutory Masking Enabled","abuse@web.com","Statutory Masking Enabled","Statutory Masking Enabled","Statutory Masking Enabled","Statutory Masking Enabled","Statutory Masking Enabled","Statutory Masking Enabled","Statutory Masking Enabled","Statutory Masking Enabled","Statutory Masking Enabled","abuse@web.com","Statutory Masking Enabled","Statutory Masking Enabled","dns1.register.com","dns2.register.com","","","clientTransferProhibited","","",""
"5","dicktionary.club","2021-03-01 14:16:00","2021-02-28","2021-02-28","2022-02-28","146","GoDaddy.com, LLC","whois.godaddy.com","http://registrar.godaddy.com","REDACTED FOR PRIVACY","","REDACTED FOR PRIVACY REDACTED FOR PRIVACY REDACTED FOR PRIVACY","REDACTED FOR PRIVACY","Uusimaa","REDACTED FOR PRIVACY","Finland","","REDACTED FOR PRIVACY","REDACTED FOR PRIVACY","REDACTED FOR PRIVACY","REDACTED FOR PRIVACY","REDACTED FOR PRIVACY REDACTED FOR PRIVACY REDACTED FOR PRIVACY","REDACTED FOR PRIVACY","REDACTED FOR PRIVACY","REDACTED FOR PRIVACY","REDACTED FOR PRIVACY","","REDACTED FOR PRIVACY","REDACTED FOR PRIVACY","REDACTED FOR PRIVACY","REDACTED FOR PRIVACY","REDACTED FOR PRIVACY REDACTED FOR PRIVACY REDACTED FOR PRIVACY","REDACTED FOR PRIVACY","REDACTED FOR PRIVACY","REDACTED FOR PRIVACY","REDACTED FOR PRIVACY","","REDACTED FOR PRIVACY","REDACTED FOR PRIVACY","","","","","","","","","","","ns45.domaincontrol.com","ns46.domaincontrol.com","","","addPeriod","clientDeleteProhibited","clientRenewProhibited","clientTransferProhibited"
"6","discussions.club","2021-03-01 14:15:44","2021-02-27","2021-02-27","2022-02-27","146","GoDaddy.com, LLC","whois.godaddy.com","http://registrar.godaddy.com","REDACTED FOR PRIVACY","","REDACTED FOR PRIVACY REDACTED FOR PRIVACY REDACTED FOR PRIVACY","REDACTED FOR PRIVACY","","REDACTED FOR PRIVACY","Finland","","REDACTED FOR PRIVACY","REDACTED FOR PRIVACY","REDACTED FOR PRIVACY","REDACTED FOR PRIVACY","REDACTED FOR PRIVACY REDACTED FOR PRIVACY REDACTED FOR PRIVACY","REDACTED FOR PRIVACY","REDACTED FOR PRIVACY","REDACTED FOR PRIVACY","REDACTED FOR PRIVACY","","REDACTED FOR PRIVACY","REDACTED FOR PRIVACY","REDACTED FOR PRIVACY","REDACTED FOR PRIVACY","REDACTED FOR PRIVACY REDACTED FOR PRIVACY REDACTED FOR PRIVACY","REDACTED FOR PRIVACY","REDACTED FOR PRIVACY","REDACTED FOR PRIVACY","REDACTED FOR PRIVACY","","REDACTED FOR PRIVACY","REDACTED FOR PRIVACY","","","","","","","","","","","ns77.domaincontrol.com","ns78.domaincontrol.com","","","addPeriod","clientDeleteProhibited","clientRenewProhibited","clientTransferProhibited"
"7","gansel-rechtsanwaelte.online","2021-03-01 15:37:36","2021-02-26","2021-02-26","2022-02-26","146","GoDaddy.com, LLC","whois.godaddy.com","http://registrar.godaddy.com","","","","","Uusimaa","","Finland","","","","","","","","","","","","","","","","","","","","","","","","","","","","","","","","","","ns55.domaincontrol.com","ns56.domaincontrol.com","","","addPeriod","clientDeleteProhibited","clientRenewProhibited","clientTransferProhibited"
"8","getrichtoday.online","2021-03-01 15:38:16","2021-02-26","2021-02-26","2022-02-26","146","GoDaddy.com, LLC","whois.godaddy.com","http://registrar.godaddy.com","","","","","Vantaa","","Finland","","","","","","","","","","","","","","","","","","","","","","","","","","","","","","","","","","ns11.domaincontrol.com","ns12.domaincontrol.com","","","addPeriod","clientDeleteProhibited","clientRenewProhibited","clientTransferProhibited"
"9","gotalk.online","2021-03-01 15:38:27","2021-02-26","2021-02-26","2022-02-26","146","GoDaddy.com, LLC","whois.godaddy.com","http://registrar.godaddy.com","","","","","Espoo","","Finland","","","","","","","","","","","","","","","","","","","","","","","","","","","","","","","","","","ns51.domaincontrol.com","ns52.domaincontrol.com","","","addPeriod","clientDeleteProhibited","clientRenewProhibited","clientTransferProhibited"
"10","harbourhousehanko.com","2021-03-01 16:38:56","2021-02-27","2021-02-27","2022-02-27","1387","1API GmbH","whois.1api.net","http://www.1api.net","REDACTED FOR PRIVACY","REDACTED FOR PRIVACY","REDACTED FOR PRIVACY","REDACTED FOR PRIVACY","","REDACTED FOR PRIVACY","Finland","","REDACTED FOR PRIVACY","","REDACTED FOR PRIVACY","REDACTED FOR PRIVACY","REDACTED FOR PRIVACY","REDACTED FOR PRIVACY","REDACTED FOR PRIVACY","REDACTED FOR PRIVACY","REDACTED FOR PRIVACY","","REDACTED FOR PRIVACY","","REDACTED FOR PRIVACY","REDACTED FOR PRIVACY","REDACTED FOR PRIVACY","REDACTED FOR PRIVACY","REDACTED FOR PRIVACY","REDACTED FOR PRIVACY","REDACTED FOR PRIVACY","","REDACTED FOR PRIVACY","","","","","","","","","","","","ns1.domainhotelli.fi","ns2.domainhotelli.fi","","","clientTransferProhibited","","",""
"11","havuecollection.com","2021-03-01 16:38:41","2021-02-27","2021-02-27","2022-02-27","113","CSL Computer Service Langenbach GmbH d/b/a joker.com","whois.joker.com","http://www.joker.com","Jarvi Z Oy","Jarvi Z Oy","","","","","Finland","","","","","","","","","","","","","","","","","","","","","","","","","","","","","","","","","","ns5.hostaan.fi","ns6.hostaan.fi","","","clientTransferProhibited","","",""
"12","hohkarakennus.com","2021-03-01 16:37:52","2021-02-27","2021-02-27","2022-02-27","1387","1API GmbH","whois.1api.net","http://www.1api.net","REDACTED FOR PRIVACY","REDACTED FOR PRIVACY","REDACTED FOR PRIVACY","REDACTED FOR PRIVACY","","REDACTED FOR PRIVACY","Finland","","REDACTED FOR PRIVACY","","REDACTED FOR PRIVACY","REDACTED FOR PRIVACY","REDACTED FOR PRIVACY","REDACTED FOR PRIVACY","REDACTED FOR PRIVACY","REDACTED FOR PRIVACY","REDACTED FOR PRIVACY","","REDACTED FOR PRIVACY","","REDACTED FOR PRIVACY","REDACTED FOR PRIVACY","REDACTED FOR PRIVACY","REDACTED FOR PRIVACY","REDACTED FOR PRIVACY","REDACTED FOR PRIVACY","REDACTED FOR PRIVACY","","REDACTED FOR PRIVACY","","","","","","","","","","","","ns1.hostingpalvelu.fi","ns2.hostingpalvelu.fi","","","clientTransferProhibited","","",""
"13","hubby.today","2021-03-01 15:23:57","2021-02-26","2021-02-26","2022-02-26","146","GoDaddy.com, LLC","whois.godaddy.com","http://registrar.godaddy.com","REDACTED FOR PRIVACY","","REDACTED FOR PRIVACY","REDACTED FOR PRIVACY","Vantaa","REDACTED FOR PRIVACY","Finland","","REDACTED FOR PRIVACY","REDACTED FOR PRIVACY","","","","","","","","","","","","","","","","","","","","","","","","","","","","","","","","","","","addPeriod","clientDeleteProhibited","clientRenewProhibited","clientTransferProhibited"
"14","iqfuelshop.com","2021-03-01 14:32:56","2021-02-27","2021-02-27","2022-02-27","113","CSL Computer Service Langenbach GmbH d/b/a joker.com","whois.joker.com","http://www.joker.com","Versus Trading Oy","Versus Trading Oy","","","","","Finland","","","","","","","","","","","","","","","","","","","","","","","","","","","","","","","","","","dns1.zoner.fi","dns2.zoner.fi","","","clientTransferProhibited","","",""
"15","kolokola2021.xyz","2021-03-01 14:48:39","2021-02-27","2021-02-27","2022-02-27","1606","Limited Liability Company 'Registrar of domain names REG.RU'","whois.reg.ru","http://www.reg.ru","","","","","indiana","","Finland","medialand.regru@gmail.com","+1.9739289242","","","","","","","","","medialand.regru@gmail.com","+1.9739289242","","","","","","","","","medialand.regru@gmail.com","+1.9739289242","","","","","","","","","medialand.regru@gmail.com","+1.9739289242","","a.dnspod.com","c.dnspod.com","","","addPeriod","serverTransferProhibited","",""
"16","kowdaluulyo.com","2021-03-01 16:33:56","2021-02-27","2021-02-27","2022-02-27","146","GoDaddy.com, LLC","whois.godaddy.com","http://registrar.godaddy.com","Somali-Somali baa leh","Somali-Somali baa leh","","","Helsinki","","Finland","","","","","","","","","","","","","","","","","","","","","","","","","","","","","","","","","","ns21.domaincontrol.com","ns22.domaincontrol.com","","","clientDeleteProhibited","clientRenewProhibited","clientTransferProhibited","clientUpdateProhibited"
"17","kuuhankalampo.net","2021-03-01 15:39:36","2021-02-26","2021-02-26","2022-02-26","146","GoDaddy.com, LLC","whois.godaddy.com","http://registrar.godaddy.com","Kuuhankalampo Oy","Kuuhankalampo Oy","","","","","Finland","","","","","","","","","","","","","","","","","","","","","","","","","","","","","","","","","","ns11.domaincontrol.com","ns12.domaincontrol.com","","","clientDeleteProhibited","clientRenewProhibited","clientTransferProhibited","clientUpdateProhibited"
"18","lapinlampi.net","2021-03-01 15:39:35","2021-02-26","2021-02-26","2023-02-26","81","Gandi SAS","whois.gandi.net","http://www.gandi.net","REDACTED FOR PRIVACY","","REDACTED FOR PRIVACY","REDACTED FOR PRIVACY","","REDACTED FOR PRIVACY","Finland","e9e82515716d720a833ee564588440be-25658206@contact.gandi.net","REDACTED FOR PRIVACY","REDACTED FOR PRIVACY","REDACTED FOR PRIVACY","REDACTED FOR PRIVACY","REDACTED FOR PRIVACY","REDACTED FOR PRIVACY","REDACTED FOR PRIVACY","REDACTED FOR PRIVACY","REDACTED FOR PRIVACY","e9e82515716d720a833ee564588440be-25658206@contact.gandi.net","REDACTED FOR PRIVACY","REDACTED FOR PRIVACY","REDACTED FOR PRIVACY","REDACTED FOR PRIVACY","REDACTED FOR PRIVACY","REDACTED FOR PRIVACY","REDACTED FOR PRIVACY","REDACTED FOR PRIVACY","REDACTED FOR PRIVACY","e9e82515716d720a833ee564588440be-25658206@contact.gandi.net","REDACTED FOR PRIVACY","REDACTED FOR PRIVACY","","","","","","","","","","","ns1.lindalap.net","ns2.lindalap.net","","","clientTransferProhibited","","",""
"19","laplandgravel.com","2021-03-01 16:33:06","2021-02-27","2021-02-27","2022-02-27","146","GoDaddy.com, LLC","whois.godaddy.com","http://registrar.godaddy.com","","","","","Finland","","Finland","","","","","","","","","","","","","","","","","","","","","","","","","","","","","","","","","","ns11.domaincontrol.com","ns12.domaincontrol.com","","","clientDeleteProhibited","clientRenewProhibited","clientTransferProhibited","clientUpdateProhibited"
"20","lehtooy.net","2021-03-01 15:39:37","2021-02-26","2021-02-26","2022-02-26","113","CSL Computer Service Langenbach GmbH d/b/a joker.com","whois.joker.com","http://www.joker.com","Kuhmon Media- ja Metsapalvelu Kyllonen Ky","Kuhmon Media- ja Metsapalvelu Kyllonen Ky","","","Kainuu","","Finland","","","","","","","","","","","","","","","","","","","","","","","","","","","","","","","","","","x.ns.joker.com","y.ns.joker.com","z.ns.joker.com","","clientTransferProhibited","","",""
"21","maalinja.net","2021-03-01 14:42:34","2021-02-26","2021-02-26","2023-02-26","146","GoDaddy.com, LLC","whois.godaddy.com","http://registrar.godaddy.com","","","","","Uusimaa","","Finland","","","","","","","","","","","","","","","","","","","","","","","","","","","","","","","","","","ns11.domaincontrol.com","ns12.domaincontrol.com","","","clientDeleteProhibited","clientRenewProhibited","clientTransferProhibited","clientUpdateProhibited"
"22","mentoriksi.com","2021-03-01 16:28:27","2021-02-27","","2022-02-27","839","Realtime Register B.V.","whois.yoursrs.com","http://www.realtimeregister.com","REDACTED FOR PRIVACY","REDACTED FOR PRIVACY","REDACTED FOR PRIVACY","REDACTED FOR PRIVACY","","REDACTED FOR PRIVACY","Finland","","REDACTED FOR PRIVACY","REDACTED FOR PRIVACY","REDACTED FOR PRIVACY","REDACTED FOR PRIVACY","REDACTED FOR PRIVACY","REDACTED FOR PRIVACY","REDACTED FOR PRIVACY","REDACTED FOR PRIVACY","REDACTED FOR PRIVACY","","REDACTED FOR PRIVACY","REDACTED FOR PRIVACY","REDACTED FOR PRIVACY","REDACTED FOR PRIVACY","REDACTED FOR PRIVACY","REDACTED FOR PRIVACY","REDACTED FOR PRIVACY","REDACTED FOR PRIVACY","REDACTED FOR PRIVACY","","REDACTED FOR PRIVACY","REDACTED FOR PRIVACY","","","","","","","","","","","ns-2tke8k2tgd.dnswnd.be","ns-2twsw42ted.dnswnd.eu","ns-7ppy1c7pfd.dnswnd.de","","OK","","",""
"23","mielisolmu.com","2021-03-01 16:27:33","2021-02-27","2021-02-27","2022-02-27","1387","1API GmbH","whois.1api.net","http://www.1api.net","REDACTED FOR PRIVACY","REDACTED FOR PRIVACY","REDACTED FOR PRIVACY","REDACTED FOR PRIVACY","","REDACTED FOR PRIVACY","Finland","","REDACTED FOR PRIVACY","","REDACTED FOR PRIVACY","REDACTED FOR PRIVACY","REDACTED FOR PRIVACY","REDACTED FOR PRIVACY","REDACTED FOR PRIVACY","REDACTED FOR PRIVACY","REDACTED FOR PRIVACY","","REDACTED FOR PRIVACY","","REDACTED FOR PRIVACY","REDACTED FOR PRIVACY","REDACTED FOR PRIVACY","REDACTED FOR PRIVACY","REDACTED FOR PRIVACY","REDACTED FOR PRIVACY","REDACTED FOR PRIVACY","","REDACTED FOR PRIVACY","","","","","","","","","","","","ns1.domainhotelli.fi","ns2.domainhotelli.fi","","","clientTransferProhibited","","",""
"24","moneyhub.store","2021-03-01 15:26:02","2021-02-26","2021-02-26","2022-02-26","146","GoDaddy.com, LLC","whois.godaddy.com","http://registrar.godaddy.com","","","","","Vantaa","","Finland","","","","","","","","","","","","","","","","","","","","","","","","","","","","","","","","","","ns11.domaincontrol.com","ns12.domaincontrol.com","","","addPeriod","clientDeleteProhibited","clientRenewProhibited","clientTransferProhibited"
"25","moneyhub.today","2021-03-01 15:23:57","2021-02-26","2021-02-26","2022-02-26","146","GoDaddy.com, LLC","whois.godaddy.com","http://registrar.godaddy.com","REDACTED FOR PRIVACY","","REDACTED FOR PRIVACY","REDACTED FOR PRIVACY","Vantaa","REDACTED FOR PRIVACY","Finland","","REDACTED FOR PRIVACY","REDACTED FOR PRIVACY","","","","","","","","","","","","","","","","","","","","","","","","","","","","","","","","","","","addPeriod","clientDeleteProhibited","clientRenewProhibited","clientTransferProhibited"
"26","mtervis.com","2021-03-01 16:26:09","2021-02-27","2021-02-27","2023-02-27","1387","1API GmbH","whois.1api.net","http://www.1api.net","REDACTED FOR PRIVACY","REDACTED FOR PRIVACY","REDACTED FOR PRIVACY","REDACTED FOR PRIVACY","","REDACTED FOR PRIVACY","Finland","","REDACTED FOR PRIVACY","","REDACTED FOR PRIVACY","REDACTED FOR PRIVACY","REDACTED FOR PRIVACY","REDACTED FOR PRIVACY","REDACTED FOR PRIVACY","REDACTED FOR PRIVACY","REDACTED FOR PRIVACY","","REDACTED FOR PRIVACY","","REDACTED FOR PRIVACY","REDACTED FOR PRIVACY","REDACTED FOR PRIVACY","REDACTED FOR PRIVACY","REDACTED FOR PRIVACY","REDACTED FOR PRIVACY","REDACTED FOR PRIVACY","","REDACTED FOR PRIVACY","","","","","","","","","","","","ns1.domainhotelli.fi","ns2.domainhotelli.fi","","","clientTransferProhibited","","",""
"27","myvisal.net","2021-03-01 14:42:17","2021-02-26","2021-02-26","2022-02-26","113","CSL Computer Service Langenbach GmbH d/b/a joker.com","whois.joker.com","http://www.joker.com","Myyntivipu Oy","Myyntivipu Oy","","","","","Finland","","","","","","","","","","","","","","","","","","","","","","","","","","","","","","","","","","dns1.zoner.fi","dns2.zoner.fi","","","clientTransferProhibited","","",""
"28","neurovisionoy.net","2021-03-01 14:42:09","2021-02-26","2021-02-26","2022-02-26","146","GoDaddy.com, LLC","whois.godaddy.com","http://registrar.godaddy.com","Neurovision Oy","Neurovision Oy","","","","","Finland","","","","","","","","","","","","","","","","","","","","","","","","","","","","","","","","","","ns09.domaincontrol.com","ns10.domaincontrol.com","","","clientDeleteProhibited","clientRenewProhibited","clientTransferProhibited","clientUpdateProhibited"
"29","nooraojanen.com","2021-03-01 16:23:13","2021-02-27","2021-02-27","2022-02-27","1387","1API GmbH","whois.1api.net","http://www.1api.net","REDACTED FOR PRIVACY","REDACTED FOR PRIVACY","REDACTED FOR PRIVACY","REDACTED FOR PRIVACY","","REDACTED FOR PRIVACY","Finland","","REDACTED FOR PRIVACY","","REDACTED FOR PRIVACY","REDACTED FOR PRIVACY","REDACTED FOR PRIVACY","REDACTED FOR PRIVACY","REDACTED FOR PRIVACY","REDACTED FOR PRIVACY","REDACTED FOR PRIVACY","","REDACTED FOR PRIVACY","","REDACTED FOR PRIVACY","REDACTED FOR PRIVACY","REDACTED FOR PRIVACY","REDACTED FOR PRIVACY","REDACTED FOR PRIVACY","REDACTED FOR PRIVACY","REDACTED FOR PRIVACY","","REDACTED FOR PRIVACY","","","","","","","","","","","","ns1.domainhotelli.fi","ns2.domainhotelli.fi","","","clientTransferProhibited","","",""
"30","normaintoy.net","2021-03-01 14:42:05","2021-02-26","2021-02-26","2022-02-26","146","GoDaddy.com, LLC","whois.godaddy.com","http://registrar.godaddy.com","Normaint Oy","Normaint Oy","","","","","Finland","","","","","","","","","","","","","","","","","","","","","","","","","","","","","","","","","","ns31.domaincontrol.com","ns32.domaincontrol.com","","","clientDeleteProhibited","clientRenewProhibited","clientTransferProhibited","clientUpdateProhibited"
"31","noronurkka.info","2021-03-01 15:50:21","2021-02-27","2021-02-27","2022-02-27","81","Gandi SAS","whois.gandi.net","http://www.gandi.net","Akilto Oy","Akilto Oy","","","","","Finland","","","","","","","","","","","","","","","","","","","","","","","","","","","","","","","","","","ns-126-c.gandi.net","ns-127-a.gandi.net","ns-162-b.gandi.net","","addPeriod","clientTransferProhibited","serverTransferProhibited",""
"32","orwelding.net","2021-03-01 14:41:58","2021-02-26","2021-02-26","2022-02-26","146","GoDaddy.com, LLC","whois.godaddy.com","http://registrar.godaddy.com","OR Welding Oy","OR Welding Oy","","","","","Finland","","","","","","","","","","","","","","","","","","","","","","","","","","","","","","","","","","ns31.domaincontrol.com","ns32.domaincontrol.com","","","clientDeleteProhibited","clientRenewProhibited","clientTransferProhibited","clientUpdateProhibited"
"33","pametoy.net","2021-03-01 14:41:55","2021-02-26","2021-02-26","2022-02-26","146","GoDaddy.com, LLC","whois.godaddy.com","http://registrar.godaddy.com","Pamet Oy","Pamet Oy","","","","","Finland","","","","","","","","","","","","","","","","","","","","","","","","","","","","","","","","","","ns31.domaincontrol.com","ns32.domaincontrol.com","","","clientDeleteProhibited","clientRenewProhibited","clientTransferProhibited","clientUpdateProhibited"
"34","parempikorjaamo.com","2021-03-01 16:20:25","2021-02-27","2021-02-27","2022-02-27","1387","1API GmbH","whois.1api.net","http://www.1api.net","REDACTED FOR PRIVACY","REDACTED FOR PRIVACY","REDACTED FOR PRIVACY","REDACTED FOR PRIVACY","","REDACTED FOR PRIVACY","Finland","","REDACTED FOR PRIVACY","","REDACTED FOR PRIVACY","REDACTED FOR PRIVACY","REDACTED FOR PRIVACY","REDACTED FOR PRIVACY","REDACTED FOR PRIVACY","REDACTED FOR PRIVACY","REDACTED FOR PRIVACY","","REDACTED FOR PRIVACY","","REDACTED FOR PRIVACY","REDACTED FOR PRIVACY","REDACTED FOR PRIVACY","REDACTED FOR PRIVACY","REDACTED FOR PRIVACY","REDACTED FOR PRIVACY","REDACTED FOR PRIVACY","","REDACTED FOR PRIVACY","","","","","","","","","","","","ns1.domainhotelli.fi","ns2.domainhotelli.fi","","","clientTransferProhibited","","",""
"35","passiveincomenow.site","2021-03-01 15:29:24","2021-02-26","2021-02-26","2022-02-26","146","GoDaddy.com, LLC","whois.godaddy.com","http://registrar.godaddy.com","","","","","Vantaa","","Finland","","","","","","","","","","","","","","","","","","","","","","","","","","","","","","","","","","ns31.domaincontrol.com","ns32.domaincontrol.com","","","addPeriod","clientDeleteProhibited","clientRenewProhibited","clientTransferProhibited"
"36","passiveincomenow.today","2021-03-01 15:23:56","2021-02-26","2021-02-26","2022-02-26","146","GoDaddy.com, LLC","whois.godaddy.com","http://registrar.godaddy.com","REDACTED FOR PRIVACY","","REDACTED FOR PRIVACY","REDACTED FOR PRIVACY","Vantaa","REDACTED FOR PRIVACY","Finland","","REDACTED FOR PRIVACY","REDACTED FOR PRIVACY","","","","","","","","","","","","","","","","","","","","","","","","","","","","","","","","","","","addPeriod","clientDeleteProhibited","clientRenewProhibited","clientTransferProhibited"
"37","pelimaailma.net","2021-03-01 14:41:51","2021-02-26","2021-02-26","2022-02-26","2487","Internet Domain Services BS Corp","whois.publicinterestregistry.net","http://www.internetbs.net","Not disclosed Not disclosed","Mediabaari","Aapajoentie 497","Tornio","","95560","Finland","9711aa5efd9ba665affc3a5f984ace6a.gdrp@customers.whoisprivacycorp.com","+358.445575539","","Not disclosed Not disclosed","Mediabaari","Aapajoentie 497","Tornio","","95560","Finland","9711aa5efd9ba665affc3a5f984ace6a.gdrp@customers.whoisprivacycorp.com","+358.445575539","","Not disclosed Not disclosed","Mediabaari","Aapajoentie 497","Tornio","","95560","Finland","9711aa5efd9ba665affc3a5f984ace6a.gdrp@customers.whoisprivacycorp.com","+358.445575539","","","","","","","","","","","","ns1.futuroninternet.com","ns2.futuroninternet.com","ns3.futuroninternet.com","","clientTransferProhibited","ok","",""
"38","peltsi.art","2021-03-01 17:54:52","2021-02-26","2021-02-26","2022-02-26","1387","1API GmbH","whois.1api.net","http://www.1api.net","","","","","","","Finland","","","","","","","","","","","","","","","","","","","","","","","","","","","","","","","","","","ns1.domainhotelli.fi","ns2.domainhotelli.fi","","","addPeriod","clientTransferProhibited","serverTransferProhibited",""
"39","pirjomure.com","2021-03-01 16:19:15","2021-02-27","2021-02-27","2022-02-27","1387","1API GmbH","whois.1api.net","http://www.1api.net","REDACTED FOR PRIVACY","REDACTED FOR PRIVACY","REDACTED FOR PRIVACY","REDACTED FOR PRIVACY","","REDACTED FOR PRIVACY","Finland","","REDACTED FOR PRIVACY","","REDACTED FOR PRIVACY","REDACTED FOR PRIVACY","REDACTED FOR PRIVACY","REDACTED FOR PRIVACY","REDACTED FOR PRIVACY","REDACTED FOR PRIVACY","REDACTED FOR PRIVACY","","REDACTED FOR PRIVACY","","REDACTED FOR PRIVACY","REDACTED FOR PRIVACY","REDACTED FOR PRIVACY","REDACTED FOR PRIVACY","REDACTED FOR PRIVACY","REDACTED FOR PRIVACY","REDACTED FOR PRIVACY","","REDACTED FOR PRIVACY","","","","","","","","","","","","ns1.domainhotelli.fi","ns2.domainhotelli.fi","","","clientTransferProhibited","","",""
"40","pkgowner.website","2021-03-01 14:52:18","2021-02-26","2021-02-26","2022-02-26","886","Domain.com, LLC","whois.domain.com","http://www.domain.com","Iikka Masalin","Iikka Masalin","","","NA","","Finland","","","","","","","","","","","","","","","","","","","","","","","","","","","","","","","","","","dora.ns.cloudflare.com","hugh.ns.cloudflare.com","","","addPeriod","clientTransferProhibited","clientUpdateProhibited","serverTransferProhibited"
"41","raxalle.com","2021-03-01 14:35:28","2021-02-27","2021-02-27","2023-02-27","146","GoDaddy.com, LLC","whois.godaddy.com","http://registrar.godaddy.com","Nuusku Ventures Oy","Nuusku Ventures Oy","","","Espoo","","Finland","","","","","","","","","","","","","","","","","","","","","","","","","","","","","","","","","","ns05.domaincontrol.com","ns06.domaincontrol.com","","","clientDeleteProhibited","clientRenewProhibited","clientTransferProhibited","clientUpdateProhibited"
"42","sillasilmalla.net","2021-03-01 14:41:11","2021-02-26","2021-02-26","2022-02-26","113","CSL Computer Service Langenbach GmbH d/b/a joker.com","whois.joker.com","http://www.joker.com","Artio Oy","Artio Oy","","","","","Finland","","","","","","","","","","","","","","","","","","","","","","","","","","","","","","","","","","ns.artio.net","ns2.artio.net","tramin.artio.net","","clientTransferProhibited","","",""
"43","skandscooter.net","2021-03-01 14:41:07","2021-02-26","2021-02-26","2022-02-26","48","eNom, Inc.","whois.enom.com","http://www.enom.com","REDACTED FOR PRIVACY","REDACTED FOR PRIVACY","REDACTED FOR PRIVACY","REDACTED FOR PRIVACY","REDACTED FOR PRIVACY","REDACTED FOR PRIVACY","Finland","","REDACTED FOR PRIVACY","REDACTED FOR PRIVACY","REDACTED FOR PRIVACY","REDACTED FOR PRIVACY","REDACTED FOR PRIVACY","REDACTED FOR PRIVACY","REDACTED FOR PRIVACY","REDACTED FOR PRIVACY","REDACTED FOR PRIVACY","","REDACTED FOR PRIVACY","REDACTED FOR PRIVACY","REDACTED FOR PRIVACY","REDACTED FOR PRIVACY","REDACTED FOR PRIVACY","REDACTED FOR PRIVACY","REDACTED FOR PRIVACY","REDACTED FOR PRIVACY","REDACTED FOR PRIVACY","","REDACTED FOR PRIVACY","REDACTED FOR PRIVACY","","","","","","","","","","","dns1.louhi.net","dns2.louhi.net","dns3.louhi.fi","","addPeriod","clientTransferProhibited","",""
"44","spaakioy.net","2021-03-01 14:41:09","2021-02-26","2021-02-26","2022-02-26","146","GoDaddy.com, LLC","whois.godaddy.com","http://registrar.godaddy.com","Spaaki Oy","Spaaki Oy","","","","","Finland","","","","","","","","","","","","","","","","","","","","","","","","","","","","","","","","","","ns69.domaincontrol.com","ns70.domaincontrol.com","","","clientDeleteProhibited","clientRenewProhibited","clientTransferProhibited","clientUpdateProhibited"
"45","syrenagothslut.com","2021-03-01 16:09:02","2021-02-27","2021-02-27","2023-02-27","1387","1API GmbH","whois.1api.net","http://www.1api.net","REDACTED FOR PRIVACY","REDACTED FOR PRIVACY","REDACTED FOR PRIVACY","REDACTED FOR PRIVACY","","REDACTED FOR PRIVACY","Finland","","REDACTED FOR PRIVACY","","REDACTED FOR PRIVACY","REDACTED FOR PRIVACY","REDACTED FOR PRIVACY","REDACTED FOR PRIVACY","REDACTED FOR PRIVACY","REDACTED FOR PRIVACY","REDACTED FOR PRIVACY","","REDACTED FOR PRIVACY","","REDACTED FOR PRIVACY","REDACTED FOR PRIVACY","REDACTED FOR PRIVACY","REDACTED FOR PRIVACY","REDACTED FOR PRIVACY","REDACTED FOR PRIVACY","REDACTED FOR PRIVACY","","REDACTED FOR PRIVACY","","","","","","","","","","","","ns1.domainhotelli.fi","ns2.domainhotelli.fi","","","clientTransferProhibited","","",""
"46","talousmentor.com","2021-03-01 17:33:53","2021-02-27","2021-02-27","2022-02-27","3307","DropCatch.com 1098 LLC","","","Aleksi Mikael Jukarainen","","Mikkolantie 3 b 11","M?nts?l?","Province of Southern Finland","04620","Finland","mikael.jukarainen@gmail.com","+358.456750253","","Aleksi Mikael Jukarainen","","Mikkolantie 3 b 11","M?nts?l?","Province of Southern Finland","04620","Finland","mikael.jukarainen@gmail.com","+358.456750253","","Aleksi Mikael Jukarainen","","Mikkolantie 3 b 11","M?nts?l?","Province of Southern Finland","04620","Finland","mikael.jukarainen@gmail.com","+358.456750253","","","","","","","","","","","","","","","","clientTransferProhibited","","",""
"47","tilaakotiiin.com","2021-03-01 16:05:36","2021-02-27","2021-02-27","2022-02-27","69","Tucows Domains Inc.","whois.tucows.com","http://domainhelp.opensrs.net","REDACTED FOR PRIVACY","REDACTED FOR PRIVACY","REDACTED FOR PRIVACY","REDACTED FOR PRIVACY","XX","REDACTED FOR PRIVACY","Finland","","REDACTED FOR PRIVACY","REDACTED FOR PRIVACY","REDACTED FOR PRIVACY","REDACTED FOR PRIVACY","REDACTED FOR PRIVACY","REDACTED FOR PRIVACY","REDACTED FOR PRIVACY","REDACTED FOR PRIVACY","REDACTED FOR PRIVACY","","REDACTED FOR PRIVACY","REDACTED FOR PRIVACY","REDACTED FOR PRIVACY","REDACTED FOR PRIVACY","REDACTED FOR PRIVACY","REDACTED FOR PRIVACY","REDACTED FOR PRIVACY","REDACTED FOR PRIVACY","REDACTED FOR PRIVACY","","REDACTED FOR PRIVACY","REDACTED FOR PRIVACY","","","","","","","","","","","ns1.gnldm1070.siteground.biz","ns2.gnldm1070.siteground.biz","","","clientTransferProhibited","clientUpdateProhibited","",""
"48","timill.net","2021-03-01 15:43:34","2021-02-26","2021-02-26","2022-02-26","1387","1API GmbH","whois.1api.net","http://www.1api.net","REDACTED FOR PRIVACY","REDACTED FOR PRIVACY","REDACTED FOR PRIVACY","REDACTED FOR PRIVACY","","REDACTED FOR PRIVACY","Finland","","REDACTED FOR PRIVACY","","REDACTED FOR PRIVACY","REDACTED FOR PRIVACY","REDACTED FOR PRIVACY","REDACTED FOR PRIVACY","REDACTED FOR PRIVACY","REDACTED FOR PRIVACY","REDACTED FOR PRIVACY","","REDACTED FOR PRIVACY","","REDACTED FOR PRIVACY","REDACTED FOR PRIVACY","REDACTED FOR PRIVACY","REDACTED FOR PRIVACY","REDACTED FOR PRIVACY","REDACTED FOR PRIVACY","REDACTED FOR PRIVACY","","REDACTED FOR PRIVACY","","","","","","","","","","","","ns1.domainhotelli.fi","ns2.domainhotelli.fi","","","clientTransferProhibited","","",""
"49","tosemetal.net","2021-03-01 15:43:39","2021-02-26","2021-02-26","2022-02-26","146","GoDaddy.com, LLC","whois.godaddy.com","http://registrar.godaddy.com","Tosemetal Oy","Tosemetal Oy","","","","","Finland","","","","","","","","","","","","","","","","","","","","","","","","","","","","","","","","","","ns09.domaincontrol.com","ns10.domaincontrol.com","","","clientDeleteProhibited","clientRenewProhibited","clientTransferProhibited","clientUpdateProhibited"
"50","ulottuvuus.com","2021-03-01 16:03:44","2021-02-27","2021-02-27","2022-02-27","146","GoDaddy.com, LLC","whois.godaddy.com","http://registrar.godaddy.com","","","","","Uusimaa","","Finland","","","","","","","","","","","","","","","","","","","","","","","","","","","","","","","","","","aida.ns.cloudflare.com","bryce.ns.cloudflare.com","","","clientDeleteProhibited","clientRenewProhibited","clientTransferProhibited","clientUpdateProhibited"
"51","univeersal.com","2021-03-01 16:03:03","2021-02-27","2021-02-27","2022-02-27","146","GoDaddy.com, LLC","whois.godaddy.com","http://registrar.godaddy.com","","","","","FIN","","Finland","","","","","","","","","","","","","","","","","","","","","","","","","","","","","","","","","","ns21.domaincontrol.com","ns22.domaincontrol.com","","","clientDeleteProhibited","clientRenewProhibited","clientTransferProhibited","clientUpdateProhibited"
"52","velimattikarppinen.net","2021-03-01 14:40:23","2021-02-26","","2022-02-26","839","Realtime Register B.V.","whois.yoursrs.com","http://www.realtimeregister.com","REDACTED FOR PRIVACY","REDACTED FOR PRIVACY","REDACTED FOR PRIVACY","REDACTED FOR PRIVACY","","REDACTED FOR PRIVACY","Finland","","REDACTED FOR PRIVACY","REDACTED FOR PRIVACY","REDACTED FOR PRIVACY","REDACTED FOR PRIVACY","REDACTED FOR PRIVACY","REDACTED FOR PRIVACY","REDACTED FOR PRIVACY","REDACTED FOR PRIVACY","REDACTED FOR PRIVACY","","REDACTED FOR PRIVACY","REDACTED FOR PRIVACY","REDACTED FOR PRIVACY","REDACTED FOR PRIVACY","REDACTED FOR PRIVACY","REDACTED FOR PRIVACY","REDACTED FOR PRIVACY","REDACTED FOR PRIVACY","REDACTED FOR PRIVACY","","REDACTED FOR PRIVACY","REDACTED FOR PRIVACY","","","","","","","","","","","suspension1.mydomainprovider.com","suspension2.mydomainprovider.com","","","OK","","",""