"num","domain_name","query_time","create_date","update_date","expiry_date","domain_registrar_id","domain_registrar_name","domain_registrar_whois","domain_registrar_url","registrant_name","registrant_company","registrant_address","registrant_city","registrant_state","registrant_zip","registrant_country","registrant_email","registrant_phone","registrant_fax","administrative_name","administrative_company","administrative_address","administrative_city","administrative_state","administrative_zip","administrative_country","administrative_email","administrative_phone","administrative_fax","technical_name","technical_company","technical_address","technical_city","technical_state","technical_zip","technical_country","technical_email","technical_phone","technical_fax","billing_name","billing_company","billing_address","billing_city","billing_state","billing_zip","billing_country","billing_email","billing_phone","billing_fax","name_server_1","name_server_2","name_server_3","name_server_4","domain_status_1","domain_status_2","domain_status_3","domain_status_4"
"1","botprofitsecrets.com","2021-03-01 16:53:53","2021-02-27","2021-02-27","2022-02-27","146","GoDaddy.com, LLC","whois.godaddy.com","http://registrar.godaddy.com","(IM) Interactive Marketing","(IM) Interactive Marketing","","","GA","","Georgia","","","","","","","","","","","","","","","","","","","","","","","","","","","","","","","","","","ns45.domaincontrol.com","ns46.domaincontrol.com","","","clientDeleteProhibited","clientRenewProhibited","clientTransferProhibited","clientUpdateProhibited"
"2","elmalekfx.com","2021-03-01 16:45:54","2021-02-27","2021-02-27","2022-02-27","146","GoDaddy.com, LLC","whois.godaddy.com","http://registrar.godaddy.com","self","self","","","mont lebanon","","Georgia","","","","","","","","","","","","","","","","","","","","","","","","","","","","","","","","","","ns41.domaincontrol.com","ns42.domaincontrol.com","","","clientDeleteProhibited","clientRenewProhibited","clientTransferProhibited","clientUpdateProhibited"
"3","fxbchannel.com","2021-03-01 16:42:06","2021-02-27","2021-02-27","2022-02-27","146","GoDaddy.com, LLC","whois.godaddy.com","http://registrar.godaddy.com","self","self","","","mont lebanon","","Georgia","","","","","","","","","","","","","","","","","","","","","","","","","","","","","","","","","","ns41.domaincontrol.com","ns42.domaincontrol.com","","","clientDeleteProhibited","clientRenewProhibited","clientTransferProhibited","clientUpdateProhibited"
"4","infora.media","2021-03-01 15:46:45","2021-02-26","2021-02-26","2022-02-26","146","GoDaddy.com, LLC","whois.godaddy.com","http://registrar.godaddy.com","REDACTED FOR PRIVACY","Private","REDACTED FOR PRIVACY","REDACTED FOR PRIVACY","Tbilisi","REDACTED FOR PRIVACY","Georgia","","REDACTED FOR PRIVACY","REDACTED FOR PRIVACY","","","","","","","","","","","","","","","","","","","","","","","","","","","","","","","","","","","addPeriod","clientDeleteProhibited","clientRenewProhibited","clientTransferProhibited"
"5","makeupbrushes-shop.com","2021-03-01 17:21:34","2021-02-26","2021-02-26","2022-02-26","146","GoDaddy.com, LLC","whois.godaddy.com","http://registrar.godaddy.com","Alta","Alta","","","georgia","","Georgia","","","","","","","","","","","","","","","","","","","","","","","","","","","","","","","","","","ns77.domaincontrol.com","ns78.domaincontrol.com","","","clientDeleteProhibited","clientRenewProhibited","clientTransferProhibited","clientUpdateProhibited"
"6","mzetavi.com","2021-03-01 16:25:23","2021-02-27","2021-02-27","2022-02-27","303","PDR Ltd. d/b/a PublicDomainRegistry.com","whois.publicdomainregistry.com","http://www.publicdomainregistry.com","Kote Balakhashvili","Secured Networks Ltd","Nutsubidze st 4 build 15","Tbilisi","T'bilisi","0183","Georgia","kote.balakhashvili@set.ge","+995.557118803","","Kote Balakhashvili","Secured Networks Ltd","Nutsubidze st 4 build 15","Tbilisi","T'bilisi","0183","Georgia","kote.balakhashvili@set.ge","+995.557118803","","Kote Balakhashvili","Secured Networks Ltd","Nutsubidze st 4 build 15","Tbilisi","T'bilisi","0183","Georgia","kote.balakhashvili@set.ge","+995.557118803","","","","","","","","","","","","ns1.fastcloud.ge","ns2.fastcloud.ge","","","clientTransferProhibited","","",""
"7","tbilisitaxi.com","2021-03-01 14:18:30","2021-02-27","2021-02-27","2022-02-27","303","PDR Ltd. d/b/a PublicDomainRegistry.com","whois.publicdomainregistry.com","http://www.publicdomainregistry.com","Giorgi Bulia","","41a Politkovskaia str.","Tbilisi","Vake","0186","Georgia","giorgi.bulia@gmail.com","+995.551555367","","Giorgi Bulia","","41a Politkovskaia str.","Tbilisi","Vake","0186","Georgia","giorgi.bulia@gmail.com","+995.551555367","","Giorgi Bulia","","41a Politkovskaia str.","Tbilisi","Vake","0186","Georgia","giorgi.bulia@gmail.com","+995.551555367","","","","","","","","","","","","ns1.honeyhost.net","ns2.honeyhost.net","","","clientTransferProhibited","","",""
"8","zipbyaddress.com","2021-03-01 14:37:23","2021-02-27","2021-02-27","2022-02-27","146","GoDaddy.com, LLC","whois.godaddy.com","http://registrar.godaddy.com","","","","","qvemo qartli","","Georgia","","","","","","","","","","","","","","","","","","","","","","","","","","","","","","","","","","ns51.domaincontrol.com","ns52.domaincontrol.com","","","clientDeleteProhibited","clientRenewProhibited","clientTransferProhibited","clientUpdateProhibited"