"num","domain_name","query_time","create_date","update_date","expiry_date","domain_registrar_id","domain_registrar_name","domain_registrar_whois","domain_registrar_url","registrant_name","registrant_company","registrant_address","registrant_city","registrant_state","registrant_zip","registrant_country","registrant_email","registrant_phone","registrant_fax","administrative_name","administrative_company","administrative_address","administrative_city","administrative_state","administrative_zip","administrative_country","administrative_email","administrative_phone","administrative_fax","technical_name","technical_company","technical_address","technical_city","technical_state","technical_zip","technical_country","technical_email","technical_phone","technical_fax","billing_name","billing_company","billing_address","billing_city","billing_state","billing_zip","billing_country","billing_email","billing_phone","billing_fax","name_server_1","name_server_2","name_server_3","name_server_4","domain_status_1","domain_status_2","domain_status_3","domain_status_4"
"1","hotspotkouz.com","2021-03-01 16:36:57","2021-02-27","2021-03-01","2022-02-27","1647","Hosting Concepts B.V. dba Openprovider","whois.registrar.eu","http://www.openprovider.com","REDACTED FOR PRIVACY","Digital Masterz","REDACTED FOR PRIVACY","REDACTED FOR PRIVACY","Ouest","REDACTED FOR PRIVACY","Haiti","","REDACTED FOR PRIVACY","REDACTED FOR PRIVACY","REDACTED FOR PRIVACY","REDACTED FOR PRIVACY","REDACTED FOR PRIVACY","REDACTED FOR PRIVACY","REDACTED FOR PRIVACY","REDACTED FOR PRIVACY","REDACTED FOR PRIVACY","","REDACTED FOR PRIVACY","REDACTED FOR PRIVACY","REDACTED FOR PRIVACY","REDACTED FOR PRIVACY","REDACTED FOR PRIVACY","REDACTED FOR PRIVACY","REDACTED FOR PRIVACY","REDACTED FOR PRIVACY","REDACTED FOR PRIVACY","","REDACTED FOR PRIVACY","REDACTED FOR PRIVACY","","","","","","","","","","","kurt.ns.cloudflare.com","riya.ns.cloudflare.com","","","clientTransferProhibited","ok","",""
"2","invertechhaiti.online","2021-03-01 15:39:16","2021-02-27","2021-02-27","2022-02-27","9","register.com, Inc.","whois.register.com","http://www.register.com","Invertech","Invertech","","","","","Haiti","","","","","","","","","","","","","","","","","","","","","","","","","","","","","","","","","","dns101.register.com","dns102.register.com","","","addPeriod","clientTransferProhibited","serverTransferProhibited",""
"3","matrisliberasyon.com","2021-03-01 16:29:06","2021-02-27","2021-02-27","2022-02-27","48","eNom, Inc.","whois.enom.com","http://www.enom.com","REDACTED FOR PRIVACY","REDACTED FOR PRIVACY","REDACTED FOR PRIVACY","REDACTED FOR PRIVACY","Ouest","REDACTED FOR PRIVACY","Haiti","","REDACTED FOR PRIVACY","REDACTED FOR PRIVACY","REDACTED FOR PRIVACY","REDACTED FOR PRIVACY","REDACTED FOR PRIVACY","REDACTED FOR PRIVACY","REDACTED FOR PRIVACY","REDACTED FOR PRIVACY","REDACTED FOR PRIVACY","","REDACTED FOR PRIVACY","REDACTED FOR PRIVACY","REDACTED FOR PRIVACY","REDACTED FOR PRIVACY","REDACTED FOR PRIVACY","REDACTED FOR PRIVACY","REDACTED FOR PRIVACY","REDACTED FOR PRIVACY","REDACTED FOR PRIVACY","","REDACTED FOR PRIVACY","REDACTED FOR PRIVACY","","","","","","","","","","","ns1.vodadns.com","ns2.vodadns.com","","","addPeriod","clientTransferProhibited","",""
"4","putin-kabaeva.com","2021-03-01 14:36:20","2021-02-27","2021-02-27","2023-02-27","146","GoDaddy.com, LLC","whois.godaddy.com","http://registrar.godaddy.com","","","","","","","Haiti","","","","","","","","","","","","","","","","","","","","","","","","","","","","","","","","","","ns05.domaincontrol.com","ns06.domaincontrol.com","","","clientDeleteProhibited","clientRenewProhibited","clientTransferProhibited","clientUpdateProhibited"
"5","thevicgaming.com","2021-03-01 16:05:59","2021-02-27","2021-02-27","2022-02-27","1630","Ligne Web Services SARL","whois.nic.fr","http://www.ait.com","","","","","","","Haiti","5fdb22eeba630099829dde671d83beca@whois-anonymous.com","","","","","","","","","Haiti","5fdb22eeba630099829dde671d83beca@whois-anonymous.com","","","","","","","","","Haiti","5fdb22eeba630099829dde671d83beca@whois-anonymous.com","","","","","","","","","Haiti","5fdb22eeba630099829dde671d83beca@whois-anonymous.com","","","","","","","More","clientTransferProhibited","informations","on"
"6","vabonht.com","2021-03-01 16:02:37","2021-02-27","2021-03-01","2022-02-27","1647","Hosting Concepts B.V. dba Openprovider","whois.registrar.eu","http://www.openprovider.com","REDACTED FOR PRIVACY","Digital Masterz","REDACTED FOR PRIVACY","REDACTED FOR PRIVACY","Ouest","REDACTED FOR PRIVACY","Haiti","","REDACTED FOR PRIVACY","REDACTED FOR PRIVACY","REDACTED FOR PRIVACY","REDACTED FOR PRIVACY","REDACTED FOR PRIVACY","REDACTED FOR PRIVACY","REDACTED FOR PRIVACY","REDACTED FOR PRIVACY","REDACTED FOR PRIVACY","","REDACTED FOR PRIVACY","REDACTED FOR PRIVACY","REDACTED FOR PRIVACY","REDACTED FOR PRIVACY","REDACTED FOR PRIVACY","REDACTED FOR PRIVACY","REDACTED FOR PRIVACY","REDACTED FOR PRIVACY","REDACTED FOR PRIVACY","","REDACTED FOR PRIVACY","REDACTED FOR PRIVACY","","","","","","","","","","","carla.ns.cloudflare.com","jose.ns.cloudflare.com","","","clientTransferProhibited","ok","",""