"num","domain_name","query_time","create_date","update_date","expiry_date","domain_registrar_id","domain_registrar_name","domain_registrar_whois","domain_registrar_url","registrant_name","registrant_company","registrant_address","registrant_city","registrant_state","registrant_zip","registrant_country","registrant_email","registrant_phone","registrant_fax","administrative_name","administrative_company","administrative_address","administrative_city","administrative_state","administrative_zip","administrative_country","administrative_email","administrative_phone","administrative_fax","technical_name","technical_company","technical_address","technical_city","technical_state","technical_zip","technical_country","technical_email","technical_phone","technical_fax","billing_name","billing_company","billing_address","billing_city","billing_state","billing_zip","billing_country","billing_email","billing_phone","billing_fax","name_server_1","name_server_2","name_server_3","name_server_4","domain_status_1","domain_status_2","domain_status_3","domain_status_4"
"1","1raisinco.com","2021-03-01 17:03:57","2021-02-27","2021-02-27","2022-02-27","1601","Atak Domain Hosting Internet d/b/a Atak Teknoloji","whois.verisign-grs.com","http://www.atakteknoloji.com","Arad Branding","","Qom","Qom","IR","8586878890","Iran","nezamparvar@gmail.com","+98.9120048072","+.","Arad Branding","","Qom","Qom","IR","8586878890","Iran","nezamparvar@gmail.com","+98.9120048072","+.","Arad Branding","","Qom","Qom","IR","8586878890","Iran","nezamparvar@gmail.com","+98.9120048072","+.","","","","","","","","","","","ns5.arad360.com","ns6.arad360.com","","","","","",""
"2","abtinparsian.com","2021-03-01 17:02:10","2021-02-27","2021-03-01","2022-02-27","1387","1API GmbH","whois.1api.net","http://www.1api.net","REDACTED FOR PRIVACY","REDACTED FOR PRIVACY","REDACTED FOR PRIVACY","REDACTED FOR PRIVACY","Isfahan","REDACTED FOR PRIVACY","Iran","","REDACTED FOR PRIVACY","","REDACTED FOR PRIVACY","REDACTED FOR PRIVACY","REDACTED FOR PRIVACY","REDACTED FOR PRIVACY","REDACTED FOR PRIVACY","REDACTED FOR PRIVACY","REDACTED FOR PRIVACY","","REDACTED FOR PRIVACY","","REDACTED FOR PRIVACY","REDACTED FOR PRIVACY","REDACTED FOR PRIVACY","REDACTED FOR PRIVACY","REDACTED FOR PRIVACY","REDACTED FOR PRIVACY","REDACTED FOR PRIVACY","","REDACTED FOR PRIVACY","","","","","","","","","","","","a-irwrs1.serverpars.com","b-irwrs1.serverpars.com","","","clientTransferProhibited","","",""
"3","abtinparsianpishroapadana.com","2021-03-01 17:02:10","2021-02-27","2021-03-01","2022-02-27","1387","1API GmbH","whois.1api.net","http://www.1api.net","REDACTED FOR PRIVACY","REDACTED FOR PRIVACY","REDACTED FOR PRIVACY","REDACTED FOR PRIVACY","Isfahan","REDACTED FOR PRIVACY","Iran","","REDACTED FOR PRIVACY","","REDACTED FOR PRIVACY","REDACTED FOR PRIVACY","REDACTED FOR PRIVACY","REDACTED FOR PRIVACY","REDACTED FOR PRIVACY","REDACTED FOR PRIVACY","REDACTED FOR PRIVACY","","REDACTED FOR PRIVACY","","REDACTED FOR PRIVACY","REDACTED FOR PRIVACY","REDACTED FOR PRIVACY","REDACTED FOR PRIVACY","REDACTED FOR PRIVACY","REDACTED FOR PRIVACY","REDACTED FOR PRIVACY","","REDACTED FOR PRIVACY","","","","","","","","","","","","a-irwrs1.serverpars.com","b-irwrs1.serverpars.com","","","clientTransferProhibited","","",""
"4","adatmarket.com","2021-03-01 17:04:51","2021-02-27","2021-02-27","2026-02-27","1387","1API GmbH","whois.1api.net","http://www.1api.net","REDACTED FOR PRIVACY","REDACTED FOR PRIVACY","REDACTED FOR PRIVACY","REDACTED FOR PRIVACY","Tehran","REDACTED FOR PRIVACY","Iran","","REDACTED FOR PRIVACY","","REDACTED FOR PRIVACY","REDACTED FOR PRIVACY","REDACTED FOR PRIVACY","REDACTED FOR PRIVACY","REDACTED FOR PRIVACY","REDACTED FOR PRIVACY","REDACTED FOR PRIVACY","","REDACTED FOR PRIVACY","","REDACTED FOR PRIVACY","REDACTED FOR PRIVACY","REDACTED FOR PRIVACY","REDACTED FOR PRIVACY","REDACTED FOR PRIVACY","REDACTED FOR PRIVACY","REDACTED FOR PRIVACY","","REDACTED FOR PRIVACY","","","","","","","","","","","","ns3.iranhost.com","ns4.iranhost.com","","","clientTransferProhibited","","",""
"5","aghagolcarpet.com","2021-03-01 17:01:04","2021-02-27","2021-02-27","2022-02-27","1387","1API GmbH","whois.1api.net","http://www.1api.net","REDACTED FOR PRIVACY","REDACTED FOR PRIVACY","REDACTED FOR PRIVACY","REDACTED FOR PRIVACY","qom","REDACTED FOR PRIVACY","Iran","","REDACTED FOR PRIVACY","","REDACTED FOR PRIVACY","REDACTED FOR PRIVACY","REDACTED FOR PRIVACY","REDACTED FOR PRIVACY","REDACTED FOR PRIVACY","REDACTED FOR PRIVACY","REDACTED FOR PRIVACY","","REDACTED FOR PRIVACY","","REDACTED FOR PRIVACY","REDACTED FOR PRIVACY","REDACTED FOR PRIVACY","REDACTED FOR PRIVACY","REDACTED FOR PRIVACY","REDACTED FOR PRIVACY","REDACTED FOR PRIVACY","","REDACTED FOR PRIVACY","","","","","","","","","","","","ns3.iranhost.com","ns4.iranhost.com","","","clientTransferProhibited","","",""
"6","aghagolrug.com","2021-03-01 17:01:09","2021-02-27","2021-02-27","2022-02-27","1387","1API GmbH","whois.1api.net","http://www.1api.net","REDACTED FOR PRIVACY","REDACTED FOR PRIVACY","REDACTED FOR PRIVACY","REDACTED FOR PRIVACY","qom","REDACTED FOR PRIVACY","Iran","","REDACTED FOR PRIVACY","","REDACTED FOR PRIVACY","REDACTED FOR PRIVACY","REDACTED FOR PRIVACY","REDACTED FOR PRIVACY","REDACTED FOR PRIVACY","REDACTED FOR PRIVACY","REDACTED FOR PRIVACY","","REDACTED FOR PRIVACY","","REDACTED FOR PRIVACY","REDACTED FOR PRIVACY","REDACTED FOR PRIVACY","REDACTED FOR PRIVACY","REDACTED FOR PRIVACY","REDACTED FOR PRIVACY","REDACTED FOR PRIVACY","","REDACTED FOR PRIVACY","","","","","","","","","","","","ns3.iranhost.com","ns4.iranhost.com","","","clientTransferProhibited","","",""
"7","agitico.com","2021-03-01 17:01:03","2021-02-27","2021-02-28","2022-02-27","1387","1API GmbH","whois.1api.net","http://www.1api.net","REDACTED FOR PRIVACY","REDACTED FOR PRIVACY","REDACTED FOR PRIVACY","REDACTED FOR PRIVACY","Tehran","REDACTED FOR PRIVACY","Iran","","REDACTED FOR PRIVACY","","REDACTED FOR PRIVACY","REDACTED FOR PRIVACY","REDACTED FOR PRIVACY","REDACTED FOR PRIVACY","REDACTED FOR PRIVACY","REDACTED FOR PRIVACY","REDACTED FOR PRIVACY","","REDACTED FOR PRIVACY","","REDACTED FOR PRIVACY","REDACTED FOR PRIVACY","REDACTED FOR PRIVACY","REDACTED FOR PRIVACY","REDACTED FOR PRIVACY","REDACTED FOR PRIVACY","REDACTED FOR PRIVACY","","REDACTED FOR PRIVACY","","","","","","","","","","","","ns81.iranhost.com","ns82.iranhost.com","","","clientTransferProhibited","","",""
"8","almaskoud.com","2021-03-01 17:00:16","2021-02-27","2021-02-27","2022-02-27","1601","Atak Domain Hosting Internet d/b/a Atak Teknoloji","whois.verisign-grs.com","http://www.atakteknoloji.com","Arad Branding","","Qom","Qom","IR","8586878890","Iran","nezamparvar@gmail.com","+98.9120048072","+.","Arad Branding","","Qom","Qom","IR","8586878890","Iran","nezamparvar@gmail.com","+98.9120048072","+.","Arad Branding","","Qom","Qom","IR","8586878890","Iran","nezamparvar@gmail.com","+98.9120048072","+.","","","","","","","","","","","ns5.arad360.com","ns6.arad360.com","","","","","",""
"9","alumniyazd.com","2021-03-01 17:00:12","2021-02-27","2021-02-27","2022-02-27","1387","1API GmbH","whois.1api.net","http://www.1api.net","REDACTED FOR PRIVACY","REDACTED FOR PRIVACY","REDACTED FOR PRIVACY","REDACTED FOR PRIVACY","???","REDACTED FOR PRIVACY","Iran","","REDACTED FOR PRIVACY","","REDACTED FOR PRIVACY","REDACTED FOR PRIVACY","REDACTED FOR PRIVACY","REDACTED FOR PRIVACY","REDACTED FOR PRIVACY","REDACTED FOR PRIVACY","REDACTED FOR PRIVACY","","REDACTED FOR PRIVACY","","REDACTED FOR PRIVACY","REDACTED FOR PRIVACY","REDACTED FOR PRIVACY","REDACTED FOR PRIVACY","REDACTED FOR PRIVACY","REDACTED FOR PRIVACY","REDACTED FOR PRIVACY","","REDACTED FOR PRIVACY","","","","","","","","","","","","wp19.ganjehost.com","wp20.ganjehost.com","","","clientTransferProhibited","","",""
"10","amlakbs.com","2021-03-01 16:59:52","2021-02-27","2021-02-27","2022-02-27","1387","1API GmbH","whois.1api.net","http://www.1api.net","REDACTED FOR PRIVACY","REDACTED FOR PRIVACY","REDACTED FOR PRIVACY","REDACTED FOR PRIVACY","Tehran","REDACTED FOR PRIVACY","Iran","","REDACTED FOR PRIVACY","","REDACTED FOR PRIVACY","REDACTED FOR PRIVACY","REDACTED FOR PRIVACY","REDACTED FOR PRIVACY","REDACTED FOR PRIVACY","REDACTED FOR PRIVACY","REDACTED FOR PRIVACY","","REDACTED FOR PRIVACY","","REDACTED FOR PRIVACY","REDACTED FOR PRIVACY","REDACTED FOR PRIVACY","REDACTED FOR PRIVACY","REDACTED FOR PRIVACY","REDACTED FOR PRIVACY","REDACTED FOR PRIVACY","","REDACTED FOR PRIVACY","","","","","","","","","","","","ns3.iranhost.com","ns4.iranhost.com","","","clientTransferProhibited","","",""
"11","amlakilia.com","2021-03-01 16:59:52","2021-02-27","2021-02-28","2022-02-27","113","CSL Computer Service Langenbach GmbH d/b/a joker.com","whois.joker.com","http://www.joker.com","","","","","tehran","","Iran","","","","","","","","","","","","","","","","","","","","","","","","","","","","","","","","","","irns5.serverpars.com","irns6.serverpars.com","","","clientTransferProhibited","","",""
"12","amlakrazi.com","2021-03-01 16:59:47","2021-02-27","2021-02-27","2022-02-27","1387","1API GmbH","whois.1api.net","http://www.1api.net","REDACTED FOR PRIVACY","REDACTED FOR PRIVACY","REDACTED FOR PRIVACY","REDACTED FOR PRIVACY","Tehran","REDACTED FOR PRIVACY","Iran","","REDACTED FOR PRIVACY","","REDACTED FOR PRIVACY","REDACTED FOR PRIVACY","REDACTED FOR PRIVACY","REDACTED FOR PRIVACY","REDACTED FOR PRIVACY","REDACTED FOR PRIVACY","REDACTED FOR PRIVACY","","REDACTED FOR PRIVACY","","REDACTED FOR PRIVACY","REDACTED FOR PRIVACY","REDACTED FOR PRIVACY","REDACTED FOR PRIVACY","REDACTED FOR PRIVACY","REDACTED FOR PRIVACY","REDACTED FOR PRIVACY","","REDACTED FOR PRIVACY","","","","","","","","","","","","ns1.hira.ir","ns2.hira.ir","","","clientTransferProhibited","","",""
"13","amlakschool.com","2021-03-01 16:59:47","2021-02-27","2021-02-27","2022-02-27","1387","1API GmbH","whois.1api.net","http://www.1api.net","REDACTED FOR PRIVACY","REDACTED FOR PRIVACY","REDACTED FOR PRIVACY","REDACTED FOR PRIVACY","Tehran","REDACTED FOR PRIVACY","Iran","","REDACTED FOR PRIVACY","","REDACTED FOR PRIVACY","REDACTED FOR PRIVACY","REDACTED FOR PRIVACY","REDACTED FOR PRIVACY","REDACTED FOR PRIVACY","REDACTED FOR PRIVACY","REDACTED FOR PRIVACY","","REDACTED FOR PRIVACY","","REDACTED FOR PRIVACY","REDACTED FOR PRIVACY","REDACTED FOR PRIVACY","REDACTED FOR PRIVACY","REDACTED FOR PRIVACY","REDACTED FOR PRIVACY","REDACTED FOR PRIVACY","","REDACTED FOR PRIVACY","","","","","","","","","","","","ns3.iranhost.com","ns4.iranhost.com","","","clientTransferProhibited","","",""
"14","aquaryamembrane.com","2021-03-01 17:51:46","2021-02-27","2021-03-01","2022-02-27","1387","1API GmbH","whois.1api.net","http://www.1api.net","REDACTED FOR PRIVACY","REDACTED FOR PRIVACY","REDACTED FOR PRIVACY","REDACTED FOR PRIVACY","Isfahan","REDACTED FOR PRIVACY","Iran","","REDACTED FOR PRIVACY","","REDACTED FOR PRIVACY","REDACTED FOR PRIVACY","REDACTED FOR PRIVACY","REDACTED FOR PRIVACY","REDACTED FOR PRIVACY","REDACTED FOR PRIVACY","REDACTED FOR PRIVACY","","REDACTED FOR PRIVACY","","REDACTED FOR PRIVACY","REDACTED FOR PRIVACY","REDACTED FOR PRIVACY","REDACTED FOR PRIVACY","REDACTED FOR PRIVACY","REDACTED FOR PRIVACY","REDACTED FOR PRIVACY","","REDACTED FOR PRIVACY","","","","","","","","","","","","a-irwrs1.serverpars.com","b-irwrs1.serverpars.com","","","clientTransferProhibited","","",""
"15","arkanuts.com","2021-03-01 14:25:39","2021-02-27","2021-02-27","2022-02-27","1601","Atak Domain Hosting Internet d/b/a Atak Teknoloji","whois.verisign-grs.com","http://www.atakteknoloji.com","Arad Branding","","Qom","Qom","IR","8586878890","Iran","nezamparvar@gmail.com","+98.9120048072","+.","Arad Branding","","Qom","Qom","IR","8586878890","Iran","nezamparvar@gmail.com","+98.9120048072","+.","Arad Branding","","Qom","Qom","IR","8586878890","Iran","nezamparvar@gmail.com","+98.9120048072","+.","","","","","","","","","","","ns5.arad360.com","ns6.arad360.com","","","","","",""
"16","arosshop.com","2021-03-01 16:58:51","2021-02-27","2021-02-27","2022-02-27","113","CSL Computer Service Langenbach GmbH d/b/a joker.com","whois.joker.com","http://www.joker.com","Arvs","Arvs","","","tehran","","Iran","","","","","","","","","","","","","","","","","","","","","","","","","","","","","","","","","","ns1.webzidns.ir","ns2.webzidns.ir","","","clientTransferProhibited","","",""
"17","artanwood.com","2021-03-01 17:21:26","2021-02-27","2021-02-27","2022-02-27","1601","Atak Domain Hosting Internet d/b/a Atak Teknoloji","whois.verisign-grs.com","http://www.atakteknoloji.com","Arad Branding","","Qom","Qom","IR","8586878890","Iran","nezamparvar@gmail.com","+98.9120048072","+.","Arad Branding","","Qom","Qom","IR","8586878890","Iran","nezamparvar@gmail.com","+98.9120048072","+.","Arad Branding","","Qom","Qom","IR","8586878890","Iran","nezamparvar@gmail.com","+98.9120048072","+.","","","","","","","","","","","ns1.aradbranding.net","ns2.aradbranding.net","","","","","",""
"18","atinsanatemertat.com","2021-03-01 17:08:55","2021-02-27","2021-02-27","2022-02-27","113","CSL Computer Service Langenbach GmbH d/b/a joker.com","whois.joker.com","http://www.joker.com","Ali Asghar Mollaei","","Tehran","Tehran","","12345","Iran","mamollaei@gmail.com","+98.2177777777","","Ali Asghar Mollaei","","Tehran","Tehran","","12345","Iran","mamollaei@gmail.com","+98.2177777777","","Ali Asghar Mollaei","","Tehran","Tehran","","12345","Iran","mamollaei@gmail.com","+98.2177777777","","","","","","","","","","","","ns7.sitesazstudio.com","ns8.sitesazstudio.com","","","clientTransferProhibited","","",""
"19","avizheshop.com","2021-03-01 16:57:27","2021-02-27","2021-02-27","2022-02-27","1601","Atak Domain Hosting Internet d/b/a Atak Teknoloji","whois.verisign-grs.com","http://www.atakteknoloji.com","Arad Branding","","Qom","Qom","IR","8586878890","Iran","nezamparvar@gmail.com","+98.9120048072","+.","Arad Branding","","Qom","Qom","IR","8586878890","Iran","nezamparvar@gmail.com","+98.9120048072","+.","Arad Branding","","Qom","Qom","IR","8586878890","Iran","nezamparvar@gmail.com","+98.9120048072","+.","","","","","","","","","","","ns1.aradbranding.net","ns2.aradbranding.net","","","","","",""
"20","avtph.com","2021-03-01 14:24:51","2021-02-27","2021-02-27","2022-02-27","1387","1API GmbH","whois.1api.net","http://www.1api.net","REDACTED FOR PRIVACY","REDACTED FOR PRIVACY","REDACTED FOR PRIVACY","REDACTED FOR PRIVACY","Tehran","REDACTED FOR PRIVACY","Iran","","REDACTED FOR PRIVACY","","REDACTED FOR PRIVACY","REDACTED FOR PRIVACY","REDACTED FOR PRIVACY","REDACTED FOR PRIVACY","REDACTED FOR PRIVACY","REDACTED FOR PRIVACY","REDACTED FOR PRIVACY","","REDACTED FOR PRIVACY","","REDACTED FOR PRIVACY","REDACTED FOR PRIVACY","REDACTED FOR PRIVACY","REDACTED FOR PRIVACY","REDACTED FOR PRIVACY","REDACTED FOR PRIVACY","REDACTED FOR PRIVACY","","REDACTED FOR PRIVACY","","","","","","","","","","","","ns81.iranhost.com","ns82.iranhost.com","","","clientTransferProhibited","","",""
"21","ayandeh-sazan.com","2021-03-01 16:57:16","2021-02-27","2021-02-27","2022-02-27","113","CSL Computer Service Langenbach GmbH d/b/a joker.com","whois.joker.com","http://www.joker.com","mvssh Almi frhngi Aindh sazan","mvssh Almi frhngi Aindh sazan","","","ghm","","Iran","","","","","","","","","","","","","","","","","","","","","","","","","","","","","","","","","","ns1.serverpars.com","ns2.serverpars.com","","","clientTransferProhibited","","",""
"22","baranchat.info","2021-03-01 15:56:13","2021-02-27","2021-02-28","2022-02-27","1601","Atak Domain Hosting Internet d/b/a Atak Teknoloji","whois.verisign-grs.com","http://www.atakteknoloji.com","","","","","tehran","","Iran","","","","","","","","","","","","","","","","","","","","","","","","","","","","","","","","","","ns1.tanin.run","ns2.tanin.run","","","addPeriod","clientTransferProhibited","serverTransferProhibited",""
"23","bargozideh.com","2021-03-01 17:51:49","2021-02-27","2021-02-27","2022-02-27","113","CSL Computer Service Langenbach GmbH d/b/a joker.com","whois.joker.com","http://www.joker.com","","","","","khorasan razavi","","Iran","","","","","","","","","","","","","","","","","","","","","","","","","","","","","","","","","","m.ns.arvancdn.com","x.ns.arvancdn.com","","","clientTransferProhibited","","",""
"24","bayamarket.com","2021-03-01 17:18:22","2021-02-27","2021-02-27","2022-02-27","1387","1API GmbH","whois.1api.net","http://www.1api.net","REDACTED FOR PRIVACY","REDACTED FOR PRIVACY","REDACTED FOR PRIVACY","REDACTED FOR PRIVACY","Khuzestan","REDACTED FOR PRIVACY","Iran","","REDACTED FOR PRIVACY","","REDACTED FOR PRIVACY","REDACTED FOR PRIVACY","REDACTED FOR PRIVACY","REDACTED FOR PRIVACY","REDACTED FOR PRIVACY","REDACTED FOR PRIVACY","REDACTED FOR PRIVACY","","REDACTED FOR PRIVACY","","REDACTED FOR PRIVACY","REDACTED FOR PRIVACY","REDACTED FOR PRIVACY","REDACTED FOR PRIVACY","REDACTED FOR PRIVACY","REDACTED FOR PRIVACY","REDACTED FOR PRIVACY","","REDACTED FOR PRIVACY","","","","","","","","","","","","ns3.iranhost.com","ns4.iranhost.com","","","clientTransferProhibited","","",""
"25","behdamgroup.com","2021-03-01 16:56:07","2021-02-27","2021-02-27","2022-02-27","1601","Atak Domain Hosting Internet d/b/a Atak Teknoloji","whois.verisign-grs.com","http://www.atakteknoloji.com","Arad Branding","","Qom","Qom","IR","8586878890","Iran","nezamparvar@gmail.com","+98.9120048072","+.","Arad Branding","","Qom","Qom","IR","8586878890","Iran","nezamparvar@gmail.com","+98.9120048072","+.","Arad Branding","","Qom","Qom","IR","8586878890","Iran","nezamparvar@gmail.com","+98.9120048072","+.","","","","","","","","","","","ns1.aradbranding.net","ns2.aradbranding.net","","","","","",""
"26","biofoodnuts.com","2021-03-01 16:54:57","2021-02-27","2021-02-27","2022-02-27","1387","1API GmbH","whois.1api.net","http://www.1api.net","REDACTED FOR PRIVACY","REDACTED FOR PRIVACY","REDACTED FOR PRIVACY","REDACTED FOR PRIVACY","Tehran","REDACTED FOR PRIVACY","Iran","","REDACTED FOR PRIVACY","","REDACTED FOR PRIVACY","REDACTED FOR PRIVACY","REDACTED FOR PRIVACY","REDACTED FOR PRIVACY","REDACTED FOR PRIVACY","REDACTED FOR PRIVACY","REDACTED FOR PRIVACY","","REDACTED FOR PRIVACY","","REDACTED FOR PRIVACY","REDACTED FOR PRIVACY","REDACTED FOR PRIVACY","REDACTED FOR PRIVACY","REDACTED FOR PRIVACY","REDACTED FOR PRIVACY","REDACTED FOR PRIVACY","","REDACTED FOR PRIVACY","","","","","","","","","","","","ns1.tikweb.net","ns2.tikweb.net","","","clientTransferProhibited","","",""
"27","bonyanzamin.com","2021-03-01 17:42:46","2021-02-27","2021-02-27","2022-02-27","113","CSL Computer Service Langenbach GmbH d/b/a joker.com","whois.joker.com","http://www.joker.com","","","","","","","Iran","","","","","","","","","","","","","","","","","","","","","","","","","","","","","","","","","","ns1.haya-tech.com","ns2.haya-tech.com","","","clientTransferProhibited","","",""
"28","carpetsaleco.com","2021-03-01 14:28:26","2021-02-27","2021-02-27","2022-02-27","1601","Atak Domain Hosting Internet d/b/a Atak Teknoloji","whois.verisign-grs.com","http://www.atakteknoloji.com","Arad Branding","","Qom","Qom","IR","8586878890","Iran","nezamparvar@gmail.com","+98.9120048072","+.","Arad Branding","","Qom","Qom","IR","8586878890","Iran","nezamparvar@gmail.com","+98.9120048072","+.","Arad Branding","","Qom","Qom","IR","8586878890","Iran","nezamparvar@gmail.com","+98.9120048072","+.","","","","","","","","","","","ns1.aradbranding.net","ns2.aradbranding.net","","","","","",""
"29","carwasheman.com","2021-03-01 14:28:19","2021-02-27","2021-02-27","2022-02-27","1387","1API GmbH","whois.1api.net","http://www.1api.net","REDACTED FOR PRIVACY","REDACTED FOR PRIVACY","REDACTED FOR PRIVACY","REDACTED FOR PRIVACY","Mazandaran","REDACTED FOR PRIVACY","Iran","","REDACTED FOR PRIVACY","","REDACTED FOR PRIVACY","REDACTED FOR PRIVACY","REDACTED FOR PRIVACY","REDACTED FOR PRIVACY","REDACTED FOR PRIVACY","REDACTED FOR PRIVACY","REDACTED FOR PRIVACY","","REDACTED FOR PRIVACY","","REDACTED FOR PRIVACY","REDACTED FOR PRIVACY","REDACTED FOR PRIVACY","REDACTED FOR PRIVACY","REDACTED FOR PRIVACY","REDACTED FOR PRIVACY","REDACTED FOR PRIVACY","","REDACTED FOR PRIVACY","","","","","","","","","","","","ns3.iranhost.com","ns4.iranhost.com","","","clientTransferProhibited","","",""
"30","chipsmive.com","2021-03-01 17:14:46","2021-02-27","2021-02-27","2022-02-27","1601","Atak Domain Hosting Internet d/b/a Atak Teknoloji","whois.verisign-grs.com","http://www.atakteknoloji.com","Arad Branding","","Qom","Qom","IR","8586878890","Iran","nezamparvar@gmail.com","+98.9120048072","+.","Arad Branding","","Qom","Qom","IR","8586878890","Iran","nezamparvar@gmail.com","+98.9120048072","+.","Arad Branding","","Qom","Qom","IR","8586878890","Iran","nezamparvar@gmail.com","+98.9120048072","+.","","","","","","","","","","","ns5.arad360.com","ns6.arad360.com","","","","","",""
"31","choobibal.com","2021-03-01 16:53:30","2021-02-27","2021-02-27","2022-02-27","1387","1API GmbH","whois.1api.net","http://www.1api.net","REDACTED FOR PRIVACY","REDACTED FOR PRIVACY","REDACTED FOR PRIVACY","REDACTED FOR PRIVACY","Tehran","REDACTED FOR PRIVACY","Iran","","REDACTED FOR PRIVACY","","REDACTED FOR PRIVACY","REDACTED FOR PRIVACY","REDACTED FOR PRIVACY","REDACTED FOR PRIVACY","REDACTED FOR PRIVACY","REDACTED FOR PRIVACY","REDACTED FOR PRIVACY","","REDACTED FOR PRIVACY","","REDACTED FOR PRIVACY","REDACTED FOR PRIVACY","REDACTED FOR PRIVACY","REDACTED FOR PRIVACY","REDACTED FOR PRIVACY","REDACTED FOR PRIVACY","REDACTED FOR PRIVACY","","REDACTED FOR PRIVACY","","","","","","","","","","","","cc1.7hostir.com","cc2.7hostir.com","","","clientTransferProhibited","","",""
"32","denabrand.com","2021-03-01 16:49:13","2021-02-27","2021-02-27","2022-02-27","1601","Atak Domain Hosting Internet d/b/a Atak Teknoloji","whois.verisign-grs.com","http://www.atakteknoloji.com","Arad Branding","","Qom","Qom","IR","8586878890","Iran","nezamparvar@gmail.com","+98.9120048072","+.","Arad Branding","","Qom","Qom","IR","8586878890","Iran","nezamparvar@gmail.com","+98.9120048072","+.","Arad Branding","","Qom","Qom","IR","8586878890","Iran","nezamparvar@gmail.com","+98.9120048072","+.","","","","","","","","","","","ns1.aradbranding.net","ns2.aradbranding.net","","","","","",""
"33","dimarkcompany.com","2021-03-01 16:48:38","2021-02-27","2021-02-27","2022-02-27","1387","1API GmbH","whois.1api.net","http://www.1api.net","REDACTED FOR PRIVACY","REDACTED FOR PRIVACY","REDACTED FOR PRIVACY","REDACTED FOR PRIVACY","Tehran","REDACTED FOR PRIVACY","Iran","","REDACTED FOR PRIVACY","","REDACTED FOR PRIVACY","REDACTED FOR PRIVACY","REDACTED FOR PRIVACY","REDACTED FOR PRIVACY","REDACTED FOR PRIVACY","REDACTED FOR PRIVACY","REDACTED FOR PRIVACY","","REDACTED FOR PRIVACY","","REDACTED FOR PRIVACY","REDACTED FOR PRIVACY","REDACTED FOR PRIVACY","REDACTED FOR PRIVACY","REDACTED FOR PRIVACY","REDACTED FOR PRIVACY","REDACTED FOR PRIVACY","","REDACTED FOR PRIVACY","","","","","","","","","","","","ns3.iranhost.com","ns4.iranhost.com","","","clientTransferProhibited","","",""
"34","dinazflowers.com","2021-03-01 16:48:33","2021-02-27","2021-02-27","2022-02-27","113","CSL Computer Service Langenbach GmbH d/b/a joker.com","whois.joker.com","http://www.joker.com","","","","","thran","","Iran","","","","","","","","","","","","","","","","","","","","","","","","","","","","","","","","","","ns1.serverpars.com","ns2.serverpars.com","","","clientTransferProhibited","","",""
"35","dornicagroupiranian.com","2021-03-01 16:47:57","2021-02-27","2021-02-27","2022-02-27","1601","Atak Domain Hosting Internet d/b/a Atak Teknoloji","whois.verisign-grs.com","http://www.atakteknoloji.com","saeed tof","tofanco","tabriz","tabriz","IR","5892813383","Iran","saeed.tofan@gmail.com","+98.9335019602","+98.9335019602","saeed tof","tofanco","tabriz","tabriz","IR","5892813383","Iran","saeed.tofan@gmail.com","+98.9335019602","+98.9335019602","saeed tof","tofanco","tabriz","tabriz","IR","5892813383","Iran","saeed.tofan@gmail.com","+98.9335019602","+98.9335019602","","","","","","","","","","","ns17.talashnet.com","ns18.talashnet.com","","","","","",""
"36","dostemehrban.com","2021-03-01 16:47:54","2021-02-27","2021-02-27","2022-02-27","113","CSL Computer Service Langenbach GmbH d/b/a joker.com","whois.joker.com","http://www.joker.com","","","","","","","Iran","","","","","","","","","","","","","","","","","","","","","","","","","","","","","","","","","","ns1.imcloud.org","ns2.imcloud.org","","","clientTransferProhibited","","",""
"37","dtz-travel.com","2021-03-01 17:45:28","2021-02-27","2021-02-27","2022-02-27","1387","1API GmbH","whois.1api.net","http://www.1api.net","REDACTED FOR PRIVACY","REDACTED FOR PRIVACY","REDACTED FOR PRIVACY","REDACTED FOR PRIVACY","Tehran","REDACTED FOR PRIVACY","Iran","","REDACTED FOR PRIVACY","","REDACTED FOR PRIVACY","REDACTED FOR PRIVACY","REDACTED FOR PRIVACY","REDACTED FOR PRIVACY","REDACTED FOR PRIVACY","REDACTED FOR PRIVACY","REDACTED FOR PRIVACY","","REDACTED FOR PRIVACY","","REDACTED FOR PRIVACY","REDACTED FOR PRIVACY","REDACTED FOR PRIVACY","REDACTED FOR PRIVACY","REDACTED FOR PRIVACY","REDACTED FOR PRIVACY","REDACTED FOR PRIVACY","","REDACTED FOR PRIVACY","","","","","","","","","","","","ns1.utabweb.net","ns2.utabweb.net","","","clientTransferProhibited","","",""
"38","elhammobile.com","2021-03-01 16:46:07","2021-02-27","2021-02-27","2022-02-27","113","CSL Computer Service Langenbach GmbH d/b/a joker.com","whois.joker.com","http://www.joker.com","","","","","","","Iran","","","","","","","","","","","","","","","","","","","","","","","","","","","","","","","","","","ns1.imcloud.org","ns2.imcloud.org","","","clientTransferProhibited","","",""
"39","energyasan.com","2021-03-01 16:45:34","2021-02-27","2021-02-27","2022-02-27","1387","1API GmbH","whois.1api.net","http://www.1api.net","REDACTED FOR PRIVACY","REDACTED FOR PRIVACY","REDACTED FOR PRIVACY","REDACTED FOR PRIVACY","Tehran","REDACTED FOR PRIVACY","Iran","","REDACTED FOR PRIVACY","","REDACTED FOR PRIVACY","REDACTED FOR PRIVACY","REDACTED FOR PRIVACY","REDACTED FOR PRIVACY","REDACTED FOR PRIVACY","REDACTED FOR PRIVACY","REDACTED FOR PRIVACY","","REDACTED FOR PRIVACY","","REDACTED FOR PRIVACY","REDACTED FOR PRIVACY","REDACTED FOR PRIVACY","REDACTED FOR PRIVACY","REDACTED FOR PRIVACY","REDACTED FOR PRIVACY","REDACTED FOR PRIVACY","","REDACTED FOR PRIVACY","","","","","","","","","","","","ns3.iranhost.com","ns4.iranhost.com","","","clientTransferProhibited","","",""
"40","energydana.com","2021-03-01 17:30:57","2021-02-27","2021-02-27","2022-02-27","1387","1API GmbH","whois.1api.net","http://www.1api.net","REDACTED FOR PRIVACY","REDACTED FOR PRIVACY","REDACTED FOR PRIVACY","REDACTED FOR PRIVACY","Tehran","REDACTED FOR PRIVACY","Iran","","REDACTED FOR PRIVACY","","REDACTED FOR PRIVACY","REDACTED FOR PRIVACY","REDACTED FOR PRIVACY","REDACTED FOR PRIVACY","REDACTED FOR PRIVACY","REDACTED FOR PRIVACY","REDACTED FOR PRIVACY","","REDACTED FOR PRIVACY","","REDACTED FOR PRIVACY","REDACTED FOR PRIVACY","REDACTED FOR PRIVACY","REDACTED FOR PRIVACY","REDACTED FOR PRIVACY","REDACTED FOR PRIVACY","REDACTED FOR PRIVACY","","REDACTED FOR PRIVACY","","","","","","","","","","","","ns3.iranhost.com","ns4.iranhost.com","","","clientTransferProhibited","","",""
"41","energymosbat.com","2021-03-01 17:36:54","2021-02-27","2021-02-27","2022-02-27","1387","1API GmbH","whois.1api.net","http://www.1api.net","REDACTED FOR PRIVACY","REDACTED FOR PRIVACY","REDACTED FOR PRIVACY","REDACTED FOR PRIVACY","Tehran","REDACTED FOR PRIVACY","Iran","","REDACTED FOR PRIVACY","","REDACTED FOR PRIVACY","REDACTED FOR PRIVACY","REDACTED FOR PRIVACY","REDACTED FOR PRIVACY","REDACTED FOR PRIVACY","REDACTED FOR PRIVACY","REDACTED FOR PRIVACY","","REDACTED FOR PRIVACY","","REDACTED FOR PRIVACY","REDACTED FOR PRIVACY","REDACTED FOR PRIVACY","REDACTED FOR PRIVACY","REDACTED FOR PRIVACY","REDACTED FOR PRIVACY","REDACTED FOR PRIVACY","","REDACTED FOR PRIVACY","","","","","","","","","","","","ns3.iranhost.com","ns4.iranhost.com","","","clientTransferProhibited","","",""
"42","eram-sazeh.com","2021-03-01 16:45:24","2021-02-27","2021-02-27","2022-02-27","1387","1API GmbH","whois.1api.net","http://www.1api.net","REDACTED FOR PRIVACY","REDACTED FOR PRIVACY","REDACTED FOR PRIVACY","REDACTED FOR PRIVACY","Khorasan Razavi","REDACTED FOR PRIVACY","Iran","","REDACTED FOR PRIVACY","","REDACTED FOR PRIVACY","REDACTED FOR PRIVACY","REDACTED FOR PRIVACY","REDACTED FOR PRIVACY","REDACTED FOR PRIVACY","REDACTED FOR PRIVACY","REDACTED FOR PRIVACY","","REDACTED FOR PRIVACY","","REDACTED FOR PRIVACY","REDACTED FOR PRIVACY","REDACTED FOR PRIVACY","REDACTED FOR PRIVACY","REDACTED FOR PRIVACY","REDACTED FOR PRIVACY","REDACTED FOR PRIVACY","","REDACTED FOR PRIVACY","","","","","","","","","","","","clns1.iranhost.com","clns2.iranhost.com","","","clientTransferProhibited","","",""
"43","esfahansang.com","2021-03-01 17:32:22","2021-02-27","2021-02-27","2022-02-27","1387","1API GmbH","whois.1api.net","http://www.1api.net","REDACTED FOR PRIVACY","REDACTED FOR PRIVACY","REDACTED FOR PRIVACY","REDACTED FOR PRIVACY","Isfahan","REDACTED FOR PRIVACY","Iran","","REDACTED FOR PRIVACY","","REDACTED FOR PRIVACY","REDACTED FOR PRIVACY","REDACTED FOR PRIVACY","REDACTED FOR PRIVACY","REDACTED FOR PRIVACY","REDACTED FOR PRIVACY","REDACTED FOR PRIVACY","","REDACTED FOR PRIVACY","","REDACTED FOR PRIVACY","REDACTED FOR PRIVACY","REDACTED FOR PRIVACY","REDACTED FOR PRIVACY","REDACTED FOR PRIVACY","REDACTED FOR PRIVACY","REDACTED FOR PRIVACY","","REDACTED FOR PRIVACY","","","","","","","","","","","","ns3.iranhost.com","ns4.iranhost.com","","","clientTransferProhibited","","",""
"44","fap133group.com","2021-03-01 16:44:20","2021-02-27","2021-02-27","2022-02-27","1387","1API GmbH","whois.1api.net","http://www.1api.net","REDACTED FOR PRIVACY","REDACTED FOR PRIVACY","REDACTED FOR PRIVACY","REDACTED FOR PRIVACY","Tehran","REDACTED FOR PRIVACY","Iran","","REDACTED FOR PRIVACY","","REDACTED FOR PRIVACY","REDACTED FOR PRIVACY","REDACTED FOR PRIVACY","REDACTED FOR PRIVACY","REDACTED FOR PRIVACY","REDACTED FOR PRIVACY","REDACTED FOR PRIVACY","","REDACTED FOR PRIVACY","","REDACTED FOR PRIVACY","REDACTED FOR PRIVACY","REDACTED FOR PRIVACY","REDACTED FOR PRIVACY","REDACTED FOR PRIVACY","REDACTED FOR PRIVACY","REDACTED FOR PRIVACY","","REDACTED FOR PRIVACY","","","","","","","","","","","","cloudns1.iranhost.com","cloudns2.iranhost.com","elsa.ns.cloudflare.com","will.ns.cloudflare.com","clientTransferProhibited","","",""
"45","faraniroo-co.com","2021-03-01 16:44:29","2021-02-27","2021-02-28","2022-02-27","1387","1API GmbH","whois.1api.net","http://www.1api.net","REDACTED FOR PRIVACY","REDACTED FOR PRIVACY","REDACTED FOR PRIVACY","REDACTED FOR PRIVACY","?????","REDACTED FOR PRIVACY","Iran","","REDACTED FOR PRIVACY","","REDACTED FOR PRIVACY","REDACTED FOR PRIVACY","REDACTED FOR PRIVACY","REDACTED FOR PRIVACY","REDACTED FOR PRIVACY","REDACTED FOR PRIVACY","REDACTED FOR PRIVACY","","REDACTED FOR PRIVACY","","REDACTED FOR PRIVACY","REDACTED FOR PRIVACY","REDACTED FOR PRIVACY","REDACTED FOR PRIVACY","REDACTED FOR PRIVACY","REDACTED FOR PRIVACY","REDACTED FOR PRIVACY","","REDACTED FOR PRIVACY","","","","","","","","","","","","wp19.ganjehost.com","wp20.ganjehost.com","","","clientTransferProhibited","","",""
"46","folypra.com","2021-03-01 16:42:57","2021-02-27","2021-02-27","2022-02-27","1387","1API GmbH","whois.1api.net","http://www.1api.net","REDACTED FOR PRIVACY","REDACTED FOR PRIVACY","REDACTED FOR PRIVACY","REDACTED FOR PRIVACY","Tehran","REDACTED FOR PRIVACY","Iran","","REDACTED FOR PRIVACY","","REDACTED FOR PRIVACY","REDACTED FOR PRIVACY","REDACTED FOR PRIVACY","REDACTED FOR PRIVACY","REDACTED FOR PRIVACY","REDACTED FOR PRIVACY","REDACTED FOR PRIVACY","","REDACTED FOR PRIVACY","","REDACTED FOR PRIVACY","REDACTED FOR PRIVACY","REDACTED FOR PRIVACY","REDACTED FOR PRIVACY","REDACTED FOR PRIVACY","REDACTED FOR PRIVACY","REDACTED FOR PRIVACY","","REDACTED FOR PRIVACY","","","","","","","","","","","","ns3.iranhost.com","ns4.iranhost.com","","","clientTransferProhibited","","",""
"47","gktparts.com","2021-03-01 17:09:04","2021-02-27","2021-02-27","2022-02-27","113","CSL Computer Service Langenbach GmbH d/b/a joker.com","whois.joker.com","http://www.joker.com","tarahane bartar","tarahane bartar","","","tehran","","Iran","","","","","","","","","","","","","","","","","","","","","","","","","","","","","","","","","","irns3.serverpars.com","irns4.serverpars.com","","","clientTransferProhibited","","",""
"48","gol-aaraa.com","2021-03-01 16:40:52","2021-02-27","2021-02-27","2022-02-27","1387","1API GmbH","whois.1api.net","http://www.1api.net","REDACTED FOR PRIVACY","REDACTED FOR PRIVACY","REDACTED FOR PRIVACY","REDACTED FOR PRIVACY","Khuzestan","REDACTED FOR PRIVACY","Iran","","REDACTED FOR PRIVACY","","REDACTED FOR PRIVACY","REDACTED FOR PRIVACY","REDACTED FOR PRIVACY","REDACTED FOR PRIVACY","REDACTED FOR PRIVACY","REDACTED FOR PRIVACY","REDACTED FOR PRIVACY","","REDACTED FOR PRIVACY","","REDACTED FOR PRIVACY","REDACTED FOR PRIVACY","REDACTED FOR PRIVACY","REDACTED FOR PRIVACY","REDACTED FOR PRIVACY","REDACTED FOR PRIVACY","REDACTED FOR PRIVACY","","REDACTED FOR PRIVACY","","","","","","","","","","","","ns3.iranhost.com","ns4.iranhost.com","","","clientTransferProhibited","","",""
"49","gooshinet.com","2021-03-01 17:49:46","2021-02-27","2021-02-27","2022-02-27","113","CSL Computer Service Langenbach GmbH d/b/a joker.com","whois.joker.com","http://www.joker.com","","","","","asfhan","","Iran","","","","","","","","","","","","","","","","","","","","","","","","","","","","","","","","","","irns3.saba.host","irns4.saba.host","ns13.saba.host","ns14.saba.host","clientTransferProhibited","","",""
"50","gssts.com","2021-03-01 17:29:02","2021-02-27","2021-02-27","2022-02-27","1387","1API GmbH","whois.1api.net","http://www.1api.net","REDACTED FOR PRIVACY","REDACTED FOR PRIVACY","REDACTED FOR PRIVACY","REDACTED FOR PRIVACY","Tehran","REDACTED FOR PRIVACY","Iran","","REDACTED FOR PRIVACY","","REDACTED FOR PRIVACY","REDACTED FOR PRIVACY","REDACTED FOR PRIVACY","REDACTED FOR PRIVACY","REDACTED FOR PRIVACY","REDACTED FOR PRIVACY","REDACTED FOR PRIVACY","","REDACTED FOR PRIVACY","","REDACTED FOR PRIVACY","REDACTED FOR PRIVACY","REDACTED FOR PRIVACY","REDACTED FOR PRIVACY","REDACTED FOR PRIVACY","REDACTED FOR PRIVACY","REDACTED FOR PRIVACY","","REDACTED FOR PRIVACY","","","","","","","","","","","","ns3.iranhost.com","ns4.iranhost.com","","","clientTransferProhibited","","",""
"51","hakimexport.com","2021-03-01 16:39:09","2021-02-27","2021-02-27","2022-02-27","1601","Atak Domain Hosting Internet d/b/a Atak Teknoloji","whois.verisign-grs.com","http://www.atakteknoloji.com","Arad Branding","","Qom","Qom","IR","8586878890","Iran","nezamparvar@gmail.com","+98.9120048072","+.","Arad Branding","","Qom","Qom","IR","8586878890","Iran","nezamparvar@gmail.com","+98.9120048072","+.","Arad Branding","","Qom","Qom","IR","8586878890","Iran","nezamparvar@gmail.com","+98.9120048072","+.","","","","","","","","","","","ns5.arad360.com","ns6.arad360.com","","","","","",""
"52","hamdelaan.com","2021-03-01 17:21:16","2021-02-27","2021-02-27","2022-02-27","113","CSL Computer Service Langenbach GmbH d/b/a joker.com","whois.joker.com","http://www.joker.com","","","","","thran","","Iran","","","","","","","","","","","","","","","","","","","","","","","","","","","","","","","","","","irns5.serverpars.com","irns6.serverpars.com","","","clientTransferProhibited","","",""
"53","hamiiranmanesh.com","2021-03-01 16:39:12","2021-02-27","2021-02-27","2022-02-27","113","CSL Computer Service Langenbach GmbH d/b/a joker.com","whois.joker.com","http://www.joker.com","","","","","tehran","","Iran","","","","","","","","","","","","","","","","","","","","","","","","","","","","","","","","","","g.ns.arvancdn.com","n.ns.arvancdn.com","","","clientTransferProhibited","","",""
"54","happypistachios.com","2021-03-01 16:38:52","2021-02-27","2021-02-27","2022-02-27","113","CSL Computer Service Langenbach GmbH d/b/a joker.com","whois.joker.com","http://www.joker.com","","","","","hormozgan","","Iran","","","","","","","","","","","","","","","","","","","","","","","","","","","","","","","","","","ns1.imcloud.org","ns2.imcloud.org","","","clientTransferProhibited","","",""
"55","hembofruits.com","2021-03-01 16:38:31","2021-02-27","2021-02-27","2022-02-27","1601","Atak Domain Hosting Internet d/b/a Atak Teknoloji","whois.verisign-grs.com","http://www.atakteknoloji.com","Arad Branding","","Qom","Qom","IR","8586878890","Iran","nezamparvar@gmail.com","+98.9120048072","+.","Arad Branding","","Qom","Qom","IR","8586878890","Iran","nezamparvar@gmail.com","+98.9120048072","+.","Arad Branding","","Qom","Qom","IR","8586878890","Iran","nezamparvar@gmail.com","+98.9120048072","+.","","","","","","","","","","","ns1.aradbranding.net","ns2.aradbranding.net","","","","","",""
"56","herkool.com","2021-03-01 17:45:03","2021-02-27","2021-02-27","2022-02-27","1387","1API GmbH","whois.1api.net","http://www.1api.net","REDACTED FOR PRIVACY","REDACTED FOR PRIVACY","REDACTED FOR PRIVACY","REDACTED FOR PRIVACY","Tehran","REDACTED FOR PRIVACY","Iran","","REDACTED FOR PRIVACY","","REDACTED FOR PRIVACY","REDACTED FOR PRIVACY","REDACTED FOR PRIVACY","REDACTED FOR PRIVACY","REDACTED FOR PRIVACY","REDACTED FOR PRIVACY","REDACTED FOR PRIVACY","","REDACTED FOR PRIVACY","","REDACTED FOR PRIVACY","REDACTED FOR PRIVACY","REDACTED FOR PRIVACY","REDACTED FOR PRIVACY","REDACTED FOR PRIVACY","REDACTED FOR PRIVACY","REDACTED FOR PRIVACY","","REDACTED FOR PRIVACY","","","","","","","","","","","","ns3.iranhost.com","ns4.iranhost.com","","","clientTransferProhibited","","",""
"57","hirmed.com","2021-03-01 16:37:58","2021-02-27","2021-02-27","2022-02-27","113","CSL Computer Service Langenbach GmbH d/b/a joker.com","whois.joker.com","http://www.joker.com","","","","","fars","","Iran","","","","","","","","","","","","","","","","","","","","","","","","","","","","","","","","","","irns13.saba.host","irns14.saba.host","ns13.saba.host","ns14.saba.host","clientTransferProhibited","","",""
"58","houman-co.com","2021-03-01 16:37:01","2021-02-27","2021-02-27","2022-02-27","1387","1API GmbH","whois.1api.net","http://www.1api.net","REDACTED FOR PRIVACY","REDACTED FOR PRIVACY","REDACTED FOR PRIVACY","REDACTED FOR PRIVACY","Alborz","REDACTED FOR PRIVACY","Iran","","REDACTED FOR PRIVACY","","REDACTED FOR PRIVACY","REDACTED FOR PRIVACY","REDACTED FOR PRIVACY","REDACTED FOR PRIVACY","REDACTED FOR PRIVACY","REDACTED FOR PRIVACY","REDACTED FOR PRIVACY","","REDACTED FOR PRIVACY","","REDACTED FOR PRIVACY","REDACTED FOR PRIVACY","REDACTED FOR PRIVACY","REDACTED FOR PRIVACY","REDACTED FOR PRIVACY","REDACTED FOR PRIVACY","REDACTED FOR PRIVACY","","REDACTED FOR PRIVACY","","","","","","","","","","","","ns3.iranhost.com","ns4.iranhost.com","","","clientTransferProhibited","","",""
"59","hypnotic-raf.com","2021-03-01 16:36:40","2021-02-27","2021-02-27","2022-02-27","1601","Atak Domain Hosting Internet d/b/a Atak Teknoloji","whois.verisign-grs.com","http://www.atakteknoloji.com","Arad Branding","","Qom","Qom","IR","8586878890","Iran","nezamparvar@gmail.com","+98.9120048072","+.","Arad Branding","","Qom","Qom","IR","8586878890","Iran","nezamparvar@gmail.com","+98.9120048072","+.","Arad Branding","","Qom","Qom","IR","8586878890","Iran","nezamparvar@gmail.com","+98.9120048072","+.","","","","","","","","","","","ns1.aradbranding.net","ns2.aradbranding.net","","","","","",""
"60","ilimdco.com","2021-03-01 16:36:10","2021-02-27","2021-02-27","2022-02-27","1601","Atak Domain Hosting Internet d/b/a Atak Teknoloji","whois.verisign-grs.com","http://www.atakteknoloji.com","Arad Branding","","Qom","Qom","IR","8586878890","Iran","nezamparvar@gmail.com","+98.9120048072","+.","Arad Branding","","Qom","Qom","IR","8586878890","Iran","nezamparvar@gmail.com","+98.9120048072","+.","Arad Branding","","Qom","Qom","IR","8586878890","Iran","nezamparvar@gmail.com","+98.9120048072","+.","","","","","","","","","","","ns5.arad360.com","ns6.arad360.com","","","","","",""
"61","iran-network.com","2021-03-01 17:44:01","2021-02-27","2021-03-01","2022-02-27","1601","Atak Domain Hosting Internet d/b/a Atak Teknoloji","whois.verisign-grs.com","http://www.atakteknoloji.com","Arash Ahmadi Esfahani","","No. 54, Bahar Azadi st., Chahar Bagh Bala st.","Isfahan","IR","81739-73391","Iran","arashahmadiesfahani@gmail.com","+98.03136208062","+98.03136208062","Arash Ahmadi Esfahani","","No. 54, Bahar Azadi st., Chahar Bagh Bala st.","Isfahan","IR","81739-73391","Iran","arashahmadiesfahani@gmail.com","+98.03136208062","+98.03136208062","Arash Ahmadi Esfahani","","No. 54, Bahar Azadi st., Chahar Bagh Bala st.","Isfahan","IR","81739-73391","Iran","arashahmadiesfahani@gmail.com","+98.03136208062","+98.03136208062","","","","","","","","","","","ns1.tegrahost.com","ns15.tegrahost.com","","","","","",""
"62","iraniqs.com","2021-03-01 14:32:51","2021-02-27","2021-02-27","2022-02-27","1647","Hosting Concepts B.V. dba Openprovider","whois.registrar.eu","http://www.openprovider.com","REDACTED FOR PRIVACY","","REDACTED FOR PRIVACY","REDACTED FOR PRIVACY","tehran","REDACTED FOR PRIVACY","Iran","","REDACTED FOR PRIVACY","REDACTED FOR PRIVACY","REDACTED FOR PRIVACY","REDACTED FOR PRIVACY","REDACTED FOR PRIVACY","REDACTED FOR PRIVACY","REDACTED FOR PRIVACY","REDACTED FOR PRIVACY","REDACTED FOR PRIVACY","","REDACTED FOR PRIVACY","REDACTED FOR PRIVACY","REDACTED FOR PRIVACY","REDACTED FOR PRIVACY","REDACTED FOR PRIVACY","REDACTED FOR PRIVACY","REDACTED FOR PRIVACY","REDACTED FOR PRIVACY","REDACTED FOR PRIVACY","","REDACTED FOR PRIVACY","REDACTED FOR PRIVACY","","","","","","","","","","","ns.netafraz.com","ns2.netafraz.com","","","clientTransferProhibited","ok","",""
"63","irmanco.com","2021-03-01 17:12:54","2021-02-27","2021-02-28","2022-02-27","113","CSL Computer Service Langenbach GmbH d/b/a joker.com","whois.joker.com","http://www.joker.com","","","","","?????","","Iran","","","","","","","","","","","","","","","","","","","","","","","","","","","","","","","","","","ns7.mehrhost.com","ns8.mehrhost.com","","","clientTransferProhibited","","",""
"64","jasminblanche.com","2021-03-01 17:21:14","2021-02-27","2021-02-27","2022-02-27","113","CSL Computer Service Langenbach GmbH d/b/a joker.com","whois.joker.com","http://www.joker.com","","","","","albrz","","Iran","","","","","","","","","","","","","","","","","","","","","","","","","","","","","","","","","","ns1.serverpars.com","ns2.serverpars.com","","","clientTransferProhibited","","",""
"65","javadyasemi.com","2021-03-01 14:32:07","2021-02-27","2021-02-27","2022-02-27","1387","1API GmbH","whois.1api.net","http://www.1api.net","REDACTED FOR PRIVACY","REDACTED FOR PRIVACY","REDACTED FOR PRIVACY","REDACTED FOR PRIVACY","Khorasan Razavi","REDACTED FOR PRIVACY","Iran","","REDACTED FOR PRIVACY","","REDACTED FOR PRIVACY","REDACTED FOR PRIVACY","REDACTED FOR PRIVACY","REDACTED FOR PRIVACY","REDACTED FOR PRIVACY","REDACTED FOR PRIVACY","REDACTED FOR PRIVACY","","REDACTED FOR PRIVACY","","REDACTED FOR PRIVACY","REDACTED FOR PRIVACY","REDACTED FOR PRIVACY","REDACTED FOR PRIVACY","REDACTED FOR PRIVACY","REDACTED FOR PRIVACY","REDACTED FOR PRIVACY","","REDACTED FOR PRIVACY","","","","","","","","","","","","tg1.7hostir.com","tg2.7hostir.com","","","clientTransferProhibited","","",""
"66","jslearningevent.com","2021-03-01 14:31:08","2021-02-27","2021-02-27","2022-02-27","113","CSL Computer Service Langenbach GmbH d/b/a joker.com","whois.joker.com","http://www.joker.com","","","","","tehran","","Iran","","","","","","","","","","","","","","","","","","","","","","","","","","","","","","","","","","ns1.serverpars.com","ns2.serverpars.com","","","clientTransferProhibited","","",""
"67","kalabon.com","2021-03-01 17:46:11","2021-02-27","2021-02-27","2022-02-27","1601","Atak Domain Hosting Internet d/b/a Atak Teknoloji","whois.verisign-grs.com","http://www.atakteknoloji.com","mehdi dehghan","kalabon","sohrevardi shomali st","tehran","IR","12345678","Iran","master.dehghan@yahoo.com","+98.09120686040","+98.12334566","mehdi dehghan","kalabon","sohrevardi shomali st","tehran","IR","12345678","Iran","master.dehghan@yahoo.com","+98.09120686040","+98.12334566","mehdi dehghan","kalabon","sohrevardi shomali st","tehran","IR","12345678","Iran","master.dehghan@yahoo.com","+98.09120686040","+98.12334566","","","","","","","","","","","poppy.ns.cloudflare.com","sevki.ns.cloudflare.com","","","","","",""
"68","karacentre.com","2021-03-01 16:35:38","2021-02-27","2021-02-27","2022-02-27","113","CSL Computer Service Langenbach GmbH d/b/a joker.com","whois.joker.com","http://www.joker.com","","","","","thran","","Iran","","","","","","","","","","","","","","","","","","","","","","","","","","","","","","","","","","ns1.serverpars.com","ns2.serverpars.com","","","clientTransferProhibited","","",""
"69","khorshidst.com","2021-03-01 16:34:59","2021-02-27","2021-02-28","2022-02-27","1387","1API GmbH","whois.1api.net","http://www.1api.net","REDACTED FOR PRIVACY","REDACTED FOR PRIVACY","REDACTED FOR PRIVACY","REDACTED FOR PRIVACY","Tehran","REDACTED FOR PRIVACY","Iran","","REDACTED FOR PRIVACY","","REDACTED FOR PRIVACY","REDACTED FOR PRIVACY","REDACTED FOR PRIVACY","REDACTED FOR PRIVACY","REDACTED FOR PRIVACY","REDACTED FOR PRIVACY","REDACTED FOR PRIVACY","","REDACTED FOR PRIVACY","","REDACTED FOR PRIVACY","REDACTED FOR PRIVACY","REDACTED FOR PRIVACY","REDACTED FOR PRIVACY","REDACTED FOR PRIVACY","REDACTED FOR PRIVACY","REDACTED FOR PRIVACY","","REDACTED FOR PRIVACY","","","","","","","","","","","","cloudns1.iranhost.com","cloudns2.iranhost.com","","","clientTransferProhibited","","",""
"70","lolepooya.com","2021-03-01 16:31:34","2021-02-27","2021-02-27","2022-02-27","1601","Atak Domain Hosting Internet d/b/a Atak Teknoloji","whois.verisign-grs.com","http://www.atakteknoloji.com","Arad Branding","","Qom","Qom","IR","8586878890","Iran","nezamparvar@gmail.com","+98.9120048072","+.","Arad Branding","","Qom","Qom","IR","8586878890","Iran","nezamparvar@gmail.com","+98.9120048072","+.","Arad Branding","","Qom","Qom","IR","8586878890","Iran","nezamparvar@gmail.com","+98.9120048072","+.","","","","","","","","","","","ns1.aradbranding.net","ns2.aradbranding.net","","","","","",""
"71","loshem.com","2021-03-01 16:30:58","2021-02-27","2021-02-27","2022-02-27","1601","Atak Domain Hosting Internet d/b/a Atak Teknoloji","whois.verisign-grs.com","http://www.atakteknoloji.com","Arad Branding","","Qom","Qom","IR","8586878890","Iran","nezamparvar@gmail.com","+98.9120048072","+.","Arad Branding","","Qom","Qom","IR","8586878890","Iran","nezamparvar@gmail.com","+98.9120048072","+.","Arad Branding","","Qom","Qom","IR","8586878890","Iran","nezamparvar@gmail.com","+98.9120048072","+.","","","","","","","","","","","ns1.aradbranding.net","ns2.aradbranding.net","","","","","",""
"72","mahdizolghadr.com","2021-03-01 16:29:58","2021-02-27","2021-02-27","2022-02-27","113","CSL Computer Service Langenbach GmbH d/b/a joker.com","whois.joker.com","http://www.joker.com","","","","","tehran","","Iran","","","","","","","","","","","","","","","","","","","","","","","","","","","","","","","","","","ns1.serverpars.com","ns2.serverpars.com","","","clientTransferProhibited","","",""
"73","manmidonam.com","2021-03-01 16:29:32","2021-02-27","2021-02-27","2022-02-27","1387","1API GmbH","whois.1api.net","http://www.1api.net","REDACTED FOR PRIVACY","REDACTED FOR PRIVACY","REDACTED FOR PRIVACY","REDACTED FOR PRIVACY","?????","REDACTED FOR PRIVACY","Iran","","REDACTED FOR PRIVACY","","REDACTED FOR PRIVACY","REDACTED FOR PRIVACY","REDACTED FOR PRIVACY","REDACTED FOR PRIVACY","REDACTED FOR PRIVACY","REDACTED FOR PRIVACY","REDACTED FOR PRIVACY","","REDACTED FOR PRIVACY","","REDACTED FOR PRIVACY","REDACTED FOR PRIVACY","REDACTED FOR PRIVACY","REDACTED FOR PRIVACY","REDACTED FOR PRIVACY","REDACTED FOR PRIVACY","REDACTED FOR PRIVACY","","REDACTED FOR PRIVACY","","","","","","","","","","","","wp17.ganjehost.com","wp18.ganjehost.com","","","clientTransferProhibited","","",""
"74","medadpedad.com","2021-03-01 16:28:50","2021-02-27","2021-02-27","2022-02-27","1601","Atak Domain Hosting Internet d/b/a Atak Teknoloji","whois.verisign-grs.com","http://www.atakteknoloji.com","mahdi selfei","","bazar tajresh -pasag samei-tabagh hamkaf-pelak9","tehran","IR","1963656181","Iran","salafimahdi03@gmail.com","+98.9121989220","+98.9121989220","mahdi selfei","","bazar tajresh -pasag samei-tabagh hamkaf-pelak9","tehran","IR","1963656181","Iran","salafimahdi03@gmail.com","+98.9121989220","+98.9121989220","mahdi selfei","","bazar tajresh -pasag samei-tabagh hamkaf-pelak9","tehran","IR","1963656181","Iran","salafimahdi03@gmail.com","+98.9121989220","+98.9121989220","","","","","","","","","","","ns507.talashnet.com","ns508.talashnet.com","","","","","",""
"75","mehrdad-fathi.com","2021-03-01 16:28:32","2021-02-27","2021-02-27","2022-02-27","113","CSL Computer Service Langenbach GmbH d/b/a joker.com","whois.joker.com","http://www.joker.com","??????","??????","","","?????","","Iran","","","","","","","","","","","","","","","","","","","","","","","","","","","","","","","","","","ns3.mehrhost.com","ns4.mehrhost.com","","","clientTransferProhibited","","",""
"76","mehrleech.com","2021-03-01 16:28:45","2021-02-27","2021-02-27","2022-02-27","1601","Atak Domain Hosting Internet d/b/a Atak Teknoloji","whois.verisign-grs.com","http://www.atakteknoloji.com","Arad Branding","","Qom","Qom","IR","8586878890","Iran","nezamparvar@gmail.com","+98.9120048072","+.","Arad Branding","","Qom","Qom","IR","8586878890","Iran","nezamparvar@gmail.com","+98.9120048072","+.","Arad Branding","","Qom","Qom","IR","8586878890","Iran","nezamparvar@gmail.com","+98.9120048072","+.","","","","","","","","","","","ns1.aradbranding.net","ns2.aradbranding.net","","","","","",""
"77","mehrzallo.com","2021-03-01 16:28:40","2021-02-27","2021-02-27","2022-02-27","1601","Atak Domain Hosting Internet d/b/a Atak Teknoloji","whois.verisign-grs.com","http://www.atakteknoloji.com","Arad Branding","","Qom","Qom","IR","8586878890","Iran","nezamparvar@gmail.com","+98.9120048072","+.","Arad Branding","","Qom","Qom","IR","8586878890","Iran","nezamparvar@gmail.com","+98.9120048072","+.","Arad Branding","","Qom","Qom","IR","8586878890","Iran","nezamparvar@gmail.com","+98.9120048072","+.","","","","","","","","","","","ns1.aradbranding.net","ns2.aradbranding.net","","","","","",""
"78","mhdcompany.com","2021-03-01 14:25:51","2021-02-27","2021-02-27","2022-02-27","1601","Atak Domain Hosting Internet d/b/a Atak Teknoloji","whois.verisign-grs.com","http://www.atakteknoloji.com","Arad Branding","","Qom","Qom","IR","8586878890","Iran","nezamparvar@gmail.com","+98.9120048072","+.","Arad Branding","","Qom","Qom","IR","8586878890","Iran","nezamparvar@gmail.com","+98.9120048072","+.","Arad Branding","","Qom","Qom","IR","8586878890","Iran","nezamparvar@gmail.com","+98.9120048072","+.","","","","","","","","","","","ns1.aradbranding.net","ns2.aradbranding.net","","","","","",""
"79","miladroshan.com","2021-03-01 16:27:26","2021-02-27","2021-02-27","2022-02-27","113","CSL Computer Service Langenbach GmbH d/b/a joker.com","whois.joker.com","http://www.joker.com","","","","","thran","","Iran","","","","","","","","","","","","","","","","","","","","","","","","","","","","","","","","","","cl491.mizbanfadns.net","cl492.mizbanfadns.net","","","clientTransferProhibited","","",""
"80","mineralsinfo.com","2021-03-01 17:48:49","2021-02-27","2021-02-27","2022-02-27","1387","1API GmbH","whois.1api.net","http://www.1api.net","REDACTED FOR PRIVACY","REDACTED FOR PRIVACY","REDACTED FOR PRIVACY","REDACTED FOR PRIVACY","Tehran","REDACTED FOR PRIVACY","Iran","","REDACTED FOR PRIVACY","","REDACTED FOR PRIVACY","REDACTED FOR PRIVACY","REDACTED FOR PRIVACY","REDACTED FOR PRIVACY","REDACTED FOR PRIVACY","REDACTED FOR PRIVACY","REDACTED FOR PRIVACY","","REDACTED FOR PRIVACY","","REDACTED FOR PRIVACY","REDACTED FOR PRIVACY","REDACTED FOR PRIVACY","REDACTED FOR PRIVACY","REDACTED FOR PRIVACY","REDACTED FOR PRIVACY","REDACTED FOR PRIVACY","","REDACTED FOR PRIVACY","","","","","","","","","","","","ns3.iranhost.com","ns4.iranhost.com","","","clientTransferProhibited","","",""
"81","modomezon.com","2021-03-01 16:26:52","2021-02-27","2021-02-27","2022-02-27","1387","1API GmbH","whois.1api.net","http://www.1api.net","REDACTED FOR PRIVACY","REDACTED FOR PRIVACY","REDACTED FOR PRIVACY","REDACTED FOR PRIVACY","Tehran","REDACTED FOR PRIVACY","Iran","","REDACTED FOR PRIVACY","","REDACTED FOR PRIVACY","REDACTED FOR PRIVACY","REDACTED FOR PRIVACY","REDACTED FOR PRIVACY","REDACTED FOR PRIVACY","REDACTED FOR PRIVACY","REDACTED FOR PRIVACY","","REDACTED FOR PRIVACY","","REDACTED FOR PRIVACY","REDACTED FOR PRIVACY","REDACTED FOR PRIVACY","REDACTED FOR PRIVACY","REDACTED FOR PRIVACY","REDACTED FOR PRIVACY","REDACTED FOR PRIVACY","","REDACTED FOR PRIVACY","","","","","","","","","","","","ns3.iranhost.com","ns4.iranhost.com","","","clientTransferProhibited","","",""
"82","mohtaramomidi.com","2021-03-01 16:26:50","2021-02-27","2021-02-27","2022-02-27","1387","1API GmbH","whois.1api.net","http://www.1api.net","REDACTED FOR PRIVACY","REDACTED FOR PRIVACY","REDACTED FOR PRIVACY","REDACTED FOR PRIVACY","Tehran","REDACTED FOR PRIVACY","Iran","","REDACTED FOR PRIVACY","","REDACTED FOR PRIVACY","REDACTED FOR PRIVACY","REDACTED FOR PRIVACY","REDACTED FOR PRIVACY","REDACTED FOR PRIVACY","REDACTED FOR PRIVACY","REDACTED FOR PRIVACY","","REDACTED FOR PRIVACY","","REDACTED FOR PRIVACY","REDACTED FOR PRIVACY","REDACTED FOR PRIVACY","REDACTED FOR PRIVACY","REDACTED FOR PRIVACY","REDACTED FOR PRIVACY","REDACTED FOR PRIVACY","","REDACTED FOR PRIVACY","","","","","","","","","","","","ns3.iranhost.com","ns4.iranhost.com","","","clientTransferProhibited","","",""
"83","moshkfeshan.com","2021-03-01 17:34:07","2021-02-27","2021-02-27","2022-02-27","1647","Hosting Concepts B.V. dba Openprovider","whois.registrar.eu","http://www.openprovider.com","REDACTED FOR PRIVACY","??? ??","REDACTED FOR PRIVACY","REDACTED FOR PRIVACY","?????? ????","REDACTED FOR PRIVACY","Iran","","REDACTED FOR PRIVACY","REDACTED FOR PRIVACY","REDACTED FOR PRIVACY","REDACTED FOR PRIVACY","REDACTED FOR PRIVACY","REDACTED FOR PRIVACY","REDACTED FOR PRIVACY","REDACTED FOR PRIVACY","REDACTED FOR PRIVACY","","REDACTED FOR PRIVACY","REDACTED FOR PRIVACY","REDACTED FOR PRIVACY","REDACTED FOR PRIVACY","REDACTED FOR PRIVACY","REDACTED FOR PRIVACY","REDACTED FOR PRIVACY","REDACTED FOR PRIVACY","REDACTED FOR PRIVACY","","REDACTED FOR PRIVACY","REDACTED FOR PRIVACY","","","","","","","","","","","ns11.shetabanhost.com","ns12.shetabanhost.com","","","clientTransferProhibited","ok","",""
"84","motmaenmarket.com","2021-03-01 16:26:34","2021-02-27","2021-02-27","2022-02-27","1601","Atak Domain Hosting Internet d/b/a Atak Teknoloji","whois.verisign-grs.com","http://www.atakteknoloji.com","Arad Branding","","Qom","Qom","IR","8586878890","Iran","nezamparvar@gmail.com","+98.9120048072","+.","Arad Branding","","Qom","Qom","IR","8586878890","Iran","nezamparvar@gmail.com","+98.9120048072","+.","Arad Branding","","Qom","Qom","IR","8586878890","Iran","nezamparvar@gmail.com","+98.9120048072","+.","","","","","","","","","","","ns5.arad360.com","ns6.arad360.com","","","","","",""
"85","mtntrd.com","2021-03-01 16:26:04","2021-02-27","2021-02-27","2022-02-27","1387","1API GmbH","whois.1api.net","http://www.1api.net","REDACTED FOR PRIVACY","REDACTED FOR PRIVACY","REDACTED FOR PRIVACY","REDACTED FOR PRIVACY","Tehran","REDACTED FOR PRIVACY","Iran","","REDACTED FOR PRIVACY","","REDACTED FOR PRIVACY","REDACTED FOR PRIVACY","REDACTED FOR PRIVACY","REDACTED FOR PRIVACY","REDACTED FOR PRIVACY","REDACTED FOR PRIVACY","REDACTED FOR PRIVACY","","REDACTED FOR PRIVACY","","REDACTED FOR PRIVACY","REDACTED FOR PRIVACY","REDACTED FOR PRIVACY","REDACTED FOR PRIVACY","REDACTED FOR PRIVACY","REDACTED FOR PRIVACY","REDACTED FOR PRIVACY","","REDACTED FOR PRIVACY","","","","","","","","","","","","ns3.iranhost.com","ns4.iranhost.com","","","clientTransferProhibited","","",""
"86","nabtokhme.com","2021-03-01 16:25:24","2021-02-27","2021-02-27","2022-02-27","1601","Atak Domain Hosting Internet d/b/a Atak Teknoloji","whois.verisign-grs.com","http://www.atakteknoloji.com","Arad Branding","","Qom","Qom","IR","8586878890","Iran","nezamparvar@gmail.com","+98.9120048072","+.","Arad Branding","","Qom","Qom","IR","8586878890","Iran","nezamparvar@gmail.com","+98.9120048072","+.","Arad Branding","","Qom","Qom","IR","8586878890","Iran","nezamparvar@gmail.com","+98.9120048072","+.","","","","","","","","","","","ns5.arad360.com","ns6.arad360.com","","","","","",""
"87","nasimclean.com","2021-03-01 16:24:43","2021-02-27","2021-02-27","2022-02-27","1601","Atak Domain Hosting Internet d/b/a Atak Teknoloji","whois.verisign-grs.com","http://www.atakteknoloji.com","Arad Branding","","Qom","Qom","IR","8586878890","Iran","nezamparvar@gmail.com","+98.9120048072","+.","Arad Branding","","Qom","Qom","IR","8586878890","Iran","nezamparvar@gmail.com","+98.9120048072","+.","Arad Branding","","Qom","Qom","IR","8586878890","Iran","nezamparvar@gmail.com","+98.9120048072","+.","","","","","","","","","","","ns5.arad360.com","ns6.arad360.com","","","","","",""
"88","neghahemoaser.com","2021-03-01 16:24:27","2021-02-27","2021-02-27","2022-02-27","113","CSL Computer Service Langenbach GmbH d/b/a joker.com","whois.joker.com","http://www.joker.com","","","","","thran","","Iran","","","","","","","","","","","","","","","","","","","","","","","","","","","","","","","","","","irns69.serverpars.com","irns70.serverpars.com","","","clientTransferProhibited","","",""
"89","negincraft.com","2021-03-01 17:21:47","2021-02-27","2021-02-27","2022-02-27","1601","Atak Domain Hosting Internet d/b/a Atak Teknoloji","whois.verisign-grs.com","http://www.atakteknoloji.com","Arad Branding","","Qom","Qom","IR","8586878890","Iran","nezamparvar@gmail.com","+98.9120048072","+.","Arad Branding","","Qom","Qom","IR","8586878890","Iran","nezamparvar@gmail.com","+98.9120048072","+.","Arad Branding","","Qom","Qom","IR","8586878890","Iran","nezamparvar@gmail.com","+98.9120048072","+.","","","","","","","","","","","ns5.arad360.com","ns6.arad360.com","","","","","",""
"90","newhealthsafe.com","2021-03-01 16:24:06","2021-02-27","2021-02-27","2022-02-27","1387","1API GmbH","whois.1api.net","http://www.1api.net","REDACTED FOR PRIVACY","REDACTED FOR PRIVACY","REDACTED FOR PRIVACY","REDACTED FOR PRIVACY","Tehran","REDACTED FOR PRIVACY","Iran","","REDACTED FOR PRIVACY","","REDACTED FOR PRIVACY","REDACTED FOR PRIVACY","REDACTED FOR PRIVACY","REDACTED FOR PRIVACY","REDACTED FOR PRIVACY","REDACTED FOR PRIVACY","REDACTED FOR PRIVACY","","REDACTED FOR PRIVACY","","REDACTED FOR PRIVACY","REDACTED FOR PRIVACY","REDACTED FOR PRIVACY","REDACTED FOR PRIVACY","REDACTED FOR PRIVACY","REDACTED FOR PRIVACY","REDACTED FOR PRIVACY","","REDACTED FOR PRIVACY","","","","","","","","","","","","ns3.iranhost.com","ns4.iranhost.com","","","clientTransferProhibited","","",""
"91","niktanmag.com","2021-03-01 17:20:44","2021-02-27","2021-02-27","2022-02-27","1387","1API GmbH","whois.1api.net","http://www.1api.net","REDACTED FOR PRIVACY","REDACTED FOR PRIVACY","REDACTED FOR PRIVACY","REDACTED FOR PRIVACY","Tehran","REDACTED FOR PRIVACY","Iran","","REDACTED FOR PRIVACY","","REDACTED FOR PRIVACY","REDACTED FOR PRIVACY","REDACTED FOR PRIVACY","REDACTED FOR PRIVACY","REDACTED FOR PRIVACY","REDACTED FOR PRIVACY","REDACTED FOR PRIVACY","","REDACTED FOR PRIVACY","","REDACTED FOR PRIVACY","REDACTED FOR PRIVACY","REDACTED FOR PRIVACY","REDACTED FOR PRIVACY","REDACTED FOR PRIVACY","REDACTED FOR PRIVACY","REDACTED FOR PRIVACY","","REDACTED FOR PRIVACY","","","","","","","","","","","","pt1.7hostir.com","pt2.7hostir.com","","","clientTransferProhibited","","",""
"92","nitapardazco.com","2021-03-01 16:23:29","2021-02-27","2021-02-27","2022-02-27","113","CSL Computer Service Langenbach GmbH d/b/a joker.com","whois.joker.com","http://www.joker.com","nita prdaz","nita prdaz","","","thran","","Iran","","","","","","","","","","","","","","","","","","","","","","","","","","","","","","","","","","ns1.serverpars.com","ns2.serverpars.com","","","clientTransferProhibited","","",""
"93","olyacharm.com","2021-03-01 16:22:15","2021-02-27","2021-02-27","2022-02-27","1601","Atak Domain Hosting Internet d/b/a Atak Teknoloji","whois.verisign-grs.com","http://www.atakteknoloji.com","Arad Branding","","Qom","Qom","IR","8586878890","Iran","nezamparvar@gmail.com","+98.9120048072","+.","Arad Branding","","Qom","Qom","IR","8586878890","Iran","nezamparvar@gmail.com","+98.9120048072","+.","Arad Branding","","Qom","Qom","IR","8586878890","Iran","nezamparvar@gmail.com","+98.9120048072","+.","","","","","","","","","","","ns5.arad360.com","ns6.arad360.com","","","","","",""
"94","onishopgallery.com","2021-03-01 16:21:29","2021-02-27","2021-02-27","2022-02-27","1601","Atak Domain Hosting Internet d/b/a Atak Teknoloji","whois.verisign-grs.com","http://www.atakteknoloji.com","Arad Branding","","Qom","Qom","IR","8586878890","Iran","nezamparvar@gmail.com","+98.9120048072","+.","Arad Branding","","Qom","Qom","IR","8586878890","Iran","nezamparvar@gmail.com","+98.9120048072","+.","Arad Branding","","Qom","Qom","IR","8586878890","Iran","nezamparvar@gmail.com","+98.9120048072","+.","","","","","","","","","","","ns5.arad360.com","ns6.arad360.com","","","","","",""
"95","ormansalamat.com","2021-03-01 16:21:02","2021-02-27","2021-02-27","2022-02-27","1601","Atak Domain Hosting Internet d/b/a Atak Teknoloji","whois.verisign-grs.com","http://www.atakteknoloji.com","poorya bayati","","Emam Khomaini","Tehran","IR","1371878869","Iran","p13874@yahoo.com","+98.9190900199","+98.9190900199","poorya bayati","","Emam Khomaini","Tehran","IR","1371878869","Iran","p13874@yahoo.com","+98.9190900199","+98.9190900199","poorya bayati","","Emam Khomaini","Tehran","IR","1371878869","Iran","p13874@yahoo.com","+98.9190900199","+98.9190900199","","","","","","","","","","","ns1.tegrahost.com","ns4.tegrahost.com","","","","","",""
"96","padinashoes.com","2021-03-01 16:20:45","2021-02-27","2021-02-27","2022-02-27","1601","Atak Domain Hosting Internet d/b/a Atak Teknoloji","whois.verisign-grs.com","http://www.atakteknoloji.com","Arad Branding","","Qom","Qom","IR","8586878890","Iran","nezamparvar@gmail.com","+98.9120048072","+.","Arad Branding","","Qom","Qom","IR","8586878890","Iran","nezamparvar@gmail.com","+98.9120048072","+.","Arad Branding","","Qom","Qom","IR","8586878890","Iran","nezamparvar@gmail.com","+98.9120048072","+.","","","","","","","","","","","ns5.arad360.com","ns6.arad360.com","","","","","",""
"97","pakhshpayam.com","2021-03-01 16:20:43","2021-02-27","2021-02-27","2022-02-27","1387","1API GmbH","whois.1api.net","http://www.1api.net","REDACTED FOR PRIVACY","REDACTED FOR PRIVACY","REDACTED FOR PRIVACY","REDACTED FOR PRIVACY","?????","REDACTED FOR PRIVACY","Iran","","REDACTED FOR PRIVACY","","REDACTED FOR PRIVACY","REDACTED FOR PRIVACY","REDACTED FOR PRIVACY","REDACTED FOR PRIVACY","REDACTED FOR PRIVACY","REDACTED FOR PRIVACY","REDACTED FOR PRIVACY","","REDACTED FOR PRIVACY","","REDACTED FOR PRIVACY","REDACTED FOR PRIVACY","REDACTED FOR PRIVACY","REDACTED FOR PRIVACY","REDACTED FOR PRIVACY","REDACTED FOR PRIVACY","REDACTED FOR PRIVACY","","REDACTED FOR PRIVACY","","","","","","","","","","","","ns30.sitesazz.com","ns31.sitesazz.com","","","clientTransferProhibited","","",""
"98","pakrah.com","2021-03-01 16:20:41","2021-02-27","2021-02-27","2022-02-27","1601","Atak Domain Hosting Internet d/b/a Atak Teknoloji","whois.verisign-grs.com","http://www.atakteknoloji.com","Arad Branding","","Qom","Qom","IR","8586878890","Iran","nezamparvar@gmail.com","+98.9120048072","+.","Arad Branding","","Qom","Qom","IR","8586878890","Iran","nezamparvar@gmail.com","+98.9120048072","+.","Arad Branding","","Qom","Qom","IR","8586878890","Iran","nezamparvar@gmail.com","+98.9120048072","+.","","","","","","","","","","","ns1.aradbranding.net","ns2.aradbranding.net","","","","","",""
"99","paniplastic.com","2021-03-01 16:20:30","2021-02-27","2021-02-27","2022-02-27","1601","Atak Domain Hosting Internet d/b/a Atak Teknoloji","whois.verisign-grs.com","http://www.atakteknoloji.com","Arad Branding","","Qom","Qom","IR","8586878890","Iran","nezamparvar@gmail.com","+98.9120048072","+.","Arad Branding","","Qom","Qom","IR","8586878890","Iran","nezamparvar@gmail.com","+98.9120048072","+.","Arad Branding","","Qom","Qom","IR","8586878890","Iran","nezamparvar@gmail.com","+98.9120048072","+.","","","","","","","","","","","ns5.arad360.com","ns6.arad360.com","","","","","",""
"100","parandpakat.com","2021-03-01 16:20:26","2021-02-27","2021-02-27","2022-02-27","113","CSL Computer Service Langenbach GmbH d/b/a joker.com","whois.joker.com","http://www.joker.com","frda raianh","frda raianh","","","khrasan rzvi","","Iran","","","","","","","","","","","","","","","","","","","","","","","","","","","","","","","","","","a-ir20.serverpars.com","b-ir20.serverpars.com","","","clientTransferProhibited","","",""
"101","parisa-kalantari.com","2021-03-01 16:20:25","2021-02-27","2021-02-27","2022-02-27","1387","1API GmbH","whois.1api.net","http://www.1api.net","REDACTED FOR PRIVACY","REDACTED FOR PRIVACY","REDACTED FOR PRIVACY","REDACTED FOR PRIVACY","Tehran","REDACTED FOR PRIVACY","Iran","","REDACTED FOR PRIVACY","","REDACTED FOR PRIVACY","REDACTED FOR PRIVACY","REDACTED FOR PRIVACY","REDACTED FOR PRIVACY","REDACTED FOR PRIVACY","REDACTED FOR PRIVACY","REDACTED FOR PRIVACY","","REDACTED FOR PRIVACY","","REDACTED FOR PRIVACY","REDACTED FOR PRIVACY","REDACTED FOR PRIVACY","REDACTED FOR PRIVACY","REDACTED FOR PRIVACY","REDACTED FOR PRIVACY","REDACTED FOR PRIVACY","","REDACTED FOR PRIVACY","","","","","","","","","","","","ns3.iranhost.com","ns4.iranhost.com","","","clientTransferProhibited","","",""
"102","persiachasb.com","2021-03-01 16:19:44","2021-02-27","2021-02-27","2026-02-27","1387","1API GmbH","whois.1api.net","http://www.1api.net","REDACTED FOR PRIVACY","REDACTED FOR PRIVACY","REDACTED FOR PRIVACY","REDACTED FOR PRIVACY","Tehran","REDACTED FOR PRIVACY","Iran","","REDACTED FOR PRIVACY","","REDACTED FOR PRIVACY","REDACTED FOR PRIVACY","REDACTED FOR PRIVACY","REDACTED FOR PRIVACY","REDACTED FOR PRIVACY","REDACTED FOR PRIVACY","REDACTED FOR PRIVACY","","REDACTED FOR PRIVACY","","REDACTED FOR PRIVACY","REDACTED FOR PRIVACY","REDACTED FOR PRIVACY","REDACTED FOR PRIVACY","REDACTED FOR PRIVACY","REDACTED FOR PRIVACY","REDACTED FOR PRIVACY","","REDACTED FOR PRIVACY","","","","","","","","","","","","ns81.iranhost.com","ns82.iranhost.com","","","clientTransferProhibited","","",""
"103","persianpista.com","2021-03-01 17:47:11","2021-02-27","2021-02-27","2026-02-27","113","CSL Computer Service Langenbach GmbH d/b/a joker.com","whois.joker.com","http://www.joker.com","shbkh fnavri pars","shbkh fnavri pars","","","thran","","Iran","","","","","","","","","","","","","","","","","","","","","","","","","","","","","","","","","","a-irwrs2.serverpars.com","b-irwrs2.serverpars.com","","","clientTransferProhibited","","",""
"104","petro-maya.com","2021-03-01 16:19:49","2021-02-27","2021-02-27","2022-02-27","1387","1API GmbH","whois.1api.net","http://www.1api.net","REDACTED FOR PRIVACY","REDACTED FOR PRIVACY","REDACTED FOR PRIVACY","REDACTED FOR PRIVACY","Tehran","REDACTED FOR PRIVACY","Iran","","REDACTED FOR PRIVACY","","REDACTED FOR PRIVACY","REDACTED FOR PRIVACY","REDACTED FOR PRIVACY","REDACTED FOR PRIVACY","REDACTED FOR PRIVACY","REDACTED FOR PRIVACY","REDACTED FOR PRIVACY","","REDACTED FOR PRIVACY","","REDACTED FOR PRIVACY","REDACTED FOR PRIVACY","REDACTED FOR PRIVACY","REDACTED FOR PRIVACY","REDACTED FOR PRIVACY","REDACTED FOR PRIVACY","REDACTED FOR PRIVACY","","REDACTED FOR PRIVACY","","","","","","","","","","","","ns3.iranhost.com","ns4.iranhost.com","","","clientTransferProhibited","","",""
"105","petromaya.com","2021-03-01 14:22:36","2021-02-27","2021-02-27","2022-02-27","1387","1API GmbH","whois.1api.net","http://www.1api.net","REDACTED FOR PRIVACY","REDACTED FOR PRIVACY","REDACTED FOR PRIVACY","REDACTED FOR PRIVACY","Tehran","REDACTED FOR PRIVACY","Iran","","REDACTED FOR PRIVACY","","REDACTED FOR PRIVACY","REDACTED FOR PRIVACY","REDACTED FOR PRIVACY","REDACTED FOR PRIVACY","REDACTED FOR PRIVACY","REDACTED FOR PRIVACY","REDACTED FOR PRIVACY","","REDACTED FOR PRIVACY","","REDACTED FOR PRIVACY","REDACTED FOR PRIVACY","REDACTED FOR PRIVACY","REDACTED FOR PRIVACY","REDACTED FOR PRIVACY","REDACTED FOR PRIVACY","REDACTED FOR PRIVACY","","REDACTED FOR PRIVACY","","","","","","","","","","","","ns3.iranhost.com","ns4.iranhost.com","","","clientTransferProhibited","","",""
"106","petrosetareh.com","2021-03-01 14:24:30","2021-02-27","2021-02-27","2022-02-27","1387","1API GmbH","whois.1api.net","http://www.1api.net","REDACTED FOR PRIVACY","REDACTED FOR PRIVACY","REDACTED FOR PRIVACY","REDACTED FOR PRIVACY","Tehran","REDACTED FOR PRIVACY","Iran","","REDACTED FOR PRIVACY","","REDACTED FOR PRIVACY","REDACTED FOR PRIVACY","REDACTED FOR PRIVACY","REDACTED FOR PRIVACY","REDACTED FOR PRIVACY","REDACTED FOR PRIVACY","REDACTED FOR PRIVACY","","REDACTED FOR PRIVACY","","REDACTED FOR PRIVACY","REDACTED FOR PRIVACY","REDACTED FOR PRIVACY","REDACTED FOR PRIVACY","REDACTED FOR PRIVACY","REDACTED FOR PRIVACY","REDACTED FOR PRIVACY","","REDACTED FOR PRIVACY","","","","","","","","","","","","ns81.iranhost.com","ns82.iranhost.com","","","clientTransferProhibited","","",""
"107","physiotherapydarmanzel.com","2021-03-01 16:19:31","2021-02-27","2021-02-27","2022-02-27","1387","1API GmbH","whois.1api.net","http://www.1api.net","REDACTED FOR PRIVACY","REDACTED FOR PRIVACY","REDACTED FOR PRIVACY","REDACTED FOR PRIVACY","Tehran","REDACTED FOR PRIVACY","Iran","","REDACTED FOR PRIVACY","","REDACTED FOR PRIVACY","REDACTED FOR PRIVACY","REDACTED FOR PRIVACY","REDACTED FOR PRIVACY","REDACTED FOR PRIVACY","REDACTED FOR PRIVACY","REDACTED FOR PRIVACY","","REDACTED FOR PRIVACY","","REDACTED FOR PRIVACY","REDACTED FOR PRIVACY","REDACTED FOR PRIVACY","REDACTED FOR PRIVACY","REDACTED FOR PRIVACY","REDACTED FOR PRIVACY","REDACTED FOR PRIVACY","","REDACTED FOR PRIVACY","","","","","","","","","","","","ns3.iranhost.com","ns4.iranhost.com","","","clientTransferProhibited","","",""
"108","poorsant.com","2021-03-01 17:40:43","2021-02-27","2021-02-27","2022-02-27","1387","1API GmbH","whois.1api.net","http://www.1api.net","REDACTED FOR PRIVACY","REDACTED FOR PRIVACY","REDACTED FOR PRIVACY","REDACTED FOR PRIVACY","Tehran","REDACTED FOR PRIVACY","Iran","","REDACTED FOR PRIVACY","","REDACTED FOR PRIVACY","REDACTED FOR PRIVACY","REDACTED FOR PRIVACY","REDACTED FOR PRIVACY","REDACTED FOR PRIVACY","REDACTED FOR PRIVACY","REDACTED FOR PRIVACY","","REDACTED FOR PRIVACY","","REDACTED FOR PRIVACY","REDACTED FOR PRIVACY","REDACTED FOR PRIVACY","REDACTED FOR PRIVACY","REDACTED FOR PRIVACY","REDACTED FOR PRIVACY","REDACTED FOR PRIVACY","","REDACTED FOR PRIVACY","","","","","","","","","","","","ns3.iranhost.com","ns4.iranhost.com","","","clientTransferProhibited","","",""
"109","pooyastudio.com","2021-03-01 17:44:50","2021-02-27","2021-02-27","2022-02-27","113","CSL Computer Service Langenbach GmbH d/b/a joker.com","whois.joker.com","http://www.joker.com","ateliye caffe mode","ateliye caffe mode","","","qazvin","","Iran","","","","","","","","","","","","","","","","","","","","","","","","","","","","","","","","","","ns1.chidaks.com","ns2.chidaks.com","","","clientTransferProhibited","","",""
"110","portabafzar.com","2021-03-01 17:44:12","2021-02-27","2021-02-27","2022-02-27","113","CSL Computer Service Langenbach GmbH d/b/a joker.com","whois.joker.com","http://www.joker.com","","","","","thran","","Iran","","","","","","","","","","","","","","","","","","","","","","","","","","","","","","","","","","irns101.serverpars.com","irns102.serverpars.com","","","clientTransferProhibited","","",""
"111","rahianhaq.com","2021-03-01 14:35:43","2021-02-27","2021-02-27","2022-02-27","1647","Hosting Concepts B.V. dba Openprovider","whois.registrar.eu","http://www.openprovider.com","REDACTED FOR PRIVACY","","REDACTED FOR PRIVACY","REDACTED FOR PRIVACY","tehran","REDACTED FOR PRIVACY","Iran","","REDACTED FOR PRIVACY","REDACTED FOR PRIVACY","REDACTED FOR PRIVACY","REDACTED FOR PRIVACY","REDACTED FOR PRIVACY","REDACTED FOR PRIVACY","REDACTED FOR PRIVACY","REDACTED FOR PRIVACY","REDACTED FOR PRIVACY","","REDACTED FOR PRIVACY","REDACTED FOR PRIVACY","REDACTED FOR PRIVACY","REDACTED FOR PRIVACY","REDACTED FOR PRIVACY","REDACTED FOR PRIVACY","REDACTED FOR PRIVACY","REDACTED FOR PRIVACY","REDACTED FOR PRIVACY","","REDACTED FOR PRIVACY","REDACTED FOR PRIVACY","","","","","","","","","","","ns45-2.spadit.com","ns45.spadit.com","","","clientTransferProhibited","ok","",""
"112","razdarman.com","2021-03-01 17:36:41","2021-02-27","2021-02-27","2022-02-27","1387","1API GmbH","whois.1api.net","http://www.1api.net","REDACTED FOR PRIVACY","REDACTED FOR PRIVACY","REDACTED FOR PRIVACY","REDACTED FOR PRIVACY","?????","REDACTED FOR PRIVACY","Iran","","REDACTED FOR PRIVACY","","REDACTED FOR PRIVACY","REDACTED FOR PRIVACY","REDACTED FOR PRIVACY","REDACTED FOR PRIVACY","REDACTED FOR PRIVACY","REDACTED FOR PRIVACY","REDACTED FOR PRIVACY","","REDACTED FOR PRIVACY","","REDACTED FOR PRIVACY","REDACTED FOR PRIVACY","REDACTED FOR PRIVACY","REDACTED FOR PRIVACY","REDACTED FOR PRIVACY","REDACTED FOR PRIVACY","REDACTED FOR PRIVACY","","REDACTED FOR PRIVACY","","","","","","","","","","","","wp17.ganjehost.com","wp18.ganjehost.com","","","clientTransferProhibited","","",""
"113","refahmarkat.com","2021-03-01 14:35:13","2021-02-27","2021-02-27","2022-02-27","1601","Atak Domain Hosting Internet d/b/a Atak Teknoloji","whois.verisign-grs.com","http://www.atakteknoloji.com","Mohammad Madadi","","Tohid St","Zanjan","IR","4536114339","Iran","mmddy575@gmail.com","+98.33323237","+98.33323237","Mohammad Madadi","","Tohid St","Zanjan","IR","4536114339","Iran","mmddy575@gmail.com","+98.33323237","+98.33323237","Mohammad Madadi","","Tohid St","Zanjan","IR","4536114339","Iran","mmddy575@gmail.com","+98.33323237","+98.33323237","","","","","","","","","","","ns1.tegrahost.com","ns4.tegrahost.com","","","","","",""
"114","roqanorganic.com","2021-03-01 16:16:41","2021-02-27","2021-02-27","2022-02-27","1601","Atak Domain Hosting Internet d/b/a Atak Teknoloji","whois.verisign-grs.com","http://www.atakteknoloji.com","Arad Branding","","Qom","Qom","IR","8586878890","Iran","nezamparvar@gmail.com","+98.9120048072","+.","Arad Branding","","Qom","Qom","IR","8586878890","Iran","nezamparvar@gmail.com","+98.9120048072","+.","Arad Branding","","Qom","Qom","IR","8586878890","Iran","nezamparvar@gmail.com","+98.9120048072","+.","","","","","","","","","","","ns5.arad360.com","ns6.arad360.com","","","","","",""
"115","sabarasane.com","2021-03-01 14:25:11","2021-02-27","2021-02-27","2022-02-27","113","CSL Computer Service Langenbach GmbH d/b/a joker.com","whois.joker.com","http://www.joker.com","Simorgh Danesh Co.","Simorgh Danesh Co.","","","","","Iran","","","","","","","","","","","","","","","","","","","","","","","","","","","","","","","","","","ns30.iegdns.com","ns31.iegdns.com","","","clientTransferProhibited","","",""
"116","sabarasaneh.com","2021-03-01 14:20:15","2021-02-27","2021-02-27","2022-02-27","113","CSL Computer Service Langenbach GmbH d/b/a joker.com","whois.joker.com","http://www.joker.com","Simorgh Danesh Co.","Simorgh Danesh Co.","","","","","Iran","","","","","","","","","","","","","","","","","","","","","","","","","","","","","","","","","","ns30.iegdns.com","ns31.iegdns.com","","","clientTransferProhibited","","",""
"117","saboors.com","2021-03-01 16:16:05","2021-02-27","2021-02-27","2022-02-27","113","CSL Computer Service Langenbach GmbH d/b/a joker.com","whois.joker.com","http://www.joker.com","","","","","tehran","","Iran","","","","","","","","","","","","","","","","","","","","","","","","","","","","","","","","","","ns1.serverpars.com","ns2.serverpars.com","","","clientTransferProhibited","","",""
"118","sabtio.com","2021-03-01 16:16:09","2021-02-27","2021-02-27","2022-02-27","113","CSL Computer Service Langenbach GmbH d/b/a joker.com","whois.joker.com","http://www.joker.com","","","","","tehran","","Iran","","","","","","","","","","","","","","","","","","","","","","","","","","","","","","","","","","ns387.mihanwebhost.com","ns388.mihanwebhost.com","","","clientTransferProhibited","","",""
"119","safaripark-chalidareh.com","2021-03-01 16:15:57","2021-02-27","2021-02-27","2022-02-27","113","CSL Computer Service Langenbach GmbH d/b/a joker.com","whois.joker.com","http://www.joker.com","vipserverz","vipserverz","","","Khorasan","","Iran","","","","","","","","","","","","","","","","","","","","","","","","","","","","","","","","","","ns1.agnhost.com","ns2.agnhost.com","","","clientTransferProhibited","","",""
"120","safir-on.com","2021-03-01 16:16:00","2021-02-27","2021-03-01","2022-02-27","1387","1API GmbH","whois.1api.net","http://www.1api.net","REDACTED FOR PRIVACY","REDACTED FOR PRIVACY","REDACTED FOR PRIVACY","REDACTED FOR PRIVACY","Tehran","REDACTED FOR PRIVACY","Iran","","REDACTED FOR PRIVACY","","REDACTED FOR PRIVACY","REDACTED FOR PRIVACY","REDACTED FOR PRIVACY","REDACTED FOR PRIVACY","REDACTED FOR PRIVACY","REDACTED FOR PRIVACY","REDACTED FOR PRIVACY","","REDACTED FOR PRIVACY","","REDACTED FOR PRIVACY","REDACTED FOR PRIVACY","REDACTED FOR PRIVACY","REDACTED FOR PRIVACY","REDACTED FOR PRIVACY","REDACTED FOR PRIVACY","REDACTED FOR PRIVACY","","REDACTED FOR PRIVACY","","","","","","","","","","","","kellen.ns.cloudflare.com","olivia.ns.cloudflare.com","","","clientTransferProhibited","","",""
"121","safireelm.com","2021-03-01 16:16:00","2021-02-27","2021-02-27","2022-02-27","113","CSL Computer Service Langenbach GmbH d/b/a joker.com","whois.joker.com","http://www.joker.com","","","","","tehran","","Iran","","","","","","","","","","","","","","","","","","","","","","","","","","","","","","","","","","ns1.serverpars.com","ns2.serverpars.com","","","clientTransferProhibited","","",""
"122","safirekeramat.com","2021-03-01 14:25:54","2021-02-27","2021-02-27","2022-02-27","113","CSL Computer Service Langenbach GmbH d/b/a joker.com","whois.joker.com","http://www.joker.com","","","","","albrz","","Iran","","","","","","","","","","","","","","","","","","","","","","","","","","","","","","","","","","j.ns.arvancdn.com","p.ns.arvancdn.com","","","clientTransferProhibited","","",""
"123","shainanuts.com","2021-03-01 16:14:06","2021-02-27","2021-02-27","2022-02-27","113","CSL Computer Service Langenbach GmbH d/b/a joker.com","whois.joker.com","http://www.joker.com","shbkh fnavri pars","shbkh fnavri pars","","","thran","","Iran","","","","","","","","","","","","","","","","","","","","","","","","","","","","","","","","","","linux1.parsitnet.com","linux2.parsitnet.com","","","clientTransferProhibited","","",""
"124","simaseda.com","2021-03-01 17:32:24","2021-02-27","2021-02-27","2022-02-27","1387","1API GmbH","whois.1api.net","http://www.1api.net","REDACTED FOR PRIVACY","REDACTED FOR PRIVACY","REDACTED FOR PRIVACY","REDACTED FOR PRIVACY","Tehran","REDACTED FOR PRIVACY","Iran","","REDACTED FOR PRIVACY","","REDACTED FOR PRIVACY","REDACTED FOR PRIVACY","REDACTED FOR PRIVACY","REDACTED FOR PRIVACY","REDACTED FOR PRIVACY","REDACTED FOR PRIVACY","REDACTED FOR PRIVACY","","REDACTED FOR PRIVACY","","REDACTED FOR PRIVACY","REDACTED FOR PRIVACY","REDACTED FOR PRIVACY","REDACTED FOR PRIVACY","REDACTED FOR PRIVACY","REDACTED FOR PRIVACY","REDACTED FOR PRIVACY","","REDACTED FOR PRIVACY","","","","","","","","","","","","ns3.iranhost.com","ns4.iranhost.com","","","clientTransferProhibited","","",""
"125","spinasonline.com","2021-03-01 16:11:03","2021-02-27","2021-02-27","2022-02-27","1647","Hosting Concepts B.V. dba Openprovider","whois.registrar.eu","http://www.openprovider.com","REDACTED FOR PRIVACY","","REDACTED FOR PRIVACY","REDACTED FOR PRIVACY","tehran","REDACTED FOR PRIVACY","Iran","","REDACTED FOR PRIVACY","REDACTED FOR PRIVACY","REDACTED FOR PRIVACY","REDACTED FOR PRIVACY","REDACTED FOR PRIVACY","REDACTED FOR PRIVACY","REDACTED FOR PRIVACY","REDACTED FOR PRIVACY","REDACTED FOR PRIVACY","","REDACTED FOR PRIVACY","REDACTED FOR PRIVACY","REDACTED FOR PRIVACY","REDACTED FOR PRIVACY","REDACTED FOR PRIVACY","REDACTED FOR PRIVACY","REDACTED FOR PRIVACY","REDACTED FOR PRIVACY","REDACTED FOR PRIVACY","","REDACTED FOR PRIVACY","REDACTED FOR PRIVACY","","","","","","","","","","","ns45-2.spadit.com","ns45.spadit.com","","","clientTransferProhibited","ok","",""
"126","tablighgar.com","2021-03-01 17:51:04","2021-02-27","2021-02-27","2022-02-27","1387","1API GmbH","whois.1api.net","http://www.1api.net","REDACTED FOR PRIVACY","REDACTED FOR PRIVACY","REDACTED FOR PRIVACY","REDACTED FOR PRIVACY","Tehran","REDACTED FOR PRIVACY","Iran","","REDACTED FOR PRIVACY","","REDACTED FOR PRIVACY","REDACTED FOR PRIVACY","REDACTED FOR PRIVACY","REDACTED FOR PRIVACY","REDACTED FOR PRIVACY","REDACTED FOR PRIVACY","REDACTED FOR PRIVACY","","REDACTED FOR PRIVACY","","REDACTED FOR PRIVACY","REDACTED FOR PRIVACY","REDACTED FOR PRIVACY","REDACTED FOR PRIVACY","REDACTED FOR PRIVACY","REDACTED FOR PRIVACY","REDACTED FOR PRIVACY","","REDACTED FOR PRIVACY","","","","","","","","","","","","ns3.iranhost.com","ns4.iranhost.com","","","clientTransferProhibited","","",""
"127","tarahanmod.com","2021-03-01 16:08:41","2021-02-27","2021-02-27","2022-02-27","1387","1API GmbH","whois.1api.net","http://www.1api.net","REDACTED FOR PRIVACY","REDACTED FOR PRIVACY","REDACTED FOR PRIVACY","REDACTED FOR PRIVACY","?????","REDACTED FOR PRIVACY","Iran","","REDACTED FOR PRIVACY","","REDACTED FOR PRIVACY","REDACTED FOR PRIVACY","REDACTED FOR PRIVACY","REDACTED FOR PRIVACY","REDACTED FOR PRIVACY","REDACTED FOR PRIVACY","REDACTED FOR PRIVACY","","REDACTED FOR PRIVACY","","REDACTED FOR PRIVACY","REDACTED FOR PRIVACY","REDACTED FOR PRIVACY","REDACTED FOR PRIVACY","REDACTED FOR PRIVACY","REDACTED FOR PRIVACY","REDACTED FOR PRIVACY","","REDACTED FOR PRIVACY","","","","","","","","","","","","ultra17.ganjehost.com","ultra18.ganjehost.com","","","clientTransferProhibited","","",""
"128","tarapood.com","2021-03-01 16:08:50","2021-02-27","2021-02-27","2022-02-27","1601","Atak Domain Hosting Internet d/b/a Atak Teknoloji","whois.verisign-grs.com","http://www.atakteknoloji.com","Arad Branding","","Qom","Qom","IR","8586878890","Iran","nezamparvar@gmail.com","+98.9120048072","+.","Arad Branding","","Qom","Qom","IR","8586878890","Iran","nezamparvar@gmail.com","+98.9120048072","+.","Arad Branding","","Qom","Qom","IR","8586878890","Iran","nezamparvar@gmail.com","+98.9120048072","+.","","","","","","","","","","","ns1.aradbranding.net","ns2.aradbranding.net","","","","","",""
"129","tehranfisc.com","2021-03-01 16:08:25","2021-02-27","2021-02-27","2022-02-27","1387","1API GmbH","whois.1api.net","http://www.1api.net","REDACTED FOR PRIVACY","REDACTED FOR PRIVACY","REDACTED FOR PRIVACY","REDACTED FOR PRIVACY","Tehran","REDACTED FOR PRIVACY","Iran","","REDACTED FOR PRIVACY","","REDACTED FOR PRIVACY","REDACTED FOR PRIVACY","REDACTED FOR PRIVACY","REDACTED FOR PRIVACY","REDACTED FOR PRIVACY","REDACTED FOR PRIVACY","REDACTED FOR PRIVACY","","REDACTED FOR PRIVACY","","REDACTED FOR PRIVACY","REDACTED FOR PRIVACY","REDACTED FOR PRIVACY","REDACTED FOR PRIVACY","REDACTED FOR PRIVACY","REDACTED FOR PRIVACY","REDACTED FOR PRIVACY","","REDACTED FOR PRIVACY","","","","","","","","","","","","ns3.iranhost.com","ns4.iranhost.com","","","clientTransferProhibited","","",""
"130","tinaakhoondtabar.com","2021-03-01 17:39:32","2021-02-27","2021-02-27","2022-02-27","1387","1API GmbH","whois.1api.net","http://www.1api.net","REDACTED FOR PRIVACY","REDACTED FOR PRIVACY","REDACTED FOR PRIVACY","REDACTED FOR PRIVACY","Tehran","REDACTED FOR PRIVACY","Iran","","REDACTED FOR PRIVACY","","REDACTED FOR PRIVACY","REDACTED FOR PRIVACY","REDACTED FOR PRIVACY","REDACTED FOR PRIVACY","REDACTED FOR PRIVACY","REDACTED FOR PRIVACY","REDACTED FOR PRIVACY","","REDACTED FOR PRIVACY","","REDACTED FOR PRIVACY","REDACTED FOR PRIVACY","REDACTED FOR PRIVACY","REDACTED FOR PRIVACY","REDACTED FOR PRIVACY","REDACTED FOR PRIVACY","REDACTED FOR PRIVACY","","REDACTED FOR PRIVACY","","","","","","","","","","","","dens1.hostdl.com","dens2.hostdl.com","","","clientTransferProhibited","","",""
"131","topbackstage.com","2021-03-01 17:10:53","2021-02-27","2021-02-27","2022-02-27","113","CSL Computer Service Langenbach GmbH d/b/a joker.com","whois.joker.com","http://www.joker.com","","","","","thran","","Iran","","","","","","","","","","","","","","","","","","","","","","","","","","","","","","","","","","ns1.serverpars.com","ns2.serverpars.com","","","clientTransferProhibited","","",""
"132","valiantstyle.com","2021-03-01 17:29:06","2021-02-27","2021-02-27","2022-02-27","1387","1API GmbH","whois.1api.net","http://www.1api.net","REDACTED FOR PRIVACY","REDACTED FOR PRIVACY","REDACTED FOR PRIVACY","REDACTED FOR PRIVACY","Tehran","REDACTED FOR PRIVACY","Iran","","REDACTED FOR PRIVACY","","REDACTED FOR PRIVACY","REDACTED FOR PRIVACY","REDACTED FOR PRIVACY","REDACTED FOR PRIVACY","REDACTED FOR PRIVACY","REDACTED FOR PRIVACY","REDACTED FOR PRIVACY","","REDACTED FOR PRIVACY","","REDACTED FOR PRIVACY","REDACTED FOR PRIVACY","REDACTED FOR PRIVACY","REDACTED FOR PRIVACY","REDACTED FOR PRIVACY","REDACTED FOR PRIVACY","REDACTED FOR PRIVACY","","REDACTED FOR PRIVACY","","","","","","","","","","","","tg1.7hostir.com","tg2.7hostir.com","","","clientTransferProhibited","","",""
"133","vitavinshop.com","2021-03-01 16:01:35","2021-02-27","2021-02-27","2022-02-27","113","CSL Computer Service Langenbach GmbH d/b/a joker.com","whois.joker.com","http://www.joker.com","gorohe sanaye ghazaei vitavin","gorohe sanaye ghazaei vitavin","","","tehran","","Iran","","","","","","","","","","","","","","","","","","","","","","","","","","","","","","","","","","ns325.mihanwebhost.com","ns326.mihanwebhost.com","","","clientTransferProhibited","","",""
"134","webdesignator.com","2021-03-01 17:21:32","2021-02-27","2021-02-27","2022-02-27","113","CSL Computer Service Langenbach GmbH d/b/a joker.com","whois.joker.com","http://www.joker.com","","","","","fars","","Iran","","","","","","","","","","","","","","","","","","","","","","","","","","","","","","","","","","irns13.saba.host","irns14.saba.host","ns13.saba.host","ns14.saba.host","clientTransferProhibited","","",""
"135","worldexpoclub.com","2021-03-01 14:18:09","2021-02-27","2021-02-27","2022-02-27","1387","1API GmbH","whois.1api.net","http://www.1api.net","REDACTED FOR PRIVACY","REDACTED FOR PRIVACY","REDACTED FOR PRIVACY","REDACTED FOR PRIVACY","Tehran","REDACTED FOR PRIVACY","Iran","","REDACTED FOR PRIVACY","","REDACTED FOR PRIVACY","REDACTED FOR PRIVACY","REDACTED FOR PRIVACY","REDACTED FOR PRIVACY","REDACTED FOR PRIVACY","REDACTED FOR PRIVACY","REDACTED FOR PRIVACY","","REDACTED FOR PRIVACY","","REDACTED FOR PRIVACY","REDACTED FOR PRIVACY","REDACTED FOR PRIVACY","REDACTED FOR PRIVACY","REDACTED FOR PRIVACY","REDACTED FOR PRIVACY","REDACTED FOR PRIVACY","","REDACTED FOR PRIVACY","","","","","","","","","","","","tg1.7hostir.com","tg2.7hostir.com","","","clientTransferProhibited","","",""
"136","worldplastco.com","2021-03-01 14:39:31","2021-02-27","2021-02-27","2022-02-27","1601","Atak Domain Hosting Internet d/b/a Atak Teknoloji","whois.verisign-grs.com","http://www.atakteknoloji.com","Arad Branding","","Qom","Qom","IR","8586878890","Iran","nezamparvar@gmail.com","+98.9120048072","+.","Arad Branding","","Qom","Qom","IR","8586878890","Iran","nezamparvar@gmail.com","+98.9120048072","+.","Arad Branding","","Qom","Qom","IR","8586878890","Iran","nezamparvar@gmail.com","+98.9120048072","+.","","","","","","","","","","","ns5.arad360.com","ns6.arad360.com","","","","","",""
"137","xitritall.com","2021-03-01 14:39:08","2021-02-27","2021-02-27","2022-02-27","1387","1API GmbH","whois.1api.net","http://www.1api.net","REDACTED FOR PRIVACY","REDACTED FOR PRIVACY","REDACTED FOR PRIVACY","REDACTED FOR PRIVACY","Tehran","REDACTED FOR PRIVACY","Iran","","REDACTED FOR PRIVACY","","REDACTED FOR PRIVACY","REDACTED FOR PRIVACY","REDACTED FOR PRIVACY","REDACTED FOR PRIVACY","REDACTED FOR PRIVACY","REDACTED FOR PRIVACY","REDACTED FOR PRIVACY","","REDACTED FOR PRIVACY","","REDACTED FOR PRIVACY","REDACTED FOR PRIVACY","REDACTED FOR PRIVACY","REDACTED FOR PRIVACY","REDACTED FOR PRIVACY","REDACTED FOR PRIVACY","REDACTED FOR PRIVACY","","REDACTED FOR PRIVACY","","","","","","","","","","","","ns3.iranhost.com","ns4.iranhost.com","","","clientTransferProhibited","","",""
"138","xn--ngbd2fjib73g.com","2021-03-01 17:13:03","2021-02-27","2021-02-27","2022-02-27","113","CSL Computer Service Langenbach GmbH d/b/a joker.com","whois.joker.com","http://www.joker.com","","","","","tehran","","Iran","","","","","","","","","","","","","","","","","","","","","","","","","","","","","","","","","","ns10.websamin.org","ns15.websamin.org","ns16.websamin.org","ns9.websamin.org","clientTransferProhibited","","",""
"139","zamzampipe.com","2021-03-01 14:24:27","2021-02-27","2021-02-27","2022-02-27","1601","Atak Domain Hosting Internet d/b/a Atak Teknoloji","whois.verisign-grs.com","http://www.atakteknoloji.com","Arad Branding","","Qom","Qom","IR","8586878890","Iran","nezamparvar@gmail.com","+98.9120048072","+.","Arad Branding","","Qom","Qom","IR","8586878890","Iran","nezamparvar@gmail.com","+98.9120048072","+.","Arad Branding","","Qom","Qom","IR","8586878890","Iran","nezamparvar@gmail.com","+98.9120048072","+.","","","","","","","","","","","ns5.arad360.com","ns6.arad360.com","","","","","",""
"140","zarnamgroup.com","2021-03-01 14:37:33","2021-02-27","2021-02-27","2022-02-27","1601","Atak Domain Hosting Internet d/b/a Atak Teknoloji","whois.verisign-grs.com","http://www.atakteknoloji.com","Arad Branding","","Qom","Qom","IR","8586878890","Iran","nezamparvar@gmail.com","+98.9120048072","+.","Arad Branding","","Qom","Qom","IR","8586878890","Iran","nezamparvar@gmail.com","+98.9120048072","+.","Arad Branding","","Qom","Qom","IR","8586878890","Iran","nezamparvar@gmail.com","+98.9120048072","+.","","","","","","","","","","","ns1.aradbranding.net","ns2.aradbranding.net","","","","","",""
"141","zarringostarco.com","2021-03-01 14:37:34","2021-02-27","2021-02-27","2022-02-27","1647","Hosting Concepts B.V. dba Openprovider","whois.registrar.eu","http://www.openprovider.com","REDACTED FOR PRIVACY","","REDACTED FOR PRIVACY","REDACTED FOR PRIVACY","?????","REDACTED FOR PRIVACY","Iran","","REDACTED FOR PRIVACY","REDACTED FOR PRIVACY","REDACTED FOR PRIVACY","REDACTED FOR PRIVACY","REDACTED FOR PRIVACY","REDACTED FOR PRIVACY","REDACTED FOR PRIVACY","REDACTED FOR PRIVACY","REDACTED FOR PRIVACY","","REDACTED FOR PRIVACY","REDACTED FOR PRIVACY","REDACTED FOR PRIVACY","REDACTED FOR PRIVACY","REDACTED FOR PRIVACY","REDACTED FOR PRIVACY","REDACTED FOR PRIVACY","REDACTED FOR PRIVACY","REDACTED FOR PRIVACY","","REDACTED FOR PRIVACY","REDACTED FOR PRIVACY","","","","","","","","","","","ns3.hisupport.net","ns4.hisupport.net","","","clientTransferProhibited","ok","",""
"142","zhikardo.com","2021-03-01 14:37:25","2021-02-27","2021-02-27","2022-02-27","1601","Atak Domain Hosting Internet d/b/a Atak Teknoloji","whois.verisign-grs.com","http://www.atakteknoloji.com","peyman mohebi","","tehran/meydan tohid","tehran","IR","1234567890","Iran","joomipro@gmail.com","+98.9013535344","+98.9013535344","peyman mohebi","","tehran/meydan tohid","tehran","IR","1234567890","Iran","joomipro@gmail.com","+98.9013535344","+98.9013535344","peyman mohebi","","tehran/meydan tohid","tehran","IR","1234567890","Iran","joomipro@gmail.com","+98.9013535344","+98.9013535344","","","","","","","","","","","ns1.talashnet.com","ns2.talashnet.com","","","","","",""
"143","zhufashop.com","2021-03-01 14:37:29","2021-02-27","2021-02-28","2022-02-27","113","CSL Computer Service Langenbach GmbH d/b/a joker.com","whois.joker.com","http://www.joker.com","","","","","thran","","Iran","","","","","","","","","","","","","","","","","","","","","","","","","","","","","","","","","","irns1.netafraz.com","irns2.netafraz.com","","","clientTransferProhibited","","",""
"144","zjllomibod.com","2021-03-01 14:37:20","2021-02-27","2021-02-27","2022-02-27","1601","Atak Domain Hosting Internet d/b/a Atak Teknoloji","whois.verisign-grs.com","http://www.atakteknoloji.com","Arad Branding","","Qom","Qom","IR","8586878890","Iran","nezamparvar@gmail.com","+98.9120048072","+.","Arad Branding","","Qom","Qom","IR","8586878890","Iran","nezamparvar@gmail.com","+98.9120048072","+.","Arad Branding","","Qom","Qom","IR","8586878890","Iran","nezamparvar@gmail.com","+98.9120048072","+.","","","","","","","","","","","ns5.arad360.com","ns6.arad360.com","","","","","",""
"145","zoochipet.com","2021-03-01 14:37:18","2021-02-27","2021-02-27","2022-02-27","1387","1API GmbH","whois.1api.net","http://www.1api.net","REDACTED FOR PRIVACY","REDACTED FOR PRIVACY","REDACTED FOR PRIVACY","REDACTED FOR PRIVACY","Tehran","REDACTED FOR PRIVACY","Iran","","REDACTED FOR PRIVACY","","REDACTED FOR PRIVACY","REDACTED FOR PRIVACY","REDACTED FOR PRIVACY","REDACTED FOR PRIVACY","REDACTED FOR PRIVACY","REDACTED FOR PRIVACY","REDACTED FOR PRIVACY","","REDACTED FOR PRIVACY","","REDACTED FOR PRIVACY","REDACTED FOR PRIVACY","REDACTED FOR PRIVACY","REDACTED FOR PRIVACY","REDACTED FOR PRIVACY","REDACTED FOR PRIVACY","REDACTED FOR PRIVACY","","REDACTED FOR PRIVACY","","","","","","","","","","","","ns3.iranhost.com","ns4.iranhost.com","","","clientTransferProhibited","","",""