"num","domain_name","query_time","create_date","update_date","expiry_date","domain_registrar_id","domain_registrar_name","domain_registrar_whois","domain_registrar_url","registrant_name","registrant_company","registrant_address","registrant_city","registrant_state","registrant_zip","registrant_country","registrant_email","registrant_phone","registrant_fax","administrative_name","administrative_company","administrative_address","administrative_city","administrative_state","administrative_zip","administrative_country","administrative_email","administrative_phone","administrative_fax","technical_name","technical_company","technical_address","technical_city","technical_state","technical_zip","technical_country","technical_email","technical_phone","technical_fax","billing_name","billing_company","billing_address","billing_city","billing_state","billing_zip","billing_country","billing_email","billing_phone","billing_fax","name_server_1","name_server_2","name_server_3","name_server_4","domain_status_1","domain_status_2","domain_status_3","domain_status_4"
"1","anasbike.com","2021-03-01 16:59:37","2021-02-27","2021-02-27","2022-02-27","886","Domain.com, LLC","whois.domain.com","http://www.domain.com","REDACTED FOR PRIVACY","REDACTED FOR PRIVACY","REDACTED FOR PRIVACY","REDACTED FOR PRIVACY","NA","REDACTED FOR PRIVACY","Iraq","","REDACTED FOR PRIVACY","REDACTED FOR PRIVACY","REDACTED FOR PRIVACY","REDACTED FOR PRIVACY","REDACTED FOR PRIVACY","REDACTED FOR PRIVACY","REDACTED FOR PRIVACY","REDACTED FOR PRIVACY","REDACTED FOR PRIVACY","","REDACTED FOR PRIVACY","REDACTED FOR PRIVACY","REDACTED FOR PRIVACY","REDACTED FOR PRIVACY","REDACTED FOR PRIVACY","REDACTED FOR PRIVACY","REDACTED FOR PRIVACY","REDACTED FOR PRIVACY","REDACTED FOR PRIVACY","","REDACTED FOR PRIVACY","REDACTED FOR PRIVACY","","","","","","","","","","","ns1.domain.com","ns2.domain.com","","","","","",""
"2","dariocompany.com","2021-03-01 16:50:13","2021-02-27","2021-02-27","2022-02-27","828","Hetzner Online AG","whois.your-server.de","http://www.hetzner.de","REDACTED FOR PRIVACY","REDACTED FOR PRIVACY","REDACTED FOR PRIVACY REDACTED FOR PRIVACY REDACTED FOR PRIVACY","REDACTED FOR PRIVACY","","REDACTED FOR PRIVACY","Iraq","info@domain-contact.org","REDACTED FOR PRIVACY","REDACTED FOR PRIVACY","REDACTED FOR PRIVACY","REDACTED FOR PRIVACY","REDACTED FOR PRIVACY REDACTED FOR PRIVACY REDACTED FOR PRIVACY","REDACTED FOR PRIVACY","REDACTED FOR PRIVACY","REDACTED FOR PRIVACY","REDACTED FOR PRIVACY","info@domain-contact.org","REDACTED FOR PRIVACY","REDACTED FOR PRIVACY","REDACTED FOR PRIVACY","REDACTED FOR PRIVACY","REDACTED FOR PRIVACY REDACTED FOR PRIVACY REDACTED FOR PRIVACY","REDACTED FOR PRIVACY","REDACTED FOR PRIVACY","REDACTED FOR PRIVACY","REDACTED FOR PRIVACY","info@domain-contact.org","REDACTED FOR PRIVACY","REDACTED FOR PRIVACY","REDACTED FOR PRIVACY","REDACTED FOR PRIVACY","REDACTED FOR PRIVACY REDACTED FOR PRIVACY REDACTED FOR PRIVACY","REDACTED FOR PRIVACY","REDACTED FOR PRIVACY","REDACTED FOR PRIVACY","REDACTED FOR PRIVACY","info@domain-contact.org","REDACTED FOR PRIVACY","REDACTED FOR PRIVACY","ns.second-ns.com","ns1.your-server.de","ns3.second-ns.de","","OK","","",""
"3","diyarbakirkariyer.com","2021-03-01 17:24:41","2021-02-27","2021-02-27","2022-02-27","146","GoDaddy.com, LLC","whois.godaddy.com","http://registrar.godaddy.com","","","","","AL","","Iraq","","","","","","","","","","","","","","","","","","","","","","","","","","","","","","","","","","ns1.teknolofis.com.tr","ns2.teknolofis.com.tr","","","clientDeleteProhibited","clientRenewProhibited","clientTransferProhibited","clientUpdateProhibited"
"4","elysiumhealthdev.com","2021-03-01 16:45:55","2021-02-26","2021-02-26","2022-02-26","146","GoDaddy.com, LLC","whois.godaddy.com","http://registrar.godaddy.com","Ort","Ort","","","Erbil","","Iraq","","","","","","","","","","","","","","","","","","","","","","","","","","","","","","","","","","ns55.domaincontrol.com","ns56.domaincontrol.com","","","clientDeleteProhibited","clientRenewProhibited","clientTransferProhibited","clientUpdateProhibited"
"5","fanooslawyer.com","2021-03-01 16:44:35","2021-02-27","2021-02-27","2022-02-27","82","OnlineNIC, Inc.","whois.onlinenic.com","http://www.onlinenic.com","mojtaba asGari","webnet","Dubaibolvare moalem","Dubai","Dubai","13747","Iraq","asgary65_m@yahoo.com","+964.66102619","+964.66102619","mojtaba asGari","webnet","Dubaibolvare moalem","Dubai","Dubai","13747","Iraq","asgary65_m@yahoo.com","+964.66102619","+964.66102619","mojtaba asGari","webnet","Dubaibolvare moalem","Dubai","Dubai","13747","Iraq","asgary65_m@yahoo.com","+964.66102619","+964.66102619","","","","","","","","","","","rodney.ns.cloudflare.com","tara.ns.cloudflare.com","","","clientTransferProhibited","","",""
"6","hisham-emad.com","2021-03-01 16:37:55","2021-02-27","2021-02-27","2022-02-27","1647","Hosting Concepts B.V. dba Openprovider","whois.registrar.eu","http://www.openprovider.com","REDACTED FOR PRIVACY","","REDACTED FOR PRIVACY","REDACTED FOR PRIVACY","Baghdad","REDACTED FOR PRIVACY","Iraq","","REDACTED FOR PRIVACY","REDACTED FOR PRIVACY","REDACTED FOR PRIVACY","REDACTED FOR PRIVACY","REDACTED FOR PRIVACY","REDACTED FOR PRIVACY","REDACTED FOR PRIVACY","REDACTED FOR PRIVACY","REDACTED FOR PRIVACY","","REDACTED FOR PRIVACY","REDACTED FOR PRIVACY","REDACTED FOR PRIVACY","REDACTED FOR PRIVACY","REDACTED FOR PRIVACY","REDACTED FOR PRIVACY","REDACTED FOR PRIVACY","REDACTED FOR PRIVACY","REDACTED FOR PRIVACY","","REDACTED FOR PRIVACY","REDACTED FOR PRIVACY","","","","","","","","","","","ns1.dns-parking.com","ns2.dns-parking.com","","","clientTransferProhibited","ok","",""
"7","majlaty.online","2021-03-01 15:36:51","2021-02-26","2021-02-26","2022-02-26","146","GoDaddy.com, LLC","whois.godaddy.com","http://registrar.godaddy.com","","","","","iraq","","Iraq","","","","","","","","","","","","","","","","","","","","","","","","","","","","","","","","","","ns31.domaincontrol.com","ns32.domaincontrol.com","","","addPeriod","clientDeleteProhibited","clientRenewProhibited","clientTransferProhibited"
"8","oden-os.com","2021-03-01 16:22:38","2021-02-27","2021-02-27","2022-02-27","146","GoDaddy.com, LLC","whois.godaddy.com","http://registrar.godaddy.com","MA Services","MA Services","","","ERBIL","","Iraq","","","","","","","","","","","","","","","","","","","","","","","","","","","","","","","","","","ns45.domaincontrol.com","ns46.domaincontrol.com","","","clientDeleteProhibited","clientRenewProhibited","clientTransferProhibited","clientUpdateProhibited"
"9","saluofa.com","2021-03-01 16:15:48","2021-02-27","2021-02-27","2022-02-27","146","GoDaddy.com, LLC","whois.godaddy.com","http://registrar.godaddy.com","","","","","baghdad","","Iraq","","","","","","","","","","","","","","","","","","","","","","","","","","","","","","","","","","ns11.domaincontrol.com","ns12.domaincontrol.com","","","clientDeleteProhibited","clientRenewProhibited","clientTransferProhibited","clientUpdateProhibited"
"10","sanateghaza.com","2021-03-01 16:15:14","2021-02-27","2021-02-27","2022-02-27","82","OnlineNIC, Inc.","whois.onlinenic.com","http://www.onlinenic.com","Amirsaman Eskandari","None","Mollasadra ST","Basra","Basra","987111356","Iraq","f.kashani2000@yahoo.com","+964.02126317488","+964.02126317488","Amirsaman Eskandari","None","Mollasadra ST","Basra","Basra","987111356","Iraq","f.kashani2000@yahoo.com","+964.2126317488","+964.2126317488","Amirsaman Eskandari","None","Mollasadra ST","Basra","Basra","987111356","Iraq","f.kashani2000@yahoo.com","+964.2126317488","+964.2126317488","","","","","","","","","","","ns1.otana.com","ns2.otana.com","","","clientTransferProhibited","","",""
"11","springcom.online","2021-03-01 15:34:43","2021-02-26","2021-02-26","2022-02-26","1636","Hostinger, UAB","whois.hostinger.com","http://www.hostinger.com","Not Applicable","Not Applicable","","","Arbil","","Iraq","","","","","","","","","","","","","","","","","","","","","","","","","","","","","","","","","","ns1.dns-parking.com","ns2.dns-parking.com","","","addPeriod","clientTransferProhibited","serverTransferProhibited",""
"12","tafserquran.online","2021-03-01 15:34:35","2021-02-26","2021-02-26","2022-02-26","1636","Hostinger, UAB","whois.hostinger.com","http://www.hostinger.com","Not Applicable","Not Applicable","","","Kirkuk","","Iraq","","","","","","","","","","","","","","","","","","","","","","","","","","","","","","","","","","ns1.dns-parking.com","ns2.dns-parking.com","","","addPeriod","clientTransferProhibited","serverTransferProhibited",""
"13","tehran.shopping","2021-03-01 15:30:10","2021-02-26","2021-02-26","2022-02-26","625","Name.com, Inc.","whois.name.com","http://www.name.com","REDACTED FOR PRIVACY","park","REDACTED FOR PRIVACY","REDACTED FOR PRIVACY","isfahan","REDACTED FOR PRIVACY","Iraq","","REDACTED FOR PRIVACY","REDACTED FOR PRIVACY","","","","","","","","","","","","","","","","","","","","","","","","","","","","","","","","","","","addPeriod","clientTransferProhibited","",""
"14","wth-company.com","2021-03-01 14:39:17","2021-02-27","2021-02-26","2022-02-27","146","GoDaddy.com, LLC","whois.godaddy.com","http://registrar.godaddy.com","Sudo Gate Ltd","Sudo Gate Ltd","","","Thi-Qar","","Iraq","","","","","","","","","","","","","","","","","","","","","","","","","","","","","","","","","","art.ns.cloudflare.com","rose.ns.cloudflare.com","","","clientDeleteProhibited","clientRenewProhibited","clientTransferProhibited","clientUpdateProhibited"