"num","domain_name","query_time","create_date","update_date","expiry_date","domain_registrar_id","domain_registrar_name","domain_registrar_whois","domain_registrar_url","registrant_name","registrant_company","registrant_address","registrant_city","registrant_state","registrant_zip","registrant_country","registrant_email","registrant_phone","registrant_fax","administrative_name","administrative_company","administrative_address","administrative_city","administrative_state","administrative_zip","administrative_country","administrative_email","administrative_phone","administrative_fax","technical_name","technical_company","technical_address","technical_city","technical_state","technical_zip","technical_country","technical_email","technical_phone","technical_fax","billing_name","billing_company","billing_address","billing_city","billing_state","billing_zip","billing_country","billing_email","billing_phone","billing_fax","name_server_1","name_server_2","name_server_3","name_server_4","domain_status_1","domain_status_2","domain_status_3","domain_status_4"
"1","a1competitions.com","2021-03-01 14:26:29","2021-02-27","2021-02-27","2022-02-27","925","Everyones Internet, Ltd. dba SoftLayer","whois.softlayer.com","http://www.softlayer.com","REDACTED FOR PRIVACY","REDACTED FOR PRIVACY","REDACTED FOR PRIVACY","REDACTED FOR PRIVACY","Co. Galway","REDACTED FOR PRIVACY","Ireland","","REDACTED FOR PRIVACY","REDACTED FOR PRIVACY","REDACTED FOR PRIVACY","REDACTED FOR PRIVACY","REDACTED FOR PRIVACY","REDACTED FOR PRIVACY","REDACTED FOR PRIVACY","REDACTED FOR PRIVACY","REDACTED FOR PRIVACY","","REDACTED FOR PRIVACY","REDACTED FOR PRIVACY","REDACTED FOR PRIVACY","REDACTED FOR PRIVACY","REDACTED FOR PRIVACY","REDACTED FOR PRIVACY","REDACTED FOR PRIVACY","REDACTED FOR PRIVACY","REDACTED FOR PRIVACY","","REDACTED FOR PRIVACY","REDACTED FOR PRIVACY","","","","","","","","","","","ns5.dnsireland.com","ns6.dnsireland.com","ns7.dnsireland.ie","","OK","","",""
"2","accahacks.com","2021-03-01 17:02:06","2021-02-27","2021-02-27","2022-02-27","146","GoDaddy.com, LLC","whois.godaddy.com","http://registrar.godaddy.com","","","","","Cork","","Ireland","","","","","","","","","","","","","","","","","","","","","","","","","","","","","","","","","","ns55.domaincontrol.com","ns56.domaincontrol.com","","","clientDeleteProhibited","clientRenewProhibited","clientTransferProhibited","clientUpdateProhibited"
"3","agrirepublic.com","2021-03-01 17:24:47","2021-02-27","2021-02-28","2022-02-27","706","Indirection Identity Corporation","whois.ripn.net","http://www.idindi.com","Statutory Masking Enabled","Statutory Masking Enabled","Statutory Masking Enabled","Statutory Masking Enabled","LEINSTER","Statutory Masking Enabled","Ireland","abuse@web.com","Statutory Masking Enabled","Statutory Masking Enabled","Statutory Masking Enabled","Statutory Masking Enabled","Statutory Masking Enabled","Statutory Masking Enabled","Statutory Masking Enabled","Statutory Masking Enabled","Statutory Masking Enabled","abuse@web.com","Statutory Masking Enabled","Statutory Masking Enabled","Statutory Masking Enabled","Statutory Masking Enabled","Statutory Masking Enabled","Statutory Masking Enabled","Statutory Masking Enabled","Statutory Masking Enabled","Statutory Masking Enabled","abuse@web.com","Statutory Masking Enabled","Statutory Masking Enabled","Statutory Masking Enabled","Statutory Masking Enabled","Statutory Masking Enabled","Statutory Masking Enabled","Statutory Masking Enabled","Statutory Masking Enabled","Statutory Masking Enabled","abuse@web.com","Statutory Masking Enabled","Statutory Masking Enabled","ns97.worldnic.com","ns98.worldnic.com","","","clientTransferProhibited","","",""
"4","anindoorgarden.com","2021-03-01 16:59:23","2021-02-27","2021-02-27","2022-02-27","69","Tucows Domains Inc.","whois.tucows.com","http://domainhelp.opensrs.net","REDACTED FOR PRIVACY","REDACTED FOR PRIVACY","REDACTED FOR PRIVACY","REDACTED FOR PRIVACY","XX","REDACTED FOR PRIVACY","Ireland","","REDACTED FOR PRIVACY","REDACTED FOR PRIVACY","REDACTED FOR PRIVACY","REDACTED FOR PRIVACY","REDACTED FOR PRIVACY","REDACTED FOR PRIVACY","REDACTED FOR PRIVACY","REDACTED FOR PRIVACY","REDACTED FOR PRIVACY","","REDACTED FOR PRIVACY","REDACTED FOR PRIVACY","REDACTED FOR PRIVACY","REDACTED FOR PRIVACY","REDACTED FOR PRIVACY","REDACTED FOR PRIVACY","REDACTED FOR PRIVACY","REDACTED FOR PRIVACY","REDACTED FOR PRIVACY","","REDACTED FOR PRIVACY","REDACTED FOR PRIVACY","","","","","","","","","","","ns1.gnld1009.siteground.eu","ns2.gnld1009.siteground.eu","","","clientTransferProhibited","clientUpdateProhibited","",""
"5","bandsnew.com","2021-03-01 16:56:47","2021-02-27","2021-02-27","2022-02-27","146","GoDaddy.com, LLC","whois.godaddy.com","http://registrar.godaddy.com","EcomConor","EcomConor","","","Co. Galway","","Ireland","","","","","","","","","","","","","","","","","","","","","","","","","","","","","","","","","","ns41.domaincontrol.com","ns42.domaincontrol.com","","","clientDeleteProhibited","clientRenewProhibited","clientTransferProhibited","clientUpdateProhibited"
"6","bestlesbianpics.com","2021-03-01 17:09:12","2021-02-27","2021-02-27","2022-02-27","146","GoDaddy.com, LLC","whois.godaddy.com","http://registrar.godaddy.com","","","","","Co Carlow","","Ireland","","","","","","","","","","","","","","","","","","","","","","","","","","","","","","","","","","ns45.domaincontrol.com","ns46.domaincontrol.com","","","clientDeleteProhibited","clientRenewProhibited","clientTransferProhibited","clientUpdateProhibited"
"7","bizbabes.online","2021-03-01 15:38:03","2021-02-26","2021-02-26","2023-02-26","146","GoDaddy.com, LLC","whois.godaddy.com","http://registrar.godaddy.com","","","","","Dublin","","Ireland","","","","","","","","","","","","","","","","","","","","","","","","","","","","","","","","","","ns11.domaincontrol.com","ns12.domaincontrol.com","","","addPeriod","clientDeleteProhibited","clientRenewProhibited","clientTransferProhibited"
"8","buyesta.com","2021-03-01 17:30:43","2021-02-27","2021-02-27","2022-02-27","1268","enom383, Incorporated","whois.eNom383.com","http://www.enom383.com","Statutory Masking Enabled","Statutory Masking Enabled","Statutory Masking Enabled","Statutory Masking Enabled","LEINSTER","Statutory Masking Enabled","Ireland","abuse@web.com","Statutory Masking Enabled","Statutory Masking Enabled","Statutory Masking Enabled","Statutory Masking Enabled","Statutory Masking Enabled","Statutory Masking Enabled","Statutory Masking Enabled","Statutory Masking Enabled","Statutory Masking Enabled","abuse@web.com","Statutory Masking Enabled","Statutory Masking Enabled","Statutory Masking Enabled","Statutory Masking Enabled","Statutory Masking Enabled","Statutory Masking Enabled","Statutory Masking Enabled","Statutory Masking Enabled","Statutory Masking Enabled","abuse@web.com","Statutory Masking Enabled","Statutory Masking Enabled","Statutory Masking Enabled","Statutory Masking Enabled","Statutory Masking Enabled","Statutory Masking Enabled","Statutory Masking Enabled","Statutory Masking Enabled","Statutory Masking Enabled","abuse@web.com","Statutory Masking Enabled","Statutory Masking Enabled","ns1.bodis.com","ns2.bodis.com","","","OK","","",""
"9","cancomcloud.net","2021-03-01 15:41:39","2021-02-26","2021-02-26","2023-02-26","146","GoDaddy.com, LLC","whois.godaddy.com","http://registrar.godaddy.com","","","","","galway","","Ireland","","","","","","","","","","","","","","","","","","","","","","","","","","","","","","","","","","ns39.domaincontrol.com","ns40.domaincontrol.com","","","clientDeleteProhibited","clientRenewProhibited","clientTransferProhibited","clientUpdateProhibited"
"10","care-necessities.net","2021-03-01 15:41:42","2021-02-26","2021-02-26","2022-02-26","1448","Blacknight Internet Solutions Ltd.","whois.blacknight.com","http://www.blacknight.com","REDACTED FOR GDPR","OBIE LIMITED","REDACTED FOR GDPR REDACTED FOR GDPR","REDACTED FOR GDPR","Co. Cork","REDACTED FOR GDPR","Ireland","","REDACTED FOR GDPR","REDACTED FOR GDPR","REDACTED FOR GDPR","OBIE LIMITED","REDACTED FOR GDPR REDACTED FOR GDPR","REDACTED FOR GDPR","Co. Cork","REDACTED FOR GDPR","Ireland","","REDACTED FOR GDPR","REDACTED FOR GDPR","REDACTED FOR GDPR","OBIE LIMITED","REDACTED FOR GDPR REDACTED FOR GDPR","REDACTED FOR GDPR","Co. Cork","REDACTED FOR GDPR","Ireland","","REDACTED FOR GDPR","REDACTED FOR GDPR","","","","","","","","","","","ns1.blacknight.com","ns2.blacknight.com","ns3.blacknight.com","ns4.blacknight.com","clientTransferProhibited","","",""
"11","clashofcars.com","2021-03-01 17:42:48","2021-02-27","2021-02-27","2022-02-27","146","GoDaddy.com, LLC","whois.godaddy.com","http://registrar.godaddy.com","","","","","Dublin","","Ireland","","","","","","","","","","","","","","","","","","","","","","","","","","","","","","","","","","ns51.domaincontrol.com","ns52.domaincontrol.com","","","clientDeleteProhibited","clientRenewProhibited","clientTransferProhibited","clientUpdateProhibited"
"12","clerkmate.com","2021-03-01 17:31:43","2021-02-27","2021-02-28","2022-02-27","146","GoDaddy.com, LLC","whois.godaddy.com","http://registrar.godaddy.com","","","","","Ireland","","Ireland","","","","","","","","","","","","","","","","","","","","","","","","","","","","","","","","","","ns8135.hostgator.com","ns8136.hostgator.com","","","clientDeleteProhibited","clientRenewProhibited","clientTransferProhibited","clientUpdateProhibited"
"13","community-element.com","2021-03-01 16:51:51","2021-02-27","2021-02-27","2022-02-27","303","PDR Ltd. d/b/a PublicDomainRegistry.com","whois.publicdomainregistry.com","http://www.publicdomainregistry.com","GDPR Masked","GDPR Masked","GDPR Masked","GDPR Masked","Dublin","GDPR Masked","Ireland","gdpr-masking@gdpr-masked.com","GDPR Masked","GDPR Masked","GDPR Masked","GDPR Masked","GDPR Masked","GDPR Masked","GDPR Masked","GDPR Masked","GDPR Masked","gdpr-masking@gdpr-masked.com","GDPR Masked","GDPR Masked","GDPR Masked","GDPR Masked","GDPR Masked","GDPR Masked","GDPR Masked","GDPR Masked","GDPR Masked","gdpr-masking@gdpr-masked.com","GDPR Masked","GDPR Masked","","","","","","","","","","","itzel.ns.cloudflare.com","langston.ns.cloudflare.com","","","clientTransferProhibited","","",""
"14","daftpunkwillneverdie.com","2021-03-01 16:50:27","2021-02-27","2021-02-28","2023-02-27","146","GoDaddy.com, LLC","whois.godaddy.com","http://registrar.godaddy.com","","","","","Dublin","","Ireland","","","","","","","","","","","","","","","","","","","","","","","","","","","","","","","","","","ns05.domaincontrol.com","ns06.domaincontrol.com","","","clientDeleteProhibited","clientRenewProhibited","clientTransferProhibited","clientUpdateProhibited"
"15","dairepatel.com","2021-03-01 16:50:24","2021-02-26","2021-02-26","2022-02-26","146","GoDaddy.com, LLC","whois.godaddy.com","http://registrar.godaddy.com","","","","","Kildare","","Ireland","","","","","","","","","","","","","","","","","","","","","","","","","","","","","","","","","","ns55.domaincontrol.com","ns56.domaincontrol.com","","","clientDeleteProhibited","clientRenewProhibited","clientTransferProhibited","clientUpdateProhibited"
"16","dervinbuilders.com","2021-03-01 16:49:04","2021-02-27","2021-02-27","2022-02-27","1448","Blacknight Internet Solutions Ltd.","whois.blacknight.com","http://www.blacknight.com","REDACTED FOR GDPR","REDACTED FOR GDPR","REDACTED FOR GDPR REDACTED FOR GDPR","REDACTED FOR GDPR","Co. Roscommon","REDACTED FOR GDPR","Ireland","","REDACTED FOR GDPR","REDACTED FOR GDPR","REDACTED FOR GDPR","REDACTED FOR GDPR","REDACTED FOR GDPR REDACTED FOR GDPR","REDACTED FOR GDPR","Co. Roscommon","REDACTED FOR GDPR","Ireland","","REDACTED FOR GDPR","REDACTED FOR GDPR","REDACTED FOR GDPR","REDACTED FOR GDPR","REDACTED FOR GDPR REDACTED FOR GDPR","REDACTED FOR GDPR","Co. Roscommon","REDACTED FOR GDPR","Ireland","","REDACTED FOR GDPR","REDACTED FOR GDPR","","","","","","","","","","","ns1.blacknight.com","ns2.blacknight.com","ns3.blacknight.com","ns4.blacknight.com","clientTransferProhibited","","",""
"17","dervinbuildersltd.com","2021-03-01 16:49:09","2021-02-27","2021-02-27","2022-02-27","1448","Blacknight Internet Solutions Ltd.","whois.blacknight.com","http://www.blacknight.com","REDACTED FOR GDPR","REDACTED FOR GDPR","REDACTED FOR GDPR REDACTED FOR GDPR","REDACTED FOR GDPR","Co. Roscommon","REDACTED FOR GDPR","Ireland","","REDACTED FOR GDPR","REDACTED FOR GDPR","REDACTED FOR GDPR","REDACTED FOR GDPR","REDACTED FOR GDPR REDACTED FOR GDPR","REDACTED FOR GDPR","Co. Roscommon","REDACTED FOR GDPR","Ireland","","REDACTED FOR GDPR","REDACTED FOR GDPR","REDACTED FOR GDPR","REDACTED FOR GDPR","REDACTED FOR GDPR REDACTED FOR GDPR","REDACTED FOR GDPR","Co. Roscommon","REDACTED FOR GDPR","Ireland","","REDACTED FOR GDPR","REDACTED FOR GDPR","","","","","","","","","","","ns1.blacknight.com","ns2.blacknight.com","ns3.blacknight.com","ns4.blacknight.com","clientTransferProhibited","","",""
"18","dhahabdz.com","2021-03-01 16:48:55","2021-02-27","2021-03-01","2022-02-27","69","Tucows Domains Inc.","whois.tucows.com","http://domainhelp.opensrs.net","REDACTED FOR PRIVACY","REDACTED FOR PRIVACY","REDACTED FOR PRIVACY","REDACTED FOR PRIVACY","dublin","REDACTED FOR PRIVACY","Ireland","","REDACTED FOR PRIVACY","REDACTED FOR PRIVACY","REDACTED FOR PRIVACY","REDACTED FOR PRIVACY","REDACTED FOR PRIVACY","REDACTED FOR PRIVACY","REDACTED FOR PRIVACY","REDACTED FOR PRIVACY","REDACTED FOR PRIVACY","","REDACTED FOR PRIVACY","REDACTED FOR PRIVACY","REDACTED FOR PRIVACY","REDACTED FOR PRIVACY","REDACTED FOR PRIVACY","REDACTED FOR PRIVACY","REDACTED FOR PRIVACY","REDACTED FOR PRIVACY","REDACTED FOR PRIVACY","","REDACTED FOR PRIVACY","REDACTED FOR PRIVACY","","","","","","","","","","","ns1.wpbuzz.com","ns2.wpbuzz.com","ns3.wpbuzz.com","ns4.wpbuzz.com","clientTransferProhibited","clientUpdateProhibited","",""
"19","dublinio.com","2021-03-01 16:47:22","2021-02-27","2021-02-28","2022-02-27","146","GoDaddy.com, LLC","whois.godaddy.com","http://registrar.godaddy.com","","","","","Dublin 3","","Ireland","","","","","","","","","","","","","","","","","","","","","","","","","","","","","","","","","","dns1.p06.nsone.net","dns2.p06.nsone.net","dns3.p06.nsone.net","dns4.p06.nsone.net","clientDeleteProhibited","clientRenewProhibited","clientTransferProhibited","clientUpdateProhibited"
"20","europeansocietyofyogaandmeditation.com","2021-03-01 16:45:07","2021-02-27","2021-02-27","2022-02-27","9","register.com, Inc.","whois.register.com","http://www.register.com","Statutory Masking Enabled","Statutory Masking Enabled","Statutory Masking Enabled","Statutory Masking Enabled","Dubin","Statutory Masking Enabled","Ireland","abuse@web.com","Statutory Masking Enabled","Statutory Masking Enabled","Statutory Masking Enabled","Statutory Masking Enabled","Statutory Masking Enabled","Statutory Masking Enabled","Statutory Masking Enabled","Statutory Masking Enabled","Statutory Masking Enabled","abuse@web.com","Statutory Masking Enabled","Statutory Masking Enabled","Statutory Masking Enabled","Statutory Masking Enabled","Statutory Masking Enabled","Statutory Masking Enabled","Statutory Masking Enabled","Statutory Masking Enabled","Statutory Masking Enabled","abuse@web.com","Statutory Masking Enabled","Statutory Masking Enabled","Statutory Masking Enabled","Statutory Masking Enabled","Statutory Masking Enabled","Statutory Masking Enabled","Statutory Masking Enabled","Statutory Masking Enabled","Statutory Masking Enabled","abuse@web.com","Statutory Masking Enabled","Statutory Masking Enabled","dns101.register.com","dns102.register.com","","","clientTransferProhibited","","",""
"21","evokekitchens.com","2021-03-01 17:44:34","2021-02-27","2021-02-27","2022-02-27","2906","Protocol Internet Technology Limited T/A Hosting Ireland","whois.hostingireland.ie","http://www.hostingireland.ie","GDPR Masked","GDPR Masked","GDPR Masked","GDPR Masked","Waterford","GDPR Masked","Ireland","gdpr-masking@gdpr-masked.com","GDPR Masked","GDPR Masked","GDPR Masked","GDPR Masked","GDPR Masked","GDPR Masked","GDPR Masked","GDPR Masked","GDPR Masked","gdpr-masking@gdpr-masked.com","GDPR Masked","GDPR Masked","GDPR Masked","GDPR Masked","GDPR Masked","GDPR Masked","GDPR Masked","GDPR Masked","GDPR Masked","gdpr-masking@gdpr-masked.com","GDPR Masked","GDPR Masked","","","","","","","","","","","ns1.webhostingireland.ie","ns2.webhostingireland.ie","ns3.webhostingireland.ie","ns4.webhostingireland.eu","clientTransferProhibited","","",""
"22","fanbibsart.com","2021-03-01 16:44:34","2021-02-27","2021-02-28","2022-02-27","81","Gandi SAS","whois.gandi.net","http://www.gandi.net","REDACTED FOR PRIVACY","Future Ambition","REDACTED FOR PRIVACY","REDACTED FOR PRIVACY","","REDACTED FOR PRIVACY","Ireland","23a3046c5f05c9f3d4dec10b9c6ca5ec-25772191@contact.gandi.net","REDACTED FOR PRIVACY","REDACTED FOR PRIVACY","REDACTED FOR PRIVACY","REDACTED FOR PRIVACY","REDACTED FOR PRIVACY","REDACTED FOR PRIVACY","REDACTED FOR PRIVACY","REDACTED FOR PRIVACY","REDACTED FOR PRIVACY","23a3046c5f05c9f3d4dec10b9c6ca5ec-25772191@contact.gandi.net","REDACTED FOR PRIVACY","REDACTED FOR PRIVACY","REDACTED FOR PRIVACY","REDACTED FOR PRIVACY","REDACTED FOR PRIVACY","REDACTED FOR PRIVACY","REDACTED FOR PRIVACY","REDACTED FOR PRIVACY","REDACTED FOR PRIVACY","23a3046c5f05c9f3d4dec10b9c6ca5ec-25772191@contact.gandi.net","REDACTED FOR PRIVACY","REDACTED FOR PRIVACY","","","","","","","","","","","ns-106-b.gandi.net","ns-237-c.gandi.net","ns-47-a.gandi.net","","clientTransferProhibited","","",""
"23","flightyou.com","2021-03-01 17:25:52","2021-02-27","2021-02-28","2022-02-27","934","GoServeYourDomain.com LLC","whois.ripn.net","http://www.networksolutions.com","Statutory Masking Enabled","Statutory Masking Enabled","Statutory Masking Enabled","Statutory Masking Enabled","LEINSTER","Statutory Masking Enabled","Ireland","abuse@web.com","Statutory Masking Enabled","Statutory Masking Enabled","Statutory Masking Enabled","Statutory Masking Enabled","Statutory Masking Enabled","Statutory Masking Enabled","Statutory Masking Enabled","Statutory Masking Enabled","Statutory Masking Enabled","abuse@web.com","Statutory Masking Enabled","Statutory Masking Enabled","Statutory Masking Enabled","Statutory Masking Enabled","Statutory Masking Enabled","Statutory Masking Enabled","Statutory Masking Enabled","Statutory Masking Enabled","Statutory Masking Enabled","abuse@web.com","Statutory Masking Enabled","Statutory Masking Enabled","Statutory Masking Enabled","Statutory Masking Enabled","Statutory Masking Enabled","Statutory Masking Enabled","Statutory Masking Enabled","Statutory Masking Enabled","Statutory Masking Enabled","abuse@web.com","Statutory Masking Enabled","Statutory Masking Enabled","ns53.worldnic.com","ns54.worldnic.com","","","clientTransferProhibited","","",""
"24","free-website-hosting.com","2021-03-01 17:47:06","2021-02-27","2021-02-27","2022-02-27","9","register.com, Inc.","whois.register.com","http://www.register.com","Statutory Masking Enabled","Statutory Masking Enabled","Statutory Masking Enabled","Statutory Masking Enabled","Dublin","Statutory Masking Enabled","Ireland","abuse@web.com","Statutory Masking Enabled","Statutory Masking Enabled","Statutory Masking Enabled","Statutory Masking Enabled","Statutory Masking Enabled","Statutory Masking Enabled","Statutory Masking Enabled","Statutory Masking Enabled","Statutory Masking Enabled","abuse@web.com","Statutory Masking Enabled","Statutory Masking Enabled","Statutory Masking Enabled","Statutory Masking Enabled","Statutory Masking Enabled","Statutory Masking Enabled","Statutory Masking Enabled","Statutory Masking Enabled","Statutory Masking Enabled","abuse@web.com","Statutory Masking Enabled","Statutory Masking Enabled","Statutory Masking Enabled","Statutory Masking Enabled","Statutory Masking Enabled","Statutory Masking Enabled","Statutory Masking Enabled","Statutory Masking Enabled","Statutory Masking Enabled","abuse@web.com","Statutory Masking Enabled","Statutory Masking Enabled","dns101.register.com","dns102.register.com","","","clientTransferProhibited","","",""
"25","girlwithasite.com","2021-03-01 16:41:03","2021-02-27","2021-02-27","2022-02-27","146","GoDaddy.com, LLC","whois.godaddy.com","http://registrar.godaddy.com","","","","","Dublin","","Ireland","","","","","","","","","","","","","","","","","","","","","","","","","","","","","","","","","","ns45.domaincontrol.com","ns46.domaincontrol.com","","","clientDeleteProhibited","clientRenewProhibited","clientTransferProhibited","clientUpdateProhibited"
"26","gluecapital.com","2021-03-01 17:14:27","2021-02-27","2021-02-27","2022-02-27","1351","Rainydaydomains.com LLC","whois.nic.ir","http://www.networksolutions.com","Statutory Masking Enabled","Statutory Masking Enabled","Statutory Masking Enabled","Statutory Masking Enabled","LEINSTER","Statutory Masking Enabled","Ireland","abuse@web.com","Statutory Masking Enabled","Statutory Masking Enabled","Statutory Masking Enabled","Statutory Masking Enabled","Statutory Masking Enabled","Statutory Masking Enabled","Statutory Masking Enabled","Statutory Masking Enabled","Statutory Masking Enabled","abuse@web.com","Statutory Masking Enabled","Statutory Masking Enabled","Statutory Masking Enabled","Statutory Masking Enabled","Statutory Masking Enabled","Statutory Masking Enabled","Statutory Masking Enabled","Statutory Masking Enabled","Statutory Masking Enabled","abuse@web.com","Statutory Masking Enabled","Statutory Masking Enabled","Statutory Masking Enabled","Statutory Masking Enabled","Statutory Masking Enabled","Statutory Masking Enabled","Statutory Masking Enabled","Statutory Masking Enabled","Statutory Masking Enabled","abuse@web.com","Statutory Masking Enabled","Statutory Masking Enabled","ns1.bodis.com","ns2.bodis.com","","","OK","","",""
"27","gravetracker.com","2021-03-01 17:32:19","2021-02-27","2021-02-27","2022-02-27","303","PDR Ltd. d/b/a PublicDomainRegistry.com","whois.publicdomainregistry.com","http://www.publicdomainregistry.com","GDPR Masked","GDPR Masked","GDPR Masked","GDPR Masked","IE-KE","GDPR Masked","Ireland","gdpr-masking@gdpr-masked.com","GDPR Masked","GDPR Masked","GDPR Masked","GDPR Masked","GDPR Masked","GDPR Masked","GDPR Masked","GDPR Masked","GDPR Masked","gdpr-masking@gdpr-masked.com","GDPR Masked","GDPR Masked","GDPR Masked","GDPR Masked","GDPR Masked","GDPR Masked","GDPR Masked","GDPR Masked","GDPR Masked","gdpr-masking@gdpr-masked.com","GDPR Masked","GDPR Masked","","","","","","","","","","","ns1.smarthost.ie","ns2.smarthost.ie","","","clientTransferProhibited","","",""
"28","greensyntheticenergy.net","2021-03-01 15:40:15","2021-02-26","2021-02-26","2022-02-26","146","GoDaddy.com, LLC","whois.godaddy.com","http://registrar.godaddy.com","CBCS","CBCS","","","Co. Donegal","","Ireland","","","","","","","","","","","","","","","","","","","","","","","","","","","","","","","","","","ns69.domaincontrol.com","ns70.domaincontrol.com","","","clientDeleteProhibited","clientRenewProhibited","clientTransferProhibited","clientUpdateProhibited"
"29","greyslatefund.com","2021-03-01 16:39:47","2021-02-27","2021-02-27","2022-02-27","1448","Blacknight Internet Solutions Ltd.","whois.blacknight.com","http://www.blacknight.com","REDACTED FOR GDPR","REDACTED FOR GDPR","REDACTED FOR GDPR REDACTED FOR GDPR","REDACTED FOR GDPR","Co. Dublin","REDACTED FOR GDPR","Ireland","","REDACTED FOR GDPR","REDACTED FOR GDPR","REDACTED FOR GDPR","REDACTED FOR GDPR","REDACTED FOR GDPR REDACTED FOR GDPR","REDACTED FOR GDPR","Co. Dublin","REDACTED FOR GDPR","Ireland","","REDACTED FOR GDPR","REDACTED FOR GDPR","REDACTED FOR GDPR","REDACTED FOR GDPR","REDACTED FOR GDPR REDACTED FOR GDPR","REDACTED FOR GDPR","Co. Dublin","REDACTED FOR GDPR","Ireland","","REDACTED FOR GDPR","REDACTED FOR GDPR","","","","","","","","","","","ns1.blacknight.com","ns2.blacknight.com","ns3.blacknight.com","ns4.blacknight.com","clientTransferProhibited","","",""
"30","hannahrider.com","2021-03-01 16:39:09","2021-02-27","2021-02-27","2022-02-27","1515","Webfusion Ltd.","whois.123-reg.co.uk","http://www.123-reg.co.uk","REDACTED FOR PRIVACY","","REDACTED FOR PRIVACY","REDACTED FOR PRIVACY","","REDACTED FOR PRIVACY","Ireland","","REDACTED FOR PRIVACY","REDACTED FOR PRIVACY","","","","","","","","","","","","","","","","","","","","","","","","","","","","","","","ns29.domaincontrol.com","ns30.domaincontrol.com","","","clientDeleteProhibited","clientTransferProhibited","clientUpdateProhibited",""
"31","happyinme.info","2021-03-01 15:52:50","2021-02-27","2021-02-27","2022-02-27","1448","Blacknight Internet Solutions Ltd.","whois.blacknight.com","http://www.blacknight.com","","","","","Co. Cork","","Ireland","","","","","","","","","","","","","","","","","","","","","","","","","","","","","","","","","","ns1.blacknight.com","ns2.blacknight.com","ns3.blacknight.com","ns4.blacknight.com","addPeriod","clientTransferProhibited","serverTransferProhibited",""
"32","hartandsoulwellness.com","2021-03-01 16:38:55","2021-02-27","2021-02-27","2022-02-27","2906","Protocol Internet Technology Limited T/A Hosting Ireland","whois.hostingireland.ie","http://www.hostingireland.ie","GDPR Masked","GDPR Masked","GDPR Masked","GDPR Masked","Co. Dublin","GDPR Masked","Ireland","gdpr-masking@gdpr-masked.com","GDPR Masked","GDPR Masked","GDPR Masked","GDPR Masked","GDPR Masked","GDPR Masked","GDPR Masked","GDPR Masked","GDPR Masked","gdpr-masking@gdpr-masked.com","GDPR Masked","GDPR Masked","GDPR Masked","GDPR Masked","GDPR Masked","GDPR Masked","GDPR Masked","GDPR Masked","GDPR Masked","gdpr-masking@gdpr-masked.com","GDPR Masked","GDPR Masked","","","","","","","","","","","ns1.webhostingireland.ie","ns2.webhostingireland.ie","ns3.webhostingireland.ie","ns4.webhostingireland.eu","clientTransferProhibited","","",""
"33","inte11igent.com","2021-03-01 14:33:10","2021-02-27","2021-02-27","2022-02-27","1448","Blacknight Internet Solutions Ltd.","whois.blacknight.com","http://www.blacknight.com","REDACTED FOR GDPR","inte11igent.com c/o WHOIS Privacy Ltd.","REDACTED FOR GDPR REDACTED FOR GDPR","REDACTED FOR GDPR","Co. Carlow","REDACTED FOR GDPR","Ireland","","REDACTED FOR GDPR","REDACTED FOR GDPR","REDACTED FOR GDPR","inte11igent.com c/o WHOIS Privacy Ltd.","REDACTED FOR GDPR REDACTED FOR GDPR","REDACTED FOR GDPR","Co. Carlow","REDACTED FOR GDPR","Ireland","","REDACTED FOR GDPR","REDACTED FOR GDPR","REDACTED FOR GDPR","inte11igent.com c/o WHOIS Privacy Ltd.","REDACTED FOR GDPR REDACTED FOR GDPR","REDACTED FOR GDPR","Co. Carlow","REDACTED FOR GDPR","Ireland","","REDACTED FOR GDPR","REDACTED FOR GDPR","","","","","","","","","","","ns1.blacknight.com","ns2.blacknight.com","ns3.blacknight.com","ns4.blacknight.com","clientTransferProhibited","","",""
"34","irishsocietyofmindfulness.com","2021-03-01 14:33:00","2021-02-27","2021-02-27","2022-02-27","9","register.com, Inc.","whois.register.com","http://www.register.com","Statutory Masking Enabled","Statutory Masking Enabled","Statutory Masking Enabled","Statutory Masking Enabled","Dubin","Statutory Masking Enabled","Ireland","abuse@web.com","Statutory Masking Enabled","Statutory Masking Enabled","Statutory Masking Enabled","Statutory Masking Enabled","Statutory Masking Enabled","Statutory Masking Enabled","Statutory Masking Enabled","Statutory Masking Enabled","Statutory Masking Enabled","abuse@web.com","Statutory Masking Enabled","Statutory Masking Enabled","Statutory Masking Enabled","Statutory Masking Enabled","Statutory Masking Enabled","Statutory Masking Enabled","Statutory Masking Enabled","Statutory Masking Enabled","Statutory Masking Enabled","abuse@web.com","Statutory Masking Enabled","Statutory Masking Enabled","Statutory Masking Enabled","Statutory Masking Enabled","Statutory Masking Enabled","Statutory Masking Enabled","Statutory Masking Enabled","Statutory Masking Enabled","Statutory Masking Enabled","abuse@web.com","Statutory Masking Enabled","Statutory Masking Enabled","dns101.register.com","dns102.register.com","","","clientTransferProhibited","","",""
"35","ixolda.com","2021-03-01 14:32:34","2021-02-27","2021-02-27","2022-02-27","146","GoDaddy.com, LLC","whois.godaddy.com","http://registrar.godaddy.com","","","","","NA","","Ireland","","","","","","","","","","","","","","","","","","","","","","","","","","","","","","","","","","ns05.domaincontrol.com","ns06.domaincontrol.com","","","clientDeleteProhibited","clientRenewProhibited","clientTransferProhibited","clientUpdateProhibited"
"36","jaywoquako.com","2021-03-01 14:32:04","2021-02-27","2021-02-27","2022-02-27","2906","Protocol Internet Technology Limited T/A Hosting Ireland","whois.hostingireland.ie","http://www.hostingireland.ie","GDPR Masked","GDPR Masked","GDPR Masked","GDPR Masked","Co. Kerry","GDPR Masked","Ireland","gdpr-masking@gdpr-masked.com","GDPR Masked","GDPR Masked","GDPR Masked","GDPR Masked","GDPR Masked","GDPR Masked","GDPR Masked","GDPR Masked","GDPR Masked","gdpr-masking@gdpr-masked.com","GDPR Masked","GDPR Masked","GDPR Masked","GDPR Masked","GDPR Masked","GDPR Masked","GDPR Masked","GDPR Masked","GDPR Masked","gdpr-masking@gdpr-masked.com","GDPR Masked","GDPR Masked","","","","","","","","","","","ns1.webhostingireland.ie","ns2.webhostingireland.ie","ns3.webhostingireland.ie","ns4.webhostingireland.eu","clientTransferProhibited","","",""
"37","jodyhanlon.com","2021-03-01 14:31:34","2021-02-27","2021-02-27","2022-02-27","1154","FastDomain Inc.","whois.fastdomain.com","http://www.fastdomain.com","GDPR MASKED","GDPR MASKED","GDPR MASKED","GDPR MASKED","","GDPR Masked","Ireland","gdpr-masking@fastdomain.com","GDPR Masked","GDPR Masked","GDPR MASKED","GDPR MASKED","GDPR MASKED","GDPR MASKED","GDPR MASKED","GDPR Masked","GDPR MASKED","gdpr-masking@fastdomain.com","GDPR Masked","GDPR Masked","GDPR MASKED","GDPR MASKED","GDPR MASKED","GDPR MASKED","GDPR MASKED","GDPR Masked","GDPR MASKED","gdpr-masking@fastdomain.com","GDPR Masked","GDPR Masked","","","","","","","","","","","ns1.bluehost.com","ns2.bluehost.com","","","clientTransferProhibited","","",""
"38","kerryirish.com","2021-03-01 16:35:16","2021-02-27","2021-02-27","2022-02-27","1448","Blacknight Internet Solutions Ltd.","whois.blacknight.com","http://www.blacknight.com","REDACTED FOR GDPR","kerryirish.com c/o WHOIS Privacy Ltd.","REDACTED FOR GDPR REDACTED FOR GDPR","REDACTED FOR GDPR","Co. Carlow","REDACTED FOR GDPR","Ireland","","REDACTED FOR GDPR","REDACTED FOR GDPR","REDACTED FOR GDPR","kerryirish.com c/o WHOIS Privacy Ltd.","REDACTED FOR GDPR REDACTED FOR GDPR","REDACTED FOR GDPR","Co. Carlow","REDACTED FOR GDPR","Ireland","","REDACTED FOR GDPR","REDACTED FOR GDPR","REDACTED FOR GDPR","kerryirish.com c/o WHOIS Privacy Ltd.","REDACTED FOR GDPR REDACTED FOR GDPR","REDACTED FOR GDPR","Co. Carlow","REDACTED FOR GDPR","Ireland","","REDACTED FOR GDPR","REDACTED FOR GDPR","","","","","","","","","","","ns1.blacknight.com","ns2.blacknight.com","ns3.blacknight.com","ns4.blacknight.com","clientTransferProhibited","","",""
"39","koinaq.com","2021-03-01 16:34:00","2021-02-27","2021-02-27","2022-02-27","1647","Hosting Concepts B.V. dba Openprovider","whois.registrar.eu","http://www.openprovider.com","REDACTED FOR PRIVACY","Koinaq Co","REDACTED FOR PRIVACY","REDACTED FOR PRIVACY","Galway","REDACTED FOR PRIVACY","Ireland","","REDACTED FOR PRIVACY","REDACTED FOR PRIVACY","REDACTED FOR PRIVACY","REDACTED FOR PRIVACY","REDACTED FOR PRIVACY","REDACTED FOR PRIVACY","REDACTED FOR PRIVACY","REDACTED FOR PRIVACY","REDACTED FOR PRIVACY","","REDACTED FOR PRIVACY","REDACTED FOR PRIVACY","REDACTED FOR PRIVACY","REDACTED FOR PRIVACY","REDACTED FOR PRIVACY","REDACTED FOR PRIVACY","REDACTED FOR PRIVACY","REDACTED FOR PRIVACY","REDACTED FOR PRIVACY","","REDACTED FOR PRIVACY","REDACTED FOR PRIVACY","","","","","","","","","","","ns1.dns-parking.com","ns2.dns-parking.com","","","clientTransferProhibited","ok","",""
"40","kosingo.com","2021-03-01 16:33:59","2021-02-27","2021-02-27","2022-02-27","1448","Blacknight Internet Solutions Ltd.","whois.blacknight.com","http://www.blacknight.com","REDACTED FOR GDPR","kosingo.com c/o WHOIS Privacy Ltd.","REDACTED FOR GDPR REDACTED FOR GDPR","REDACTED FOR GDPR","Co. Carlow","REDACTED FOR GDPR","Ireland","","REDACTED FOR GDPR","REDACTED FOR GDPR","REDACTED FOR GDPR","kosingo.com c/o WHOIS Privacy Ltd.","REDACTED FOR GDPR REDACTED FOR GDPR","REDACTED FOR GDPR","Co. Carlow","REDACTED FOR GDPR","Ireland","","REDACTED FOR GDPR","REDACTED FOR GDPR","REDACTED FOR GDPR","kosingo.com c/o WHOIS Privacy Ltd.","REDACTED FOR GDPR REDACTED FOR GDPR","REDACTED FOR GDPR","Co. Carlow","REDACTED FOR GDPR","Ireland","","REDACTED FOR GDPR","REDACTED FOR GDPR","","","","","","","","","","","ns1.blacknight.com","ns2.blacknight.com","ns3.blacknight.com","ns4.blacknight.com","clientTransferProhibited","","",""
"41","kouningo.com","2021-03-01 16:33:54","2021-02-27","2021-02-27","2022-02-27","1448","Blacknight Internet Solutions Ltd.","whois.blacknight.com","http://www.blacknight.com","REDACTED FOR GDPR","kouningo.com c/o WHOIS Privacy Ltd.","REDACTED FOR GDPR REDACTED FOR GDPR","REDACTED FOR GDPR","Co. Carlow","REDACTED FOR GDPR","Ireland","","REDACTED FOR GDPR","REDACTED FOR GDPR","REDACTED FOR GDPR","kouningo.com c/o WHOIS Privacy Ltd.","REDACTED FOR GDPR REDACTED FOR GDPR","REDACTED FOR GDPR","Co. Carlow","REDACTED FOR GDPR","Ireland","","REDACTED FOR GDPR","REDACTED FOR GDPR","REDACTED FOR GDPR","kouningo.com c/o WHOIS Privacy Ltd.","REDACTED FOR GDPR REDACTED FOR GDPR","REDACTED FOR GDPR","Co. Carlow","REDACTED FOR GDPR","Ireland","","REDACTED FOR GDPR","REDACTED FOR GDPR","","","","","","","","","","","ns1.blacknight.com","ns2.blacknight.com","ns3.blacknight.com","ns4.blacknight.com","clientTransferProhibited","","",""
"42","kurdishchat.info","2021-03-01 15:52:46","2021-02-27","2021-02-27","2022-02-27","303","PDR Ltd. d/b/a PublicDomainRegistry.com","whois.publicdomainregistry.com","http://www.publicdomainregistry.com","GDPR Masked","GDPR Masked","","","Dublin","","Ireland","","","","","","","","","","","","","","","","","","","","","","","","","","","","","","","","","","ns1.dns-parking.com","ns2.dns-parking.com","","","addPeriod","clientTransferProhibited","serverTransferProhibited",""
"43","leanaccelerator.net","2021-03-01 15:39:43","2021-02-26","2021-02-26","2022-02-26","168","Register.it SPA","whois.register.it","http://we.register.it","REDACTED FOR PRIVACY","Ashley Bell Consulting Ltd.","REDACTED FOR PRIVACY","REDACTED FOR PRIVACY","Co. Meath","REDACTED FOR PRIVACY","Ireland","whoiscontact@names.co.uk","REDACTED.FORPRIVACY","REDACTED.FORPRIVACY","REDACTED FOR PRIVACY","REDACTED FOR PRIVACY","REDACTED FOR PRIVACY","REDACTED FOR PRIVACY","REDACTED FOR PRIVACY","REDACTED FOR PRIVACY","REDACTED FOR PRIVACY","whoiscontact@names.co.uk","REDACTED.FORPRIVACY","REDACTED.FORPRIVACY","REDACTED FOR PRIVACY","Namesco Limited","REDACTED FOR PRIVACY","REDACTED FOR PRIVACY","REDACTED FOR PRIVACY","REDACTED FOR PRIVACY","REDACTED FOR PRIVACY","whoiscontact@names.co.uk","REDACTED.FORPRIVACY","REDACTED.FORPRIVACY","","","","","","","","","","","ns1.webhostingireland.ie","ns2.webhostingireland.ie","ns3.webhostingireland.ie","ns4.webhostingireland.eu","clientDeleteProhibited","clientTransferProhibited","clientUpdateProhibited",""
"44","madaboutmonaghan.com","2021-03-01 16:30:15","2021-02-27","2021-02-27","2022-02-27","1448","Blacknight Internet Solutions Ltd.","whois.blacknight.com","http://www.blacknight.com","REDACTED FOR GDPR","REDACTED FOR GDPR","REDACTED FOR GDPR REDACTED FOR GDPR","REDACTED FOR GDPR","Co. Monaghan","REDACTED FOR GDPR","Ireland","","REDACTED FOR GDPR","REDACTED FOR GDPR","REDACTED FOR GDPR","REDACTED FOR GDPR","REDACTED FOR GDPR REDACTED FOR GDPR","REDACTED FOR GDPR","Co. Monaghan","REDACTED FOR GDPR","Ireland","","REDACTED FOR GDPR","REDACTED FOR GDPR","REDACTED FOR GDPR","REDACTED FOR GDPR","REDACTED FOR GDPR REDACTED FOR GDPR","REDACTED FOR GDPR","Co. Monaghan","REDACTED FOR GDPR","Ireland","","REDACTED FOR GDPR","REDACTED FOR GDPR","","","","","","","","","","","ns1.blacknight.com","ns2.blacknight.com","ns3.blacknight.com","ns4.blacknight.com","clientTransferProhibited","","",""
"45","midlandmattressireland.com","2021-03-01 16:27:37","2021-02-27","2021-02-27","2022-02-27","48","eNom, Inc.","whois.enom.com","http://www.enom.com","REDACTED FOR PRIVACY","REDACTED FOR PRIVACY","REDACTED FOR PRIVACY","REDACTED FOR PRIVACY","L","REDACTED FOR PRIVACY","Ireland","","REDACTED FOR PRIVACY","REDACTED FOR PRIVACY","REDACTED FOR PRIVACY","REDACTED FOR PRIVACY","REDACTED FOR PRIVACY","REDACTED FOR PRIVACY","REDACTED FOR PRIVACY","REDACTED FOR PRIVACY","REDACTED FOR PRIVACY","","REDACTED FOR PRIVACY","REDACTED FOR PRIVACY","REDACTED FOR PRIVACY","REDACTED FOR PRIVACY","REDACTED FOR PRIVACY","REDACTED FOR PRIVACY","REDACTED FOR PRIVACY","REDACTED FOR PRIVACY","REDACTED FOR PRIVACY","","REDACTED FOR PRIVACY","REDACTED FOR PRIVACY","","","","","","","","","","","ns1.bigcommerce.com","ns2.bigcommerce.com","ns3.bigcommerce.com","","addPeriod","clientTransferProhibited","",""
"46","mondello24cycle.com","2021-03-01 16:26:38","2021-02-27","2021-02-27","2022-02-27","1448","Blacknight Internet Solutions Ltd.","whois.blacknight.com","http://www.blacknight.com","REDACTED FOR GDPR","REDACTED FOR GDPR","REDACTED FOR GDPR REDACTED FOR GDPR","REDACTED FOR GDPR","Co. Dublin","REDACTED FOR GDPR","Ireland","","REDACTED FOR GDPR","REDACTED FOR GDPR","REDACTED FOR GDPR","REDACTED FOR GDPR","REDACTED FOR GDPR REDACTED FOR GDPR","REDACTED FOR GDPR","Co. Dublin","REDACTED FOR GDPR","Ireland","","REDACTED FOR GDPR","REDACTED FOR GDPR","REDACTED FOR GDPR","REDACTED FOR GDPR","REDACTED FOR GDPR REDACTED FOR GDPR","REDACTED FOR GDPR","Co. Dublin","REDACTED FOR GDPR","Ireland","","REDACTED FOR GDPR","REDACTED FOR GDPR","","","","","","","","","","","ns1.blacknight.com","ns2.blacknight.com","ns3.blacknight.com","ns4.blacknight.com","clientTransferProhibited","","",""
"47","music-network.club","2021-03-01 17:53:11","2021-02-27","2021-02-27","2022-02-27","146","GoDaddy.com, LLC","whois.godaddy.com","http://registrar.godaddy.com","REDACTED FOR PRIVACY","GTM Events","REDACTED FOR PRIVACY REDACTED FOR PRIVACY REDACTED FOR PRIVACY","REDACTED FOR PRIVACY","Dublin","REDACTED FOR PRIVACY","Ireland","","REDACTED FOR PRIVACY","REDACTED FOR PRIVACY","REDACTED FOR PRIVACY","REDACTED FOR PRIVACY","REDACTED FOR PRIVACY REDACTED FOR PRIVACY REDACTED FOR PRIVACY","REDACTED FOR PRIVACY","REDACTED FOR PRIVACY","REDACTED FOR PRIVACY","REDACTED FOR PRIVACY","","REDACTED FOR PRIVACY","REDACTED FOR PRIVACY","REDACTED FOR PRIVACY","REDACTED FOR PRIVACY","REDACTED FOR PRIVACY REDACTED FOR PRIVACY REDACTED FOR PRIVACY","REDACTED FOR PRIVACY","REDACTED FOR PRIVACY","REDACTED FOR PRIVACY","REDACTED FOR PRIVACY","","REDACTED FOR PRIVACY","REDACTED FOR PRIVACY","","","","","","","","","","","ns11.domaincontrol.com","ns12.domaincontrol.com","","","addPeriod","clientDeleteProhibited","clientRenewProhibited","clientTransferProhibited"
"48","musicindustrynetwork.club","2021-03-01 17:53:10","2021-02-27","2021-02-27","2022-02-27","146","GoDaddy.com, LLC","whois.godaddy.com","http://registrar.godaddy.com","REDACTED FOR PRIVACY","GTM Events","REDACTED FOR PRIVACY REDACTED FOR PRIVACY REDACTED FOR PRIVACY","REDACTED FOR PRIVACY","Dublin","REDACTED FOR PRIVACY","Ireland","","REDACTED FOR PRIVACY","REDACTED FOR PRIVACY","REDACTED FOR PRIVACY","REDACTED FOR PRIVACY","REDACTED FOR PRIVACY REDACTED FOR PRIVACY REDACTED FOR PRIVACY","REDACTED FOR PRIVACY","REDACTED FOR PRIVACY","REDACTED FOR PRIVACY","REDACTED FOR PRIVACY","","REDACTED FOR PRIVACY","REDACTED FOR PRIVACY","REDACTED FOR PRIVACY","REDACTED FOR PRIVACY","REDACTED FOR PRIVACY REDACTED FOR PRIVACY REDACTED FOR PRIVACY","REDACTED FOR PRIVACY","REDACTED FOR PRIVACY","REDACTED FOR PRIVACY","REDACTED FOR PRIVACY","","REDACTED FOR PRIVACY","REDACTED FOR PRIVACY","","","","","","","","","","","ns29.domaincontrol.com","ns30.domaincontrol.com","","","addPeriod","clientDeleteProhibited","clientRenewProhibited","clientTransferProhibited"
"49","nckauditorsaccountants.com","2021-03-01 16:24:31","2021-02-27","2021-02-27","2022-02-27","146","GoDaddy.com, LLC","whois.godaddy.com","http://registrar.godaddy.com","","","","","Cork","","Ireland","","","","","","","","","","","","","","","","","","","","","","","","","","","","","","","","","","ns45.domaincontrol.com","ns46.domaincontrol.com","","","clientDeleteProhibited","clientRenewProhibited","clientTransferProhibited","clientUpdateProhibited"
"50","oisinmcmullan.com","2021-03-01 16:22:16","2021-02-27","2021-02-27","2022-02-27","168","Register.it SPA","whois.register.it","http://we.register.it","REDACTED FOR PRIVACY","omacmedia","REDACTED FOR PRIVACY","REDACTED FOR PRIVACY","dublin 18","REDACTED FOR PRIVACY","Ireland","whoiscontact@names.co.uk","REDACTED.FORPRIVACY","REDACTED.FORPRIVACY","REDACTED FOR PRIVACY","REDACTED FOR PRIVACY","REDACTED FOR PRIVACY","REDACTED FOR PRIVACY","REDACTED FOR PRIVACY","REDACTED FOR PRIVACY","REDACTED FOR PRIVACY","whoiscontact@names.co.uk","REDACTED.FORPRIVACY","REDACTED.FORPRIVACY","REDACTED FOR PRIVACY","Namesco Limited","REDACTED FOR PRIVACY","REDACTED FOR PRIVACY","REDACTED FOR PRIVACY","REDACTED FOR PRIVACY","REDACTED FOR PRIVACY","whoiscontact@names.co.uk","REDACTED.FORPRIVACY","REDACTED.FORPRIVACY","","","","","","","","","","","ns0.reg365.net","ns1.reg365.net","ns2.reg365.net","","clientDeleteProhibited","clientTransferProhibited","clientUpdateProhibited",""
"51","petdora.com","2021-03-01 17:27:34","2021-02-27","2021-02-27","2022-02-27","2845","Exclusive Domain Find LLC","whois.exclusivedomainfindllc.com","http://www.exclusivedomainfindllc.com","Statutory Masking Enabled","Statutory Masking Enabled","Statutory Masking Enabled","Statutory Masking Enabled","LEINSTER","Statutory Masking Enabled","Ireland","abuse@web.com","Statutory Masking Enabled","Statutory Masking Enabled","Statutory Masking Enabled","Statutory Masking Enabled","Statutory Masking Enabled","Statutory Masking Enabled","Statutory Masking Enabled","Statutory Masking Enabled","Statutory Masking Enabled","abuse@web.com","Statutory Masking Enabled","Statutory Masking Enabled","Statutory Masking Enabled","Statutory Masking Enabled","Statutory Masking Enabled","Statutory Masking Enabled","Statutory Masking Enabled","Statutory Masking Enabled","Statutory Masking Enabled","abuse@web.com","Statutory Masking Enabled","Statutory Masking Enabled","Statutory Masking Enabled","Statutory Masking Enabled","Statutory Masking Enabled","Statutory Masking Enabled","Statutory Masking Enabled","Statutory Masking Enabled","Statutory Masking Enabled","abuse@web.com","Statutory Masking Enabled","Statutory Masking Enabled","ns1.bodis.com","ns2.bodis.com","","","OK","","",""
"52","postalkey.com","2021-03-01 17:18:32","2021-02-27","2021-02-27","2022-02-27","2249","White Alligator Domains, LLC","whois.whitealligatordomains.com","http://www.whitealligatordomains.com","Statutory Masking Enabled","Statutory Masking Enabled","Statutory Masking Enabled","Statutory Masking Enabled","LEINSTER","Statutory Masking Enabled","Ireland","abuse@web.com","Statutory Masking Enabled","Statutory Masking Enabled","Statutory Masking Enabled","Statutory Masking Enabled","Statutory Masking Enabled","Statutory Masking Enabled","Statutory Masking Enabled","Statutory Masking Enabled","Statutory Masking Enabled","abuse@web.com","Statutory Masking Enabled","Statutory Masking Enabled","Statutory Masking Enabled","Statutory Masking Enabled","Statutory Masking Enabled","Statutory Masking Enabled","Statutory Masking Enabled","Statutory Masking Enabled","Statutory Masking Enabled","abuse@web.com","Statutory Masking Enabled","Statutory Masking Enabled","Statutory Masking Enabled","Statutory Masking Enabled","Statutory Masking Enabled","Statutory Masking Enabled","Statutory Masking Enabled","Statutory Masking Enabled","Statutory Masking Enabled","abuse@web.com","Statutory Masking Enabled","Statutory Masking Enabled","ns1.bodis.com","ns2.bodis.com","","","OK","","",""
"53","quatrimex.com","2021-03-01 14:35:56","2021-02-27","2021-02-27","2022-02-27","1448","Blacknight Internet Solutions Ltd.","whois.blacknight.com","http://www.blacknight.com","REDACTED FOR GDPR","quatrimex.com c/o WHOIS Privacy Ltd.","REDACTED FOR GDPR REDACTED FOR GDPR","REDACTED FOR GDPR","Co. Carlow","REDACTED FOR GDPR","Ireland","","REDACTED FOR GDPR","REDACTED FOR GDPR","REDACTED FOR GDPR","quatrimex.com c/o WHOIS Privacy Ltd.","REDACTED FOR GDPR REDACTED FOR GDPR","REDACTED FOR GDPR","Co. Carlow","REDACTED FOR GDPR","Ireland","","REDACTED FOR GDPR","REDACTED FOR GDPR","REDACTED FOR GDPR","quatrimex.com c/o WHOIS Privacy Ltd.","REDACTED FOR GDPR REDACTED FOR GDPR","REDACTED FOR GDPR","Co. Carlow","REDACTED FOR GDPR","Ireland","","REDACTED FOR GDPR","REDACTED FOR GDPR","","","","","","","","","","","ns1.blacknight.com","ns2.blacknight.com","","","clientTransferProhibited","","",""
"54","realwineanimals.com","2021-03-01 14:35:13","2021-02-27","2021-02-27","2022-02-27","1448","Blacknight Internet Solutions Ltd.","whois.blacknight.com","http://www.blacknight.com","REDACTED FOR GDPR","CREATIVE CREATURES LIMITED","REDACTED FOR GDPR REDACTED FOR GDPR","REDACTED FOR GDPR","Co. Dublin","REDACTED FOR GDPR","Ireland","","REDACTED FOR GDPR","REDACTED FOR GDPR","REDACTED FOR GDPR","CREATIVE CREATURES LIMITED","REDACTED FOR GDPR REDACTED FOR GDPR","REDACTED FOR GDPR","Co. Dublin","REDACTED FOR GDPR","Ireland","","REDACTED FOR GDPR","REDACTED FOR GDPR","REDACTED FOR GDPR","CREATIVE CREATURES LIMITED","REDACTED FOR GDPR REDACTED FOR GDPR","REDACTED FOR GDPR","Co. Dublin","REDACTED FOR GDPR","Ireland","","REDACTED FOR GDPR","REDACTED FOR GDPR","","","","","","","","","","","ns1.blacknight.com","ns2.blacknight.com","ns3.blacknight.com","ns4.blacknight.com","clientTransferProhibited","","",""
"55","resurgesupplements.store","2021-03-01 15:25:51","2021-02-26","2021-02-26","2022-02-26","146","GoDaddy.com, LLC","whois.godaddy.com","http://registrar.godaddy.com","","","","","wexford","","Ireland","","","","","","","","","","","","","","","","","","","","","","","","","","","","","","","","","","ns39.domaincontrol.com","ns40.domaincontrol.com","","","addPeriod","clientDeleteProhibited","clientRenewProhibited","clientTransferProhibited"
"56","rockhard.show","2021-03-01 15:30:04","2021-02-26","2021-02-26","2022-02-26","146","GoDaddy.com, LLC","whois.godaddy.com","http://registrar.godaddy.com","REDACTED FOR PRIVACY","","REDACTED FOR PRIVACY","REDACTED FOR PRIVACY","Co. Dublin","REDACTED FOR PRIVACY","Ireland","","REDACTED FOR PRIVACY","REDACTED FOR PRIVACY","","","","","","","","","","","","","","","","","","","","","","","","","","","","","","","","","","","addPeriod","clientDeleteProhibited","clientRenewProhibited","clientTransferProhibited"
"57","sainimanoj.com","2021-03-01 16:15:57","2021-02-26","2021-02-27","2023-02-26","146","GoDaddy.com, LLC","whois.godaddy.com","http://registrar.godaddy.com","","","","","Dublin","","Ireland","","","","","","","","","","","","","","","","","","","","","","","","","","","","","","","","","","sns31.hostgator.in","sns32.hostgator.in","","","clientDeleteProhibited","clientRenewProhibited","clientTransferProhibited","clientUpdateProhibited"
"58","senseofsleep.com","2021-03-01 17:20:47","2021-02-27","2021-02-27","2022-02-27","2906","Protocol Internet Technology Limited T/A Hosting Ireland","whois.hostingireland.ie","http://www.hostingireland.ie","GDPR Masked","GDPR Masked","GDPR Masked","GDPR Masked","Co. Kildare","GDPR Masked","Ireland","gdpr-masking@gdpr-masked.com","GDPR Masked","GDPR Masked","GDPR Masked","GDPR Masked","GDPR Masked","GDPR Masked","GDPR Masked","GDPR Masked","GDPR Masked","gdpr-masking@gdpr-masked.com","GDPR Masked","GDPR Masked","GDPR Masked","GDPR Masked","GDPR Masked","GDPR Masked","GDPR Masked","GDPR Masked","GDPR Masked","gdpr-masking@gdpr-masked.com","GDPR Masked","GDPR Masked","","","","","","","","","","","ns1.webhostingireland.ie","ns2.webhostingireland.ie","ns3.webhostingireland.ie","ns4.webhostingireland.eu","clientTransferProhibited","","",""
"59","sexcamsexposed.com","2021-03-01 17:46:16","2021-02-27","2021-02-27","2022-02-27","146","GoDaddy.com, LLC","whois.godaddy.com","http://registrar.godaddy.com","","","","","Co Carlow","","Ireland","","","","","","","","","","","","","","","","","","","","","","","","","","","","","","","","","","ns21.domaincontrol.com","ns22.domaincontrol.com","","","clientDeleteProhibited","clientRenewProhibited","clientTransferProhibited","clientUpdateProhibited"
"60","smarterstartersonline.com","2021-03-01 16:12:03","2021-02-27","2021-02-27","2022-02-27","303","PDR Ltd. d/b/a PublicDomainRegistry.com","whois.publicdomainregistry.com","http://www.publicdomainregistry.com","GDPR Masked","GDPR Masked","GDPR Masked","GDPR Masked","AL","GDPR Masked","Ireland","gdpr-masking@gdpr-masked.com","GDPR Masked","GDPR Masked","GDPR Masked","GDPR Masked","GDPR Masked","GDPR Masked","GDPR Masked","GDPR Masked","GDPR Masked","gdpr-masking@gdpr-masked.com","GDPR Masked","GDPR Masked","GDPR Masked","GDPR Masked","GDPR Masked","GDPR Masked","GDPR Masked","GDPR Masked","GDPR Masked","gdpr-masking@gdpr-masked.com","GDPR Masked","GDPR Masked","","","","","","","","","","","ns7.bigbytes.net","ns8.bigbytes.net","","","clientTransferProhibited","","",""
"61","smartfoxcapitol.com","2021-03-01 16:12:03","2021-02-27","2021-02-27","2023-02-27","9","register.com, Inc.","whois.register.com","http://www.register.com","Statutory Masking Enabled","Statutory Masking Enabled","Statutory Masking Enabled","Statutory Masking Enabled","","Statutory Masking Enabled","Ireland","abuse@web.com","Statutory Masking Enabled","Statutory Masking Enabled","Statutory Masking Enabled","Statutory Masking Enabled","Statutory Masking Enabled","Statutory Masking Enabled","Statutory Masking Enabled","Statutory Masking Enabled","Statutory Masking Enabled","abuse@web.com","Statutory Masking Enabled","Statutory Masking Enabled","Statutory Masking Enabled","Statutory Masking Enabled","Statutory Masking Enabled","Statutory Masking Enabled","Statutory Masking Enabled","Statutory Masking Enabled","Statutory Masking Enabled","abuse@web.com","Statutory Masking Enabled","Statutory Masking Enabled","Statutory Masking Enabled","Statutory Masking Enabled","Statutory Masking Enabled","Statutory Masking Enabled","Statutory Masking Enabled","Statutory Masking Enabled","Statutory Masking Enabled","abuse@web.com","Statutory Masking Enabled","Statutory Masking Enabled","dns1.register.com","dns2.register.com","","","clientTransferProhibited","","",""
"62","softwarenote.com","2021-03-01 17:33:05","2021-02-27","2021-02-27","2022-02-27","1078","DropWeek.com, Inc.","whois.namepal.com","http://namepal.com","Statutory Masking Enabled","Statutory Masking Enabled","Statutory Masking Enabled","Statutory Masking Enabled","LEINSTER","Statutory Masking Enabled","Ireland","abuse@web.com","Statutory Masking Enabled","Statutory Masking Enabled","Statutory Masking Enabled","Statutory Masking Enabled","Statutory Masking Enabled","Statutory Masking Enabled","Statutory Masking Enabled","Statutory Masking Enabled","Statutory Masking Enabled","abuse@web.com","Statutory Masking Enabled","Statutory Masking Enabled","Statutory Masking Enabled","Statutory Masking Enabled","Statutory Masking Enabled","Statutory Masking Enabled","Statutory Masking Enabled","Statutory Masking Enabled","Statutory Masking Enabled","abuse@web.com","Statutory Masking Enabled","Statutory Masking Enabled","Statutory Masking Enabled","Statutory Masking Enabled","Statutory Masking Enabled","Statutory Masking Enabled","Statutory Masking Enabled","Statutory Masking Enabled","Statutory Masking Enabled","abuse@web.com","Statutory Masking Enabled","Statutory Masking Enabled","ns1.bodis.com","ns2.bodis.com","","","OK","","",""
"63","streambot.xyz","2021-03-01 14:47:36","2021-02-27","2021-02-28","2023-02-27","146","GoDaddy.com, LLC","whois.godaddy.com","http://registrar.godaddy.com","","","","","Leinster","","Ireland","","","","","","","","","","","","","","","","","","","","","","","","","","","","","","","","","","connie.ns.cloudflare.com","nikon.ns.cloudflare.com","","","addPeriod","serverTransferProhibited","",""
"64","sutainablesolutions.com","2021-03-01 16:09:21","2021-02-27","2021-02-27","2022-02-27","2906","Protocol Internet Technology Limited T/A Hosting Ireland","whois.hostingireland.ie","http://www.hostingireland.ie","GDPR Masked","GDPR Masked","GDPR Masked","GDPR Masked","Co. Meath","GDPR Masked","Ireland","gdpr-masking@gdpr-masked.com","GDPR Masked","GDPR Masked","GDPR Masked","GDPR Masked","GDPR Masked","GDPR Masked","GDPR Masked","GDPR Masked","GDPR Masked","gdpr-masking@gdpr-masked.com","GDPR Masked","GDPR Masked","GDPR Masked","GDPR Masked","GDPR Masked","GDPR Masked","GDPR Masked","GDPR Masked","GDPR Masked","gdpr-masking@gdpr-masked.com","GDPR Masked","GDPR Masked","","","","","","","","","","","ns1.webhostingireland.ie","ns2.webhostingireland.ie","ns3.webhostingireland.ie","ns4.webhostingireland.eu","clientTransferProhibited","","",""
"65","tapdigital.marketing","2021-03-01 15:46:44","2021-02-26","2021-02-26","2022-02-26","1448","Blacknight Internet Solutions Ltd.","whois.blacknight.com","http://www.blacknight.com","REDACTED FOR PRIVACY","","REDACTED FOR PRIVACY","REDACTED FOR PRIVACY","Co. Dublin","REDACTED FOR PRIVACY","Ireland","","REDACTED FOR PRIVACY","REDACTED FOR PRIVACY","","","","","","","","","","","","","","","","","","","","","","","","","","","","","","","","","","","addPeriod","clientTransferProhibited","",""
"66","thelnhedit.com","2021-03-01 16:06:55","2021-02-27","2021-02-27","2022-02-27","1448","Blacknight Internet Solutions Ltd.","whois.blacknight.com","http://www.blacknight.com","REDACTED FOR GDPR","REDACTED FOR GDPR","REDACTED FOR GDPR REDACTED FOR GDPR","REDACTED FOR GDPR","Co. Dublin","REDACTED FOR GDPR","Ireland","","REDACTED FOR GDPR","REDACTED FOR GDPR","REDACTED FOR GDPR","REDACTED FOR GDPR","REDACTED FOR GDPR REDACTED FOR GDPR","REDACTED FOR GDPR","Co. Dublin","REDACTED FOR GDPR","Ireland","","REDACTED FOR GDPR","REDACTED FOR GDPR","REDACTED FOR GDPR","REDACTED FOR GDPR","REDACTED FOR GDPR REDACTED FOR GDPR","REDACTED FOR GDPR","Co. Dublin","REDACTED FOR GDPR","Ireland","","REDACTED FOR GDPR","REDACTED FOR GDPR","","","","","","","","","","","ns1.blacknight.com","ns2.blacknight.com","ns3.blacknight.com","ns4.blacknight.com","clientTransferProhibited","","",""
"67","theresiproject.com","2021-03-01 16:06:17","2021-02-27","2021-02-27","2022-02-27","168","Register.it SPA","whois.register.it","http://we.register.it","REDACTED FOR PRIVACY","Walfrid Business Research","REDACTED FOR PRIVACY","REDACTED FOR PRIVACY","ballymount","REDACTED FOR PRIVACY","Ireland","whoiscontact@names.co.uk","REDACTED.FORPRIVACY","REDACTED.FORPRIVACY","REDACTED FOR PRIVACY","REDACTED FOR PRIVACY","REDACTED FOR PRIVACY","REDACTED FOR PRIVACY","REDACTED FOR PRIVACY","REDACTED FOR PRIVACY","REDACTED FOR PRIVACY","whoiscontact@names.co.uk","REDACTED.FORPRIVACY","REDACTED.FORPRIVACY","REDACTED FOR PRIVACY","Namesco Limited","REDACTED FOR PRIVACY","REDACTED FOR PRIVACY","REDACTED FOR PRIVACY","REDACTED FOR PRIVACY","REDACTED FOR PRIVACY","whoiscontact@names.co.uk","REDACTED.FORPRIVACY","REDACTED.FORPRIVACY","","","","","","","","","","","ns0.reg365.net","ns1.reg365.net","ns2.reg365.net","","clientDeleteProhibited","clientTransferProhibited","clientUpdateProhibited",""
"68","towerpeople.com","2021-03-01 17:39:57","2021-02-27","2021-02-27","2022-02-27","1280","enom411, Incorporated","whois.enom411.com","http://www.enom411.com","Statutory Masking Enabled","Statutory Masking Enabled","Statutory Masking Enabled","Statutory Masking Enabled","LEINSTER","Statutory Masking Enabled","Ireland","abuse@web.com","Statutory Masking Enabled","Statutory Masking Enabled","Statutory Masking Enabled","Statutory Masking Enabled","Statutory Masking Enabled","Statutory Masking Enabled","Statutory Masking Enabled","Statutory Masking Enabled","Statutory Masking Enabled","abuse@web.com","Statutory Masking Enabled","Statutory Masking Enabled","Statutory Masking Enabled","Statutory Masking Enabled","Statutory Masking Enabled","Statutory Masking Enabled","Statutory Masking Enabled","Statutory Masking Enabled","Statutory Masking Enabled","abuse@web.com","Statutory Masking Enabled","Statutory Masking Enabled","Statutory Masking Enabled","Statutory Masking Enabled","Statutory Masking Enabled","Statutory Masking Enabled","Statutory Masking Enabled","Statutory Masking Enabled","Statutory Masking Enabled","abuse@web.com","Statutory Masking Enabled","Statutory Masking Enabled","ns1.bodis.com","ns2.bodis.com","","","OK","","",""
"69","vendbe.com","2021-03-01 16:02:09","2021-02-27","2021-02-27","2022-02-27","1448","Blacknight Internet Solutions Ltd.","whois.blacknight.com","http://www.blacknight.com","REDACTED FOR GDPR","REDACTED FOR GDPR","REDACTED FOR GDPR REDACTED FOR GDPR","REDACTED FOR GDPR","Co. Galway","REDACTED FOR GDPR","Ireland","","REDACTED FOR GDPR","REDACTED FOR GDPR","REDACTED FOR GDPR","REDACTED FOR GDPR","REDACTED FOR GDPR REDACTED FOR GDPR","REDACTED FOR GDPR","Co. Galway","REDACTED FOR GDPR","Ireland","","REDACTED FOR GDPR","REDACTED FOR GDPR","REDACTED FOR GDPR","REDACTED FOR GDPR","REDACTED FOR GDPR REDACTED FOR GDPR","REDACTED FOR GDPR","Co. Galway","REDACTED FOR GDPR","Ireland","","REDACTED FOR GDPR","REDACTED FOR GDPR","","","","","","","","","","","ns1.blacknight.com","ns2.blacknight.com","ns3.blacknight.com","ns4.blacknight.com","clientTransferProhibited","","",""
"70","weedweekends.com","2021-03-01 14:22:24","2021-02-27","2021-02-27","2022-02-27","146","GoDaddy.com, LLC","whois.godaddy.com","http://registrar.godaddy.com","xxxxxxxxxxxxxx","xxxxxxxxxxxxxx","","","xxxxxxx","","Ireland","","","","","","","","","","","","","","","","","","","","","","","","","","","","","","","","","","ns77.domaincontrol.com","ns78.domaincontrol.com","","","clientDeleteProhibited","clientRenewProhibited","clientTransferProhibited","clientUpdateProhibited"
"71","wildafwildflowers.com","2021-03-01 15:59:09","2021-02-27","2021-02-27","2022-02-27","168","Register.it SPA","whois.register.it","http://we.register.it","REDACTED FOR PRIVACY","REDACTED FOR PRIVACY","REDACTED FOR PRIVACY","REDACTED FOR PRIVACY","donegal","REDACTED FOR PRIVACY","Ireland","whoiscontact@names.co.uk","REDACTED.FORPRIVACY","REDACTED.FORPRIVACY","REDACTED FOR PRIVACY","REDACTED FOR PRIVACY","REDACTED FOR PRIVACY","REDACTED FOR PRIVACY","REDACTED FOR PRIVACY","REDACTED FOR PRIVACY","REDACTED FOR PRIVACY","whoiscontact@names.co.uk","REDACTED.FORPRIVACY","REDACTED.FORPRIVACY","REDACTED FOR PRIVACY","Namesco Limited","REDACTED FOR PRIVACY","REDACTED FOR PRIVACY","REDACTED FOR PRIVACY","REDACTED FOR PRIVACY","REDACTED FOR PRIVACY","whoiscontact@names.co.uk","REDACTED.FORPRIVACY","REDACTED.FORPRIVACY","","","","","","","","","","","ns0.reg365.net","ns1.reg365.net","ns2.reg365.net","","clientDeleteProhibited","clientTransferProhibited","clientUpdateProhibited",""
"72","winenun.com","2021-03-01 15:59:03","2021-02-27","2021-02-28","2022-02-27","81","Gandi SAS","whois.gandi.net","http://www.gandi.net","REDACTED FOR PRIVACY","","REDACTED FOR PRIVACY","REDACTED FOR PRIVACY","","REDACTED FOR PRIVACY","Ireland","a9e794d230fcb76aefd40ced8a42a1cc-25778141@contact.gandi.net","REDACTED FOR PRIVACY","REDACTED FOR PRIVACY","REDACTED FOR PRIVACY","REDACTED FOR PRIVACY","REDACTED FOR PRIVACY","REDACTED FOR PRIVACY","REDACTED FOR PRIVACY","REDACTED FOR PRIVACY","REDACTED FOR PRIVACY","a9e794d230fcb76aefd40ced8a42a1cc-25778141@contact.gandi.net","REDACTED FOR PRIVACY","REDACTED FOR PRIVACY","REDACTED FOR PRIVACY","REDACTED FOR PRIVACY","REDACTED FOR PRIVACY","REDACTED FOR PRIVACY","REDACTED FOR PRIVACY","REDACTED FOR PRIVACY","REDACTED FOR PRIVACY","a9e794d230fcb76aefd40ced8a42a1cc-25778141@contact.gandi.net","REDACTED FOR PRIVACY","REDACTED FOR PRIVACY","","","","","","","","","","","ns-132-b.gandi.net","ns-55-c.gandi.net","ns-85-a.gandi.net","","clientTransferProhibited","","",""
"73","xoee.info","2021-03-01 15:50:10","2021-02-27","2021-02-27","2022-02-27","146","GoDaddy.com, LLC","whois.godaddy.com","http://registrar.godaddy.com","","","","","NA","","Ireland","","","","","","","","","","","","","","","","","","","","","","","","","","","","","","","","","","ns51.domaincontrol.com","ns52.domaincontrol.com","","","addPeriod","clientDeleteProhibited","clientRenewProhibited","clientTransferProhibited"
"74","xoeeaxy.com","2021-03-01 14:38:32","2021-02-27","2021-02-27","2022-02-27","146","GoDaddy.com, LLC","whois.godaddy.com","http://registrar.godaddy.com","","","","","NA","","Ireland","","","","","","","","","","","","","","","","","","","","","","","","","","","","","","","","","","ns55.domaincontrol.com","ns56.domaincontrol.com","","","clientDeleteProhibited","clientRenewProhibited","clientTransferProhibited","clientUpdateProhibited"
"75","xoeesy.com","2021-03-01 14:38:27","2021-02-27","2021-02-27","2022-02-27","146","GoDaddy.com, LLC","whois.godaddy.com","http://registrar.godaddy.com","","","","","NA","","Ireland","","","","","","","","","","","","","","","","","","","","","","","","","","","","","","","","","","ns29.domaincontrol.com","ns30.domaincontrol.com","","","clientDeleteProhibited","clientRenewProhibited","clientTransferProhibited","clientUpdateProhibited"
"76","xxoeeasy.com","2021-03-01 14:38:31","2021-02-27","2021-02-27","2022-02-27","146","GoDaddy.com, LLC","whois.godaddy.com","http://registrar.godaddy.com","","","","","NA","","Ireland","","","","","","","","","","","","","","","","","","","","","","","","","","","","","","","","","","ns29.domaincontrol.com","ns30.domaincontrol.com","","","clientDeleteProhibited","clientRenewProhibited","clientTransferProhibited","clientUpdateProhibited"
"77","yellowbox.club","2021-03-01 14:15:56","2021-02-27","2021-02-27","2022-02-27","1068","NameCheap, Inc.","whois.namecheap.com","http://www.namecheap.com","REDACTED FOR PRIVACY","WhoisGuard, Inc.","REDACTED FOR PRIVACY REDACTED FOR PRIVACY REDACTED FOR PRIVACY","REDACTED FOR PRIVACY","Co. Kerry","REDACTED FOR PRIVACY","Ireland","","REDACTED FOR PRIVACY","REDACTED FOR PRIVACY","REDACTED FOR PRIVACY","REDACTED FOR PRIVACY","REDACTED FOR PRIVACY REDACTED FOR PRIVACY REDACTED FOR PRIVACY","REDACTED FOR PRIVACY","REDACTED FOR PRIVACY","REDACTED FOR PRIVACY","REDACTED FOR PRIVACY","","REDACTED FOR PRIVACY","REDACTED FOR PRIVACY","REDACTED FOR PRIVACY","REDACTED FOR PRIVACY","REDACTED FOR PRIVACY REDACTED FOR PRIVACY REDACTED FOR PRIVACY","REDACTED FOR PRIVACY","REDACTED FOR PRIVACY","REDACTED FOR PRIVACY","REDACTED FOR PRIVACY","","REDACTED FOR PRIVACY","REDACTED FOR PRIVACY","","","","","","","","","","","paul.ns.cloudflare.com","rosa.ns.cloudflare.com","","","addPeriod","ok","",""