"num","domain_name","query_time","create_date","update_date","expiry_date","domain_registrar_id","domain_registrar_name","domain_registrar_whois","domain_registrar_url","registrant_name","registrant_company","registrant_address","registrant_city","registrant_state","registrant_zip","registrant_country","registrant_email","registrant_phone","registrant_fax","administrative_name","administrative_company","administrative_address","administrative_city","administrative_state","administrative_zip","administrative_country","administrative_email","administrative_phone","administrative_fax","technical_name","technical_company","technical_address","technical_city","technical_state","technical_zip","technical_country","technical_email","technical_phone","technical_fax","billing_name","billing_company","billing_address","billing_city","billing_state","billing_zip","billing_country","billing_email","billing_phone","billing_fax","name_server_1","name_server_2","name_server_3","name_server_4","domain_status_1","domain_status_2","domain_status_3","domain_status_4"
"1","bouillagui-fadiga.net","2021-03-01 15:41:42","2021-02-26","2021-02-26","2022-02-26","1647","Hosting Concepts B.V. dba Openprovider","whois.registrar.eu","http://www.openprovider.com","REDACTED FOR PRIVACY","moussa Guindo","REDACTED FOR PRIVACY","REDACTED FOR PRIVACY","Bamako","REDACTED FOR PRIVACY","Mali","","REDACTED FOR PRIVACY","REDACTED FOR PRIVACY","REDACTED FOR PRIVACY","REDACTED FOR PRIVACY","REDACTED FOR PRIVACY","REDACTED FOR PRIVACY","REDACTED FOR PRIVACY","REDACTED FOR PRIVACY","REDACTED FOR PRIVACY","","REDACTED FOR PRIVACY","REDACTED FOR PRIVACY","REDACTED FOR PRIVACY","REDACTED FOR PRIVACY","REDACTED FOR PRIVACY","REDACTED FOR PRIVACY","REDACTED FOR PRIVACY","REDACTED FOR PRIVACY","REDACTED FOR PRIVACY","","REDACTED FOR PRIVACY","REDACTED FOR PRIVACY","","","","","","","","","","","ns1.dns-parking.com","ns2.dns-parking.com","","","clientTransferProhibited","ok","",""
"2","editras.com","2021-03-01 17:46:31","2021-02-27","2021-02-27","2022-02-27","440","Wild West Domains, LLC","whois.wildwestdomains.com","http://www.wildwestdomains.com","COMPASS","COMPASS","","","District de Bamako","","Mali","","","","","","","","","","","","","","","","","","","","","","","","","","","","","","","","","","vns1.nocdirect.com","vns2.nocdirect.com","","","clientDeleteProhibited","clientRenewProhibited","clientTransferProhibited","clientUpdateProhibited"
"3","here-so.com","2021-03-01 16:38:13","2021-02-27","2021-02-27","2022-02-27","955","Launchpad, Inc.","whois.launchpad.com","http://www.launchpad.com","Abdoulaye","","Bamako Mali","Bamako","Other","","Mali","protechserv2000@gmail.com","+223.74133915","","Abdoulaye","","Bamako Mali","Bamako","Other","","Mali","protechserv2000@gmail.com","+223.74133915","","Abdoulaye","","Bamako Mali","Bamako","Other","","Mali","protechserv2000@gmail.com","+223.74133915","","","","","","","","","","","","ns1.protech-serv.com","ns2.protech-serv.com","","","clientTransferProhibited","","",""
"4","lacolso.com","2021-03-01 16:33:32","2021-02-27","2021-02-27","2022-02-27","2","Network Solutions, LLC","whois.networksolutions.com","http://networksolutions.com","TIDISOFT","TIDISOFT","Moribabougou, Bamako","Bamako","Bamako","BP E 1505","Mali","tidiane.komou@tidisoft.com","+22370552247","","TIDISOFT","TIDISOFT","Moribabougou, Bamako","Bamako","Bamako","BP E 1505","Mali","tidiane.komou@tidisoft.com","+22370552247","","TIDISOFT","TIDISOFT","Moribabougou, Bamako","Bamako","Bamako","BP E 1505","Mali","tidiane.komou@tidisoft.com","+22370552247","","","","","","","","","","","","ns13.worldnic.com","ns14.worldnic.com","","","clientTransferProhibited","","",""
"5","osiris-afrique.com","2021-03-01 16:20:56","2021-02-27","2021-02-27","2022-02-27","168","Register.it SPA","whois.register.it","http://we.register.it","REDACTED FOR PRIVACY","REDACTED FOR PRIVACY","REDACTED FOR PRIVACY","REDACTED FOR PRIVACY","Sotuba ACI","REDACTED FOR PRIVACY","Mali","","REDACTED.FORPRIVACY","REDACTED.FORPRIVACY","REDACTED FOR PRIVACY","REDACTED FOR PRIVACY","REDACTED FOR PRIVACY","REDACTED FOR PRIVACY","REDACTED FOR PRIVACY","REDACTED FOR PRIVACY","REDACTED FOR PRIVACY","","REDACTED.FORPRIVACY","REDACTED.FORPRIVACY","REDACTED FOR PRIVACY","REDACTED FOR PRIVACY","REDACTED FOR PRIVACY","REDACTED FOR PRIVACY","REDACTED FOR PRIVACY","REDACTED FOR PRIVACY","REDACTED FOR PRIVACY","","REDACTED.FORPRIVACY","REDACTED.FORPRIVACY","","","","","","","","","","","ns1.amenworld.com","ns2.amenworld.com","","","OK","","",""