"num","domain_name","query_time","create_date","update_date","expiry_date","domain_registrar_id","domain_registrar_name","domain_registrar_whois","domain_registrar_url","registrant_name","registrant_company","registrant_address","registrant_city","registrant_state","registrant_zip","registrant_country","registrant_email","registrant_phone","registrant_fax","administrative_name","administrative_company","administrative_address","administrative_city","administrative_state","administrative_zip","administrative_country","administrative_email","administrative_phone","administrative_fax","technical_name","technical_company","technical_address","technical_city","technical_state","technical_zip","technical_country","technical_email","technical_phone","technical_fax","billing_name","billing_company","billing_address","billing_city","billing_state","billing_zip","billing_country","billing_email","billing_phone","billing_fax","name_server_1","name_server_2","name_server_3","name_server_4","domain_status_1","domain_status_2","domain_status_3","domain_status_4"
"1","betwaymoney.net","2021-03-01 15:42:28","2021-02-26","2021-02-26","2022-02-26","1466","Lexsynergy Limited","whois.lexsynergy.com","http://www.lexsynergy.com","REDACTED FOR PRIVACY","GM Gaming","REDACTED FOR PRIVACY","REDACTED FOR PRIVACY","","REDACTED FOR PRIVACY","Malta","12e2@privacy.domainnamebrandcompany.com","REDACTED FOR PRIVACY","REDACTED FOR PRIVACY","REDACTED FOR PRIVACY","REDACTED FOR PRIVACY","REDACTED FOR PRIVACY","REDACTED FOR PRIVACY","REDACTED FOR PRIVACY","REDACTED FOR PRIVACY","REDACTED FOR PRIVACY","12e2@privacy.domainnamebrandcompany.com","REDACTED FOR PRIVACY","REDACTED FOR PRIVACY","REDACTED FOR PRIVACY","REDACTED FOR PRIVACY","REDACTED FOR PRIVACY","REDACTED FOR PRIVACY","REDACTED FOR PRIVACY","REDACTED FOR PRIVACY","REDACTED FOR PRIVACY","12e2@privacy.domainnamebrandcompany.com","REDACTED FOR PRIVACY","REDACTED FOR PRIVACY","","","","","","","","","","","dave.ns.cloudflare.com","leah.ns.cloudflare.com","","","","","",""
"2","betwaymoney.online","2021-03-01 15:38:06","2021-02-26","","2022-02-26","1466","Lexsynergy Limited","whois.lexsynergy.com","http://www.lexsynergy.com","GM Gaming","GM Gaming","","","","","Malta","","","","","","","","","","","","","","","","","","","","","","","","","","","","","","","","","","dave.ns.cloudflare.com","leah.ns.cloudflare.com","","","addPeriod","clientDeleteProhibited","clientTransferProhibited","clientUpdateProhibited"
"3","betwaymoney.paris","2021-03-01 15:31:22","2021-02-26","2021-02-26","2022-02-26","1466","Lexsynergy Limited","whois.lexsynergy.com","http://www.lexsynergy.com","REDACTED FOR PRIVACY","GM Gaming","REDACTED FOR PRIVACY","REDACTED FOR PRIVACY","XBX","REDACTED FOR PRIVACY","Malta","","REDACTED FOR PRIVACY","REDACTED FOR PRIVACY","REDACTED FOR PRIVACY","REDACTED FOR PRIVACY","REDACTED FOR PRIVACY","REDACTED FOR PRIVACY","REDACTED FOR PRIVACY","REDACTED FOR PRIVACY","REDACTED FOR PRIVACY","","REDACTED FOR PRIVACY","REDACTED FOR PRIVACY","REDACTED FOR PRIVACY","REDACTED FOR PRIVACY","REDACTED FOR PRIVACY","REDACTED FOR PRIVACY","REDACTED FOR PRIVACY","REDACTED FOR PRIVACY","REDACTED FOR PRIVACY","","REDACTED FOR PRIVACY","REDACTED FOR PRIVACY","","","","","","","","","","","dave.ns.cloudflare.com","leah.ns.cloudflare.com","","","addPeriod","clientDeleteProhibited","clientTransferProhibited","clientUpdateProhibited"
"4","betwaymoney.vegas","2021-03-01 14:52:49","2021-02-26","2021-02-26","2022-02-26","1466","Lexsynergy Limited","whois.lexsynergy.com","http://www.lexsynergy.com","GM Gaming","GM Gaming","","","","","Malta","","","","","","","","","","","","","","","","","","","","","","","","","","","","","","","","","","dave.ns.cloudflare.com","leah.ns.cloudflare.com","","","addPeriod","clientDeleteProhibited","clientTransferProhibited","clientUpdateProhibited"
"5","betwayscore.net","2021-03-01 15:42:33","2021-02-26","2021-02-26","2022-02-26","1466","Lexsynergy Limited","whois.lexsynergy.com","http://www.lexsynergy.com","REDACTED FOR PRIVACY","GM Gaming","REDACTED FOR PRIVACY","REDACTED FOR PRIVACY","","REDACTED FOR PRIVACY","Malta","12e2@privacy.domainnamebrandcompany.com","REDACTED FOR PRIVACY","REDACTED FOR PRIVACY","REDACTED FOR PRIVACY","REDACTED FOR PRIVACY","REDACTED FOR PRIVACY","REDACTED FOR PRIVACY","REDACTED FOR PRIVACY","REDACTED FOR PRIVACY","REDACTED FOR PRIVACY","12e2@privacy.domainnamebrandcompany.com","REDACTED FOR PRIVACY","REDACTED FOR PRIVACY","REDACTED FOR PRIVACY","REDACTED FOR PRIVACY","REDACTED FOR PRIVACY","REDACTED FOR PRIVACY","REDACTED FOR PRIVACY","REDACTED FOR PRIVACY","REDACTED FOR PRIVACY","12e2@privacy.domainnamebrandcompany.com","REDACTED FOR PRIVACY","REDACTED FOR PRIVACY","","","","","","","","","","","dave.ns.cloudflare.com","leah.ns.cloudflare.com","","","","","",""
"6","betwayscore.online","2021-03-01 15:39:21","2021-02-26","2021-02-26","2022-02-26","1466","Lexsynergy Limited","whois.lexsynergy.com","http://www.lexsynergy.com","GM Gaming","GM Gaming","","","","","Malta","","","","","","","","","","","","","","","","","","","","","","","","","","","","","","","","","","dave.ns.cloudflare.com","leah.ns.cloudflare.com","","","addPeriod","clientDeleteProhibited","clientTransferProhibited","clientUpdateProhibited"
"7","betwayscore.paris","2021-03-01 15:31:16","2021-02-26","2021-02-26","2022-02-26","1466","Lexsynergy Limited","whois.lexsynergy.com","http://www.lexsynergy.com","REDACTED FOR PRIVACY","GM Gaming","REDACTED FOR PRIVACY","REDACTED FOR PRIVACY","XBX","REDACTED FOR PRIVACY","Malta","","REDACTED FOR PRIVACY","REDACTED FOR PRIVACY","REDACTED FOR PRIVACY","REDACTED FOR PRIVACY","REDACTED FOR PRIVACY","REDACTED FOR PRIVACY","REDACTED FOR PRIVACY","REDACTED FOR PRIVACY","REDACTED FOR PRIVACY","","REDACTED FOR PRIVACY","REDACTED FOR PRIVACY","REDACTED FOR PRIVACY","REDACTED FOR PRIVACY","REDACTED FOR PRIVACY","REDACTED FOR PRIVACY","REDACTED FOR PRIVACY","REDACTED FOR PRIVACY","REDACTED FOR PRIVACY","","REDACTED FOR PRIVACY","REDACTED FOR PRIVACY","","","","","","","","","","","dave.ns.cloudflare.com","leah.ns.cloudflare.com","","","addPeriod","clientDeleteProhibited","clientTransferProhibited","clientUpdateProhibited"
"8","betwayscore.vegas","2021-03-01 14:52:53","2021-02-26","2021-02-26","2022-02-26","1466","Lexsynergy Limited","whois.lexsynergy.com","http://www.lexsynergy.com","GM Gaming","GM Gaming","","","","","Malta","","","","","","","","","","","","","","","","","","","","","","","","","","","","","","","","","","dave.ns.cloudflare.com","leah.ns.cloudflare.com","","","addPeriod","clientDeleteProhibited","clientTransferProhibited","clientUpdateProhibited"
"9","betwayscores.net","2021-03-01 15:42:37","2021-02-26","2021-02-26","2022-02-26","1466","Lexsynergy Limited","whois.lexsynergy.com","http://www.lexsynergy.com","REDACTED FOR PRIVACY","GM Gaming","REDACTED FOR PRIVACY","REDACTED FOR PRIVACY","","REDACTED FOR PRIVACY","Malta","12e2@privacy.domainnamebrandcompany.com","REDACTED FOR PRIVACY","REDACTED FOR PRIVACY","REDACTED FOR PRIVACY","REDACTED FOR PRIVACY","REDACTED FOR PRIVACY","REDACTED FOR PRIVACY","REDACTED FOR PRIVACY","REDACTED FOR PRIVACY","REDACTED FOR PRIVACY","12e2@privacy.domainnamebrandcompany.com","REDACTED FOR PRIVACY","REDACTED FOR PRIVACY","REDACTED FOR PRIVACY","REDACTED FOR PRIVACY","REDACTED FOR PRIVACY","REDACTED FOR PRIVACY","REDACTED FOR PRIVACY","REDACTED FOR PRIVACY","REDACTED FOR PRIVACY","12e2@privacy.domainnamebrandcompany.com","REDACTED FOR PRIVACY","REDACTED FOR PRIVACY","","","","","","","","","","","dave.ns.cloudflare.com","leah.ns.cloudflare.com","","","","","",""
"10","betwayscores.online","2021-03-01 15:42:19","2021-02-26","","2022-02-26","1466","Lexsynergy Limited","whois.lexsynergy.com","http://www.lexsynergy.com","GM Gaming","GM Gaming","","","","","Malta","","","","","","","","","","","","","","","","","","","","","","","","","","","","","","","","","","dave.ns.cloudflare.com","leah.ns.cloudflare.com","","","addPeriod","clientDeleteProhibited","clientTransferProhibited","clientUpdateProhibited"
"11","betwayscores.paris","2021-03-01 15:33:18","2021-02-26","2021-02-26","2022-02-26","1466","Lexsynergy Limited","whois.lexsynergy.com","http://www.lexsynergy.com","REDACTED FOR PRIVACY","GM Gaming","REDACTED FOR PRIVACY","REDACTED FOR PRIVACY","XBX","REDACTED FOR PRIVACY","Malta","","REDACTED FOR PRIVACY","REDACTED FOR PRIVACY","REDACTED FOR PRIVACY","REDACTED FOR PRIVACY","REDACTED FOR PRIVACY","REDACTED FOR PRIVACY","REDACTED FOR PRIVACY","REDACTED FOR PRIVACY","REDACTED FOR PRIVACY","","REDACTED FOR PRIVACY","REDACTED FOR PRIVACY","REDACTED FOR PRIVACY","REDACTED FOR PRIVACY","REDACTED FOR PRIVACY","REDACTED FOR PRIVACY","REDACTED FOR PRIVACY","REDACTED FOR PRIVACY","REDACTED FOR PRIVACY","","REDACTED FOR PRIVACY","REDACTED FOR PRIVACY","","","","","","","","","","","dave.ns.cloudflare.com","leah.ns.cloudflare.com","","","addPeriod","clientDeleteProhibited","clientTransferProhibited","clientUpdateProhibited"
"12","betwayscores.vegas","2021-03-01 14:52:53","2021-02-26","2021-02-26","2022-02-26","1466","Lexsynergy Limited","whois.lexsynergy.com","http://www.lexsynergy.com","GM Gaming","GM Gaming","","","","","Malta","","","","","","","","","","","","","","","","","","","","","","","","","","","","","","","","","","dave.ns.cloudflare.com","leah.ns.cloudflare.com","","","addPeriod","clientDeleteProhibited","clientTransferProhibited","clientUpdateProhibited"
"13","gamedok.net","2021-03-01 15:46:07","2021-02-26","2021-02-26","2022-02-26","146","GoDaddy.com, LLC","whois.godaddy.com","http://registrar.godaddy.com","STEVES&CO","STEVES&CO","","","Lija","","Malta","","","","","","","","","","","","","","","","","","","","","","","","","","","","","","","","","","ns09.domaincontrol.com","ns10.domaincontrol.com","","","clientDeleteProhibited","clientRenewProhibited","clientTransferProhibited","clientUpdateProhibited"
"14","hiliinstallationsmalta.com","2021-03-01 16:38:05","2021-02-27","2021-02-27","2023-02-27","146","GoDaddy.com, LLC","whois.godaddy.com","http://registrar.godaddy.com","","","","","Marsaxlokk","","Malta","","","","","","","","","","","","","","","","","","","","","","","","","","","","","","","","","","ns77.domaincontrol.com","ns78.domaincontrol.com","","","clientDeleteProhibited","clientRenewProhibited","clientTransferProhibited","clientUpdateProhibited"
"15","inubook.com","2021-03-01 14:33:00","2021-02-27","2021-02-27","2022-02-27","146","GoDaddy.com, LLC","whois.godaddy.com","http://registrar.godaddy.com","","","","","Malta Majjistral","","Malta","","","","","","","","","","","","","","","","","","","","","","","","","","","","","","","","","","ns05.domaincontrol.com","ns06.domaincontrol.com","","","clientDeleteProhibited","clientRenewProhibited","clientTransferProhibited","clientUpdateProhibited"
"16","outsiders.digital","2021-03-01 15:56:44","2021-02-26","2021-02-26","2022-02-26","146","GoDaddy.com, LLC","whois.godaddy.com","http://registrar.godaddy.com","REDACTED FOR PRIVACY","","REDACTED FOR PRIVACY","REDACTED FOR PRIVACY","Malta","REDACTED FOR PRIVACY","Malta","","REDACTED FOR PRIVACY","REDACTED FOR PRIVACY","","","","","","","","","","","","","","","","","","","","","","","","","","","","","","","","","","","addPeriod","clientDeleteProhibited","clientRenewProhibited","clientTransferProhibited"
"17","pglglobalsolutions.com","2021-03-01 16:19:40","2021-02-27","2021-02-28","2022-02-27","1647","Hosting Concepts B.V. dba Openprovider","whois.registrar.eu","http://www.openprovider.com","REDACTED FOR PRIVACY","","REDACTED FOR PRIVACY","REDACTED FOR PRIVACY","Mosta","REDACTED FOR PRIVACY","Malta","","REDACTED FOR PRIVACY","REDACTED FOR PRIVACY","REDACTED FOR PRIVACY","REDACTED FOR PRIVACY","REDACTED FOR PRIVACY","REDACTED FOR PRIVACY","REDACTED FOR PRIVACY","REDACTED FOR PRIVACY","REDACTED FOR PRIVACY","","REDACTED FOR PRIVACY","REDACTED FOR PRIVACY","REDACTED FOR PRIVACY","REDACTED FOR PRIVACY","REDACTED FOR PRIVACY","REDACTED FOR PRIVACY","REDACTED FOR PRIVACY","REDACTED FOR PRIVACY","REDACTED FOR PRIVACY","","REDACTED FOR PRIVACY","REDACTED FOR PRIVACY","","","","","","","","","","","dns1.sered.net","dns2.sered.net","","","clientTransferProhibited","ok","",""
"18","tarimismakine.info","2021-03-01 15:50:14","2021-02-27","2021-02-27","2022-02-27","146","GoDaddy.com, LLC","whois.godaddy.com","http://registrar.godaddy.com","Tuzun International Management Holding Ltd","Tuzun International Management Holding Ltd","","","Naxxar","","Malta","","","","","","","","","","","","","","","","","","","","","","","","","","","","","","","","","","ns51.domaincontrol.com","ns52.domaincontrol.com","","","addPeriod","clientDeleteProhibited","clientRenewProhibited","clientTransferProhibited"
"19","ubuntubet.com","2021-03-01 16:03:51","2021-02-27","2021-02-27","2022-02-27","146","GoDaddy.com, LLC","whois.godaddy.com","http://registrar.godaddy.com","","","","","sliema","","Malta","","","","","","","","","","","","","","","","","","","","","","","","","","","","","","","","","","ns57.domaincontrol.com","ns58.domaincontrol.com","","","clientDeleteProhibited","clientRenewProhibited","clientTransferProhibited","clientUpdateProhibited"
"20","yourapartmentcatania.com","2021-03-01 14:37:50","2021-02-27","2021-02-27","2023-02-27","146","GoDaddy.com, LLC","whois.godaddy.com","http://registrar.godaddy.com","Antonino Caruso","Antonino Caruso","","","Catania","","Malta","","","","","","","","","","","","","","","","","","","","","","","","","","","","","","","","","","ns55.domaincontrol.com","ns56.domaincontrol.com","","","clientDeleteProhibited","clientRenewProhibited","clientTransferProhibited","clientUpdateProhibited"