"num","domain_name","query_time","create_date","update_date","expiry_date","domain_registrar_id","domain_registrar_name","domain_registrar_whois","domain_registrar_url","registrant_name","registrant_company","registrant_address","registrant_city","registrant_state","registrant_zip","registrant_country","registrant_email","registrant_phone","registrant_fax","administrative_name","administrative_company","administrative_address","administrative_city","administrative_state","administrative_zip","administrative_country","administrative_email","administrative_phone","administrative_fax","technical_name","technical_company","technical_address","technical_city","technical_state","technical_zip","technical_country","technical_email","technical_phone","technical_fax","billing_name","billing_company","billing_address","billing_city","billing_state","billing_zip","billing_country","billing_email","billing_phone","billing_fax","name_server_1","name_server_2","name_server_3","name_server_4","domain_status_1","domain_status_2","domain_status_3","domain_status_4"
"1","amnesi-a.com","2021-02-25 18:46:07","2021-02-23","2021-02-23","2022-02-23","48","eNom, Inc.","whois.enom.com","http://www.enom.com","REDACTED FOR PRIVACY","REDACTED FOR PRIVACY","REDACTED FOR PRIVACY","REDACTED FOR PRIVACY","Straseni","REDACTED FOR PRIVACY","Moldova, Republic Of","","REDACTED FOR PRIVACY","REDACTED FOR PRIVACY","REDACTED FOR PRIVACY","REDACTED FOR PRIVACY","REDACTED FOR PRIVACY","REDACTED FOR PRIVACY","REDACTED FOR PRIVACY","REDACTED FOR PRIVACY","REDACTED FOR PRIVACY","","REDACTED FOR PRIVACY","REDACTED FOR PRIVACY","REDACTED FOR PRIVACY","REDACTED FOR PRIVACY","REDACTED FOR PRIVACY","REDACTED FOR PRIVACY","REDACTED FOR PRIVACY","REDACTED FOR PRIVACY","REDACTED FOR PRIVACY","","REDACTED FOR PRIVACY","REDACTED FOR PRIVACY","","","","","","","","","","","ns4.tophost.md","ns5.tophost.md","","","addPeriod","clientTransferProhibited","",""
"2","ascult.online","2021-03-01 15:38:10","2021-02-26","2021-02-26","2022-02-26","146","GoDaddy.com, LLC","whois.godaddy.com","http://registrar.godaddy.com","","","","","MD","","Moldova, Republic Of","","","","","","","","","","","","","","","","","","","","","","","","","","","","","","","","","","ns69.domaincontrol.com","ns70.domaincontrol.com","","","addPeriod","clientDeleteProhibited","clientRenewProhibited","clientTransferProhibited"
"3","away.wine","2021-03-01 14:51:22","2021-02-26","2021-02-26","2022-02-26","146","GoDaddy.com, LLC","whois.godaddy.com","http://registrar.godaddy.com","REDACTED FOR PRIVACY","","REDACTED FOR PRIVACY","REDACTED FOR PRIVACY","Chisinau","REDACTED FOR PRIVACY","Moldova, Republic Of","","REDACTED FOR PRIVACY","REDACTED FOR PRIVACY","","","","","","","","","","","","","","","","","","","","","","","","","","","","","","","","","","","addPeriod","clientDeleteProhibited","clientRenewProhibited","clientTransferProhibited"
"4","bottrade.xyz","2021-03-01 14:49:28","2021-02-27","2021-02-27","2022-02-27","146","GoDaddy.com, LLC","whois.godaddy.com","http://registrar.godaddy.com","hueta","hueta","","","moscow","","Moldova, Republic Of","","","","","","","","","","","","","","","","","","","","","","","","","","","","","","","","","","ns77.domaincontrol.com","ns78.domaincontrol.com","","","addPeriod","clientDeleteProhibited","clientRenewProhibited","clientTransferProhibited"
"5","fiifit.online","2021-03-01 15:37:38","2021-02-26","","2022-02-26","3806","Beget LLC","","","Not Applicable","Not Applicable","","","Chisinau","","Moldova, Republic Of","","","","","","","","","","","","","","","","","","","","","","","","","","","","","","","","","","ns1.beget.com","ns1.beget.pro","ns2.beget.com","ns2.beget.pro","addPeriod","clientTransferProhibited","serverTransferProhibited",""
"6","go-storemd.com","2021-03-01 16:40:48","2021-02-27","2021-02-27","2022-02-27","146","GoDaddy.com, LLC","whois.godaddy.com","http://registrar.godaddy.com","","","","","Chisinau","","Moldova, Republic Of","","","","","","","","","","","","","","","","","","","","","","","","","","","","","","","","","","ns1.beget.com","ns1.beget.pro","ns2.beget.com","ns2.beget.pro","clientDeleteProhibited","clientRenewProhibited","clientTransferProhibited","clientUpdateProhibited"
"7","haisaslabim.com","2021-03-01 14:26:28","2021-02-27","2021-02-27","2022-02-27","146","GoDaddy.com, LLC","whois.godaddy.com","http://registrar.godaddy.com","","","","","Bacioi","","Moldova, Republic Of","","","","","","","","","","","","","","","","","","","","","","","","","","","","","","","","","","ns1.beget.com","ns1.beget.pro","ns2.beget.com","ns2.beget.pro","clientDeleteProhibited","clientRenewProhibited","clientTransferProhibited","clientUpdateProhibited"
"8","howchange.xyz","2021-03-01 14:48:50","2021-02-27","2021-02-28","2022-02-27","1606","Limited Liability Company 'Registrar of domain names REG.RU'","whois.reg.ru","http://www.reg.ru","","","","","Hinacesti","","Moldova, Republic Of","stefannovacov@mail.ru","+373.62091548","","","","","","","","","stefannovacov@mail.ru","+373.62091548","","","","","","","","","stefannovacov@mail.ru","+373.62091548","","","","","","","","","stefannovacov@mail.ru","+373.62091548","","ns1.hosterion.com","ns1.hosterion.net","ns2.hosterion.com","ns2.hosterion.net","addPeriod","serverTransferProhibited","",""
"9","lina-fier.net","2021-03-01 14:42:36","2021-02-26","","2022-02-26","839","Realtime Register B.V.","whois.yoursrs.com","http://www.realtimeregister.com","REDACTED FOR PRIVACY","REDACTED FOR PRIVACY","REDACTED FOR PRIVACY","REDACTED FOR PRIVACY","Bacioi","REDACTED FOR PRIVACY","Moldova, Republic Of","","REDACTED FOR PRIVACY","REDACTED FOR PRIVACY","REDACTED FOR PRIVACY","REDACTED FOR PRIVACY","REDACTED FOR PRIVACY","REDACTED FOR PRIVACY","REDACTED FOR PRIVACY","REDACTED FOR PRIVACY","REDACTED FOR PRIVACY","","REDACTED FOR PRIVACY","REDACTED FOR PRIVACY","REDACTED FOR PRIVACY","REDACTED FOR PRIVACY","REDACTED FOR PRIVACY","REDACTED FOR PRIVACY","REDACTED FOR PRIVACY","REDACTED FOR PRIVACY","REDACTED FOR PRIVACY","","REDACTED FOR PRIVACY","REDACTED FOR PRIVACY","","","","","","","","","","","suspension1.mydomainprovider.com","suspension2.mydomainprovider.com","","","OK","","",""
"10","lumeafierului.net","2021-03-01 14:42:30","2021-02-26","","2022-02-26","839","Realtime Register B.V.","whois.yoursrs.com","http://www.realtimeregister.com","REDACTED FOR PRIVACY","REDACTED FOR PRIVACY","REDACTED FOR PRIVACY","REDACTED FOR PRIVACY","Bacioi","REDACTED FOR PRIVACY","Moldova, Republic Of","","REDACTED FOR PRIVACY","REDACTED FOR PRIVACY","REDACTED FOR PRIVACY","REDACTED FOR PRIVACY","REDACTED FOR PRIVACY","REDACTED FOR PRIVACY","REDACTED FOR PRIVACY","REDACTED FOR PRIVACY","REDACTED FOR PRIVACY","","REDACTED FOR PRIVACY","REDACTED FOR PRIVACY","REDACTED FOR PRIVACY","REDACTED FOR PRIVACY","REDACTED FOR PRIVACY","REDACTED FOR PRIVACY","REDACTED FOR PRIVACY","REDACTED FOR PRIVACY","REDACTED FOR PRIVACY","","REDACTED FOR PRIVACY","REDACTED FOR PRIVACY","","","","","","","","","","","suspension1.mydomainprovider.com","suspension2.mydomainprovider.com","","","OK","","",""
"11","md-superstore.com","2021-03-01 16:28:50","2021-02-27","2021-02-27","2022-02-27","146","GoDaddy.com, LLC","whois.godaddy.com","http://registrar.godaddy.com","","","","","Cimislia","","Moldova, Republic Of","","","","","","","","","","","","","","","","","","","","","","","","","","","","","","","","","","ns1.beget.com","ns1.beget.pro","ns2.beget.com","ns2.beget.pro","clientDeleteProhibited","clientRenewProhibited","clientTransferProhibited","clientUpdateProhibited"
"12","mticket.online","2021-03-01 15:38:21","2021-02-26","2021-02-26","2022-02-26","146","GoDaddy.com, LLC","whois.godaddy.com","http://registrar.godaddy.com","","","","","Chisinau","","Moldova, Republic Of","","","","","","","","","","","","","","","","","","","","","","","","","","","","","","","","","","ns69.domaincontrol.com","ns70.domaincontrol.com","","","addPeriod","clientDeleteProhibited","clientRenewProhibited","clientTransferProhibited"
"13","nyxecoshop.com","2021-03-01 16:22:42","2021-02-27","2021-02-27","2022-02-27","106","Ascio Technologies, Inc. Danmark - Filial af Ascio technologies, Inc. USA","whois.ascio.com","http://www.ascio.com","Not Disclosed","Not Disclosed","Not Disclosed","Not Disclosed","","Not Disclosed","Moldova, Republic Of","","Not Disclosed","Not Disclosed","Not Disclosed","Not Disclosed","Not Disclosed","Not Disclosed","Not Disclosed","Not Disclosed","Not Disclosed","","Not Disclosed","Not Disclosed","Not Disclosed","Not Disclosed","Not Disclosed","Not Disclosed","Not Disclosed","Not Disclosed","Not Disclosed","","Not Disclosed","Not Disclosed","","","","","","","","","","","dns1.123hjemmeside.dk","dns2.123hjemmeside.dk","dns3.123hjemmeside.dk","","OK","","",""
"14","property-vancouver.com","2021-03-01 16:17:33","2021-02-27","2021-02-27","2022-02-27","146","GoDaddy.com, LLC","whois.godaddy.com","http://registrar.godaddy.com","","","","","Chisinau","","Moldova, Republic Of","","","","","","","","","","","","","","","","","","","","","","","","","","","","","","","","","","ns1.zoom-rea.com","ns2.zoom-rea.com","","","clientDeleteProhibited","clientRenewProhibited","clientTransferProhibited","clientUpdateProhibited"
"15","qc-property.com","2021-03-01 14:36:11","2021-02-27","2021-02-27","2022-02-27","146","GoDaddy.com, LLC","whois.godaddy.com","http://registrar.godaddy.com","","","","","Chisinau","","Moldova, Republic Of","","","","","","","","","","","","","","","","","","","","","","","","","","","","","","","","","","ns1.zoom-rea.com","ns2.zoom-rea.com","","","clientDeleteProhibited","clientRenewProhibited","clientTransferProhibited","clientUpdateProhibited"
"16","reddit-clone.tech","2021-03-01 15:24:10","2021-02-26","2021-02-26","2022-02-26","1913","DOTSERVE INC.","whois.nic.press","http://nic.press","","","","","2252","","Moldova, Republic Of","","","","","","","","","","","","","","","","","","","","","","","","","","","","","","","","","","cont603385.earth.orderbox-dns.com","cont603385.mars.orderbox-dns.com","cont603385.mercury.orderbox-dns.com","cont603385.venus.orderbox-dns.com","addPeriod","clientTransferProhibited","serverTransferProhibited",""
"17","sagions.online","2021-03-01 15:34:44","2021-02-26","","2022-02-26","3806","Beget LLC","","","Not Applicable","Not Applicable","","","Pridnestrovskaya Moldavskaya Respublika","","Moldova, Republic Of","","","","","","","","","","","","","","","","","","","","","","","","","","","","","","","","","","ns1.beget.com","ns1.beget.pro","ns2.beget.com","ns2.beget.pro","addPeriod","clientTransferProhibited","serverTransferProhibited",""
"18","smiskare.net","2021-03-01 15:43:41","2021-02-26","2021-02-26","2022-02-26","1519","NETIM SARL","whois.netim.com","http://www.netim.com","REDACTED","","REDACTED","REDACTED","","REDACTED","Moldova, Republic Of","","REDACTED","REDACTED","REDACTED","","REDACTED","REDACTED","REDACTED","REDACTED","REDACTED","","REDACTED","REDACTED","REDACTED","","REDACTED","REDACTED","REDACTED","REDACTED","REDACTED","","REDACTED","REDACTED","","","","","","","","","","","ns1.netim.net","ns2.netim.net","ns3.netim.net","","clientTransferProhibited","ok","",""
"19","steannconnnnunity.com","2021-03-01 16:10:39","2021-02-27","2021-02-27","2022-02-27","146","GoDaddy.com, LLC","whois.godaddy.com","http://registrar.godaddy.com","hueta","hueta","","","moscow","","Moldova, Republic Of","","","","","","","","","","","","","","","","","","","","","","","","","","","","","","","","","","ns77.domaincontrol.com","ns78.domaincontrol.com","","","clientDeleteProhibited","clientRenewProhibited","clientTransferProhibited","clientUpdateProhibited"
"20","tapny.info","2021-03-01 15:50:14","2021-02-27","2021-02-27","2022-02-27","146","GoDaddy.com, LLC","whois.godaddy.com","http://registrar.godaddy.com","","","","","UNG","","Moldova, Republic Of","","","","","","","","","","","","","","","","","","","","","","","","","","","","","","","","","","ns1.zomro.net","ns2.zomro.ru","ns3.zomro.com","ns4.zomro.su","addPeriod","clientDeleteProhibited","clientRenewProhibited","clientTransferProhibited"
"21","topgold1.com","2021-03-01 17:34:55","2021-02-27","2021-02-27","2022-02-27","1449","URL Solutions, Inc.","whois.pananames.com","http://www.panamanames.com","Viktor Furnika","IP Furnika Viktor","Ul. Nikolaya Starostenko, 25, 25, Kishinev","Kishinev","DC","00001","Moldova, Republic Of","furnika.viktor@yandex.ru","+7.9257797814","","Viktor Furnika","IP Furnika Viktor","Ul. Nikolaya Starostenko, 25, 25, Kishinev","Kishinev","DC","00001","Moldova, Republic Of","furnika.viktor@yandex.ru","+7.9257797814","","Viktor Furnika","IP Furnika Viktor","Ul. Nikolaya Starostenko, 25, 25, Kishinev","Kishinev","DC","00001","Moldova, Republic Of","furnika.viktor@yandex.ru","+7.9257797814","","","","","","","","","","","","ns1.fozzy.com","ns2.fozzy.com","","","clientTransferProhibited","","",""