"num","domain_name","query_time","create_date","update_date","expiry_date","domain_registrar_id","domain_registrar_name","domain_registrar_whois","domain_registrar_url","registrant_name","registrant_company","registrant_address","registrant_city","registrant_state","registrant_zip","registrant_country","registrant_email","registrant_phone","registrant_fax","administrative_name","administrative_company","administrative_address","administrative_city","administrative_state","administrative_zip","administrative_country","administrative_email","administrative_phone","administrative_fax","technical_name","technical_company","technical_address","technical_city","technical_state","technical_zip","technical_country","technical_email","technical_phone","technical_fax","billing_name","billing_company","billing_address","billing_city","billing_state","billing_zip","billing_country","billing_email","billing_phone","billing_fax","name_server_1","name_server_2","name_server_3","name_server_4","domain_status_1","domain_status_2","domain_status_3","domain_status_4"
"1","deafmongolia.com","2021-03-01 16:49:52","2021-02-27","2021-02-27","2022-02-27","3775","ALIBABA.COM SINGAPORE E-COMMERCE PRIVATE LIMITED","","","","","","","Tuv","","Mongolia","","","","","","","","","","","","","","","","","","","","","","","","","","","","","","","","","","ns7.alidns.com","ns8.alidns.com","","","OK","","",""
"2","imezu.com","2021-03-01 17:27:56","2021-02-27","2021-02-27","2022-02-27","303","PDR Ltd. d/b/a PublicDomainRegistry.com","whois.publicdomainregistry.com","http://www.publicdomainregistry.com","Munkh-ochir Nergui","","songinokhairkhanduureg ulaanbaatar hot","Ulaanbaatar","Songinokhairkhan","12800","Mongolia","chgkade@gmail.com","+976.94623919","","Munkh-ochir Nergui","","songinokhairkhanduureg ulaanbaatar hot","Ulaanbaatar","Songinokhairkhan","12800","Mongolia","chgkade@gmail.com","+976.94623919","","Munkh-ochir Nergui","","songinokhairkhanduureg ulaanbaatar hot","Ulaanbaatar","Songinokhairkhan","12800","Mongolia","chgkade@gmail.com","+976.94623919","","","","","","","","","","","","dns21.isafespace.com","dns22.isafespace.com","dns23.isafespace.com","dns24.isafespace.com","clientTransferProhibited","","",""
"3","temuka.net","2021-03-01 14:40:54","2021-02-26","2021-02-26","2022-02-26","69","Tucows Domains Inc.","whois.tucows.com","http://domainhelp.opensrs.net","REDACTED FOR PRIVACY","REDACTED FOR PRIVACY","REDACTED FOR PRIVACY","REDACTED FOR PRIVACY","Ulaanbaatar","REDACTED FOR PRIVACY","Mongolia","","REDACTED FOR PRIVACY","REDACTED FOR PRIVACY","REDACTED FOR PRIVACY","REDACTED FOR PRIVACY","REDACTED FOR PRIVACY","REDACTED FOR PRIVACY","REDACTED FOR PRIVACY","REDACTED FOR PRIVACY","REDACTED FOR PRIVACY","","REDACTED FOR PRIVACY","REDACTED FOR PRIVACY","REDACTED FOR PRIVACY","REDACTED FOR PRIVACY","REDACTED FOR PRIVACY","REDACTED FOR PRIVACY","REDACTED FOR PRIVACY","REDACTED FOR PRIVACY","REDACTED FOR PRIVACY","","REDACTED FOR PRIVACY","REDACTED FOR PRIVACY","","","","","","","","","","","cdns1.interserver.net","cdns2.interserver.net","cdns3.interserver.net","","OK","","",""
"4","ubpanz.com","2021-03-01 17:27:42","2021-02-27","2021-02-27","2022-02-27","303","PDR Ltd. d/b/a PublicDomainRegistry.com","whois.publicdomainregistry.com","http://www.publicdomainregistry.com","Bilguun Munkhjargal","Bilguun","23rd toot, 41th bair, 4th khoroo","Ulaanbaatar","Ulaanbaatar","16050","Mongolia","bbt.bilguun@gmail.com","+976.80117561","","Bilguun Munkhjargal","Bilguun","23rd toot, 41th bair, 4th khoroo","Ulaanbaatar","Ulaanbaatar","16050","Mongolia","bbt.bilguun@gmail.com","+976.80117561","","Bilguun Munkhjargal","Bilguun","23rd toot, 41th bair, 4th khoroo","Ulaanbaatar","Ulaanbaatar","16050","Mongolia","bbt.bilguun@gmail.com","+976.80117561","","","","","","","","","","","","dns21.isafespace.com","dns22.isafespace.com","dns23.isafespace.com","dns24.isafespace.com","clientTransferProhibited","","",""
"5","yaasangeech.com","2021-03-01 14:38:20","2021-02-27","2021-02-27","2022-02-27","886","Domain.com, LLC","whois.domain.com","http://www.domain.com","REDACTED FOR PRIVACY","REDACTED FOR PRIVACY","REDACTED FOR PRIVACY","REDACTED FOR PRIVACY","NA","REDACTED FOR PRIVACY","Mongolia","","REDACTED FOR PRIVACY","REDACTED FOR PRIVACY","REDACTED FOR PRIVACY","REDACTED FOR PRIVACY","REDACTED FOR PRIVACY","REDACTED FOR PRIVACY","REDACTED FOR PRIVACY","REDACTED FOR PRIVACY","REDACTED FOR PRIVACY","","REDACTED FOR PRIVACY","REDACTED FOR PRIVACY","REDACTED FOR PRIVACY","REDACTED FOR PRIVACY","REDACTED FOR PRIVACY","REDACTED FOR PRIVACY","REDACTED FOR PRIVACY","REDACTED FOR PRIVACY","REDACTED FOR PRIVACY","","REDACTED FOR PRIVACY","REDACTED FOR PRIVACY","","","","","","","","","","","ns1.ipage.com","ns2.ipage.com","","","clientTransferProhibited","clientUpdateProhibited","",""