"num","domain_name","query_time","create_date","update_date","expiry_date","domain_registrar_id","domain_registrar_name","domain_registrar_whois","domain_registrar_url","registrant_name","registrant_company","registrant_address","registrant_city","registrant_state","registrant_zip","registrant_country","registrant_email","registrant_phone","registrant_fax","administrative_name","administrative_company","administrative_address","administrative_city","administrative_state","administrative_zip","administrative_country","administrative_email","administrative_phone","administrative_fax","technical_name","technical_company","technical_address","technical_city","technical_state","technical_zip","technical_country","technical_email","technical_phone","technical_fax","billing_name","billing_company","billing_address","billing_city","billing_state","billing_zip","billing_country","billing_email","billing_phone","billing_fax","name_server_1","name_server_2","name_server_3","name_server_4","domain_status_1","domain_status_2","domain_status_3","domain_status_4"
"1","aesthdolls.com","2021-03-01 17:01:15","2021-02-27","2021-02-27","2022-02-27","886","Domain.com, LLC","whois.domain.com","http://www.domain.com","REDACTED FOR PRIVACY","REDACTED FOR PRIVACY","REDACTED FOR PRIVACY","REDACTED FOR PRIVACY","na","REDACTED FOR PRIVACY","Morocco","","REDACTED FOR PRIVACY","REDACTED FOR PRIVACY","REDACTED FOR PRIVACY","REDACTED FOR PRIVACY","REDACTED FOR PRIVACY","REDACTED FOR PRIVACY","REDACTED FOR PRIVACY","REDACTED FOR PRIVACY","REDACTED FOR PRIVACY","","REDACTED FOR PRIVACY","REDACTED FOR PRIVACY","REDACTED FOR PRIVACY","REDACTED FOR PRIVACY","REDACTED FOR PRIVACY","REDACTED FOR PRIVACY","REDACTED FOR PRIVACY","REDACTED FOR PRIVACY","REDACTED FOR PRIVACY","","REDACTED FOR PRIVACY","REDACTED FOR PRIVACY","","","","","","","","","","","ns1.domain.com","ns2.domain.com","","","","","",""
"2","agencystore.store","2021-03-01 15:27:40","2021-02-26","2021-02-26","2022-02-26","146","GoDaddy.com, LLC","whois.godaddy.com","http://registrar.godaddy.com","","","","","Los Angles","","Morocco","","","","","","","","","","","","","","","","","","","","","","","","","","","","","","","","","","ns29.domaincontrol.com","ns30.domaincontrol.com","","","addPeriod","clientDeleteProhibited","clientRenewProhibited","clientTransferProhibited"
"3","aineevin.site","2021-03-01 15:29:52","2021-02-26","2021-02-26","2022-02-26","146","GoDaddy.com, LLC","whois.godaddy.com","http://registrar.godaddy.com","Vital marketing","Vital marketing","","","Tanger/asilah","","Morocco","","","","","","","","","","","","","","","","","","","","","","","","","","","","","","","","","","ns11.domaincontrol.com","ns12.domaincontrol.com","","","addPeriod","clientDeleteProhibited","clientRenewProhibited","clientTransferProhibited"
"4","alabdi.com","2021-03-01 17:00:39","2021-02-27","2021-02-27","2023-02-27","146","GoDaddy.com, LLC","whois.godaddy.com","http://registrar.godaddy.com","","","","","Sept gzoula","","Morocco","","","","","","","","","","","","","","","","","","","","","","","","","","","","","","","","","","ns21.domaincontrol.com","ns22.domaincontrol.com","","","clientDeleteProhibited","clientRenewProhibited","clientTransferProhibited","clientUpdateProhibited"
"5","albertnl.us","2021-03-01 19:32:37","2021-03-01","2021-03-01","2022-03-01","1068","NameCheap, Inc.","whois.namecheap.com","http://www.namecheap.com","bilal amesnaou","bilalamesnaw","HAY BAROUAKA RUE 10 N 10 TANGER","TANGER","tangertetuan","90000","Morocco","bilalamsn1994@gmail.com","+212.0620062092","","bilal amesnaou","bilalamesnaw","HAY BAROUAKA RUE 10 N 10 TANGER","TANGER","tangertetuan","90000","Morocco","bilalamsn1994@gmail.com","+212.0620062092","","bilal amesnaou","bilalamesnaw","HAY BAROUAKA RUE 10 N 10 TANGER","TANGER","tangertetuan","90000","Morocco","bilalamsn1994@gmail.com","+212.0620062092","","","","","","","","","","","","dns1.registrar-servers.com","dns2.registrar-servers.com","","","addPeriod","clientTransferProhibited","",""
"6","allazhin.site","2021-03-01 15:29:52","2021-02-26","2021-02-26","2022-02-26","146","GoDaddy.com, LLC","whois.godaddy.com","http://registrar.godaddy.com","Vital marketing","Vital marketing","","","Tanger/asilah","","Morocco","","","","","","","","","","","","","","","","","","","","","","","","","","","","","","","","","","ns55.domaincontrol.com","ns56.domaincontrol.com","","","addPeriod","clientDeleteProhibited","clientRenewProhibited","clientTransferProhibited"
"7","amalur-logistics.com","2021-03-01 17:00:03","2021-02-27","2021-02-27","2022-02-27","146","GoDaddy.com, LLC","whois.godaddy.com","http://registrar.godaddy.com","","","","","MOROCCO","","Morocco","","","","","","","","","","","","","","","","","","","","","","","","","","","","","","","","","","ns11.domaincontrol.com","ns12.domaincontrol.com","","","clientDeleteProhibited","clientRenewProhibited","clientTransferProhibited","clientUpdateProhibited"
"8","antalyaservices.com","2021-03-01 16:59:20","2021-02-27","2021-02-27","2022-02-27","1647","Hosting Concepts B.V. dba Openprovider","whois.registrar.eu","http://www.openprovider.com","REDACTED FOR PRIVACY","","REDACTED FOR PRIVACY","REDACTED FOR PRIVACY","rabat","REDACTED FOR PRIVACY","Morocco","","REDACTED FOR PRIVACY","REDACTED FOR PRIVACY","REDACTED FOR PRIVACY","REDACTED FOR PRIVACY","REDACTED FOR PRIVACY","REDACTED FOR PRIVACY","REDACTED FOR PRIVACY","REDACTED FOR PRIVACY","REDACTED FOR PRIVACY","","REDACTED FOR PRIVACY","REDACTED FOR PRIVACY","REDACTED FOR PRIVACY","REDACTED FOR PRIVACY","REDACTED FOR PRIVACY","REDACTED FOR PRIVACY","REDACTED FOR PRIVACY","REDACTED FOR PRIVACY","REDACTED FOR PRIVACY","","REDACTED FOR PRIVACY","REDACTED FOR PRIVACY","","","","","","","","","","","ns1.heberfacile.net","ns2.heberfacile.net","","","clientTransferProhibited","ok","",""
"9","arlingekil.site","2021-03-01 15:29:51","2021-02-26","2021-02-26","2022-02-26","146","GoDaddy.com, LLC","whois.godaddy.com","http://registrar.godaddy.com","Vital marketing","Vital marketing","","","Tanger/asilah","","Morocco","","","","","","","","","","","","","","","","","","","","","","","","","","","","","","","","","","ns11.domaincontrol.com","ns12.domaincontrol.com","","","addPeriod","clientDeleteProhibited","clientRenewProhibited","clientTransferProhibited"
"10","arneeoakim.site","2021-03-01 15:29:51","2021-02-26","2021-02-26","2022-02-26","146","GoDaddy.com, LLC","whois.godaddy.com","http://registrar.godaddy.com","Vital marketing","Vital marketing","","","Tanger/asilah","","Morocco","","","","","","","","","","","","","","","","","","","","","","","","","","","","","","","","","","ns55.domaincontrol.com","ns56.domaincontrol.com","","","addPeriod","clientDeleteProhibited","clientRenewProhibited","clientTransferProhibited"
"11","artgo.site","2021-03-01 15:29:51","2021-02-26","2021-02-26","2022-02-26","146","GoDaddy.com, LLC","whois.godaddy.com","http://registrar.godaddy.com","abdomed","abdomed","","","TANGER TETOUAN","","Morocco","","","","","","","","","","","","","","","","","","","","","","","","","","","","","","","","","","ns77.domaincontrol.com","ns78.domaincontrol.com","","","addPeriod","clientDeleteProhibited","clientRenewProhibited","clientTransferProhibited"
"12","avocadoca.com","2021-03-01 17:19:52","2021-02-27","2021-02-27","2022-02-27","955","Launchpad, Inc.","whois.launchpad.com","http://www.launchpad.com","hayat faiz","","HAY EL NAHDA Rue 26 N1 azilal","azilal","AZI","22000","Morocco","hayatfaz83@gmail.com","+212.676592949","","hayat faiz","","HAY EL NAHDA Rue 26 N1 azilal","azilal","AZI","22000","Morocco","hayatfaz83@gmail.com","+212.676592949","","hayat faiz","","HAY EL NAHDA Rue 26 N1 azilal","azilal","AZI","22000","Morocco","hayatfaz83@gmail.com","+212.676592949","","","","","","","","","","","","ns8507.hostgator.com","ns8508.hostgator.com","","","clientTransferProhibited","","",""
"13","ayoichieao.site","2021-03-01 15:29:55","2021-02-26","2021-02-26","2022-02-26","146","GoDaddy.com, LLC","whois.godaddy.com","http://registrar.godaddy.com","Vital marketing","Vital marketing","","","Tanger/asilah","","Morocco","","","","","","","","","","","","","","","","","","","","","","","","","","","","","","","","","","ns55.domaincontrol.com","ns56.domaincontrol.com","","","addPeriod","clientDeleteProhibited","clientRenewProhibited","clientTransferProhibited"
"14","azar1.online","2021-03-01 15:38:04","2021-02-26","2021-02-26","2022-02-26","146","GoDaddy.com, LLC","whois.godaddy.com","http://registrar.godaddy.com","","","","","Sous-Massa-Draa","","Morocco","","","","","","","","","","","","","","","","","","","","","","","","","","","","","","","","","","ns39.domaincontrol.com","ns40.domaincontrol.com","","","addPeriod","clientDeleteProhibited","clientRenewProhibited","clientTransferProhibited"
"15","azsistieoui.site","2021-03-01 15:29:54","2021-02-26","2021-02-26","2022-02-26","146","GoDaddy.com, LLC","whois.godaddy.com","http://registrar.godaddy.com","Vital marketing","Vital marketing","","","Tanger/asilah","","Morocco","","","","","","","","","","","","","","","","","","","","","","","","","","","","","","","","","","ns11.domaincontrol.com","ns12.domaincontrol.com","","","addPeriod","clientDeleteProhibited","clientRenewProhibited","clientTransferProhibited"
"16","benarea.com","2021-03-01 17:42:37","2021-02-27","2021-02-27","2022-02-27","433","OVH sas","whois.ovh.com","http://www.ovh.com","REDACTED FOR PRIVACY","","REDACTED FOR PRIVACY","REDACTED FOR PRIVACY","","REDACTED FOR PRIVACY","Morocco","pgue7ld31yqgddzqq5j6@x.o-w-o.info","REDACTED FOR PRIVACY","REDACTED FOR PRIVACY","REDACTED FOR PRIVACY","REDACTED FOR PRIVACY","REDACTED FOR PRIVACY","REDACTED FOR PRIVACY","REDACTED FOR PRIVACY","REDACTED FOR PRIVACY","REDACTED FOR PRIVACY","amswnjt097zd9z3kxxox@y.o-w-o.info","REDACTED FOR PRIVACY","REDACTED FOR PRIVACY","REDACTED FOR PRIVACY","REDACTED FOR PRIVACY","REDACTED FOR PRIVACY","REDACTED FOR PRIVACY","REDACTED FOR PRIVACY","REDACTED FOR PRIVACY","REDACTED FOR PRIVACY","amswnjt097zd9z3kxxox@y.o-w-o.info","REDACTED FOR PRIVACY","REDACTED FOR PRIVACY","","","","","","","","","","","dns108.ovh.net","ns108.ovh.net","","","clientDeleteProhibited","clientTransferProhibited","",""
"17","bestgears4u.com","2021-03-01 16:55:58","2021-02-27","2021-02-27","2022-02-27","146","GoDaddy.com, LLC","whois.godaddy.com","http://registrar.godaddy.com","bestgears4u","bestgears4u","","","cht ait baha","","Morocco","","","","","","","","","","","","","","","","","","","","","","","","","","","","","","","","","","ns45.domaincontrol.com","ns46.domaincontrol.com","","","clientDeleteProhibited","clientRenewProhibited","clientTransferProhibited","clientUpdateProhibited"
"18","bionaturepower.com","2021-03-01 16:54:51","2021-02-27","2021-02-27","2022-02-27","433","OVH sas","whois.ovh.com","http://www.ovh.com","REDACTED FOR PRIVACY","","REDACTED FOR PRIVACY","REDACTED FOR PRIVACY","","REDACTED FOR PRIVACY","Morocco","wx44ysc5h5vmxj2ia7o1@y.o-w-o.info","REDACTED FOR PRIVACY","REDACTED FOR PRIVACY","REDACTED FOR PRIVACY","REDACTED FOR PRIVACY","REDACTED FOR PRIVACY","REDACTED FOR PRIVACY","REDACTED FOR PRIVACY","REDACTED FOR PRIVACY","REDACTED FOR PRIVACY","tomitp4uuzux6fmhenci@i.o-w-o.info","REDACTED FOR PRIVACY","REDACTED FOR PRIVACY","REDACTED FOR PRIVACY","REDACTED FOR PRIVACY","REDACTED FOR PRIVACY","REDACTED FOR PRIVACY","REDACTED FOR PRIVACY","REDACTED FOR PRIVACY","REDACTED FOR PRIVACY","tomitp4uuzux6fmhenci@i.o-w-o.info","REDACTED FOR PRIVACY","REDACTED FOR PRIVACY","","","","","","","","","","","dns200.anycast.me","ns200.anycast.me","","","clientDeleteProhibited","clientTransferProhibited","",""
"19","blackelectriccar.com","2021-03-01 16:54:43","2021-02-27","","2022-02-27","1068","NameCheap, Inc.","whois.namecheap.com","http://www.namecheap.com","zakariae dinar","womenactivity","RES ANBAR IMM 24 APRT 9 SAID HAJJI SALE","SALE","RABAT SALE","11160","Morocco","fczakaria.1@gmail.com","+212.657491141","","zakariae dinar","womenactivity","RES ANBAR IMM 24 APRT 9 SAID HAJJI SALE","SALE","RABAT SALE","11160","Morocco","fczakaria.1@gmail.com","+212.657491141","","zakariae dinar","womenactivity","RES ANBAR IMM 24 APRT 9 SAID HAJJI SALE","SALE","RABAT SALE","11160","Morocco","fczakaria.1@gmail.com","+212.657491141","","","","","","","","","","","","dns1.registrar-servers.com","dns2.registrar-servers.com","","","addPeriod","clientTransferProhibited","",""
"20","boutiqua.store","2021-03-01 15:27:41","2021-02-27","2021-02-27","2022-02-27","146","GoDaddy.com, LLC","whois.godaddy.com","http://registrar.godaddy.com","Vrailux","Vrailux","","","Grand Casablanca","","Morocco","","","","","","","","","","","","","","","","","","","","","","","","","","","","","","","","","","ns55.domaincontrol.com","ns56.domaincontrol.com","","","addPeriod","clientDeleteProhibited","clientRenewProhibited","clientTransferProhibited"
"21","bricostocks.com","2021-03-01 14:30:02","2021-02-27","2021-02-27","2022-02-27","955","Launchpad, Inc.","whois.launchpad.com","http://www.launchpad.com","EL MATHARI MORAD","","Al majd rue hems Na66 TANGER","Tanger (Tangier, Morocco)","Other","90080","Morocco","ainartek.concept@gmail.com","+212.615197474","","EL MATHARI MORAD","","Al majd rue hems Na66 TANGER","Tanger (Tangier, Morocco)","Other","90080","Morocco","ainartek.concept@gmail.com","+212.615197474","","EL MATHARI MORAD","","Al majd rue hems Na66 TANGER","Tanger (Tangier, Morocco)","Other","90080","Morocco","ainartek.concept@gmail.com","+212.615197474","","","","","","","","","","","","ns8061.hostgator.com","ns8062.hostgator.com","","","clientTransferProhibited","","",""
"22","brokersoftwares.com","2021-03-01 17:14:27","2021-02-27","","2022-02-27","1068","NameCheap, Inc.","whois.namecheap.com","http://www.namecheap.com","Benzehaf Youness","","LOT EL MASSIRA NR 1220 / I2 DEROUA","BERRECHID","BERRECHID","26202","Morocco","benzehaf@gmail.com","+212.641454948","","Benzehaf Youness","","LOT EL MASSIRA NR 1220 / I2 DEROUA","BERRECHID","BERRECHID","26202","Morocco","benzehaf@gmail.com","+212.641454948","","Benzehaf Youness","","LOT EL MASSIRA NR 1220 / I2 DEROUA","BERRECHID","BERRECHID","26202","Morocco","benzehaf@gmail.com","+212.641454948","","","","","","","","","","","","dns1.registrar-servers.com","dns2.registrar-servers.com","","","addPeriod","clientTransferProhibited","",""
"23","capmenclub.com","2021-03-01 14:28:34","2021-02-27","2021-02-27","2022-02-27","1647","Hosting Concepts B.V. dba Openprovider","whois.registrar.eu","http://www.openprovider.com","REDACTED FOR PRIVACY","","REDACTED FOR PRIVACY","REDACTED FOR PRIVACY","rabat","REDACTED FOR PRIVACY","Morocco","","REDACTED FOR PRIVACY","REDACTED FOR PRIVACY","REDACTED FOR PRIVACY","REDACTED FOR PRIVACY","REDACTED FOR PRIVACY","REDACTED FOR PRIVACY","REDACTED FOR PRIVACY","REDACTED FOR PRIVACY","REDACTED FOR PRIVACY","","REDACTED FOR PRIVACY","REDACTED FOR PRIVACY","REDACTED FOR PRIVACY","REDACTED FOR PRIVACY","REDACTED FOR PRIVACY","REDACTED FOR PRIVACY","REDACTED FOR PRIVACY","REDACTED FOR PRIVACY","REDACTED FOR PRIVACY","","REDACTED FOR PRIVACY","REDACTED FOR PRIVACY","","","","","","","","","","","ns1.heberfacile.net","ns2.heberfacile.net","","","clientTransferProhibited","ok","",""
"24","centerdigit.com","2021-03-01 17:49:02","2021-02-27","2021-02-27","2022-02-27","146","GoDaddy.com, LLC","whois.godaddy.com","http://registrar.godaddy.com","","","","","tanger","","Morocco","","","","","","","","","","","","","","","","","","","","","","","","","","","","","","","","","","ns55.domaincontrol.com","ns56.domaincontrol.com","","","clientDeleteProhibited","clientRenewProhibited","clientTransferProhibited","clientUpdateProhibited"
"25","chicagocarpetstore.com","2021-03-01 17:11:20","2021-02-27","2021-02-27","2022-02-27","146","GoDaddy.com, LLC","whois.godaddy.com","http://registrar.godaddy.com","","","","","CASABLANCA","","Morocco","","","","","","","","","","","","","","","","","","","","","","","","","","","","","","","","","","ns45.domaincontrol.com","ns46.domaincontrol.com","","","clientDeleteProhibited","clientRenewProhibited","clientTransferProhibited","clientUpdateProhibited"
"26","chimistachiamando.com","2021-03-01 16:53:35","2021-02-27","2021-02-27","2022-02-27","146","GoDaddy.com, LLC","whois.godaddy.com","http://registrar.godaddy.com","","","","","Sous-Massa-Draa","","Morocco","","","","","","","","","","","","","","","","","","","","","","","","","","","","","","","","","","ns41.domaincontrol.com","ns42.domaincontrol.com","","","clientDeleteProhibited","clientRenewProhibited","clientTransferProhibited","clientUpdateProhibited"
"27","clubhouse-invitation.online","2021-03-01 15:37:58","2021-02-27","2021-02-27","2022-02-27","146","GoDaddy.com, LLC","whois.godaddy.com","http://registrar.godaddy.com","artech","artech","","","Tanger-Tetouan","","Morocco","","","","","","","","","","","","","","","","","","","","","","","","","","","","","","","","","","ns11.domaincontrol.com","ns12.domaincontrol.com","","","addPeriod","clientDeleteProhibited","clientRenewProhibited","clientTransferProhibited"
"28","colinareal.com","2021-03-01 17:26:47","2021-02-27","2021-02-27","2022-02-27","2765","DropCatch.com 1006 LLC","whois.namebright.com","http://www.namebright.com","Ousama Aabibou","","Oulfa","Casablanca","Grand Casablanca","20000","Morocco","rabiw1900@gmail.com","+212.669872875","","Ousama Aabibou","","Oulfa","Casablanca","Grand Casablanca","20000","Morocco","rabiw1900@gmail.com","+212.669872875","","Ousama Aabibou","","Oulfa","Casablanca","Grand Casablanca","20000","Morocco","rabiw1900@gmail.com","+212.669872875","","","","","","","","","","","","","","","","clientTransferProhibited","","",""
"29","coupedecheveuxmagnifique.com","2021-03-01 16:51:27","2021-02-27","2021-02-27","2022-02-27","1630","Ligne Web Services SARL","whois.nic.fr","http://www.ait.com","","","","","","","Morocco","ffd0e164c752beeaf808ca9b4894d081@whois-anonymous.com","","","","","","","","","Morocco","ffd0e164c752beeaf808ca9b4894d081@whois-anonymous.com","","","","","","","","","Morocco","ffd0e164c752beeaf808ca9b4894d081@whois-anonymous.com","","","","","","","","","Morocco","ffd0e164c752beeaf808ca9b4894d081@whois-anonymous.com","","","","","","","More","clientTransferProhibited","informations","on"
"30","davyine.com","2021-03-01 16:49:59","2021-02-27","2021-02-27","2022-02-27","146","GoDaddy.com, LLC","whois.godaddy.com","http://registrar.godaddy.com","","","","","Meknes","","Morocco","","","","","","","","","","","","","","","","","","","","","","","","","","","","","","","","","","ns77.domaincontrol.com","ns78.domaincontrol.com","","","clientDeleteProhibited","clientRenewProhibited","clientTransferProhibited","clientUpdateProhibited"
"31","easpra.com","2021-03-01 16:47:09","2021-02-27","2021-02-27","2022-02-27","146","GoDaddy.com, LLC","whois.godaddy.com","http://registrar.godaddy.com","","","","","Grand Casablanca","","Morocco","","","","","","","","","","","","","","","","","","","","","","","","","","","","","","","","","","ns8251.hostgator.com","ns8252.hostgator.com","","","clientDeleteProhibited","clientRenewProhibited","clientTransferProhibited","clientUpdateProhibited"
"32","eneichekurou.site","2021-03-01 15:29:39","2021-02-26","2021-02-26","2022-02-26","146","GoDaddy.com, LLC","whois.godaddy.com","http://registrar.godaddy.com","Vital marketing","Vital marketing","","","Tanger/asilah","","Morocco","","","","","","","","","","","","","","","","","","","","","","","","","","","","","","","","","","ns11.domaincontrol.com","ns12.domaincontrol.com","","","addPeriod","clientDeleteProhibited","clientRenewProhibited","clientTransferProhibited"
"33","fartali.com","2021-03-01 17:18:49","2021-02-27","2021-02-27","2022-02-27","146","GoDaddy.com, LLC","whois.godaddy.com","http://registrar.godaddy.com","","","","","sousmassa","","Morocco","","","","","","","","","","","","","","","","","","","","","","","","","","","","","","","","","","ns05.domaincontrol.com","ns06.domaincontrol.com","","","clientDeleteProhibited","clientRenewProhibited","clientTransferProhibited","clientUpdateProhibited"
"34","force-voyance.com","2021-03-01 16:42:44","2021-02-27","2021-02-27","2022-02-27","146","GoDaddy.com, LLC","whois.godaddy.com","http://registrar.godaddy.com","High & Advance group","High & Advance group","","","Tanger","","Morocco","","","","","","","","","","","","","","","","","","","","","","","","","","","","","","","","","","ns41.domaincontrol.com","ns42.domaincontrol.com","","","clientDeleteProhibited","clientRenewProhibited","clientTransferProhibited","clientUpdateProhibited"
"35","fortworthtexaslawyer.com","2021-03-01 17:44:34","2021-02-27","2021-02-27","2022-02-27","146","GoDaddy.com, LLC","whois.godaddy.com","http://registrar.godaddy.com","","","","","Casablanca-Settat","","Morocco","","","","","","","","","","","","","","","","","","","","","","","","","","","","","","","","","","ns57.domaincontrol.com","ns58.domaincontrol.com","","","clientDeleteProhibited","clientRenewProhibited","clientTransferProhibited","clientUpdateProhibited"
"36","gabkitchen.com","2021-03-01 17:25:35","2021-02-27","2021-02-27","2022-02-27","2","Network Solutions, LLC","whois.networksolutions.com","http://networksolutions.com","AMZIL, KHALID","","9 COMP AL IRFANE GH25E9Z2JAMAI","TANGER","","90000","Morocco","amzil.myjob@gmail.com","0669105079","","AMZIL, KHALID","","9 COMP AL IRFANE GH25E9Z2JAMAI","TANGER","","90000","Morocco","amzil.myjob@gmail.com","0669105079","","AMZIL, KHALID","","9 COMP AL IRFANE GH25E9Z2JAMAI","TANGER","","90000","Morocco","amzil.myjob@gmail.com","0669105079","","","","","","","","","","","","ns1.sedoparking.com","ns2.sedoparking.com","","","clientTransferProhibited","","",""
"37","galadria-games.net","2021-03-01 15:40:34","2021-02-26","2021-02-27","2022-02-26","1647","Hosting Concepts B.V. dba Openprovider","whois.registrar.eu","http://www.openprovider.com","REDACTED FOR PRIVACY","","REDACTED FOR PRIVACY","REDACTED FOR PRIVACY","taza","REDACTED FOR PRIVACY","Morocco","","REDACTED FOR PRIVACY","REDACTED FOR PRIVACY","REDACTED FOR PRIVACY","REDACTED FOR PRIVACY","REDACTED FOR PRIVACY","REDACTED FOR PRIVACY","REDACTED FOR PRIVACY","REDACTED FOR PRIVACY","REDACTED FOR PRIVACY","","REDACTED FOR PRIVACY","REDACTED FOR PRIVACY","REDACTED FOR PRIVACY","REDACTED FOR PRIVACY","REDACTED FOR PRIVACY","REDACTED FOR PRIVACY","REDACTED FOR PRIVACY","REDACTED FOR PRIVACY","REDACTED FOR PRIVACY","","REDACTED FOR PRIVACY","REDACTED FOR PRIVACY","","","","","","","","","","","chris.ns.cloudflare.com","vita.ns.cloudflare.com","","","clientTransferProhibited","ok","",""
"38","genie-mecanique.com","2021-03-01 14:26:49","2021-02-27","2021-02-27","2022-02-27","146","GoDaddy.com, LLC","whois.godaddy.com","http://registrar.godaddy.com","","","","","CASABLANCA","","Morocco","","","","","","","","","","","","","","","","","","","","","","","","","","","","","","","","","","ns57.domaincontrol.com","ns58.domaincontrol.com","","","clientDeleteProhibited","clientRenewProhibited","clientTransferProhibited","clientUpdateProhibited"
"39","getfnasci.com","2021-03-01 16:41:20","2021-02-27","2021-02-27","2022-02-27","168","Register.it SPA","whois.register.it","http://we.register.it","REDACTED FOR PRIVACY","REDACTED FOR PRIVACY","REDACTED FOR PRIVACY","REDACTED FOR PRIVACY","agadir","REDACTED FOR PRIVACY","Morocco","whoiscontact@names.co.uk","REDACTED.FORPRIVACY","REDACTED.FORPRIVACY","REDACTED FOR PRIVACY","REDACTED FOR PRIVACY","REDACTED FOR PRIVACY","REDACTED FOR PRIVACY","REDACTED FOR PRIVACY","REDACTED FOR PRIVACY","REDACTED FOR PRIVACY","whoiscontact@names.co.uk","REDACTED.FORPRIVACY","REDACTED.FORPRIVACY","REDACTED FOR PRIVACY","Namesco Limited","REDACTED FOR PRIVACY","REDACTED FOR PRIVACY","REDACTED FOR PRIVACY","REDACTED FOR PRIVACY","REDACTED FOR PRIVACY","whoiscontact@names.co.uk","REDACTED.FORPRIVACY","REDACTED.FORPRIVACY","","","","","","","","","","","ns0.phase8.net","ns1.phase8.net","ns2.phase8.net","","clientDeleteProhibited","clientTransferProhibited","clientUpdateProhibited",""
"40","gogolala.store","2021-03-01 15:26:16","2021-02-26","2021-02-26","2022-02-26","146","GoDaddy.com, LLC","whois.godaddy.com","http://registrar.godaddy.com","","","","","CASA","","Morocco","","","","","","","","","","","","","","","","","","","","","","","","","","","","","","","","","","ns1.dan.com","ns2.dan.com","verification-z55pi3f3.ns3.dan.hosting","","addPeriod","clientDeleteProhibited","clientRenewProhibited","clientTransferProhibited"
"41","goodvibestoday.store","2021-03-01 15:26:11","2021-02-26","2021-02-26","2022-02-26","146","GoDaddy.com, LLC","whois.godaddy.com","http://registrar.godaddy.com","","","","","Los Angles","","Morocco","","","","","","","","","","","","","","","","","","","","","","","","","","","","","","","","","","ns29.domaincontrol.com","ns30.domaincontrol.com","","","addPeriod","clientDeleteProhibited","clientRenewProhibited","clientTransferProhibited"
"42","ibda3e.com","2021-03-01 14:22:19","2021-02-27","2021-02-27","2022-02-27","303","PDR Ltd. d/b/a PublicDomainRegistry.com","whois.publicdomainregistry.com","http://www.publicdomainregistry.com","Mouad Jarbaoui","Taalim7","Tetouan centre ville poste amana Tetouan","Tetouan","Tanger tetouan","91000","Morocco","jarbaouijarbaoui@gmail.com","+212.0699966294","","Mouad Jarbaoui","Taalim7","Tetouan centre ville poste amana Tetouan","Tetouan","Tanger tetouan","91000","Morocco","jarbaouijarbaoui@gmail.com","+212.0699966294","","Mouad Jarbaoui","Taalim7","Tetouan centre ville poste amana Tetouan","Tetouan","Tanger tetouan","91000","Morocco","jarbaouijarbaoui@gmail.com","+212.0699966294","","","","","","","","","","","","ns1.serverwassla1.in","ns2.serverwassla1.in","","","clientTransferProhibited","","",""
"43","imprimnor.com","2021-03-01 16:35:58","2021-02-27","2021-02-27","2022-02-27","1630","Ligne Web Services SARL","whois.nic.fr","http://www.ait.com","imprimnorevent","imprimnorevent","","","","","Morocco","dc6d450b8d54235c5f821891e35d9bb6@whois-anonymous.com","","","imprimnorevent","imprimnorevent","","","","","Morocco","dc6d450b8d54235c5f821891e35d9bb6@whois-anonymous.com","","","imprimnorevent","imprimnorevent","","","","","Morocco","dc6d450b8d54235c5f821891e35d9bb6@whois-anonymous.com","","","imprimnorevent","imprimnorevent","","","","","Morocco","dc6d450b8d54235c5f821891e35d9bb6@whois-anonymous.com","","","","","","","More","clientTransferProhibited","informations","on"
"44","inmotionl9.space","2021-03-01 15:27:57","2021-02-27","2021-02-27","2022-02-27","146","GoDaddy.com, LLC","whois.godaddy.com","http://registrar.godaddy.com","samsey","samsey","","","fes-meknes","","Morocco","","","","","","","","","","","","","","","","","","","","","","","","","","","","","","","","","","ns11.domaincontrol.com","ns12.domaincontrol.com","","","addPeriod","clientDeleteProhibited","clientRenewProhibited","clientTransferProhibited"
"45","iptvilimite.net","2021-03-01 15:39:51","2021-02-26","2021-02-26","2022-02-26","1647","Hosting Concepts B.V. dba Openprovider","whois.registrar.eu","http://www.openprovider.com","REDACTED FOR PRIVACY","","REDACTED FOR PRIVACY","REDACTED FOR PRIVACY","oriental","REDACTED FOR PRIVACY","Morocco","","REDACTED FOR PRIVACY","REDACTED FOR PRIVACY","REDACTED FOR PRIVACY","REDACTED FOR PRIVACY","REDACTED FOR PRIVACY","REDACTED FOR PRIVACY","REDACTED FOR PRIVACY","REDACTED FOR PRIVACY","REDACTED FOR PRIVACY","","REDACTED FOR PRIVACY","REDACTED FOR PRIVACY","REDACTED FOR PRIVACY","REDACTED FOR PRIVACY","REDACTED FOR PRIVACY","REDACTED FOR PRIVACY","REDACTED FOR PRIVACY","REDACTED FOR PRIVACY","REDACTED FOR PRIVACY","","REDACTED FOR PRIVACY","REDACTED FOR PRIVACY","","","","","","","","","","","ns1.dns-parking.com","ns2.dns-parking.com","","","clientTransferProhibited","ok","",""
"46","ismailorfinex.online","2021-03-01 15:37:26","2021-02-26","2021-02-26","2022-02-26","146","GoDaddy.com, LLC","whois.godaddy.com","http://registrar.godaddy.com","ISMAIL ELOUATIK","ISMAIL ELOUATIK","","","Tinghir","","Morocco","","","","","","","","","","","","","","","","","","","","","","","","","","","","","","","","","","ns-a-1.getresponse.com","ns-a-2.getresponse.com","","","addPeriod","clientDeleteProhibited","clientRenewProhibited","clientTransferProhibited"
"47","itataste.guru","2021-03-01 15:55:28","2021-02-27","2021-02-27","2022-02-27","146","GoDaddy.com, LLC","whois.godaddy.com","http://registrar.godaddy.com","REDACTED FOR PRIVACY","","REDACTED FOR PRIVACY","REDACTED FOR PRIVACY","Tadla-Azilal","REDACTED FOR PRIVACY","Morocco","","REDACTED FOR PRIVACY","REDACTED FOR PRIVACY","","","","","","","","","","","","","","","","","","","","","","","","","","","","","","","","","","","addPeriod","clientDeleteProhibited","clientRenewProhibited","clientTransferProhibited"
"48","izeelstore.com","2021-03-01 14:32:32","2021-02-27","2021-02-27","2022-02-27","1630","Ligne Web Services SARL","whois.nic.fr","http://www.ait.com","","","","","","","Morocco","9ddb1a32f4273c47f8e48ba6d0b464fd@whois-anonymous.com","","","","","","","","","Morocco","9ddb1a32f4273c47f8e48ba6d0b464fd@whois-anonymous.com","","","","","","","","","Morocco","9ddb1a32f4273c47f8e48ba6d0b464fd@whois-anonymous.com","","","","","","","","","Morocco","9ddb1a32f4273c47f8e48ba6d0b464fd@whois-anonymous.com","","","","","","","More","clientTransferProhibited","informations","on"
"49","jumatik.com","2021-03-01 14:31:05","2021-02-27","2021-02-27","2022-02-27","1630","Ligne Web Services SARL","whois.nic.fr","http://www.ait.com","","","","","","","Morocco","789d926949f4522aa66442fec77470d2@whois-anonymous.com","","","","","","","","","Morocco","789d926949f4522aa66442fec77470d2@whois-anonymous.com","","","","","","","","","Morocco","789d926949f4522aa66442fec77470d2@whois-anonymous.com","","","","","","","","","Morocco","789d926949f4522aa66442fec77470d2@whois-anonymous.com","","","","","","","More","clientTransferProhibited","informations","on"
"50","justgoin.com","2021-03-01 17:49:04","2021-02-28","2021-02-28","2022-02-28","1630","Ligne Web Services SARL","whois.nic.fr","http://www.ait.com","","","dr chnen","berkane","","60303","Morocco","moemenmalsah@gmail.com","00212627089813","","","","dr chnen","berkane","","60303","Morocco","moemenmalsah@gmail.com","00212627089813","","","","dr chnen","berkane","","60303","Morocco","moemenmalsah@gmail.com","00212627089813","","","","dr chnen","berkane","","60303","Morocco","moemenmalsah@gmail.com","00212627089813","","","","","","More","clientTransferProhibited","informations","on"
"51","kelaatmgouna.online","2021-03-01 15:37:25","2021-02-27","","2022-02-27","1636","Hostinger, UAB","whois.hostinger.com","http://www.hostinger.com","2lamarketing","2lamarketing","","","TangerTetouan","","Morocco","","","","","","","","","","","","","","","","","","","","","","","","","","","","","","","","","","ns1.dns-parking.com","ns2.dns-parking.com","","","addPeriod","clientTransferProhibited","serverTransferProhibited",""
"52","khaleejishop.net","2021-03-01 15:39:39","2021-02-26","2021-02-26","2022-02-26","146","GoDaddy.com, LLC","whois.godaddy.com","http://registrar.godaddy.com","contrastes","contrastes","","","el haouz","","Morocco","","","","","","","","","","","","","","","","","","","","","","","","","","","","","","","","","","ns39.domaincontrol.com","ns40.domaincontrol.com","","","clientDeleteProhibited","clientRenewProhibited","clientTransferProhibited","clientUpdateProhibited"
"53","kiroxi.com","2021-03-01 16:34:48","2021-02-27","2021-02-27","2022-02-27","146","GoDaddy.com, LLC","whois.godaddy.com","http://registrar.godaddy.com","","","","","albernoussy","","Morocco","","","","","","","","","","","","","","","","","","","","","","","","","","","","","","","","","","ns45.domaincontrol.com","ns46.domaincontrol.com","","","clientDeleteProhibited","clientRenewProhibited","clientTransferProhibited","clientUpdateProhibited"
"54","kolchymaroc.com","2021-03-01 16:34:09","2021-02-27","2021-02-27","2022-02-27","303","PDR Ltd. d/b/a PublicDomainRegistry.com","whois.publicdomainregistry.com","http://www.publicdomainregistry.com","KHALID EL MEKKI","","lotissement corbo 4Etg N 12 tanja lbalia","Tanger","Tanger","90000","Morocco","el.mekki.khalid@gmail.com","+212.17878783","","KHALID EL MEKKI","","lotissement corbo 4Etg N 12 tanja lbalia","Tanger","Tanger","90000","Morocco","el.mekki.khalid@gmail.com","+212.17878783","","KHALID EL MEKKI","","lotissement corbo 4Etg N 12 tanja lbalia","Tanger","Tanger","90000","Morocco","el.mekki.khalid@gmail.com","+212.17878783","","","","","","","","","","","","ns1.vaclic.biz","ns2.vaclic.biz","","","clientTransferProhibited","","",""
"55","lakki.store","2021-03-01 15:26:05","2021-02-26","2021-02-26","2022-02-26","146","GoDaddy.com, LLC","whois.godaddy.com","http://registrar.godaddy.com","","","","","Hayhassani","","Morocco","","","","","","","","","","","","","","","","","","","","","","","","","","","","","","","","","","ns1.youcan.shop","ns2.youcan.shop","","","addPeriod","clientDeleteProhibited","clientRenewProhibited","clientTransferProhibited"
"56","lemondeducaftan.store","2021-03-01 15:26:05","2021-02-26","2021-02-26","2022-02-26","1636","Hostinger, UAB","whois.hostinger.com","http://www.hostinger.com","Not Applicable","Not Applicable","","","TangerTetouan","","Morocco","","","","","","","","","","","","","","","","","","","","","","","","","","","","","","","","","","ns1.youcan.shop","ns2.youcan.shop","","","addPeriod","clientTransferProhibited","serverTransferProhibited",""
"57","letmeenter.website","2021-03-01 14:52:15","2021-02-26","2021-02-26","2022-02-26","146","GoDaddy.com, LLC","whois.godaddy.com","http://registrar.godaddy.com","","","","","Los Angles","","Morocco","","","","","","","","","","","","","","","","","","","","","","","","","","","","","","","","","","ns29.domaincontrol.com","ns30.domaincontrol.com","","","addPeriod","clientDeleteProhibited","clientRenewProhibited","clientTransferProhibited"
"58","lexuss.store","2021-03-01 15:25:59","2021-02-26","2021-02-27","2022-02-26","146","GoDaddy.com, LLC","whois.godaddy.com","http://registrar.godaddy.com","HAY MOHAMADI","HAY MOHAMADI","","","Morocco,agadir,hay mohamadi","","Morocco","","","","","","","","","","","","","","","","","","","","","","","","","","","","","","","","","","ns1.youcan.shop","ns2.youcan.shop","","","addPeriod","clientDeleteProhibited","clientRenewProhibited","clientTransferProhibited"
"59","lhamzet.com","2021-03-01 16:32:29","2021-02-27","2021-02-27","2022-02-27","1443","Vautron Rechenzentrum AG","whois.antagus.de","http://www.vautron.de","","","","","","","Morocco","a6itybmn2b@domprivacy.de","","","","","","","","","","a6itybmn2b@domprivacy.de","","","","","","","","","","a4o7tygxoo@domprivacy.de","","","","","","","","","","","","","ns1.contabo.net","ns2.contabo.net","ns3.contabo.net","","OK","","",""
"60","lhawta.store","2021-03-01 15:26:04","2021-02-27","","2022-02-27","106","Ascio Technologies, Inc. Danmark - Filial af Ascio technologies, Inc. USA","whois.ascio.com","http://www.ascio.com","","","","","","","Morocco","","","","","","","","","","","","","","","","","","","","","","","","","","","","","","","","","","dns1.123hjemmeside.dk","dns2.123hjemmeside.dk","dns3.123hjemmeside.dk","","addPeriod","serverTransferProhibited","",""
"61","lindoemulateur.com","2021-03-01 16:32:04","2021-02-27","2021-02-27","2022-02-27","146","GoDaddy.com, LLC","whois.godaddy.com","http://registrar.godaddy.com","zdagadasd","zdagadasd","","","marrakech","","Morocco","","","","","","","","","","","","","","","","","","","","","","","","","","","","","","","","","","ns11.domaincontrol.com","ns12.domaincontrol.com","","","clientDeleteProhibited","clientRenewProhibited","clientTransferProhibited","clientUpdateProhibited"
"62","liopito.com","2021-03-01 16:31:54","2021-02-27","2021-02-27","2022-02-27","303","PDR Ltd. d/b/a PublicDomainRegistry.com","whois.publicdomainregistry.com","http://www.publicdomainregistry.com","dehmane abderrazak","LIOPITO","larache;lot almohit numero 1181","larache","TANGER","92000","Morocco","abd.deh1@gmail.com","+212.363473423","","dehmane abderrazak","LIOPITO","larache;lot almohit numero 1181","larache","TANGER","92000","Morocco","abd.deh1@gmail.com","+212.363473423","","dehmane abderrazak","LIOPITO","larache;lot almohit numero 1181","larache","TANGER","92000","Morocco","abd.deh1@gmail.com","+212.363473423","","","","","","","","","","","","ns13.asurahosting.com","ns13.my-control-panel.com","ns14.asurahosting.com","ns14.my-control-panel.com","clientTransferProhibited","","",""
"63","livres-sciences-gratuit.xyz","2021-03-01 14:48:35","2021-02-27","2021-02-27","2022-02-27","1630","Ligne Web Services SARL","whois.nic.fr","http://www.ait.com","","","","","","","Morocco","","","","","","","","","","","","","","","","","","","","","","","","","","","","","","","","","","ns17.lwsdns.com","ns18.lwsdns.com","ns19.lwsdns.com","ns20.lwsdns.com","addPeriod","serverTransferProhibited","",""
"64","manalshop.online","2021-03-01 15:36:51","2021-02-26","2021-02-27","2022-02-26","146","GoDaddy.com, LLC","whois.godaddy.com","http://registrar.godaddy.com","","","","","","","Morocco","","","","","","","","","","","","","","","","","","","","","","","","","","","","","","","","","","ns1.youcan.shop","ns2.youcan.shop","","","addPeriod","clientDeleteProhibited","clientRenewProhibited","clientTransferProhibited"
"65","mar-soul.com","2021-03-01 16:29:26","2021-02-27","2021-02-27","2022-02-27","3240","Infomaniak Network SA","","","REDACTED FOR PRIVACY","Npano","REDACTED FOR PRIVACY","REDACTED FOR PRIVACY","","REDACTED FOR PRIVACY","Morocco","","REDACTED FOR PRIVACY","REDACTED FOR PRIVACY","REDACTED FOR PRIVACY","Npano","REDACTED FOR PRIVACY","REDACTED FOR PRIVACY","","REDACTED FOR PRIVACY","Morocco","","REDACTED FOR PRIVACY","REDACTED FOR PRIVACY","REDACTED FOR PRIVACY","Npano","REDACTED FOR PRIVACY","REDACTED FOR PRIVACY","","REDACTED FOR PRIVACY","Morocco","","REDACTED FOR PRIVACY","REDACTED FOR PRIVACY","REDACTED FOR PRIVACY","Npano","REDACTED FOR PRIVACY","REDACTED FOR PRIVACY","","REDACTED FOR PRIVACY","Morocco","","REDACTED FOR PRIVACY","REDACTED FOR PRIVACY","ns11.infomaniak.ch","ns12.infomaniak.ch","","","clientTransferProhibited","ok","",""
"66","maroccs.com","2021-03-01 16:29:18","2021-02-26","2021-02-27","2022-02-26","1479","Namesilo, LLC","whois.namesilo.com","http://www.namesilo.com","Abdelkader Zaglou","","amira","Fnideq","Tetouan","93100","Morocco","coder.gates@gmail.com","+212.660848337","","Abdelkader Zaglou","","amira","Fnideq","Tetouan","93100","Morocco","coder.gates@gmail.com","+212.660848337","","Abdelkader Zaglou","","amira","Fnideq","Tetouan","93100","Morocco","coder.gates@gmail.com","+212.660848337","","","","","","","","","","","","ns1.capconnect.com","ns2.capconnect.com","ns3.capconnect.com","ns4.capconnect.com","clientTransferProhibited","","",""
"67","masapros.com","2021-03-01 17:28:27","2021-02-27","2021-02-27","2022-02-27","146","GoDaddy.com, LLC","whois.godaddy.com","http://registrar.godaddy.com","","","","","CASABLANCA SETTAT","","Morocco","","","","","","","","","","","","","","","","","","","","","","","","","","","","","","","","","","ns41.domaincontrol.com","ns42.domaincontrol.com","","","clientDeleteProhibited","clientRenewProhibited","clientTransferProhibited","clientUpdateProhibited"
"68","mode-femme.net","2021-03-01 15:43:51","2021-02-26","2021-02-26","2022-02-26","1647","Hosting Concepts B.V. dba Openprovider","whois.registrar.eu","http://www.openprovider.com","REDACTED FOR PRIVACY","mode femme","REDACTED FOR PRIVACY","REDACTED FOR PRIVACY","Grand Casablanca","REDACTED FOR PRIVACY","Morocco","","REDACTED FOR PRIVACY","REDACTED FOR PRIVACY","REDACTED FOR PRIVACY","REDACTED FOR PRIVACY","REDACTED FOR PRIVACY","REDACTED FOR PRIVACY","REDACTED FOR PRIVACY","REDACTED FOR PRIVACY","REDACTED FOR PRIVACY","","REDACTED FOR PRIVACY","REDACTED FOR PRIVACY","REDACTED FOR PRIVACY","REDACTED FOR PRIVACY","REDACTED FOR PRIVACY","REDACTED FOR PRIVACY","REDACTED FOR PRIVACY","REDACTED FOR PRIVACY","REDACTED FOR PRIVACY","","REDACTED FOR PRIVACY","REDACTED FOR PRIVACY","","","","","","","","","","","ns1.dns-parking.com","ns2.dns-parking.com","","","clientTransferProhibited","ok","",""
"69","monluxe-maroc.com","2021-03-01 16:26:39","2021-02-26","2021-02-27","2022-02-26","1479","Namesilo, LLC","whois.namesilo.com","http://www.namesilo.com","Mohammed Bounda","Cap Connect","Avenue Louis Van Beethoven, Leonore Offices N 25","TANGER","TANGER","85014","Morocco","info@capconnect.com","+212.539351542","","Mohammed Bounda","Cap Connect","Avenue Louis Van Beethoven, Leonore Offices N 25","TANGER","TANGER","85014","Morocco","info@capconnect.com","+212.539351542","","Mohammed Bounda","Cap Connect","Avenue Louis Van Beethoven, Leonore Offices N 25","TANGER","TANGER","85014","Morocco","info@capconnect.com","+212.539351542","","","","","","","","","","","","ns1.youcan.shop","ns2.youcan.shop","","","clientTransferProhibited","","",""
"70","moroccocbd.net","2021-03-01 14:42:13","2021-02-26","2021-02-26","2022-02-26","303","PDR Ltd. d/b/a PublicDomainRegistry.com","whois.publicdomainregistry.com","http://www.publicdomainregistry.com","khiyare Nassereddine","","rue 982 n 4 cite salam","AGADIR","SM","80000","Morocco","nassreddinekhiyare@gmail.com","+212.606080909","","khiyare Nassereddine","","rue 982 n 4 cite salam","AGADIR","SM","80000","Morocco","nassreddinekhiyare@gmail.com","+212.606080909","","khiyare Nassereddine","","rue 982 n 4 cite salam","AGADIR","SM","80000","Morocco","nassreddinekhiyare@gmail.com","+212.606080909","","","","","","","","","","","","rad1.heberdomaine.net","rad2.heberdomaine.net","","","clientTransferProhibited","","",""
"71","motivation-du-matin.com","2021-03-01 16:26:32","2021-02-27","2021-02-27","2022-02-27","106","Ascio Technologies, Inc. Danmark - Filial af Ascio technologies, Inc. USA","whois.ascio.com","http://www.ascio.com","Not Disclosed","Not Disclosed","Not Disclosed","Not Disclosed","","Not Disclosed","Morocco","","Not Disclosed","Not Disclosed","Not Disclosed","Not Disclosed","Not Disclosed","Not Disclosed","Not Disclosed","Not Disclosed","Not Disclosed","","Not Disclosed","Not Disclosed","Not Disclosed","Not Disclosed","Not Disclosed","Not Disclosed","Not Disclosed","Not Disclosed","Not Disclosed","","Not Disclosed","Not Disclosed","","","","","","","","","","","ns01.servage.net","ns02.servage.net","ns03.servage.net","ns04.servage.net","OK","","",""
"72","mppro.site","2021-03-01 15:29:23","2021-02-26","2021-02-26","2022-02-26","146","GoDaddy.com, LLC","whois.godaddy.com","http://registrar.godaddy.com","omegaxgamers","omegaxgamers","","","tanger tetouan","","Morocco","","","","","","","","","","","","","","","","","","","","","","","","","","","","","","","","","","ns51.domaincontrol.com","ns52.domaincontrol.com","","","addPeriod","clientDeleteProhibited","clientRenewProhibited","clientTransferProhibited"
"73","najahsahal.site","2021-03-01 15:29:27","2021-02-26","2021-02-26","2022-02-26","1630","Ligne Web Services SARL","whois.nic.fr","http://www.ait.com","","","","","","","Morocco","","","","","","","","","","","","","","","","","","","","","","","","","","","","","","","","","","ns17.lwsdns.com","ns18.lwsdns.com","ns19.lwsdns.com","ns20.lwsdns.com","addPeriod","clientTransferProhibited","serverTransferProhibited",""
"74","newhostapp.com","2021-03-01 16:24:11","2021-02-27","2021-02-27","2022-02-27","1647","Hosting Concepts B.V. dba Openprovider","whois.registrar.eu","http://www.openprovider.com","REDACTED FOR PRIVACY","","REDACTED FOR PRIVACY","REDACTED FOR PRIVACY","ChaouiaOuardigha","REDACTED FOR PRIVACY","Morocco","","REDACTED FOR PRIVACY","REDACTED FOR PRIVACY","REDACTED FOR PRIVACY","REDACTED FOR PRIVACY","REDACTED FOR PRIVACY","REDACTED FOR PRIVACY","REDACTED FOR PRIVACY","REDACTED FOR PRIVACY","REDACTED FOR PRIVACY","","REDACTED FOR PRIVACY","REDACTED FOR PRIVACY","REDACTED FOR PRIVACY","REDACTED FOR PRIVACY","REDACTED FOR PRIVACY","REDACTED FOR PRIVACY","REDACTED FOR PRIVACY","REDACTED FOR PRIVACY","REDACTED FOR PRIVACY","","REDACTED FOR PRIVACY","REDACTED FOR PRIVACY","","","","","","","","","","","ns1.dns-parking.com","ns2.dns-parking.com","","","clientTransferProhibited","ok","",""
"75","omar24.com","2021-03-01 16:22:05","2021-02-27","2021-02-27","2022-02-27","1630","Ligne Web Services SARL","whois.nic.fr","http://www.ait.com","","","","","","","Morocco","8a35d12609da78b0a6c0e159eec3e97c@whois-anonymous.com","","","","","","","","","Morocco","8a35d12609da78b0a6c0e159eec3e97c@whois-anonymous.com","","","","","","","","","Morocco","8a35d12609da78b0a6c0e159eec3e97c@whois-anonymous.com","","","","","","","","","Morocco","8a35d12609da78b0a6c0e159eec3e97c@whois-anonymous.com","","","","","","","More","clientTransferProhibited","informations","on"
"76","onecallnow.online","2021-03-01 15:36:39","2021-02-26","2021-02-26","2022-02-26","146","GoDaddy.com, LLC","whois.godaddy.com","http://registrar.godaddy.com","","","","","Los Angles","","Morocco","","","","","","","","","","","","","","","","","","","","","","","","","","","","","","","","","","ns77.domaincontrol.com","ns78.domaincontrol.com","","","addPeriod","clientDeleteProhibited","clientRenewProhibited","clientTransferProhibited"
"77","orfinexglobal.online","2021-03-01 15:36:38","2021-02-26","2021-02-26","2022-02-26","146","GoDaddy.com, LLC","whois.godaddy.com","http://registrar.godaddy.com","ISMAIL ELOUATIK","ISMAIL ELOUATIK","","","Tinghir","","Morocco","","","","","","","","","","","","","","","","","","","","","","","","","","","","","","","","","","ns-a-1.getresponse.com","ns-a-2.getresponse.com","","","addPeriod","clientDeleteProhibited","clientRenewProhibited","clientTransferProhibited"
"78","panafricaintv.com","2021-03-01 16:20:38","2021-02-27","2021-02-27","2022-02-27","303","PDR Ltd. d/b/a PublicDomainRegistry.com","whois.publicdomainregistry.com","http://www.publicdomainregistry.com","Badra SACKO","","Berkane","Berkane","Berkane","63300","Morocco","panafricainintv@yahoo.com","+212.687299997","","Badra SACKO","","Berkane","Berkane","Berkane","63300","Morocco","panafricainintv@yahoo.com","+212.687299997","","Badra SACKO","","Berkane","Berkane","Berkane","63300","Morocco","panafricainintv@yahoo.com","+212.687299997","","","","","","","","","","","","ns1.shockhosting.net","ns2.shockhosting.net","","","clientTransferProhibited","","",""
"79","petndco.com","2021-03-01 16:19:49","2021-02-27","2021-02-27","2022-02-27","1647","Hosting Concepts B.V. dba Openprovider","whois.registrar.eu","http://www.openprovider.com","REDACTED FOR PRIVACY","PetndCo","REDACTED FOR PRIVACY","REDACTED FOR PRIVACY","TangerTetouan","REDACTED FOR PRIVACY","Morocco","","REDACTED FOR PRIVACY","REDACTED FOR PRIVACY","REDACTED FOR PRIVACY","REDACTED FOR PRIVACY","REDACTED FOR PRIVACY","REDACTED FOR PRIVACY","REDACTED FOR PRIVACY","REDACTED FOR PRIVACY","REDACTED FOR PRIVACY","","REDACTED FOR PRIVACY","REDACTED FOR PRIVACY","REDACTED FOR PRIVACY","REDACTED FOR PRIVACY","REDACTED FOR PRIVACY","REDACTED FOR PRIVACY","REDACTED FOR PRIVACY","REDACTED FOR PRIVACY","REDACTED FOR PRIVACY","","REDACTED FOR PRIVACY","REDACTED FOR PRIVACY","","","","","","","","","","","ns1.dns-parking.com","ns2.dns-parking.com","","","clientTransferProhibited","ok","",""
"80","postast.com","2021-03-01 16:18:16","2021-02-27","2021-02-27","2022-02-27","146","GoDaddy.com, LLC","whois.godaddy.com","http://registrar.godaddy.com","","","","","FES","","Morocco","","","","","","","","","","","","","","","","","","","","","","","","","","","","","","","","","","kaiser.ns.cloudflare.com","wally.ns.cloudflare.com","","","clientDeleteProhibited","clientRenewProhibited","clientTransferProhibited","clientUpdateProhibited"
"81","pr11me.com","2021-03-01 16:18:07","2021-02-26","2021-02-26","2022-02-26","146","GoDaddy.com, LLC","whois.godaddy.com","http://registrar.godaddy.com","ATLAS COLLECTION","ATLAS COLLECTION","","","Marrakech","","Morocco","","","","","","","","","","","","","","","","","","","","","","","","","","","","","","","","","","ns11.domaincontrol.com","ns12.domaincontrol.com","","","clientDeleteProhibited","clientRenewProhibited","clientTransferProhibited","clientUpdateProhibited"
"82","privatedoors.online","2021-03-01 15:36:33","2021-02-26","2021-02-26","2022-02-26","146","GoDaddy.com, LLC","whois.godaddy.com","http://registrar.godaddy.com","","","","","Los Angles","","Morocco","","","","","","","","","","","","","","","","","","","","","","","","","","","","","","","","","","ns29.domaincontrol.com","ns30.domaincontrol.com","","","addPeriod","clientDeleteProhibited","clientRenewProhibited","clientTransferProhibited"
"83","qray.tech","2021-03-01 15:24:05","2021-02-26","2021-02-28","2022-02-26","1913","DOTSERVE INC.","whois.nic.press","http://nic.press","","","","","4094","","Morocco","","","","","","","","","","","","","","","","","","","","","","","","","","","","","","","","","","ns1.educationhost.cloud","ns2.educationhost.cloud","","","addPeriod","clientTransferProhibited","serverTransferProhibited",""
"84","redjef.com","2021-03-01 17:12:56","2021-02-27","2021-02-27","2022-02-27","146","GoDaddy.com, LLC","whois.godaddy.com","http://registrar.godaddy.com","","","","","rabat","","Morocco","","","","","","","","","","","","","","","","","","","","","","","","","","","","","","","","","","ns41.domaincontrol.com","ns42.domaincontrol.com","","","clientDeleteProhibited","clientRenewProhibited","clientTransferProhibited","clientUpdateProhibited"
"85","remeberpasscode.site","2021-03-01 15:29:19","2021-02-26","2021-02-26","2022-02-26","146","GoDaddy.com, LLC","whois.godaddy.com","http://registrar.godaddy.com","","","","","Los Angles","","Morocco","","","","","","","","","","","","","","","","","","","","","","","","","","","","","","","","","","ns29.domaincontrol.com","ns30.domaincontrol.com","","","addPeriod","clientDeleteProhibited","clientRenewProhibited","clientTransferProhibited"
"86","sabertach.com","2021-03-01 16:16:11","2021-02-27","2021-02-27","2022-02-27","1647","Hosting Concepts B.V. dba Openprovider","whois.registrar.eu","http://www.openprovider.com","REDACTED FOR PRIVACY","","REDACTED FOR PRIVACY","REDACTED FOR PRIVACY","Grand Casablanca","REDACTED FOR PRIVACY","Morocco","","REDACTED FOR PRIVACY","REDACTED FOR PRIVACY","REDACTED FOR PRIVACY","REDACTED FOR PRIVACY","REDACTED FOR PRIVACY","REDACTED FOR PRIVACY","REDACTED FOR PRIVACY","REDACTED FOR PRIVACY","REDACTED FOR PRIVACY","","REDACTED FOR PRIVACY","REDACTED FOR PRIVACY","REDACTED FOR PRIVACY","REDACTED FOR PRIVACY","REDACTED FOR PRIVACY","REDACTED FOR PRIVACY","REDACTED FOR PRIVACY","REDACTED FOR PRIVACY","REDACTED FOR PRIVACY","","REDACTED FOR PRIVACY","REDACTED FOR PRIVACY","","","","","","","","","","","ns1.dns-parking.com","ns2.dns-parking.com","","","clientTransferProhibited","ok","",""
"87","saharaikhbariya.com","2021-03-01 16:15:57","2021-02-27","2021-02-28","2022-02-27","1479","Namesilo, LLC","whois.namesilo.com","http://www.namesilo.com","Abdelkarim TAGANZA","","Rue El Wahda Block i N 349","Laayoune","Laayoune-Boujdour-Sakia el Hamra","70000","Morocco","taknza.karim@gmail.com","+212.637516702","","Abdelkarim TAGANZA","","Rue El Wahda Block i N 349","Laayoune","Laayoune-Boujdour-Sakia el Hamra","70000","Morocco","taknza.karim@gmail.com","+212.637516702","","Abdelkarim TAGANZA","","Rue El Wahda Block i N 349","Laayoune","Laayoune-Boujdour-Sakia el Hamra","70000","Morocco","taknza.karim@gmail.com","+212.637516702","","","","","","","","","","","","ns1.capconnect.com","ns2.capconnect.com","ns3.capconnect.com","ns4.capconnect.com","clientTransferProhibited","","",""
"88","seaofokhotsk.com","2021-03-01 17:48:09","2021-02-27","2021-02-27","2023-02-27","146","GoDaddy.com, LLC","whois.godaddy.com","http://registrar.godaddy.com","","","","","Gharb-Chrarda-Beni Hssen","","Morocco","","","","","","","","","","","","","","","","","","","","","","","","","","","","","","","","","","ns45.domaincontrol.com","ns46.domaincontrol.com","","","clientDeleteProhibited","clientRenewProhibited","clientTransferProhibited","clientUpdateProhibited"
"89","servicesdigitale.com","2021-03-01 16:14:17","2021-02-27","2021-02-27","2022-02-27","433","OVH sas","whois.ovh.com","http://www.ovh.com","REDACTED FOR PRIVACY","","REDACTED FOR PRIVACY","REDACTED FOR PRIVACY","18","REDACTED FOR PRIVACY","Morocco","ybvjem8yagddktum2qdz@j.o-w-o.info","REDACTED FOR PRIVACY","REDACTED FOR PRIVACY","REDACTED FOR PRIVACY","REDACTED FOR PRIVACY","REDACTED FOR PRIVACY","REDACTED FOR PRIVACY","REDACTED FOR PRIVACY","REDACTED FOR PRIVACY","REDACTED FOR PRIVACY","8gxz0kpnunvvrgx17irm@l.o-w-o.info","REDACTED FOR PRIVACY","REDACTED FOR PRIVACY","REDACTED FOR PRIVACY","REDACTED FOR PRIVACY","REDACTED FOR PRIVACY","REDACTED FOR PRIVACY","REDACTED FOR PRIVACY","REDACTED FOR PRIVACY","REDACTED FOR PRIVACY","8gxz0kpnunvvrgx17irm@l.o-w-o.info","REDACTED FOR PRIVACY","REDACTED FOR PRIVACY","","","","","","","","","","","dns108.ovh.net","ns108.ovh.net","","","clientDeleteProhibited","clientTransferProhibited","",""
"90","shinechieua.site","2021-03-01 15:29:12","2021-02-26","2021-02-26","2022-02-26","146","GoDaddy.com, LLC","whois.godaddy.com","http://registrar.godaddy.com","Vital marketing","Vital marketing","","","Tanger/asilah","","Morocco","","","","","","","","","","","","","","","","","","","","","","","","","","","","","","","","","","ns51.domaincontrol.com","ns52.domaincontrol.com","","","addPeriod","clientDeleteProhibited","clientRenewProhibited","clientTransferProhibited"
"91","shmidthone.com","2021-03-01 16:13:45","2021-02-27","2021-02-27","2022-02-27","303","PDR Ltd. d/b/a PublicDomainRegistry.com","whois.publicdomainregistry.com","http://www.publicdomainregistry.com","Shmidth Riky","Shmidth's Market","HAY NAKHLA 1 NR 855 EL KELAA","EL KELAA DES SRAGHNA","Merrakech-Asfi","43000","Morocco","ahmedrizqi1997@gmail.com","+212.623199462","","Shmidth Riky","Shmidth's Market","HAY NAKHLA 1 NR 855 EL KELAA","EL KELAA DES SRAGHNA","Merrakech-Asfi","43000","Morocco","ahmedrizqi1997@gmail.com","+212.623199462","","Shmidth Riky","Shmidth's Market","HAY NAKHLA 1 NR 855 EL KELAA","EL KELAA DES SRAGHNA","Merrakech-Asfi","43000","Morocco","ahmedrizqi1997@gmail.com","+212.623199462","","","","","","","","","","","","ns1.my-control-panel.com","ns2.my-control-panel.com","","","clientTransferProhibited","","",""
"92","shoppingcouk.com","2021-03-01 16:13:31","2021-02-27","2021-02-27","2022-02-27","48","eNom, Inc.","whois.enom.com","http://www.enom.com","REDACTED FOR PRIVACY","REDACTED FOR PRIVACY","REDACTED FOR PRIVACY","REDACTED FOR PRIVACY","Dar Bouazza","REDACTED FOR PRIVACY","Morocco","","REDACTED FOR PRIVACY","REDACTED FOR PRIVACY","REDACTED FOR PRIVACY","REDACTED FOR PRIVACY","REDACTED FOR PRIVACY","REDACTED FOR PRIVACY","REDACTED FOR PRIVACY","REDACTED FOR PRIVACY","REDACTED FOR PRIVACY","","REDACTED FOR PRIVACY","REDACTED FOR PRIVACY","REDACTED FOR PRIVACY","REDACTED FOR PRIVACY","REDACTED FOR PRIVACY","REDACTED FOR PRIVACY","REDACTED FOR PRIVACY","REDACTED FOR PRIVACY","REDACTED FOR PRIVACY","","REDACTED FOR PRIVACY","REDACTED FOR PRIVACY","","","","","","","","","","","ns1.adk-media.com","ns2.adk-media.com","","","addPeriod","clientTransferProhibited","",""
"93","silseerit.site","2021-03-01 15:29:11","2021-02-26","2021-02-26","2022-02-26","146","GoDaddy.com, LLC","whois.godaddy.com","http://registrar.godaddy.com","Vital marketing","Vital marketing","","","Tanger/asilah","","Morocco","","","","","","","","","","","","","","","","","","","","","","","","","","","","","","","","","","ns11.domaincontrol.com","ns12.domaincontrol.com","","","addPeriod","clientDeleteProhibited","clientRenewProhibited","clientTransferProhibited"
"94","smartj.xyz","2021-03-01 14:47:40","2021-02-27","2021-02-27","2022-02-27","1519","NETIM SARL","whois.netim.com","http://www.netim.com","","","","","","","Morocco","","","","","","","","","","","","","","","","","","","","","","","","","","","","","","","","","","ns1.vala-bleu.com","ns2.vala-bleu.com","","","addPeriod","clientTransferProhibited","serverTransferProhibited",""
"95","spoteble.com","2021-03-01 16:11:07","2021-02-27","2021-02-27","2022-02-27","1647","Hosting Concepts B.V. dba Openprovider","whois.registrar.eu","http://www.openprovider.com","REDACTED FOR PRIVACY","","REDACTED FOR PRIVACY","REDACTED FOR PRIVACY","Grand Casablanca","REDACTED FOR PRIVACY","Morocco","","REDACTED FOR PRIVACY","REDACTED FOR PRIVACY","REDACTED FOR PRIVACY","REDACTED FOR PRIVACY","REDACTED FOR PRIVACY","REDACTED FOR PRIVACY","REDACTED FOR PRIVACY","REDACTED FOR PRIVACY","REDACTED FOR PRIVACY","","REDACTED FOR PRIVACY","REDACTED FOR PRIVACY","REDACTED FOR PRIVACY","REDACTED FOR PRIVACY","REDACTED FOR PRIVACY","REDACTED FOR PRIVACY","REDACTED FOR PRIVACY","REDACTED FOR PRIVACY","REDACTED FOR PRIVACY","","REDACTED FOR PRIVACY","REDACTED FOR PRIVACY","","","","","","","","","","","ns1.dns-parking.com","ns2.dns-parking.com","","","clientTransferProhibited","ok","",""
"96","storytellme.store","2021-03-01 15:27:52","2021-02-26","2021-02-26","2022-02-26","146","GoDaddy.com, LLC","whois.godaddy.com","http://registrar.godaddy.com","","","","","Los Angles","","Morocco","","","","","","","","","","","","","","","","","","","","","","","","","","","","","","","","","","ns11.domaincontrol.com","ns12.domaincontrol.com","","","addPeriod","clientDeleteProhibited","clientRenewProhibited","clientTransferProhibited"
"97","supportpme.com","2021-03-01 16:09:56","2021-02-27","2021-02-27","2022-02-27","1630","Ligne Web Services SARL","whois.nic.fr","http://www.ait.com","","","","","","","Morocco","6cba3c0ca4baf9a1d876d56e0d98e447@whois-anonymous.com","","","","","","","","","Morocco","6cba3c0ca4baf9a1d876d56e0d98e447@whois-anonymous.com","","","","","","","","","Morocco","6cba3c0ca4baf9a1d876d56e0d98e447@whois-anonymous.com","","","","","","","","","Morocco","6cba3c0ca4baf9a1d876d56e0d98e447@whois-anonymous.com","","","","","","","More","clientTransferProhibited","informations","on"
"98","tafrziztdeses.info","2021-03-01 15:50:14","2021-02-27","2021-02-27","2022-02-27","146","GoDaddy.com, LLC","whois.godaddy.com","http://registrar.godaddy.com","","","","","Tadla-Azilal","","Morocco","","","","","","","","","","","","","","","","","","","","","","","","","","","","","","","","","","ns21.domaincontrol.com","ns22.domaincontrol.com","","","addPeriod","clientDeleteProhibited","clientRenewProhibited","clientTransferProhibited"
"99","thesuperfreegenerators.com","2021-03-01 16:06:05","2021-02-27","2021-02-27","2022-02-27","1154","FastDomain Inc.","whois.fastdomain.com","http://www.fastdomain.com","YOUSSEF MOUTAWAKIL","","AITOURIR","MARRAKECH","","40000","Morocco","mmc.immo@gmail.com","+212.606009375945","","YOUSSEF MOUTAWAKIL","","AITOURIR","MARRAKECH","","40000","Morocco","mmc.immo@gmail.com","+212.606009375945","","BLUEHOST INC","BLUEHOST.COM","550 E TIMPANOGOS PKWY","OREM","UTAH","84097","United States","whois@bluehost.com","+1.8017659400","+1.8017651992","","","","","","","","","","","ns1.bluehost.com","ns2.bluehost.com","","","clientTransferProhibited","","",""
"100","ullaeulia.site","2021-03-01 15:28:23","2021-02-26","2021-02-26","2022-02-26","146","GoDaddy.com, LLC","whois.godaddy.com","http://registrar.godaddy.com","Vital marketing","Vital marketing","","","Tanger/asilah","","Morocco","","","","","","","","","","","","","","","","","","","","","","","","","","","","","","","","","","ns11.domaincontrol.com","ns12.domaincontrol.com","","","addPeriod","clientDeleteProhibited","clientRenewProhibited","clientTransferProhibited"
"101","valvina.com","2021-03-01 14:21:01","2021-02-27","2021-02-27","2022-02-27","48","eNom, Inc.","whois.enom.com","http://www.enom.com","REDACTED FOR PRIVACY","REDACTED FOR PRIVACY","REDACTED FOR PRIVACY","REDACTED FOR PRIVACY","Grand Casablanca","REDACTED FOR PRIVACY","Morocco","","REDACTED FOR PRIVACY","REDACTED FOR PRIVACY","REDACTED FOR PRIVACY","REDACTED FOR PRIVACY","REDACTED FOR PRIVACY","REDACTED FOR PRIVACY","REDACTED FOR PRIVACY","REDACTED FOR PRIVACY","REDACTED FOR PRIVACY","","REDACTED FOR PRIVACY","REDACTED FOR PRIVACY","REDACTED FOR PRIVACY","REDACTED FOR PRIVACY","REDACTED FOR PRIVACY","REDACTED FOR PRIVACY","REDACTED FOR PRIVACY","REDACTED FOR PRIVACY","REDACTED FOR PRIVACY","","REDACTED FOR PRIVACY","REDACTED FOR PRIVACY","","","","","","","","","","","ns1.adk-media.com","ns2.adk-media.com","","","addPeriod","clientTransferProhibited","",""
"102","vazura-shop.com","2021-03-01 16:02:16","2021-02-27","2021-02-27","2022-02-27","146","GoDaddy.com, LLC","whois.godaddy.com","http://registrar.godaddy.com","VAZURA","VAZURA","","","Maroc","","Morocco","","","","","","","","","","","","","","","","","","","","","","","","","","","","","","","","","","ns41.domaincontrol.com","ns42.domaincontrol.com","","","clientDeleteProhibited","clientRenewProhibited","clientTransferProhibited","clientUpdateProhibited"
"103","vemringer.online","2021-03-01 15:34:26","2021-02-26","2021-02-26","2022-02-26","146","GoDaddy.com, LLC","whois.godaddy.com","http://registrar.godaddy.com","","","","","Sous-Massa-Draa","","Morocco","","","","","","","","","","","","","","","","","","","","","","","","","","","","","","","","","","ns51.domaincontrol.com","ns52.domaincontrol.com","","","addPeriod","clientDeleteProhibited","clientRenewProhibited","clientTransferProhibited"
"104","voixdakhla.com","2021-03-01 16:01:26","2021-02-27","2021-02-28","2023-02-27","146","GoDaddy.com, LLC","whois.godaddy.com","http://registrar.godaddy.com","","","","","DAKHLA","","Morocco","","","","","","","","","","","","","","","","","","","","","","","","","","","","","","","","","","ns21.domaincontrol.com","ns22.domaincontrol.com","","","clientDeleteProhibited","clientRenewProhibited","clientTransferProhibited","clientUpdateProhibited"
"105","w3unit.com","2021-03-01 16:00:10","2021-02-27","2021-02-27","2022-02-27","625","Name.com, Inc.","whois.name.com","http://www.name.com","Adil el Hallaoui","","Hay Imouazaren Ait Ourir ElHaouz Marrakech","Ait Ourir","mouazaren","42050","Morocco","","Non-Public Data","","Adil el Hallaoui","","Hay Imouazaren Ait Ourir ElHaouz Marrakech","Ait Ourir","mouazaren","42050","Morocco","","Non-Public Data","","Adil el Hallaoui","","Hay Imouazaren Ait Ourir ElHaouz Marrakech","Ait Ourir","mouazaren","42050","Morocco","","Non-Public Data","","","","","","","","","","","","ns1.w3unit.com","ns2.w3unit.com","","","addPeriod","clientTransferProhibited","",""
"106","waypok.com","2021-03-01 15:59:47","2021-02-27","2021-02-28","2022-02-27","1479","Namesilo, LLC","whois.namesilo.com","http://www.namesilo.com","kamal Cherif","","oulad oujih","kenitra","kenitra","14000","Morocco","azizimedd@gmail.com","+212.0614626519","","kamal Cherif","","oulad oujih","kenitra","kenitra","14000","Morocco","azizimedd@gmail.com","+212.0614626519","","kamal Cherif","","oulad oujih","kenitra","kenitra","14000","Morocco","azizimedd@gmail.com","+212.0614626519","","","","","","","","","","","","ns1.capconnect.com","ns2.capconnect.com","ns3.capconnect.com","ns4.capconnect.com","clientTransferProhibited","","",""
"107","weloveeasysport.com","2021-03-01 15:59:25","2021-02-26","2021-02-26","2022-02-26","146","GoDaddy.com, LLC","whois.godaddy.com","http://registrar.godaddy.com","","","","","Maroc","","Morocco","","","","","","","","","","","","","","","","","","","","","","","","","","","","","","","","","","ns77.domaincontrol.com","ns78.domaincontrol.com","","","clientDeleteProhibited","clientRenewProhibited","clientTransferProhibited","clientUpdateProhibited"
"108","winterpot.com","2021-03-01 17:47:00","2021-02-27","2021-02-27","2022-02-27","3518","DropCatch.com 1309 LLC","","","MOURAD ELH","","191 BLOC RABAT","RABAT","Rabat-Sal?-Zemmour-Zaer","10000","Morocco","ecomaticom@gmail.com","+212.637142769","","MOURAD ELH","","191 BLOC RABAT","RABAT","Rabat-Sal?-Zemmour-Zaer","10000","Morocco","ecomaticom@gmail.com","+212.637142769","","MOURAD ELH","","191 BLOC RABAT","RABAT","Rabat-Sal?-Zemmour-Zaer","10000","Morocco","ecomaticom@gmail.com","+212.637142769","","","","","","","","","","","","","","","","clientTransferProhibited","","",""
"109","xio-review.com","2021-03-01 14:39:04","2021-02-27","2021-02-27","2022-02-27","1647","Hosting Concepts B.V. dba Openprovider","whois.registrar.eu","http://www.openprovider.com","REDACTED FOR PRIVACY","","REDACTED FOR PRIVACY","REDACTED FOR PRIVACY","SoussMassaDraa","REDACTED FOR PRIVACY","Morocco","","REDACTED FOR PRIVACY","REDACTED FOR PRIVACY","REDACTED FOR PRIVACY","REDACTED FOR PRIVACY","REDACTED FOR PRIVACY","REDACTED FOR PRIVACY","REDACTED FOR PRIVACY","REDACTED FOR PRIVACY","REDACTED FOR PRIVACY","","REDACTED FOR PRIVACY","REDACTED FOR PRIVACY","REDACTED FOR PRIVACY","REDACTED FOR PRIVACY","REDACTED FOR PRIVACY","REDACTED FOR PRIVACY","REDACTED FOR PRIVACY","REDACTED FOR PRIVACY","REDACTED FOR PRIVACY","","REDACTED FOR PRIVACY","REDACTED FOR PRIVACY","","","","","","","","","","","ns1.dns-parking.com","ns2.dns-parking.com","","","clientTransferProhibited","ok","",""
"110","yotogs.com","2021-03-01 14:38:00","2021-02-27","2021-02-27","2022-02-27","1630","Ligne Web Services SARL","whois.nic.fr","http://www.ait.com","","","","","","","Morocco","92f70837afe8986ee43ddbec4c999f49@whois-anonymous.com","","","","","","","","","Morocco","92f70837afe8986ee43ddbec4c999f49@whois-anonymous.com","","","","","","","","","Morocco","92f70837afe8986ee43ddbec4c999f49@whois-anonymous.com","","","","","","","","","Morocco","92f70837afe8986ee43ddbec4c999f49@whois-anonymous.com","","","","","","","More","clientTransferProhibited","informations","on"
"111","yubies.net","2021-03-01 15:38:45","2021-02-26","2021-02-26","2022-02-26","81","Gandi SAS","whois.gandi.net","http://www.gandi.net","REDACTED FOR PRIVACY","","REDACTED FOR PRIVACY","REDACTED FOR PRIVACY","","REDACTED FOR PRIVACY","Morocco","8e3868490316f25bcfcc96c252326e02-25760123@contact.gandi.net","REDACTED FOR PRIVACY","REDACTED FOR PRIVACY","REDACTED FOR PRIVACY","REDACTED FOR PRIVACY","REDACTED FOR PRIVACY","REDACTED FOR PRIVACY","REDACTED FOR PRIVACY","REDACTED FOR PRIVACY","REDACTED FOR PRIVACY","8e3868490316f25bcfcc96c252326e02-25760123@contact.gandi.net","REDACTED FOR PRIVACY","REDACTED FOR PRIVACY","REDACTED FOR PRIVACY","REDACTED FOR PRIVACY","REDACTED FOR PRIVACY","REDACTED FOR PRIVACY","REDACTED FOR PRIVACY","REDACTED FOR PRIVACY","REDACTED FOR PRIVACY","8e3868490316f25bcfcc96c252326e02-25760123@contact.gandi.net","REDACTED FOR PRIVACY","REDACTED FOR PRIVACY","","","","","","","","","","","ns-125-b.gandi.net","ns-171-c.gandi.net","ns-6-a.gandi.net","","clientTransferProhibited","","",""
"112","zanzehiyo.site","2021-03-01 15:28:14","2021-02-26","2021-02-26","2022-02-26","146","GoDaddy.com, LLC","whois.godaddy.com","http://registrar.godaddy.com","Vital marketing","Vital marketing","","","Tanger/asilah","","Morocco","","","","","","","","","","","","","","","","","","","","","","","","","","","","","","","","","","ns51.domaincontrol.com","ns52.domaincontrol.com","","","addPeriod","clientDeleteProhibited","clientRenewProhibited","clientTransferProhibited"
"113","zeigtec.com","2021-03-01 14:37:32","2021-02-27","2021-02-27","2022-02-27","146","GoDaddy.com, LLC","whois.godaddy.com","http://registrar.godaddy.com","EMBCIRCUIT","EMBCIRCUIT","","","Agadir","","Morocco","","","","","","","","","","","","","","","","","","","","","","","","","","","","","","","","","","ns1.youcan.shop","ns2.youcan.shop","","","clientDeleteProhibited","clientRenewProhibited","clientTransferProhibited","clientUpdateProhibited"
"114","ziriameyoichi.site","2021-03-01 15:28:19","2021-02-26","2021-02-26","2022-02-26","146","GoDaddy.com, LLC","whois.godaddy.com","http://registrar.godaddy.com","Vital marketing","Vital marketing","","","Tanger/asilah","","Morocco","","","","","","","","","","","","","","","","","","","","","","","","","","","","","","","","","","ns11.domaincontrol.com","ns12.domaincontrol.com","","","addPeriod","clientDeleteProhibited","clientRenewProhibited","clientTransferProhibited"
"115","znnaeartin.site","2021-03-01 15:28:14","2021-02-26","2021-02-26","2022-02-26","146","GoDaddy.com, LLC","whois.godaddy.com","http://registrar.godaddy.com","Vital marketing","Vital marketing","","","Tanger/asilah","","Morocco","","","","","","","","","","","","","","","","","","","","","","","","","","","","","","","","","","ns77.domaincontrol.com","ns78.domaincontrol.com","","","addPeriod","clientDeleteProhibited","clientRenewProhibited","clientTransferProhibited"