"num","domain_name","query_time","create_date","update_date","expiry_date","domain_registrar_id","domain_registrar_name","domain_registrar_whois","domain_registrar_url","registrant_name","registrant_company","registrant_address","registrant_city","registrant_state","registrant_zip","registrant_country","registrant_email","registrant_phone","registrant_fax","administrative_name","administrative_company","administrative_address","administrative_city","administrative_state","administrative_zip","administrative_country","administrative_email","administrative_phone","administrative_fax","technical_name","technical_company","technical_address","technical_city","technical_state","technical_zip","technical_country","technical_email","technical_phone","technical_fax","billing_name","billing_company","billing_address","billing_city","billing_state","billing_zip","billing_country","billing_email","billing_phone","billing_fax","name_server_1","name_server_2","name_server_3","name_server_4","domain_status_1","domain_status_2","domain_status_3","domain_status_4"
"1","apptiva2.com","2021-03-01 16:58:56","2021-02-27","2021-02-27","2022-02-27","1383","Soluciones Corporativas IP, SLU","whois.scip.es","http://www.dondominio.com","REDACTED FOR PRIVACY","","REDACTED FOR PRIVACY","REDACTED FOR PRIVACY","Managua","REDACTED FOR PRIVACY","Nicaragua","","REDACTED FOR PRIVACY","REDACTED FOR PRIVACY","REDACTED FOR PRIVACY","REDACTED FOR PRIVACY","REDACTED FOR PRIVACY","REDACTED FOR PRIVACY","REDACTED FOR PRIVACY","REDACTED FOR PRIVACY","REDACTED FOR PRIVACY","","REDACTED FOR PRIVACY","REDACTED FOR PRIVACY","REDACTED FOR PRIVACY","REDACTED FOR PRIVACY","REDACTED FOR PRIVACY","REDACTED FOR PRIVACY","REDACTED FOR PRIVACY","REDACTED FOR PRIVACY","REDACTED FOR PRIVACY","","REDACTED FOR PRIVACY","REDACTED FOR PRIVACY","","","","","","","","","","","ns-cloud-d1.googledomains.com","ns-cloud-d2.googledomains.com","ns-cloud-d3.googledomains.com","ns-cloud-d4.googledomains.com","OK","","",""
"2","nicanuncios.online","2021-03-01 15:36:47","2021-02-26","2021-02-26","2022-02-26","146","GoDaddy.com, LLC","whois.godaddy.com","http://registrar.godaddy.com","","","","","managua","","Nicaragua","","","","","","","","","","","","","","","","","","","","","","","","","","","","","","","","","","ns1.nexcess.net","ns2.nexcess.net","ns3.nexcess.net","ns4.nexcess.net","addPeriod","clientDeleteProhibited","clientRenewProhibited","clientTransferProhibited"
"3","ortoplusnicaragua.com","2021-03-01 14:19:31","2021-02-27","2021-02-27","2022-02-27","625","Name.com, Inc.","whois.name.com","http://www.name.com","Javier Gutierrez","Hosting Nica","Cancha NV. Amanecer 2C.O 1/2C.N","Juigalpa","Chontales","505","Nicaragua","","Non-Public Data","","Javier Gutierrez","Hosting Nica","Cancha NV. Amanecer 2C.O 1/2C.N","Juigalpa","Chontales","505","Nicaragua","","Non-Public Data","","Javier Gutierrez","Hosting Nica","Cancha NV. Amanecer 2C.O 1/2C.N","Juigalpa","Chontales","505","Nicaragua","","Non-Public Data","","","","","","","","","","","","ns1.antares.hostingnica.info","ns2.antares.hostingnica.info","","","addPeriod","clientTransferProhibited","",""
"4","princessfashionsev.com","2021-03-01 16:17:52","2021-02-27","2021-02-27","2022-02-27","146","GoDaddy.com, LLC","whois.godaddy.com","http://registrar.godaddy.com","","","","","managua","","Nicaragua","","","","","","","","","","","","","","","","","","","","","","","","","","","","","","","","","","ns1.banahosting.com","ns2.banahosting.com","ns3.banahosting.com","ns4.banahosting.com","clientDeleteProhibited","clientRenewProhibited","clientTransferProhibited","clientUpdateProhibited"
"5","qirbplus.com","2021-03-01 14:36:11","2021-02-27","2021-02-27","2022-02-27","146","GoDaddy.com, LLC","whois.godaddy.com","http://registrar.godaddy.com","","","","","managua","","Nicaragua","","","","","","","","","","","","","","","","","","","","","","","","","","","","","","","","","","ns41.domaincontrol.com","ns42.domaincontrol.com","","","clientDeleteProhibited","clientRenewProhibited","clientTransferProhibited","clientUpdateProhibited"