"num","domain_name","query_time","create_date","update_date","expiry_date","domain_registrar_id","domain_registrar_name","domain_registrar_whois","domain_registrar_url","registrant_name","registrant_company","registrant_address","registrant_city","registrant_state","registrant_zip","registrant_country","registrant_email","registrant_phone","registrant_fax","administrative_name","administrative_company","administrative_address","administrative_city","administrative_state","administrative_zip","administrative_country","administrative_email","administrative_phone","administrative_fax","technical_name","technical_company","technical_address","technical_city","technical_state","technical_zip","technical_country","technical_email","technical_phone","technical_fax","billing_name","billing_company","billing_address","billing_city","billing_state","billing_zip","billing_country","billing_email","billing_phone","billing_fax","name_server_1","name_server_2","name_server_3","name_server_4","domain_status_1","domain_status_2","domain_status_3","domain_status_4"
"1","921hub.net","2021-03-01 15:45:30","2021-02-26","2021-02-26","2022-02-26","146","GoDaddy.com, LLC","whois.godaddy.com","http://registrar.godaddy.com","","","","","lagos","","Nigeria","","","","","","","","","","","","","","","","","","","","","","","","","","","","","","","","","","ns51.domaincontrol.com","ns52.domaincontrol.com","","","clientDeleteProhibited","clientRenewProhibited","clientTransferProhibited","clientUpdateProhibited"
"2","aba-energy-group.com","2021-03-01 17:02:12","2021-02-27","2021-02-27","2022-02-27","303","PDR Ltd. d/b/a PublicDomainRegistry.com","whois.publicdomainregistry.com","http://www.publicdomainregistry.com","St  Jude","Y.F.G Co.,Ltd","Kuje Rubbochi","FCT","Abuja","460375","Nigeria","jude.onoita@yahoo.com","+234.8169290527","","St  Jude","Y.F.G Co.,Ltd","Kuje Rubbochi","FCT","Abuja","460375","Nigeria","jude.onoita@yahoo.com","+234.8169290527","","St  Jude","Y.F.G Co.,Ltd","Kuje Rubbochi","FCT","Abuja","460375","Nigeria","jude.onoita@yahoo.com","+234.8169290527","","","","","","","","","","","","earth.monovm.com","mars.monovm.com","mercury.monovm.com","venus.monovm.com","clientTransferProhibited","","",""
"3","abuzajcom.com","2021-03-01 17:02:09","2021-02-27","2021-02-28","2022-02-27","1479","Namesilo, LLC","whois.namesilo.com","http://www.namesilo.com","Nasiru Abdullahi Tanko","","No 43 Kofan Doka Zaria City No 43 Kofan Doka Zaria City","Kaduna","ABUJA","234000","Nigeria","nasirusoft@gmail.com","+234.07034514415","","Nasiru Abdullahi Tanko","","No 43 Kofan Doka Zaria City No 43 Kofan Doka Zaria City","Kaduna","ABUJA","234000","Nigeria","nasirusoft@gmail.com","+234.07034514415","","Nasiru Abdullahi Tanko","","No 43 Kofan Doka Zaria City No 43 Kofan Doka Zaria City","Kaduna","ABUJA","234000","Nigeria","nasirusoft@gmail.com","+234.07034514415","","","","","","","","","","","","ns11.syskay.com","ns12.syskay.com","","","clientTransferProhibited","","",""
"4","accrualtrust.com","2021-03-01 17:02:10","2021-02-27","2021-02-27","2022-02-27","303","PDR Ltd. d/b/a PublicDomainRegistry.com","whois.publicdomainregistry.com","http://www.publicdomainregistry.com","Jeffery Hitchens","Alwics","Pole street 15","Benin city","Edo state","300271","Nigeria","jeffreyhutchen@gmail.com","+234.09155277437","","Jeffery Hitchens","Alwics","Pole street 15","Benin city","Edo state","300271","Nigeria","jeffreyhutchen@gmail.com","+234.09155277437","","Jeffery Hitchens","Alwics","Pole street 15","Benin city","Edo state","300271","Nigeria","jeffreyhutchen@gmail.com","+234.09155277437","","","","","","","","","","","","ns71.qservers.net","ns72.qservers.net","","","clientTransferProhibited","","",""
"5","africlade.com","2021-03-01 17:20:36","2021-02-26","2021-02-27","2022-02-26","1479","Namesilo, LLC","whois.namesilo.com","http://www.namesilo.com","Ikechukwu Erowele","","Suite TFB 45, Electronic plaza   (Opp. Chida Hotel)  Jabi,","Abuja","fct","234111","Nigeria","ierowele@gmail.com","+234.08039321204","","Ikechukwu Erowele","","Suite TFB 45, Electronic plaza   (Opp. Chida Hotel)  Jabi,","Abuja","fct","234111","Nigeria","ierowele@gmail.com","+234.08039321204","","Ikechukwu Erowele","","Suite TFB 45, Electronic plaza   (Opp. Chida Hotel)  Jabi,","Abuja","fct","234111","Nigeria","ierowele@gmail.com","+234.08039321204","","","","","","","","","","","","ns1.cloud-617b28.managed-vps.net","ns2.cloud-617b28.managed-vps.net","","","clientTransferProhibited","","",""
"6","afrikcredit.com","2021-03-01 17:01:15","2021-02-27","2021-02-27","2022-02-27","303","PDR Ltd. d/b/a PublicDomainRegistry.com","whois.publicdomainregistry.com","http://www.publicdomainregistry.com","Afrik Credit","Afrikcredit","Goodluck93 Ikorudu","Lagos","Lagos","234001","Nigeria","creditafrik@gmail.com","+234.7031099300","","Afrik Credit","Afrikcredit","Goodluck93 Ikorudu","Lagos","Lagos","234001","Nigeria","creditafrik@gmail.com","+234.7031099300","","Afrik Credit","Afrikcredit","Goodluck93 Ikorudu","Lagos","Lagos","234001","Nigeria","creditafrik@gmail.com","+234.7031099300","","","","","","","","","","","","ns1.site4now.net","ns2.site4now.net","ns3.site4now.net","","clientTransferProhibited","","",""
"7","ajk-logistics.com","2021-03-01 17:00:52","2021-02-27","2021-02-27","2022-02-27","1250","Trunkoz Technologies Pvt Ltd. d/b/a OwnRegistrar.com","whois.ownregistrar.com","http://www.ownregistrar.com","james nwanne","NA","12 IBB waybalogun ave.","Aba","Abia","234833","Nigeria","aichua.sg@outlook.com","+234.7065452152","","james nwanne","NA","12 IBB waybalogun ave.","Aba","Abia","234833","Nigeria","aichua.sg@outlook.com","+234-7065452152","","james nwanne","NA","12 IBB waybalogun ave.","Aba","Abia","234833","Nigeria","aichua.sg@outlook.com","+234-7065452152","","","","","","","","","","","","ns13.hostnownow.com","ns14.hostnownow.com","","","OK","","",""
"8","akventuresltd.com","2021-03-01 17:00:41","2021-02-27","2021-02-27","2022-02-27","303","PDR Ltd. d/b/a PublicDomainRegistry.com","whois.publicdomainregistry.com","http://www.publicdomainregistry.com","Telch Nigeria","Telch","lagos lagos","lagos","lagos","234001","Nigeria","telchng@gmail.com","+234.8127892442","","Telch Nigeria","Telch","lagos lagos","lagos","lagos","234001","Nigeria","telchng@gmail.com","+234.8127892442","","Telch Nigeria","Telch","lagos lagos","lagos","lagos","234001","Nigeria","telchng@gmail.com","+234.8127892442","","","","","","","","","","","","ns29.qservers.net","ns30.qservers.net","","","clientTransferProhibited","","",""
"9","alexandra-consult-ltd.one","2021-03-01 15:38:33","2021-02-26","2021-02-27","2022-02-26","1462","One.com A/S","whois.ripn.net","www.one.com","REDACTED FOR PRIVACY","OBIYE ACADEMY","REDACTED FOR PRIVACY REDACTED FOR PRIVACY REDACTED FOR PRIVACY","REDACTED FOR PRIVACY","","REDACTED FOR PRIVACY","Nigeria","","REDACTED FOR PRIVACY","REDACTED FOR PRIVACY","REDACTED FOR PRIVACY","REDACTED FOR PRIVACY","REDACTED FOR PRIVACY REDACTED FOR PRIVACY REDACTED FOR PRIVACY","REDACTED FOR PRIVACY","REDACTED FOR PRIVACY","REDACTED FOR PRIVACY","REDACTED FOR PRIVACY","","REDACTED FOR PRIVACY","REDACTED FOR PRIVACY","REDACTED FOR PRIVACY","REDACTED FOR PRIVACY","REDACTED FOR PRIVACY REDACTED FOR PRIVACY REDACTED FOR PRIVACY","REDACTED FOR PRIVACY","REDACTED FOR PRIVACY","REDACTED FOR PRIVACY","REDACTED FOR PRIVACY","","REDACTED FOR PRIVACY","REDACTED FOR PRIVACY","","","","","","","","","","","ns01.one.com","ns02.one.com","","","addPeriod","ok","",""
"10","allinclusiverealityshow.com","2021-03-01 17:00:19","2021-02-27","2021-02-28","2022-02-27","1479","Namesilo, LLC","whois.namesilo.com","http://www.namesilo.com","Joyab Consulting","","7, Akinola Street, Konifewo","Ota","Ogun","112101","Nigeria","joyabconsulting@gmail.com","+234.8123779419","","Joyab Consulting","","7, Akinola Street, Konifewo","Ota","Ogun","112101","Nigeria","joyabconsulting@gmail.com","+234.8123779419","","Joyab Consulting","","7, Akinola Street, Konifewo","Ota","Ogun","112101","Nigeria","joyabconsulting@gmail.com","+234.8123779419","","","","","","","","","","","","ns1.cloudoon.com","ns2.cloudoon.com","ns3.cloudoon.com","","clientTransferProhibited","","",""
"11","apitest-lshs.com","2021-03-01 16:59:14","2021-02-27","2021-02-27","2022-02-27","303","PDR Ltd. d/b/a PublicDomainRegistry.com","whois.publicdomainregistry.com","http://www.publicdomainregistry.com","Calisto Zulu","Prognosis Technologies Limited","Mobolaji Johnson Estate","Lekki","Lagos","105102","Nigeria","calisto.zulu@gmail.com","+234.8090700956","","Calisto Zulu","Prognosis Technologies Limited","Mobolaji Johnson Estate","Lekki","Lagos","105102","Nigeria","calisto.zulu@gmail.com","+234.8090700956","","Calisto Zulu","Prognosis Technologies Limited","Mobolaji Johnson Estate","Lekki","Lagos","105102","Nigeria","calisto.zulu@gmail.com","+234.8090700956","","","","","","","","","","","","ns101.cloudns.net","ns102.cloudns.net","ns103.cloudns.net","ns104.cloudns.net","clientTransferProhibited","","",""
"12","arewablockchain.com","2021-03-01 16:58:45","2021-02-27","2021-02-27","2022-02-27","1647","Hosting Concepts B.V. dba Openprovider","whois.registrar.eu","http://www.openprovider.com","REDACTED FOR PRIVACY","arewablockchain","REDACTED FOR PRIVACY","REDACTED FOR PRIVACY","Jigawa","REDACTED FOR PRIVACY","Nigeria","","REDACTED FOR PRIVACY","REDACTED FOR PRIVACY","REDACTED FOR PRIVACY","REDACTED FOR PRIVACY","REDACTED FOR PRIVACY","REDACTED FOR PRIVACY","REDACTED FOR PRIVACY","REDACTED FOR PRIVACY","REDACTED FOR PRIVACY","","REDACTED FOR PRIVACY","REDACTED FOR PRIVACY","REDACTED FOR PRIVACY","REDACTED FOR PRIVACY","REDACTED FOR PRIVACY","REDACTED FOR PRIVACY","REDACTED FOR PRIVACY","REDACTED FOR PRIVACY","REDACTED FOR PRIVACY","","REDACTED FOR PRIVACY","REDACTED FOR PRIVACY","","","","","","","","","","","ns1.dns-parking.com","ns2.dns-parking.com","","","clientTransferProhibited","ok","",""
"13","astrazenecagroups.com","2021-03-01 16:57:53","2021-02-27","2021-02-27","2022-02-27","955","Launchpad, Inc.","whois.launchpad.com","http://www.launchpad.com","Jack Dawson","None","75 Olushegun Street, Lekki phase 1","Lekki","LA","105102","Nigeria","jackdaw654@gmail.com","+234.9034576565","","Jack Dawson","None","75 Olushegun Street, Lekki phase 1","Lekki","LA","105102","Nigeria","jackdaw654@gmail.com","+234.9034576565","","Jack Dawson","None","75 Olushegun Street, Lekki phase 1","Lekki","LA","105102","Nigeria","jackdaw654@gmail.com","+234.9034576565","","","","","","","","","","","","ns8103.hostgator.com","ns8104.hostgator.com","","","clientTransferProhibited","","",""
"14","atomic-unlock.com","2021-03-01 16:57:39","2021-02-27","2021-02-27","2022-02-27","303","PDR Ltd. d/b/a PublicDomainRegistry.com","whois.publicdomainregistry.com","http://www.publicdomainregistry.com","nath brik","hhju","ka xzc","sadsfg","lagos","100001","Nigeria","nathanbrik@gmail.com","+234.7042032847","","nath brik","hhju","ka xzc","sadsfg","lagos","100001","Nigeria","nathanbrik@gmail.com","+234.7042032847","","nath brik","hhju","ka xzc","sadsfg","lagos","100001","Nigeria","nathanbrik@gmail.com","+234.7042032847","","","","","","","","","","","","ns39.qservers.net","ns40.qservers.net","","","clientTransferProhibited","","",""
"15","banjosnetsolutions.com","2021-03-01 17:40:23","2021-02-27","2021-02-27","2022-02-27","303","PDR Ltd. d/b/a PublicDomainRegistry.com","whois.publicdomainregistry.com","http://www.publicdomainregistry.com","Olalekan Banjo","Bns","Suite42d anon plaza gudu district","Abuja","Fct","000000","Nigeria","leksideus2000@yahoo.com","+234.09099669682","","Olalekan Banjo","Bns","Suite42d anon plaza gudu district","Abuja","Fct","000000","Nigeria","leksideus2000@yahoo.com","+234.09099669682","","Olalekan Banjo","Bns","Suite42d anon plaza gudu district","Abuja","Fct","000000","Nigeria","leksideus2000@yahoo.com","+234.09099669682","","","","","","","","","","","","ns1.gigalayer.com","ns2.gigalayer.com","ns3.gigalayer.com","","clientTransferProhibited","","",""
"16","banktdonline.com","2021-03-01 13:36:10","2021-02-28","2021-02-28","2022-02-28","1647","Hosting Concepts B.V. dba Openprovider","whois.registrar.eu","http://www.openprovider.com","REDACTED FOR PRIVACY","hamond manufacturing","REDACTED FOR PRIVACY","REDACTED FOR PRIVACY","lagos","REDACTED FOR PRIVACY","Nigeria","","REDACTED FOR PRIVACY","REDACTED FOR PRIVACY","REDACTED FOR PRIVACY","REDACTED FOR PRIVACY","REDACTED FOR PRIVACY","REDACTED FOR PRIVACY","REDACTED FOR PRIVACY","REDACTED FOR PRIVACY","REDACTED FOR PRIVACY","","REDACTED FOR PRIVACY","REDACTED FOR PRIVACY","REDACTED FOR PRIVACY","REDACTED FOR PRIVACY","REDACTED FOR PRIVACY","REDACTED FOR PRIVACY","REDACTED FOR PRIVACY","REDACTED FOR PRIVACY","REDACTED FOR PRIVACY","","REDACTED FOR PRIVACY","REDACTED FOR PRIVACY","","","","","","","","","","","ns1.dns-parking.com","ns2.dns-parking.com","","","clientTransferProhibited","ok","",""
"17","benefitsofketodiet.com","2021-03-01 17:22:22","2021-02-27","2021-02-28","2022-02-27","69","Tucows Domains Inc.","whois.tucows.com","http://domainhelp.opensrs.net","REDACTED FOR PRIVACY","REDACTED FOR PRIVACY","REDACTED FOR PRIVACY","REDACTED FOR PRIVACY","Lagos","REDACTED FOR PRIVACY","Nigeria","","REDACTED FOR PRIVACY","REDACTED FOR PRIVACY","REDACTED FOR PRIVACY","REDACTED FOR PRIVACY","REDACTED FOR PRIVACY","REDACTED FOR PRIVACY","REDACTED FOR PRIVACY","REDACTED FOR PRIVACY","REDACTED FOR PRIVACY","","REDACTED FOR PRIVACY","REDACTED FOR PRIVACY","REDACTED FOR PRIVACY","REDACTED FOR PRIVACY","REDACTED FOR PRIVACY","REDACTED FOR PRIVACY","REDACTED FOR PRIVACY","REDACTED FOR PRIVACY","REDACTED FOR PRIVACY","","REDACTED FOR PRIVACY","REDACTED FOR PRIVACY","","","","","","","","","","","dns2006a.trouble-free.net","dns2006b.trouble-free.net","","","","","",""
"18","bilwayventures.com","2021-03-01 16:55:00","2021-02-27","2021-02-28","2022-02-27","1479","Namesilo, LLC","whois.namesilo.com","http://www.namesilo.com","Ayobami Adejumo","","Gasline, Matogun. Oke aro","Agbado","Ogun","112107","Nigeria","lakabosch@gmail.com","+234.9064890551","","Ayobami Adejumo","","Gasline, Matogun. Oke aro","Agbado","Ogun","112107","Nigeria","lakabosch@gmail.com","+234.9064890551","","Ayobami Adejumo","","Gasline, Matogun. Oke aro","Agbado","Ogun","112107","Nigeria","lakabosch@gmail.com","+234.9064890551","","","","","","","","","","","","ns1.dkstack.com","ns2.dkstack.com","","","clientTransferProhibited","","",""
"19","bizandtenders.com","2021-03-01 16:54:53","2021-02-27","2021-02-27","2022-02-27","303","PDR Ltd. d/b/a PublicDomainRegistry.com","whois.publicdomainregistry.com","http://www.publicdomainregistry.com","Akaninyene  Uruk","Aktech Worldwide Services","Stadium Road","Port Harcourt","Rivers State","234732","Nigeria","ak.elijah2016@gmail.com","+234.8093123172","","Akaninyene  Uruk","Aktech Worldwide Services","Stadium Road","Port Harcourt","Rivers State","234732","Nigeria","ak.elijah2016@gmail.com","+234.8093123172","","Akaninyene  Uruk","Aktech Worldwide Services","Stadium Road","Port Harcourt","Rivers State","234732","Nigeria","ak.elijah2016@gmail.com","+234.8093123172","","","","","","","","","","","","ns3.doveserver.com","ns4.doveserver.com","","","clientTransferProhibited","","",""
"20","bodyperfectorganics.com","2021-03-01 16:54:09","2021-02-27","2021-02-27","2022-02-27","303","PDR Ltd. d/b/a PublicDomainRegistry.com","whois.publicdomainregistry.com","http://www.publicdomainregistry.com","Adepoju-Conde Adesegun Christopher","Condelab Enterprise","Shop 54, POWA Market, inside police barracks, opp. MKO Garden, A lausa, Ikeja, Lagos State, Nigeria,","Ikeja","Lagos","100001","Nigeria","sconde2003@gmail.com","+234.08129444545","","Adepoju-Conde Adesegun Christopher","Condelab Enterprise","Shop 54, POWA Market, inside police barracks, opp. MKO Garden, A lausa, Ikeja, Lagos State, Nigeria,","Ikeja","Lagos","100001","Nigeria","sconde2003@gmail.com","+234.08129444545","","Adepoju-Conde Adesegun Christopher","Condelab Enterprise","Shop 54, POWA Market, inside police barracks, opp. MKO Garden, A lausa, Ikeja, Lagos State, Nigeria,","Ikeja","Lagos","100001","Nigeria","sconde2003@gmail.com","+234.08129444545","","","","","","","","","","","","dns1.doveserver.com","dns2.doveserver.com","","","clientTransferProhibited","","",""
"21","bridgingthegaptelecom.com","2021-03-01 14:29:58","2021-02-27","2021-02-27","2022-02-27","1647","Hosting Concepts B.V. dba Openprovider","whois.registrar.eu","http://www.openprovider.com","REDACTED FOR PRIVACY","","REDACTED FOR PRIVACY","REDACTED FOR PRIVACY","Lagos","REDACTED FOR PRIVACY","Nigeria","","REDACTED FOR PRIVACY","REDACTED FOR PRIVACY","REDACTED FOR PRIVACY","REDACTED FOR PRIVACY","REDACTED FOR PRIVACY","REDACTED FOR PRIVACY","REDACTED FOR PRIVACY","REDACTED FOR PRIVACY","REDACTED FOR PRIVACY","","REDACTED FOR PRIVACY","REDACTED FOR PRIVACY","REDACTED FOR PRIVACY","REDACTED FOR PRIVACY","REDACTED FOR PRIVACY","REDACTED FOR PRIVACY","REDACTED FOR PRIVACY","REDACTED FOR PRIVACY","REDACTED FOR PRIVACY","","REDACTED FOR PRIVACY","REDACTED FOR PRIVACY","","","","","","","","","","","ns1.dns-parking.com","ns2.dns-parking.com","","","clientTransferProhibited","ok","",""
"22","cheeksjs.com","2021-03-01 14:27:28","2021-02-27","2021-02-27","2022-02-27","146","GoDaddy.com, LLC","whois.godaddy.com","http://registrar.godaddy.com","LC and Cheeks","LC and Cheeks","","","lagos state","","Nigeria","","","","","","","","","","","","","","","","","","","","","","","","","","","","","","","","","","ns41.domaincontrol.com","ns42.domaincontrol.com","","","clientDeleteProhibited","clientRenewProhibited","clientTransferProhibited","clientUpdateProhibited"
"23","chrisamprojects.com","2021-03-01 16:53:29","2021-02-27","2021-02-27","2022-02-27","69","Tucows Domains Inc.","whois.tucows.com","http://domainhelp.opensrs.net","REDACTED FOR PRIVACY","REDACTED FOR PRIVACY","REDACTED FOR PRIVACY","REDACTED FOR PRIVACY","Lagos","REDACTED FOR PRIVACY","Nigeria","","REDACTED FOR PRIVACY","REDACTED FOR PRIVACY","REDACTED FOR PRIVACY","REDACTED FOR PRIVACY","REDACTED FOR PRIVACY","REDACTED FOR PRIVACY","REDACTED FOR PRIVACY","REDACTED FOR PRIVACY","REDACTED FOR PRIVACY","","REDACTED FOR PRIVACY","REDACTED FOR PRIVACY","REDACTED FOR PRIVACY","REDACTED FOR PRIVACY","REDACTED FOR PRIVACY","REDACTED FOR PRIVACY","REDACTED FOR PRIVACY","REDACTED FOR PRIVACY","REDACTED FOR PRIVACY","","REDACTED FOR PRIVACY","REDACTED FOR PRIVACY","","","","","","","","","","","ns1.eco-dns.co.uk","ns2.eco-dns.co.uk","ns3.eco-dns.co.uk","ns4.eco-dns.co.uk","clientTransferProhibited","clientUpdateProhibited","",""
"24","cinikiapp.com","2021-03-01 16:53:14","2021-02-27","2021-02-27","2022-02-27","955","Launchpad, Inc.","whois.launchpad.com","http://www.launchpad.com","Faruk Nasir","Starfolk Software","No 19H Hayatu Road K/Gayan Lowcost, Zaria, Kaduna State.","Zaria","KD","810254","Nigeria","frknasir@yahoo.com","+234.9027794286","","Faruk Nasir","Starfolk Software","No 19H Hayatu Road K/Gayan Lowcost, Zaria, Kaduna State.","Zaria","KD","810254","Nigeria","frknasir@yahoo.com","+234.9027794286","","Faruk Nasir","Starfolk Software","No 19H Hayatu Road K/Gayan Lowcost, Zaria, Kaduna State.","Zaria","KD","810254","Nigeria","frknasir@yahoo.com","+234.9027794286","","","","","","","","","","","","ns1.linode.com","ns2.linode.com","ns3.linode.com","ns4.linode.com","clientTransferProhibited","","",""
"25","clothpol.com","2021-03-01 16:52:53","2021-02-27","2021-02-27","2022-02-27","146","GoDaddy.com, LLC","whois.godaddy.com","http://registrar.godaddy.com","","","","","LA","","Nigeria","","","","","","","","","","","","","","","","","","","","","","","","","","","","","","","","","","ns29.domaincontrol.com","ns30.domaincontrol.com","","","clientDeleteProhibited","clientRenewProhibited","clientTransferProhibited","clientUpdateProhibited"
"26","continentalexpresscompany.com","2021-03-01 16:51:41","2021-02-27","2021-02-28","2022-02-27","1479","Namesilo, LLC","whois.namesilo.com","http://www.namesilo.com","Jimoh precious","","No 3 Itakogun street osogbo osun state","Osogbo","State of","234044","Nigeria","jimohprecious2@gmail.com","+234.7068491493","","Jimoh precious","","No 3 Itakogun street osogbo osun state","Osogbo","State of","234044","Nigeria","jimohprecious2@gmail.com","+234.7068491493","","Jimoh precious","","No 3 Itakogun street osogbo osun state","Osogbo","State of","234044","Nigeria","jimohprecious2@gmail.com","+234.7068491493","","","","","","","","","","","","ns1.cloudoon.com","ns2.cloudoon.com","ns3.cloudoon.com","","clientTransferProhibited","","",""
"27","detimelesssolutions.com","2021-03-01 14:18:53","2021-02-27","2021-02-28","2022-02-27","303","PDR Ltd. d/b/a PublicDomainRegistry.com","whois.publicdomainregistry.com","http://www.publicdomainregistry.com","Chigozie Ndudim","AppWorld Technologies Limited","Plot 202 Awolowo Rd. Ikoyi Lagos","Festac","Lagos","101101","Nigeria","contact@appworldng.com","+234.08035454516","","Chigozie Ndudim","AppWorld Technologies Limited","Plot 202 Awolowo Rd. Ikoyi Lagos","Festac","Lagos","101101","Nigeria","contact@appworldng.com","+234.08035454516","","Chigozie Ndudim","AppWorld Technologies Limited","Plot 202 Awolowo Rd. Ikoyi Lagos","Festac","Lagos","101101","Nigeria","contact@appworldng.com","+234.08035454516","","","","","","","","","","","","ns19.qservers.net","ns20.qservers.net","","","clientTransferProhibited","","",""
"28","doatisfxacademy.com","2021-03-01 16:48:14","2021-02-27","2021-02-27","2022-02-27","146","GoDaddy.com, LLC","whois.godaddy.com","http://registrar.godaddy.com","Doatis Enterprise Limited","Doatis Enterprise Limited","","","Ekiti","","Nigeria","","","","","","","","","","","","","","","","","","","","","","","","","","","","","","","","","","ns77.domaincontrol.com","ns78.domaincontrol.com","","","clientDeleteProhibited","clientRenewProhibited","clientTransferProhibited","clientUpdateProhibited"
"29","dritax.com","2021-03-01 16:47:41","2021-02-27","2021-02-27","2022-02-27","1250","Trunkoz Technologies Pvt Ltd. d/b/a OwnRegistrar.com","whois.ownregistrar.com","http://www.ownregistrar.com","Bright  Olufemi","NA","No 67 FESTAC","Lagos","Lagos","234","Nigeria","dritax247@gmail.com","+234.9135218528","","Bright  Olufemi","NA","No 67 FESTAC","Lagos","Lagos","234","Nigeria","dritax247@gmail.com","+234-9135218528","","Bright  Olufemi","NA","No 67 FESTAC","Lagos","Lagos","234","Nigeria","dritax247@gmail.com","+234-9135218528","","","","","","","","","","","","ns13.hostnownow.com","ns14.hostnownow.com","","","OK","","",""
"30","dxtcommodlties.com","2021-03-01 16:47:18","2021-02-27","2021-02-27","2022-02-27","303","PDR Ltd. d/b/a PublicDomainRegistry.com","whois.publicdomainregistry.com","http://www.publicdomainregistry.com","St  Jude","Y.F.G Co.,Ltd","Kuje Rubbochi","FCT","Abuja","460375","Nigeria","jude.onoita@yahoo.com","+234.8169290527","","St  Jude","Y.F.G Co.,Ltd","Kuje Rubbochi","FCT","Abuja","460375","Nigeria","jude.onoita@yahoo.com","+234.8169290527","","St  Jude","Y.F.G Co.,Ltd","Kuje Rubbochi","FCT","Abuja","460375","Nigeria","jude.onoita@yahoo.com","+234.8169290527","","","","","","","","","","","","earth.monovm.com","mars.monovm.com","mercury.monovm.com","venus.monovm.com","clientTransferProhibited","","",""
"31","edenmain.com","2021-03-01 16:46:55","2021-02-27","2021-02-27","2022-02-27","146","GoDaddy.com, LLC","whois.godaddy.com","http://registrar.godaddy.com","","","","","California","","Nigeria","","","","","","","","","","","","","","","","","","","","","","","","","","","","","","","","","","ns05.domaincontrol.com","ns06.domaincontrol.com","","","clientDeleteProhibited","clientRenewProhibited","clientTransferProhibited","clientUpdateProhibited"
"32","elibcitygloballink.com","2021-03-01 14:22:42","2021-02-27","2021-02-27","2022-02-27","1647","Hosting Concepts B.V. dba Openprovider","whois.registrar.eu","http://www.openprovider.com","REDACTED FOR PRIVACY","","REDACTED FOR PRIVACY","REDACTED FOR PRIVACY","Lagos","REDACTED FOR PRIVACY","Nigeria","","REDACTED FOR PRIVACY","REDACTED FOR PRIVACY","REDACTED FOR PRIVACY","REDACTED FOR PRIVACY","REDACTED FOR PRIVACY","REDACTED FOR PRIVACY","REDACTED FOR PRIVACY","REDACTED FOR PRIVACY","REDACTED FOR PRIVACY","","REDACTED FOR PRIVACY","REDACTED FOR PRIVACY","REDACTED FOR PRIVACY","REDACTED FOR PRIVACY","REDACTED FOR PRIVACY","REDACTED FOR PRIVACY","REDACTED FOR PRIVACY","REDACTED FOR PRIVACY","REDACTED FOR PRIVACY","","REDACTED FOR PRIVACY","REDACTED FOR PRIVACY","","","","","","","","","","","ns1.dns-parking.com","ns2.dns-parking.com","","","clientTransferProhibited","ok","",""
"33","etashelinto.com","2021-03-01 14:26:20","2021-02-27","2021-02-27","2022-02-27","1647","Hosting Concepts B.V. dba Openprovider","whois.registrar.eu","http://www.openprovider.com","REDACTED FOR PRIVACY","","REDACTED FOR PRIVACY","REDACTED FOR PRIVACY","Abuja Federal Capital Territory","REDACTED FOR PRIVACY","Nigeria","","REDACTED FOR PRIVACY","REDACTED FOR PRIVACY","REDACTED FOR PRIVACY","REDACTED FOR PRIVACY","REDACTED FOR PRIVACY","REDACTED FOR PRIVACY","REDACTED FOR PRIVACY","REDACTED FOR PRIVACY","REDACTED FOR PRIVACY","","REDACTED FOR PRIVACY","REDACTED FOR PRIVACY","REDACTED FOR PRIVACY","REDACTED FOR PRIVACY","REDACTED FOR PRIVACY","REDACTED FOR PRIVACY","REDACTED FOR PRIVACY","REDACTED FOR PRIVACY","REDACTED FOR PRIVACY","","REDACTED FOR PRIVACY","REDACTED FOR PRIVACY","","","","","","","","","","","ns1.dns-parking.com","ns2.dns-parking.com","","","clientTransferProhibited","ok","",""
"34","eyecareaidfoundation.com","2021-03-01 16:44:40","2021-02-27","2021-02-27","2022-02-27","1154","FastDomain Inc.","whois.fastdomain.com","http://www.fastdomain.com","ADESUWA AGBONTAEN","ALPHA ZONE EYE CLINIC","9 UBIAJA CRESCENT GARKI 2","ABUJA","","900104","Nigeria","alphaazone@yahoo.com","+234.8023232668","","ADESUWA AGBONTAEN","ALPHA ZONE EYE CLINIC","9 UBIAJA CRESCENT GARKI 2","ABUJA","","900104","Nigeria","alphaazone@yahoo.com","+234.8023232668","","FASTDOMAIN INC.","FASTDOMAIN, INC.","550 E TIMPANOGOS PKWY","OREM","UTAH","84097","United States","corpdomains@endurance.com","+1.8882103278","+1.8017651992","","","","","","","","","","","ns1.fastdomain.com","ns2.fastdomain.com","","","clientTransferProhibited","","",""
"35","felimamedia.com","2021-03-01 16:44:16","2021-02-27","2021-02-28","2022-02-27","69","Tucows Domains Inc.","whois.tucows.com","http://domainhelp.opensrs.net","REDACTED FOR PRIVACY","REDACTED FOR PRIVACY","REDACTED FOR PRIVACY","REDACTED FOR PRIVACY","Lagos","REDACTED FOR PRIVACY","Nigeria","","REDACTED FOR PRIVACY","REDACTED FOR PRIVACY","REDACTED FOR PRIVACY","REDACTED FOR PRIVACY","REDACTED FOR PRIVACY","REDACTED FOR PRIVACY","REDACTED FOR PRIVACY","REDACTED FOR PRIVACY","REDACTED FOR PRIVACY","","REDACTED FOR PRIVACY","REDACTED FOR PRIVACY","REDACTED FOR PRIVACY","REDACTED FOR PRIVACY","REDACTED FOR PRIVACY","REDACTED FOR PRIVACY","REDACTED FOR PRIVACY","REDACTED FOR PRIVACY","REDACTED FOR PRIVACY","","REDACTED FOR PRIVACY","REDACTED FOR PRIVACY","","","","","","","","","","","cdns1.interserver.net","cdns2.interserver.net","cdns3.interserver.net","","OK","","",""
"36","financialgurantyinsurance.com","2021-03-01 16:43:56","2021-02-27","2021-02-26","2022-02-27","146","GoDaddy.com, LLC","whois.godaddy.com","http://registrar.godaddy.com","johb","johb","","","imo","","Nigeria","","","","","","","","","","","","","","","","","","","","","","","","","","","","","","","","","","ns1.padyhost.com","ns2.padyhost.com","","","clientDeleteProhibited","clientRenewProhibited","clientTransferProhibited","clientUpdateProhibited"
"37","floridadiagnostic.com","2021-03-01 16:42:56","2021-02-27","2021-02-27","2022-02-27","303","PDR Ltd. d/b/a PublicDomainRegistry.com","whois.publicdomainregistry.com","http://www.publicdomainregistry.com","Surulere Abiye","Golive Hosting","5 Owolabi Sreet Oshogun, Ketu","Lagos","Lagos","100001","Nigeria","suruabiye@gmail.com","+234.8030566178","","Surulere Abiye","Golive Hosting","5 Owolabi Sreet Oshogun, Ketu","Lagos","Lagos","100001","Nigeria","suruabiye@gmail.com","+234.8030566178","","Surulere Abiye","Golive Hosting","5 Owolabi Sreet Oshogun, Ketu","Lagos","Lagos","100001","Nigeria","suruabiye@gmail.com","+234.8030566178","","","","","","","","","","","","ns1.servconfig.com","ns2.servconfig.com","","","clientTransferProhibited","","",""
"38","footballupdate.xyz","2021-03-01 14:49:02","2021-02-27","2021-02-27","2022-02-27","1479","Namesilo, LLC","whois.namesilo.com","http://www.namesilo.com","","","","","Osun State","","Nigeria","","","","","","","","","","","","","","","","","","","","","","","","","","","","","","","","","","dns1.harmonweb.net","dns2.harmonweb.net","","","addPeriod","clientTransferProhibited","serverTransferProhibited",""
"39","forexmaestrosanalysis.com","2021-03-01 16:42:42","2021-02-27","2021-02-27","2022-02-27","1250","Trunkoz Technologies Pvt Ltd. d/b/a OwnRegistrar.com","whois.ownregistrar.com","http://www.ownregistrar.com","Chika Akosa","Forex Maestros","Lagos","Lagos","Lagos","101007","Nigeria","forexmaestros.analysis@gmail.com","+234.8099998076","","Chika Akosa","Forex Maestros","Lagos","Lagos","Lagos","101007","Nigeria","forexmaestros.analysis@gmail.com","+234-8099998076","","Chika Akosa","Forex Maestros","Lagos","Lagos","Lagos","101007","Nigeria","forexmaestros.analysis@gmail.com","+234-8099998076","","","","","","","","","","","","ns13.hostnownow.com","ns14.hostnownow.com","","","OK","","",""
"40","fowalflair.com","2021-03-01 17:21:18","2021-02-27","2021-02-27","2022-02-27","146","GoDaddy.com, LLC","whois.godaddy.com","http://registrar.godaddy.com","BOK Solutions","BOK Solutions","","","Lagos","","Nigeria","","","","","","","","","","","","","","","","","","","","","","","","","","","","","","","","","","ns51.domaincontrol.com","ns52.domaincontrol.com","","","clientDeleteProhibited","clientRenewProhibited","clientTransferProhibited","clientUpdateProhibited"
"41","frimbies.com","2021-03-01 16:42:23","2021-02-27","2021-02-28","2022-02-27","1647","Hosting Concepts B.V. dba Openprovider","whois.registrar.eu","http://www.openprovider.com","REDACTED FOR PRIVACY","Davidayinla","REDACTED FOR PRIVACY","REDACTED FOR PRIVACY","Lagos","REDACTED FOR PRIVACY","Nigeria","","REDACTED FOR PRIVACY","REDACTED FOR PRIVACY","REDACTED FOR PRIVACY","REDACTED FOR PRIVACY","REDACTED FOR PRIVACY","REDACTED FOR PRIVACY","REDACTED FOR PRIVACY","REDACTED FOR PRIVACY","REDACTED FOR PRIVACY","","REDACTED FOR PRIVACY","REDACTED FOR PRIVACY","REDACTED FOR PRIVACY","REDACTED FOR PRIVACY","REDACTED FOR PRIVACY","REDACTED FOR PRIVACY","REDACTED FOR PRIVACY","REDACTED FOR PRIVACY","REDACTED FOR PRIVACY","","REDACTED FOR PRIVACY","REDACTED FOR PRIVACY","","","","","","","","","","","ns1.abollyhost.net","ns2.abollyhost.net","","","clientTransferProhibited","ok","",""
"42","gateeciitty.com","2021-03-01 16:41:44","2021-02-27","2021-02-27","2022-02-27","303","PDR Ltd. d/b/a PublicDomainRegistry.com","whois.publicdomainregistry.com","http://www.publicdomainregistry.com","gate kn","Gate","Ekrata street ovwain Near the madiga backery","Udu","Delta state","330103","Nigeria","maryjane.investment8322@gmail.com","+234.08054537328","","gate kn","Gate","Ekrata street ovwain Near the madiga backery","Udu","Delta state","330103","Nigeria","maryjane.investment8322@gmail.com","+234.08054537328","","gate kn","Gate","Ekrata street ovwain Near the madiga backery","Udu","Delta state","330103","Nigeria","maryjane.investment8322@gmail.com","+234.08054537328","","","","","","","","","","","","ns49.qservers.net","ns50.qservers.net","","","clientTransferProhibited","","",""
"43","gbolisco.com","2021-03-01 16:41:38","2021-02-27","2021-02-27","2022-02-27","303","PDR Ltd. d/b/a PublicDomainRegistry.com","whois.publicdomainregistry.com","http://www.publicdomainregistry.com","Sam Oyadeyi","Verkies Solutions Limited","100, MKO Abiola Way, Ring Road","Ibadan","Oyo State","200253","Nigeria","verkiesgroup@gmail.com","+234.08157887324","","Sam Oyadeyi","Verkies Solutions Limited","100, MKO Abiola Way, Ring Road","Ibadan","Oyo State","200253","Nigeria","verkiesgroup@gmail.com","+234.08157887324","","Sam Oyadeyi","Verkies Solutions Limited","100, MKO Abiola Way, Ring Road","Ibadan","Oyo State","200253","Nigeria","verkiesgroup@gmail.com","+234.08157887324","","","","","","","","","","","","ns5.garanntor.net","ns6.garanntor.net","","","clientTransferProhibited","","",""
"44","glamfetch.com","2021-03-01 16:41:01","2021-02-27","2021-02-27","2022-02-27","303","PDR Ltd. d/b/a PublicDomainRegistry.com","whois.publicdomainregistry.com","http://www.publicdomainregistry.com","MicroWeb Tech","MicroWeb Tech","May Fresh Close","Abuja","FCT","234732","Nigeria","microwebsltd@gmail.com","+234.8158152233","","MicroWeb Tech","MicroWeb Tech","May Fresh Close","Abuja","FCT","234732","Nigeria","microwebsltd@gmail.com","+234.8158152233","","MicroWeb Tech","MicroWeb Tech","May Fresh Close","Abuja","FCT","234732","Nigeria","microwebsltd@gmail.com","+234.8158152233","","","","","","","","","","","","ns1.microwebstores.com.ng","ns2.microwebstores.com.ng","","","clientTransferProhibited","","",""
"45","globastar.net","2021-03-01 15:45:13","2021-02-26","2021-02-26","2022-02-26","123","The Registry at Info Avenue, LLC d/b/a Spirit Communications","whois.iaregistry.com","http://www.spiritdomains.com","Yemi Joseph","Global Star Technologies","Awolowo Way, Lagos. Lagos-Nigeria","Lagos","Lagos-state","234011","Nigeria","giitnigeria@gmail.com","+234.8060515658","","Yemi Joseph","Global Star Technologies","Awolowo Way, Lagos. Lagos-Nigeria","Lagos","Lagos-state","234011","Nigeria","giitnigeria@gmail.com","+234.8060515658","","Yemi Joseph","Global Star Technologies","Awolowo Way, Lagos. Lagos-Nigeria","Lagos","Lagos-state","234011","Nigeria","giitnigeria@gmail.com","+234.8060515658","","","","","","","","","","","","ns11.syskay.com","ns12.syskay.com","","","clientTransferProhibited","","",""
"46","grinersinternational.com","2021-03-01 16:39:36","2021-02-27","2021-02-27","2022-02-27","1749","Upperlink Limited","whois.upperlink.ng","http://domains.upperlink.ng","Daniel Okon","","University of Port Harcourt","Port harcourt","River state","500272","Nigeria","danieluokon@gmail.com","+234.7067281841","","Daniel Okon","","University of Port Harcourt","Port harcourt","River state","500272","Nigeria","danieluokon@gmail.com","+234.7067281841","","Daniel Okon","","University of Port Harcourt","Port harcourt","River state","500272","Nigeria","danieluokon@gmail.com","+234.7067281841","","","","","","","","","","","","ns1.uplserver3.com","ns2.uplserver3.com","","","clientTransferProhibited","","",""
"47","harrowgateconstruction.com","2021-03-01 16:38:55","2021-02-27","2021-02-27","2022-02-27","303","PDR Ltd. d/b/a PublicDomainRegistry.com","whois.publicdomainregistry.com","http://www.publicdomainregistry.com","Harrowgate construction","harrowgateconstruction","Lagos Lagos","Lagos","Lagos","123401","Nigeria","harrowgateconstruction@gmail.com","+234.9021764164","","Harrowgate construction","harrowgateconstruction","Lagos Lagos","Lagos","Lagos","123401","Nigeria","harrowgateconstruction@gmail.com","+234.9021764164","","Harrowgate construction","harrowgateconstruction","Lagos Lagos","Lagos","Lagos","123401","Nigeria","harrowgateconstruction@gmail.com","+234.9021764164","","","","","","","","","","","","ns17.smartwebng.com","ns18.smartwebng.com","","","clientTransferProhibited","","",""
"48","hauhuatire.com","2021-03-01 16:38:48","2021-02-27","2021-02-27","2022-02-27","1479","Namesilo, LLC","whois.namesilo.com","http://www.namesilo.com","Emeka Eke","","222 Clifford Road","Aba","Abia","234802","Nigeria","marc.quoadtt@gmail.com","+234.8023659286","","Emeka Eke","","222 Clifford Road","Aba","Abia","234802","Nigeria","marc.quoadtt@gmail.com","+234.8023659286","","Emeka Eke","","222 Clifford Road","Aba","Abia","234802","Nigeria","marc.quoadtt@gmail.com","+234.8023659286","","","","","","","","","","","","ns1.olitt.com","ns1.olitt.net","","","clientTransferProhibited","","",""
"49","heryonix.com","2021-03-01 16:38:11","2021-02-27","2021-02-27","2022-02-27","303","PDR Ltd. d/b/a PublicDomainRegistry.com","whois.publicdomainregistry.com","http://www.publicdomainregistry.com","Ikechukwu Mbilitem","","6 odomuso close kashman saabo","lagos","lagos","101012","Nigeria","xtremeleo@msn.com","+234.08163167357","","Ikechukwu Mbilitem","","6 odomuso close kashman saabo","lagos","lagos","101012","Nigeria","xtremeleo@msn.com","+234.08163167357","","Ikechukwu Mbilitem","","6 odomuso close kashman saabo","lagos","lagos","101012","Nigeria","xtremeleo@msn.com","+234.08163167357","","","","","","","","","","","","ns5.garanntor.net","ns6.garanntor.net","","","clientTransferProhibited","","",""
"50","highstreet2homeng.com","2021-03-01 16:38:01","2021-02-27","2021-02-27","2022-02-27","2487","Internet Domain Services BS Corp","whois.publicinterestregistry.net","http://www.internetbs.net","Not disclosed Not disclosed","","Not disclosed, Not disclosed, Not disclosed","Not disclosed","Lagos","Not disclosed","Nigeria","ee7557e61060c36926ac40ef422989f8.gdrp@customers.whoisprivacycorp.com","Not disclosed","","Not disclosed Not disclosed","","Not disclosed, Not disclosed, Not disclosed","Not disclosed","Lagos","Not disclosed","Nigeria","ee7557e61060c36926ac40ef422989f8.gdrp@customers.whoisprivacycorp.com","Not disclosed","","Not disclosed Not disclosed","","Not disclosed, Not disclosed, Not disclosed","Not disclosed","Lagos","Not disclosed","Nigeria","ee7557e61060c36926ac40ef422989f8.gdrp@customers.whoisprivacycorp.com","Not disclosed","","","","","","","","","","","","ns1.webthehost.us","ns2.webthehost.us","","","clientTransferProhibited","inactive","",""
"51","internationalbreweriesiwd2021.com","2021-03-01 14:33:04","2021-02-27","2021-02-27","2022-02-27","69","Tucows Domains Inc.","whois.tucows.com","http://domainhelp.opensrs.net","REDACTED FOR PRIVACY","REDACTED FOR PRIVACY","REDACTED FOR PRIVACY","REDACTED FOR PRIVACY","LA","REDACTED FOR PRIVACY","Nigeria","","REDACTED FOR PRIVACY","REDACTED FOR PRIVACY","REDACTED FOR PRIVACY","REDACTED FOR PRIVACY","REDACTED FOR PRIVACY","REDACTED FOR PRIVACY","REDACTED FOR PRIVACY","REDACTED FOR PRIVACY","REDACTED FOR PRIVACY","","REDACTED FOR PRIVACY","REDACTED FOR PRIVACY","REDACTED FOR PRIVACY","REDACTED FOR PRIVACY","REDACTED FOR PRIVACY","REDACTED FOR PRIVACY","REDACTED FOR PRIVACY","REDACTED FOR PRIVACY","REDACTED FOR PRIVACY","","REDACTED FOR PRIVACY","REDACTED FOR PRIVACY","","","","","","","","","","","lana.ns.cloudflare.com","trevor.ns.cloudflare.com","","","OK","","",""
"52","jojleviticus.tech","2021-03-01 15:24:08","2021-02-26","","2022-02-26","1749","Upperlink Limited","whois.upperlink.ng","http://domains.upperlink.ng","","","","","lagos","","Nigeria","","","","","","","","","","","","","","","","","","","","","","","","","","","","","","","","","","ns1.uplserver6.com","ns2.uplserver6.com","","","addPeriod","serverTransferProhibited","",""
"53","kollzbutchery.com","2021-03-01 16:34:03","2021-02-27","2021-02-28","2022-02-27","1479","Namesilo, LLC","whois.namesilo.com","http://www.namesilo.com","Timileyin Olabajo","","Plot 675, Durumi District Plot 675, Durumi District","Garki","Abuja","110001","Nigeria","timileyin.olabajo@gmail.com","+234.8100632477","","Timileyin Olabajo","","Plot 675, Durumi District Plot 675, Durumi District","Garki","Abuja","110001","Nigeria","timileyin.olabajo@gmail.com","+234.8100632477","","Timileyin Olabajo","","Plot 675, Durumi District Plot 675, Durumi District","Garki","Abuja","110001","Nigeria","timileyin.olabajo@gmail.com","+234.8100632477","","","","","","","","","","","","nsa.whogohost.com","nsb.whogohost.com","","","clientTransferProhibited","","",""
"54","kponkius.online","2021-03-01 15:37:03","2021-02-26","2021-02-26","2022-02-26","1636","Hostinger, UAB","whois.hostinger.com","http://www.hostinger.com","Kponkius Dev","Kponkius Dev","","","Adamawa","","Nigeria","","","","","","","","","","","","","","","","","","","","","","","","","","","","","","","","","","ns1.dns-parking.com","ns2.dns-parking.com","","","addPeriod","clientTransferProhibited","serverTransferProhibited",""
"55","kuup.digital","2021-03-01 15:56:51","2021-02-26","2021-02-26","2022-02-26","1636","Hostinger, UAB","whois.hostinger.com","http://www.hostinger.com","REDACTED FOR PRIVACY","Not Applicable","REDACTED FOR PRIVACY","REDACTED FOR PRIVACY","Lagos","REDACTED FOR PRIVACY","Nigeria","","REDACTED FOR PRIVACY","REDACTED FOR PRIVACY","","","","","","","","","","","","","","","","","","","","","","","","","","","","","","","","","","","addPeriod","clientTransferProhibited","",""
"56","labistacoup.com","2021-03-01 16:33:33","2021-02-27","2021-02-27","2023-02-27","146","GoDaddy.com, LLC","whois.godaddy.com","http://registrar.godaddy.com","","","","","Rivers","","Nigeria","","","","","","","","","","","","","","","","","","","","","","","","","","","","","","","","","","ns41.domaincontrol.com","ns42.domaincontrol.com","","","clientDeleteProhibited","clientRenewProhibited","clientTransferProhibited","clientUpdateProhibited"
"57","legendarybuilderslimited.com","2021-03-01 16:32:40","2021-02-27","2021-02-28","2022-02-27","1479","Namesilo, LLC","whois.namesilo.com","http://www.namesilo.com","Odion Eddy","","No 45 New Road, Benin city","Benin","Edo","234","Nigeria","eddyblinkstech@gmail.com","+234.8102760797","","Odion Eddy","","No 45 New Road, Benin city","Benin","Edo","234","Nigeria","eddyblinkstech@gmail.com","+234.8102760797","","Odion Eddy","","No 45 New Road, Benin city","Benin","Edo","234","Nigeria","eddyblinkstech@gmail.com","+234.8102760797","","","","","","","","","","","","ns1.gocheapweb.com","ns2.gocheapweb.com","","","clientTransferProhibited","","",""
"58","leisureinnhomes.com","2021-03-01 16:32:33","2021-02-27","2021-02-27","2022-02-27","1749","Upperlink Limited","whois.upperlink.ng","http://domains.upperlink.ng","Abiodun Ogunibe","abiodun.net","Ogudu","Lagos","Lagos","100101","Nigeria","ameclat@gmail.com","+234.8038374366","","Abiodun Ogunibe","abiodun.net","Ogudu","Lagos","Lagos","100101","Nigeria","ameclat@gmail.com","+234.8038374366","","Abiodun Ogunibe","abiodun.net","Ogudu","Lagos","Lagos","100101","Nigeria","ameclat@gmail.com","+234.8038374366","","","","","","","","","","","","ns1.bh-13.webhostbox.net","ns2.bh-13.webhostbox.net","","","clientTransferProhibited","","",""
"59","lionmate.com","2021-03-01 17:27:44","2021-02-26","2021-02-27","2022-02-26","146","GoDaddy.com, LLC","whois.godaddy.com","http://registrar.godaddy.com","","","","","Nasarawa","","Nigeria","","","","","","","","","","","","","","","","","","","","","","","","","","","","","","","","","","ns51.domaincontrol.com","ns52.domaincontrol.com","","","OK","","",""
"60","loadedflaver.com","2021-03-01 16:31:35","2021-02-26","2021-02-27","2022-02-26","1479","Namesilo, LLC","whois.namesilo.com","http://www.namesilo.com","HarmonWeb Solutions","HarmonWeb Solutions","5, Okuyiga","Somolo","Lagos","85014","Nigeria","harmonwebsolutions@gmail.com","+234.09047698519","","HarmonWeb Solutions","HarmonWeb Solutions","5, Okuyiga","Somolo","Lagos","85014","Nigeria","harmonwebsolutions@gmail.com","+234.09047698519","","HarmonWeb Solutions","HarmonWeb Solutions","5, Okuyiga","Somolo","Lagos","85014","Nigeria","harmonwebsolutions@gmail.com","+234.09047698519","","","","","","","","","","","","dns1.harmonweb.net","dns2.harmonweb.net","","","clientTransferProhibited","","",""
"61","makispaxroyal.com","2021-03-01 16:29:43","2021-02-27","2021-02-27","2022-02-27","303","PDR Ltd. d/b/a PublicDomainRegistry.com","whois.publicdomainregistry.com","http://www.publicdomainregistry.com","Michael Joseph","Naijamall","No 40 Nepaline of P.T.I","warri","delta State","234732","Nigeria","michaeljoseph841@gmail.com","+234.8147053648","","Michael Joseph","Naijamall","No 40 Nepaline of P.T.I","warri","delta State","234732","Nigeria","michaeljoseph841@gmail.com","+234.8147053648","","Michael Joseph","Naijamall","No 40 Nepaline of P.T.I","warri","delta State","234732","Nigeria","michaeljoseph841@gmail.com","+234.8147053648","","","","","","","","","","","","ns1.c04.tmdcloud.london","ns2.c04.tmdcloud.london","","","clientTransferProhibited","","",""
"62","mamznpays.com","2021-03-01 16:29:38","2021-02-27","2021-02-27","2022-02-27","1250","Trunkoz Technologies Pvt Ltd. d/b/a OwnRegistrar.com","whois.ownregistrar.com","http://www.ownregistrar.com","nathan brik","nathja","14, Kudaki road, hostel bus stop","Lagos","Lagos","100265","Nigeria","nathanbrik@gmail.com","+234.7137669677","","nathan brik","nathja","14, Kudaki road, hostel bus stop","Lagos","Lagos","100265","Nigeria","nathanbrik@gmail.com","+234-7137669677","","nathan brik","nathja","14, Kudaki road, hostel bus stop","Lagos","Lagos","100265","Nigeria","nathanbrik@gmail.com","+234-7137669677","","","","","","","","","","","","ns13.hostnownow.com","ns14.hostnownow.com","","","OK","","",""
"63","menlifeinsurance.com","2021-03-01 17:40:55","2021-02-27","2021-02-27","2022-02-27","146","GoDaddy.com, LLC","whois.godaddy.com","http://registrar.godaddy.com","","","","","lagos","","Nigeria","","","","","","","","","","","","","","","","","","","","","","","","","","","","","","","","","","ns1.undeveloped.com","ns2.undeveloped.com","","","clientDeleteProhibited","clientRenewProhibited","clientTransferProhibited","clientUpdateProhibited"
"64","mentricks.com","2021-03-01 17:25:43","2021-02-27","2021-02-27","2022-02-27","1250","Trunkoz Technologies Pvt Ltd. d/b/a OwnRegistrar.com","whois.ownregistrar.com","http://www.ownregistrar.com","Adewumi Alabi","Wumzee IT","1, Kokumo Street, Aguda","Ogba","Lagos","100001","Nigeria","wumzee97@gmail.com","+234.08131502944","","Adewumi Alabi","Wumzee IT","1, Kokumo Street, Aguda","Ogba","Lagos","100001","Nigeria","wumzee97@gmail.com","+234-08131502944","","Adewumi Alabi","Wumzee IT","1, Kokumo Street, Aguda","Ogba","Lagos","100001","Nigeria","wumzee97@gmail.com","+234-08131502944","","","","","","","","","","","","ns13.hostnownow.com","ns14.hostnownow.com","","","OK","","",""
"65","montechltd.com","2021-03-01 16:26:43","2021-02-27","2021-02-27","2022-02-27","146","GoDaddy.com, LLC","whois.godaddy.com","http://registrar.godaddy.com","Mondays Technologies Limited","Mondays Technologies Limited","","","Lagos","","Nigeria","","","","","","","","","","","","","","","","","","","","","","","","","","","","","","","","","","ns57.domaincontrol.com","ns58.domaincontrol.com","","","clientDeleteProhibited","clientRenewProhibited","clientTransferProhibited","clientUpdateProhibited"
"66","ms-solutionsltd.com","2021-03-01 16:26:08","2021-02-27","2021-02-27","2022-02-27","1749","Upperlink Limited","whois.upperlink.ng","http://domains.upperlink.ng","Obaro Egbane","","2, Amos Akanbi Street Iju","Ifako-Ijaiye","Lagos","100216","Nigeria","obaro.media@gmail.com","+234.9067730907","","Obaro Egbane","","2, Amos Akanbi Street Iju","Ifako-Ijaiye","Lagos","100216","Nigeria","obaro.media@gmail.com","+234.9067730907","","Obaro Egbane","","2, Amos Akanbi Street Iju","Ifako-Ijaiye","Lagos","100216","Nigeria","obaro.media@gmail.com","+234.9067730907","","","","","","","","","","","","ns1.uplserver6.com","ns2.uplserver6.com","","","clientTransferProhibited","","",""
"67","multiversity.digital","2021-03-01 15:56:45","2021-02-26","2021-02-26","2022-02-26","1636","Hostinger, UAB","whois.hostinger.com","http://www.hostinger.com","REDACTED FOR PRIVACY","Not Applicable","REDACTED FOR PRIVACY","REDACTED FOR PRIVACY","Lagos","REDACTED FOR PRIVACY","Nigeria","","REDACTED FOR PRIVACY","REDACTED FOR PRIVACY","","","","","","","","","","","","","","","","","","","","","","","","","","","","","","","","","","","addPeriod","clientTransferProhibited","",""
"68","mybusinessvisibility.com","2021-03-01 16:25:43","2021-02-27","2021-02-28","2022-02-27","303","PDR Ltd. d/b/a PublicDomainRegistry.com","whois.publicdomainregistry.com","http://www.publicdomainregistry.com","Abiodun Afolabi","Sixfo Technologies","1, Alexander street, oja oba","Agege","Lagos","234001","Nigeria","abiodunflb20@gmail.com","+234.7088555978","","Abiodun Afolabi","Sixfo Technologies","1, Alexander street, oja oba","Agege","Lagos","234001","Nigeria","abiodunflb20@gmail.com","+234.7088555978","","Abiodun Afolabi","Sixfo Technologies","1, Alexander street, oja oba","Agege","Lagos","234001","Nigeria","abiodunflb20@gmail.com","+234.7088555978","","","","","","","","","","","","ns71.qservers.net","ns72.qservers.net","","","clientTransferProhibited","","",""
"69","myerranders.com","2021-03-01 16:25:43","2021-02-27","2021-02-28","2023-02-27","886","Domain.com, LLC","whois.domain.com","http://www.domain.com","REDACTED FOR PRIVACY","REDACTED FOR PRIVACY","REDACTED FOR PRIVACY","REDACTED FOR PRIVACY","NA","REDACTED FOR PRIVACY","Nigeria","","REDACTED FOR PRIVACY","REDACTED FOR PRIVACY","REDACTED FOR PRIVACY","REDACTED FOR PRIVACY","REDACTED FOR PRIVACY","REDACTED FOR PRIVACY","REDACTED FOR PRIVACY","REDACTED FOR PRIVACY","REDACTED FOR PRIVACY","","REDACTED FOR PRIVACY","REDACTED FOR PRIVACY","REDACTED FOR PRIVACY","REDACTED FOR PRIVACY","REDACTED FOR PRIVACY","REDACTED FOR PRIVACY","REDACTED FOR PRIVACY","REDACTED FOR PRIVACY","REDACTED FOR PRIVACY","","REDACTED FOR PRIVACY","REDACTED FOR PRIVACY","","","","","","","","","","","piotr.ns.cloudflare.com","wally.ns.cloudflare.com","","","clientTransferProhibited","clientUpdateProhibited","",""
"70","naijatip.com","2021-02-25 14:27:58","2021-02-23","2021-02-23","2022-02-23","303","PDR Ltd. d/b/a PublicDomainRegistry.com","whois.publicdomainregistry.com","http://www.publicdomainregistry.com","Yahaya Musa","Naijatip mlf","BEHIND KEDCO OFFICE","Malumfashi","Katsina","821201","Nigeria","yahayamusamlf1@gmail.com","+234.8142104649","","Yahaya Musa","Naijatip mlf","BEHIND KEDCO OFFICE","Malumfashi","Katsina","821201","Nigeria","yahayamusamlf1@gmail.com","+234.8142104649","","Yahaya Musa","Naijatip mlf","BEHIND KEDCO OFFICE","Malumfashi","Katsina","821201","Nigeria","yahayamusamlf1@gmail.com","+234.8142104649","","","","","","","","","","","","brianna.ns.cloudflare.com","kobe.ns.cloudflare.com","","","clientTransferProhibited","","",""
"71","norheltravels.com","2021-03-01 16:23:18","2021-02-27","2021-02-27","2022-02-27","303","PDR Ltd. d/b/a PublicDomainRegistry.com","whois.publicdomainregistry.com","http://www.publicdomainregistry.com","Anwulika Anyisia","Norhel travels and tours","17B Madam Juliana Okoye Close, Chevron alternativa Road, lekki","Lekki","Lagos","105102","Nigeria","anyisiaanne@gmail.com","+234.8163880081","","Anwulika Anyisia","Norhel travels and tours","17B Madam Juliana Okoye Close, Chevron alternativa Road, lekki","Lekki","Lagos","105102","Nigeria","anyisiaanne@gmail.com","+234.8163880081","","Anwulika Anyisia","Norhel travels and tours","17B Madam Juliana Okoye Close, Chevron alternativa Road, lekki","Lekki","Lagos","105102","Nigeria","anyisiaanne@gmail.com","+234.8163880081","","","","","","","","","","","","ns1.lethostnow.com","ns2.lethostnow.com","","","clientTransferProhibited","","",""
"72","oearts.com","2021-03-01 14:19:25","2021-02-27","2021-02-27","2022-02-27","1749","Upperlink Limited","whois.upperlink.ng","http://domains.upperlink.ng","Ezeanyim Henry","Oracus NG","University of Nigeria nsukka","Nsukka","Enugu","401400","Nigeria","ezeanyimhenry@gmail.com","+234.9091344893","","Ezeanyim Henry","Oracus NG","University of Nigeria nsukka","Nsukka","Enugu","401400","Nigeria","ezeanyimhenry@gmail.com","+234.9091344893","","Ezeanyim Henry","Oracus NG","University of Nigeria nsukka","Nsukka","Enugu","401400","Nigeria","ezeanyimhenry@gmail.com","+234.9091344893","","","","","","","","","","","","ns1.uplserver6.com","ns2.uplserver6.com","","","clientTransferProhibited","","",""
"73","ogatenant.com","2021-03-01 16:22:26","2021-02-27","2021-02-27","2022-02-27","303","PDR Ltd. d/b/a PublicDomainRegistry.com","whois.publicdomainregistry.com","http://www.publicdomainregistry.com","Stella  Joseph-Mbah","ogatenant","32, eleven road efab estate life camp","Abuja","FCT","234001","Nigeria","stella.ashagwara@gmail.com","+234.8037901217","","Stella  Joseph-Mbah","ogatenant","32, eleven road efab estate life camp","Abuja","FCT","234001","Nigeria","stella.ashagwara@gmail.com","+234.8037901217","","Stella  Joseph-Mbah","ogatenant","32, eleven road efab estate life camp","Abuja","FCT","234001","Nigeria","stella.ashagwara@gmail.com","+234.8037901217","","","","","","","","","","","","ns29.qservers.net","ns30.qservers.net","","","clientTransferProhibited","","",""
"74","oluchukwukanu.com","2021-03-01 16:22:11","2021-02-27","2021-02-28","2022-02-27","146","GoDaddy.com, LLC","whois.godaddy.com","http://registrar.godaddy.com","Book Society of Nigeria","Book Society of Nigeria","","","Abuja","","Nigeria","","","","","","","","","","","","","","","","","","","","","","","","","","","","","","","","","","ns1.web4africa.com","ns2.web4africa.com","","","clientDeleteProhibited","clientRenewProhibited","clientTransferProhibited","clientUpdateProhibited"
"75","omclng.com","2021-03-01 16:22:08","2021-02-27","2021-02-27","2022-02-27","1749","Upperlink Limited","whois.upperlink.ng","http://domains.upperlink.ng","Eberechi Asonye","Nextel Global Solutions Ltd","41 Tombia Street","Port Harcourt","Rivers","500001","Nigeria","eberechia@gmail.com","+234.8033093500","","Eberechi Asonye","Nextel Global Solutions Ltd","41 Tombia Street","Port Harcourt","Rivers","500001","Nigeria","eberechia@gmail.com","+234.8033093500","","Eberechi Asonye","Nextel Global Solutions Ltd","41 Tombia Street","Port Harcourt","Rivers","500001","Nigeria","eberechia@gmail.com","+234.8033093500","","","","","","","","","","","","ns1.upperserver16.com","ns2.upperserver16.com","","","clientTransferProhibited","","",""
"76","onaservices.xyz","2021-03-01 14:47:56","2021-02-27","2021-02-27","2022-02-27","1636","Hostinger, UAB","whois.hostinger.com","http://www.hostinger.com","Ona Services","Ona Services","","","Abuja Federal Capital Territory","","Nigeria","","","","","","","","","","","","","","","","","","","","","","","","","","","","","","","","","","ns1.byet.org","ns2.byet.org","ns3.byet.org","ns4.byet.org","addPeriod","clientTransferProhibited","serverTransferProhibited",""
"77","onlygodiswise.com","2021-03-01 16:21:22","2021-02-26","2021-02-27","2022-02-26","1479","Namesilo, LLC","whois.namesilo.com","http://www.namesilo.com","Abidemi Adetona","","No 2 Yovo Tose, Iluda, Ajara, Badagry","Lagos","Lagos","103101","Nigeria","xclaime95@gmail.com","+234.8168868959","","Abidemi Adetona","","No 2 Yovo Tose, Iluda, Ajara, Badagry","Lagos","Lagos","103101","Nigeria","xclaime95@gmail.com","+234.8168868959","","Abidemi Adetona","","No 2 Yovo Tose, Iluda, Ajara, Badagry","Lagos","Lagos","103101","Nigeria","xclaime95@gmail.com","+234.8168868959","","","","","","","","","","","","ns1.dkstack.com","ns2.dkstack.com","","","clientTransferProhibited","","",""
"78","opannigerialimited.com","2021-03-01 17:32:21","2021-02-27","2021-02-27","2022-02-27","303","PDR Ltd. d/b/a PublicDomainRegistry.com","whois.publicdomainregistry.com","http://www.publicdomainregistry.com","Mr Sulaimon","Sudmabik","kadunan","kaduna","kaduna","234001","Nigeria","sudambik@gmail.com","+234.08063250945","","Mr Sulaimon","Sudmabik","kadunan","kaduna","kaduna","234001","Nigeria","sudambik@gmail.com","+234.08063250945","","Mr Sulaimon","Sudmabik","kadunan","kaduna","kaduna","234001","Nigeria","sudambik@gmail.com","+234.08063250945","","","","","","","","","","","","ns1.sudambikhost.com.ng","ns2.sudambikhost.com.ng","","","clientTransferProhibited","","",""
"79","osr-societegenerale.com","2021-03-01 16:21:06","2021-02-27","2021-02-27","2022-02-27","1250","Trunkoz Technologies Pvt Ltd. d/b/a OwnRegistrar.com","whois.ownregistrar.com","http://www.ownregistrar.com","Xavier Ogaranya","NA","Port Harcourt","Port Harcourt","Other","100001","Nigeria","xavier.ogaranya@gmail.com","+234.8031926228","","Xavier Ogaranya","NA","Port Harcourt","Port Harcourt","Other","100001","Nigeria","xavier.ogaranya@gmail.com","+234-8031926228","","Xavier Ogaranya","NA","Port Harcourt","Port Harcourt","Other","100001","Nigeria","xavier.ogaranya@gmail.com","+234-8031926228","","","","","","","","","","","","ns13.hostnownow.com","ns14.hostnownow.com","","","OK","","",""
"80","patpanigeria.com","2021-03-01 17:27:51","2021-02-27","2021-02-28","2022-02-27","303","PDR Ltd. d/b/a PublicDomainRegistry.com","whois.publicdomainregistry.com","http://www.publicdomainregistry.com","Emmanuel  Izuagba","Superweb Technologies","2 Duse str. Abuja 3 Kumasi cresent-Abuja","Apo","Abuja","234732","Nigeria","existingemma@yahoo.com","+234.8033455045","","Emmanuel  Izuagba","Superweb Technologies","2 Duse str. Abuja 3 Kumasi cresent-Abuja","Apo","Abuja","234732","Nigeria","existingemma@yahoo.com","+234.8033455045","","Emmanuel  Izuagba","Superweb Technologies","2 Duse str. Abuja 3 Kumasi cresent-Abuja","Apo","Abuja","234732","Nigeria","existingemma@yahoo.com","+234.8033455045","","","","","","","","","","","","duke.ns.cloudflare.com","sara.ns.cloudflare.com","","","clientTransferProhibited","","",""
"81","paymighty.net","2021-03-01 14:41:47","2021-02-26","2021-02-26","2022-02-26","146","GoDaddy.com, LLC","whois.godaddy.com","http://registrar.godaddy.com","Paymighty","Paymighty","","","","","Nigeria","","","","","","","","","","","","","","","","","","","","","","","","","","","","","","","","","","","","","","clientDeleteProhibited","clientRenewProhibited","clientTransferProhibited","clientUpdateProhibited"
"82","peaceindiversity.com","2021-03-01 16:20:04","2021-02-27","2021-02-28","2022-02-27","1479","Namesilo, LLC","whois.namesilo.com","http://www.namesilo.com","Augustine Ejoh","","No 38 cama street ijako","sango","Ogun State","112212","Nigeria","ejohaustine@yahoo.com","+234.8034032901","","Augustine Ejoh","","No 38 cama street ijako","sango","Ogun State","112212","Nigeria","ejohaustine@yahoo.com","+234.8034032901","","Augustine Ejoh","","No 38 cama street ijako","sango","Ogun State","112212","Nigeria","ejohaustine@yahoo.com","+234.8034032901","","","","","","","","","","","","ns11.syskay.com","ns12.syskay.com","","","clientTransferProhibited","","",""
"83","platformtest-selfregistration.com","2021-03-01 16:19:17","2021-02-27","2021-02-27","2022-02-27","303","PDR Ltd. d/b/a PublicDomainRegistry.com","whois.publicdomainregistry.com","http://www.publicdomainregistry.com","Calisto Zulu","Prognosis Technologies Limited","Mobolaji Johnson Estate","Lekki","Lagos","105102","Nigeria","calisto.zulu@gmail.com","+234.8090700956","","Calisto Zulu","Prognosis Technologies Limited","Mobolaji Johnson Estate","Lekki","Lagos","105102","Nigeria","calisto.zulu@gmail.com","+234.8090700956","","Calisto Zulu","Prognosis Technologies Limited","Mobolaji Johnson Estate","Lekki","Lagos","105102","Nigeria","calisto.zulu@gmail.com","+234.8090700956","","","","","","","","","","","","ns101.cloudns.net","ns102.cloudns.net","ns103.cloudns.net","ns104.cloudns.net","clientTransferProhibited","","",""
"84","podsonhq.com","2021-03-01 16:18:26","2021-02-27","2021-03-01","2022-02-27","303","PDR Ltd. d/b/a PublicDomainRegistry.com","whois.publicdomainregistry.com","http://www.publicdomainregistry.com","Vera  Maranzu","","Abuja","Garki","FCT","900104","Nigeria","podsonhq@gmail.com","+234.08065519574","","Vera  Maranzu","","Abuja","Garki","FCT","900104","Nigeria","podsonhq@gmail.com","+234.08065519574","","Vera  Maranzu","","Abuja","Garki","FCT","900104","Nigeria","podsonhq@gmail.com","+234.08065519574","","","","","","","","","","","","dns1.namecheaphosting.com","dns2.namecheaphosting.com","","","clientTransferProhibited","","",""
"85","publicmintrewards.com","2021-03-01 14:36:34","2021-02-27","2021-02-27","2022-02-27","1647","Hosting Concepts B.V. dba Openprovider","whois.registrar.eu","http://www.openprovider.com","REDACTED FOR PRIVACY","","REDACTED FOR PRIVACY","REDACTED FOR PRIVACY","Oyo","REDACTED FOR PRIVACY","Nigeria","","REDACTED FOR PRIVACY","REDACTED FOR PRIVACY","REDACTED FOR PRIVACY","REDACTED FOR PRIVACY","REDACTED FOR PRIVACY","REDACTED FOR PRIVACY","REDACTED FOR PRIVACY","REDACTED FOR PRIVACY","REDACTED FOR PRIVACY","","REDACTED FOR PRIVACY","REDACTED FOR PRIVACY","REDACTED FOR PRIVACY","REDACTED FOR PRIVACY","REDACTED FOR PRIVACY","REDACTED FOR PRIVACY","REDACTED FOR PRIVACY","REDACTED FOR PRIVACY","REDACTED FOR PRIVACY","","REDACTED FOR PRIVACY","REDACTED FOR PRIVACY","","","","","","","","","","","ns1.dns-parking.com","ns2.dns-parking.com","","","clientTransferProhibited","ok","",""
"86","radijokgroup.com","2021-03-01 14:35:47","2021-02-27","2021-02-27","2022-02-27","1472","LiquidNet Ltd.","whois.liquidnetlimited.com","http://www.liquidnetlimited.com","REDACTED FOR PRIVACY","REDACTED FOR PRIVACY","REDACTED FOR PRIVACY","REDACTED FOR PRIVACY","OGUN","REDACTED FOR PRIVACY","Nigeria","","REDACTED FOR PRIVACY","REDACTED FOR PRIVACY","REDACTED FOR PRIVACY","REDACTED FOR PRIVACY","REDACTED FOR PRIVACY","REDACTED FOR PRIVACY","REDACTED FOR PRIVACY","REDACTED FOR PRIVACY","REDACTED FOR PRIVACY","","REDACTED FOR PRIVACY","REDACTED FOR PRIVACY","REDACTED FOR PRIVACY","REDACTED FOR PRIVACY","REDACTED FOR PRIVACY","REDACTED FOR PRIVACY","REDACTED FOR PRIVACY","REDACTED FOR PRIVACY","REDACTED FOR PRIVACY","","REDACTED FOR PRIVACY","REDACTED FOR PRIVACY","","","","","","","","","","","dns1.supremedns.com","dns2.supremedns.com","dns3.supremedns.com","dns4.supremedns.com","clientTransferProhibited","","",""
"87","raenest.com","2021-03-01 14:35:45","2021-02-27","2021-02-27","2023-02-27","146","GoDaddy.com, LLC","whois.godaddy.com","http://registrar.godaddy.com","","","","","lagos","","Nigeria","","","","","","","","","","","","","","","","","","","","","","","","","","","","","","","","","","ns57.domaincontrol.com","ns58.domaincontrol.com","","","clientDeleteProhibited","clientRenewProhibited","clientTransferProhibited","clientUpdateProhibited"
"88","riel-esna.com","2021-03-01 14:34:16","2021-02-27","2021-02-27","2022-02-27","895","Google, Inc.","whois.rrpproxy.net","http://www.google.com","","","","","lagos","","Nigeria","","","","","","","","","","","","","","","","","","","","","","","","","","","","","","","","","","ns-cloud-e1.googledomains.com","ns-cloud-e2.googledomains.com","ns-cloud-e3.googledomains.com","ns-cloud-e4.googledomains.com","clientTransferProhibited","","",""
"89","safefastlogistics.com","2021-03-01 16:16:07","2021-02-27","2021-02-27","2022-02-27","146","GoDaddy.com, LLC","whois.godaddy.com","http://registrar.godaddy.com","Benzic","Benzic","","","Rivers","","Nigeria","","","","","","","","","","","","","","","","","","","","","","","","","","","","","","","","","","ns51.domaincontrol.com","ns52.domaincontrol.com","","","clientDeleteProhibited","clientRenewProhibited","clientTransferProhibited","clientUpdateProhibited"
"90","sahelservers.net","2021-03-01 14:41:26","2021-02-26","2021-02-26","2022-02-26","303","PDR Ltd. d/b/a PublicDomainRegistry.com","whois.publicdomainregistry.com","http://www.publicdomainregistry.com","Abubakar Ahmad Ruma","Techlift Nigeria Limited","No. 4 Asada Complex Kinshasa Road, Kaduna","Kaduna","Kaduna","800220","Nigeria","abubakarruma@gmail.com","+234.8033533285","","Abubakar Ahmad Ruma","Techlift Nigeria Limited","No. 4 Asada Complex Kinshasa Road, Kaduna","Kaduna","Kaduna","800220","Nigeria","abubakarruma@gmail.com","+234.8033533285","","Abubakar Ahmad Ruma","Techlift Nigeria Limited","No. 4 Asada Complex Kinshasa Road, Kaduna","Kaduna","Kaduna","800220","Nigeria","abubakarruma@gmail.com","+234.8033533285","","","","","","","","","","","","ns1.bh-40.webhostbox.net","ns2.bh-40.webhostbox.net","","","clientTransferProhibited","","",""
"91","sanangelocleaners.com","2021-03-01 17:35:29","2021-02-26","2021-02-26","2022-02-26","146","GoDaddy.com, LLC","whois.godaddy.com","http://registrar.godaddy.com","","","","","lagos","","Nigeria","","","","","","","","","","","","","","","","","","","","","","","","","","","","","","","","","","ns1.dan.com","ns2.dan.com","","","clientDeleteProhibited","clientRenewProhibited","clientTransferProhibited","clientUpdateProhibited"
"92","sapec.biz","2021-03-01 14:16:59","2021-02-27","2021-02-27","2022-02-27","303","PDR Ltd. d/b/a PublicDomainRegistry.com","whois.publicdomainregistry.com","http://www.publicdomainregistry.com","REDACTED FOR PRIVACY","","REDACTED FOR PRIVACY REDACTED FOR PRIVACY REDACTED FOR PRIVACY","REDACTED FOR PRIVACY","anambra","REDACTED FOR PRIVACY","Nigeria","","REDACTED FOR PRIVACY","REDACTED FOR PRIVACY","REDACTED FOR PRIVACY","REDACTED FOR PRIVACY","REDACTED FOR PRIVACY REDACTED FOR PRIVACY REDACTED FOR PRIVACY","REDACTED FOR PRIVACY","REDACTED FOR PRIVACY","REDACTED FOR PRIVACY","REDACTED FOR PRIVACY","","REDACTED FOR PRIVACY","REDACTED FOR PRIVACY","REDACTED FOR PRIVACY","REDACTED FOR PRIVACY","REDACTED FOR PRIVACY REDACTED FOR PRIVACY REDACTED FOR PRIVACY","REDACTED FOR PRIVACY","REDACTED FOR PRIVACY","REDACTED FOR PRIVACY","REDACTED FOR PRIVACY","","REDACTED FOR PRIVACY","REDACTED FOR PRIVACY","","","","","","","","","","","earth.monovm.com","mars.monovm.com","mercury.monovm.com","venus.monovm.com","addPeriod","clientTransferProhibited","",""
"93","saswaffer.com","2021-03-01 17:50:34","2021-02-27","2021-02-27","2022-02-27","303","PDR Ltd. d/b/a PublicDomainRegistry.com","whois.publicdomainregistry.com","http://www.publicdomainregistry.com","Faye Segal","","central Wuse market Abuja","wuse","abuja","234124","Nigeria","flyingclrsbabyoptimum@gmail.com","+234.7068916069","","Faye Segal","","central Wuse market Abuja","wuse","abuja","234124","Nigeria","flyingclrsbabyoptimum@gmail.com","+234.7068916069","","Faye Segal","","central Wuse market Abuja","wuse","abuja","234124","Nigeria","flyingclrsbabyoptimum@gmail.com","+234.7068916069","","","","","","","","","","","","earth.monovm.com","mars.monovm.com","mercury.monovm.com","venus.monovm.com","clientTransferProhibited","","",""
"94","satropfarmsnl.com","2021-03-01 16:15:08","2021-02-27","2021-02-27","2022-02-27","303","PDR Ltd. d/b/a PublicDomainRegistry.com","whois.publicdomainregistry.com","http://www.publicdomainregistry.com","Satropfarm Logistics","Satrop Farm","Ifeoluwa Zone 1, New Airport, Alakia, Ibadan","Oyo State","Oyo","200109","Nigeria","olubayosamuelolalekan@gmail.com","+234.7037991747","","Satropfarm Logistics","Satrop Farm","Ifeoluwa Zone 1, New Airport, Alakia, Ibadan","Oyo State","Oyo","200109","Nigeria","olubayosamuelolalekan@gmail.com","+234.7037991747","","Satropfarm Logistics","Satrop Farm","Ifeoluwa Zone 1, New Airport, Alakia, Ibadan","Oyo State","Oyo","200109","Nigeria","olubayosamuelolalekan@gmail.com","+234.7037991747","","","","","","","","","","","","ns17.doveserver.com","ns18.doveserver.com","","","clientTransferProhibited","","",""
"95","ship2hand.com","2021-03-01 16:13:46","2021-02-26","2021-02-27","2022-02-26","146","GoDaddy.com, LLC","whois.godaddy.com","http://registrar.godaddy.com","","","","","Osun","","Nigeria","","","","","","","","","","","","","","","","","","","","","","","","","","","","","","","","","","ns63.qservers.net","ns64.qservers.net","","","clientDeleteProhibited","clientRenewProhibited","clientTransferProhibited","clientUpdateProhibited"
"96","shiwa-softpredict.com","2021-03-01 16:13:45","2021-02-27","2021-02-27","2022-02-27","303","PDR Ltd. d/b/a PublicDomainRegistry.com","whois.publicdomainregistry.com","http://www.publicdomainregistry.com","Eugene Uzedhe","Felttouch","Oleh Delta State","Oleh","Delta","334101","Nigeria","adfelt@yahoo.com","+234.8134149721","","Eugene Uzedhe","Felttouch","Oleh Delta State","Oleh","Delta","334101","Nigeria","adfelt@yahoo.com","+234.8134149721","","Eugene Uzedhe","Felttouch","Oleh Delta State","Oleh","Delta","334101","Nigeria","adfelt@yahoo.com","+234.8134149721","","","","","","","","","","","","ns1.win08.tmd.cloud","ns2.win08.tmd.cloud","","","clientTransferProhibited","","",""
"97","sojebon.com","2021-03-01 16:11:44","2021-02-27","2021-02-27","2022-02-27","69","Tucows Domains Inc.","whois.tucows.com","http://domainhelp.opensrs.net","REDACTED FOR PRIVACY","REDACTED FOR PRIVACY","REDACTED FOR PRIVACY","REDACTED FOR PRIVACY","Enugu","REDACTED FOR PRIVACY","Nigeria","","REDACTED FOR PRIVACY","REDACTED FOR PRIVACY","REDACTED FOR PRIVACY","REDACTED FOR PRIVACY","REDACTED FOR PRIVACY","REDACTED FOR PRIVACY","REDACTED FOR PRIVACY","REDACTED FOR PRIVACY","REDACTED FOR PRIVACY","","REDACTED FOR PRIVACY","REDACTED FOR PRIVACY","REDACTED FOR PRIVACY","REDACTED FOR PRIVACY","REDACTED FOR PRIVACY","REDACTED FOR PRIVACY","REDACTED FOR PRIVACY","REDACTED FOR PRIVACY","REDACTED FOR PRIVACY","","REDACTED FOR PRIVACY","REDACTED FOR PRIVACY","","","","","","","","","","","yns1.yahoo.com","yns2.yahoo.com","","","clientTransferProhibited","clientUpdateProhibited","",""
"98","solotgroup.com","2021-03-01 16:11:34","2021-02-27","2021-02-27","2022-02-27","1647","Hosting Concepts B.V. dba Openprovider","whois.registrar.eu","http://www.openprovider.com","REDACTED FOR PRIVACY","slot","REDACTED FOR PRIVACY","REDACTED FOR PRIVACY","Ondo","REDACTED FOR PRIVACY","Nigeria","","REDACTED FOR PRIVACY","REDACTED FOR PRIVACY","REDACTED FOR PRIVACY","REDACTED FOR PRIVACY","REDACTED FOR PRIVACY","REDACTED FOR PRIVACY","REDACTED FOR PRIVACY","REDACTED FOR PRIVACY","REDACTED FOR PRIVACY","","REDACTED FOR PRIVACY","REDACTED FOR PRIVACY","REDACTED FOR PRIVACY","REDACTED FOR PRIVACY","REDACTED FOR PRIVACY","REDACTED FOR PRIVACY","REDACTED FOR PRIVACY","REDACTED FOR PRIVACY","REDACTED FOR PRIVACY","","REDACTED FOR PRIVACY","REDACTED FOR PRIVACY","","","","","","","","","","","ns1.dns-parking.com","ns2.dns-parking.com","","","clientTransferProhibited","ok","",""
"99","srvrsecure.com","2021-03-01 16:10:59","2021-02-27","2021-03-01","2022-02-27","1666","OpenTLD B.V.","http://www.freenom.com/whois","http://www.freenom.com/","REDACTED FOR PRIVACY","REDACTED FOR PRIVACY","REDACTED FOR PRIVACY","REDACTED FOR PRIVACY","NG-FC","REDACTED FOR PRIVACY","Nigeria","","REDACTED FOR PRIVACY","","REDACTED FOR PRIVACY","REDACTED FOR PRIVACY","REDACTED FOR PRIVACY","REDACTED FOR PRIVACY","REDACTED FOR PRIVACY","REDACTED FOR PRIVACY","REDACTED FOR PRIVACY","","REDACTED FOR PRIVACY","","REDACTED FOR PRIVACY","REDACTED FOR PRIVACY","REDACTED FOR PRIVACY","REDACTED FOR PRIVACY","REDACTED FOR PRIVACY","REDACTED FOR PRIVACY","REDACTED FOR PRIVACY","","REDACTED FOR PRIVACY","","","","","","","","","","","","ns01.freenom.com","ns02.freenom.com","ns03.freenom.com","ns04.freenom.com","clientTransferProhibited","","",""
"100","stanchartlbc.com","2021-03-01 16:10:45","2021-02-27","2021-02-27","2022-02-27","303","PDR Ltd. d/b/a PublicDomainRegistry.com","whois.publicdomainregistry.com","http://www.publicdomainregistry.com","Stanley  ohenhen","Stanley centre","63 ugbowo benin city 63 ugbowo benin city","benin city","edo state","300283","Nigeria","bs779s332@gmail.com","+234.09047913004","","Stanley  ohenhen","Stanley centre","63 ugbowo benin city 63 ugbowo benin city","benin city","edo state","300283","Nigeria","bs779s332@gmail.com","+234.09047913004","","Stanley  ohenhen","Stanley centre","63 ugbowo benin city 63 ugbowo benin city","benin city","edo state","300283","Nigeria","bs779s332@gmail.com","+234.09047913004","","","","","","","","","","","","ns21.garanntor.net","ns22.garanntor.net","","","clientTransferProhibited","","",""
"101","swaga23.com","2021-03-01 16:09:13","2021-02-27","2021-02-27","2022-02-27","1250","Trunkoz Technologies Pvt Ltd. d/b/a OwnRegistrar.com","whois.ownregistrar.com","http://www.ownregistrar.com","deoye martins","Nimitech Nigeria","11 maputo street","wuse","Other","900231","Nigeria","pearsbabie097@yahoo.com","+234.7032020075","","deoye martins","Nimitech Nigeria","11 maputo street","wuse","Other","900231","Nigeria","pearsbabie097@yahoo.com","+234-7032020075","","deoye martins","Nimitech Nigeria","11 maputo street","wuse","Other","900231","Nigeria","pearsbabie097@yahoo.com","+234-7032020075","","","","","","","","","","","","ns1.nimitechnig.com.ng","ns2.nimitechnig.com.ng","","","OK","","",""
"102","theadultingreview.com","2021-03-01 16:07:48","2021-02-27","2021-02-27","2023-02-27","146","GoDaddy.com, LLC","whois.godaddy.com","http://registrar.godaddy.com","","","","","lagos","","Nigeria","","","","","","","","","","","","","","","","","","","","","","","","","","","","","","","","","","ns57.domaincontrol.com","ns58.domaincontrol.com","","","clientDeleteProhibited","clientRenewProhibited","clientTransferProhibited","clientUpdateProhibited"
"103","themajoritynigeria.net","2021-03-01 15:46:08","2021-02-26","2021-02-26","2022-02-26","303","PDR Ltd. d/b/a PublicDomainRegistry.com","whois.publicdomainregistry.com","http://www.publicdomainregistry.com","Qazeem Azeez","Qudustech","24D Oloya's comp.,Behind Wema bank,Iwo 24D Oloya's comp.,Behind Wema bank,Iwo","Iwo","Osun","230281","Nigeria","wisdom1428@gmail.com","+234.07068420240","","Qazeem Azeez","Qudustech","24D Oloya's comp.,Behind Wema bank,Iwo 24D Oloya's comp.,Behind Wema bank,Iwo","Iwo","Osun","230281","Nigeria","wisdom1428@gmail.com","+234.07068420240","","Qazeem Azeez","Qudustech","24D Oloya's comp.,Behind Wema bank,Iwo 24D Oloya's comp.,Behind Wema bank,Iwo","Iwo","Osun","230281","Nigeria","wisdom1428@gmail.com","+234.07068420240","","","","","","","","","","","","dns1.doveserver.com","dns2.doveserver.com","","","clientTransferProhibited","","",""
"104","tri0tel.net","2021-03-01 14:40:36","2021-02-26","2021-02-26","2022-02-26","303","PDR Ltd. d/b/a PublicDomainRegistry.com","whois.publicdomainregistry.com","http://www.publicdomainregistry.com","shanna brooks","","9 fola street","ikoyi","LAGOS","101233","Nigeria","sbrooksssandeinc@gmail.com","+234.8065433217","","shanna brooks","","9 fola street","ikoyi","LAGOS","101233","Nigeria","sbrooksssandeinc@gmail.com","+234.8065433217","","shanna brooks","","9 fola street","ikoyi","LAGOS","101233","Nigeria","sbrooksssandeinc@gmail.com","+234.8065433217","","","","","","","","","","","","earth.monovm.com","mars.monovm.com","mercury.monovm.com","venus.monovm.com","clientTransferProhibited","","",""
"105","tro-picalsuites.com","2021-03-01 16:04:31","2021-02-27","2021-02-27","2022-02-27","1647","Hosting Concepts B.V. dba Openprovider","whois.registrar.eu","http://www.openprovider.com","REDACTED FOR PRIVACY","","REDACTED FOR PRIVACY","REDACTED FOR PRIVACY","Lagos","REDACTED FOR PRIVACY","Nigeria","","REDACTED FOR PRIVACY","REDACTED FOR PRIVACY","REDACTED FOR PRIVACY","REDACTED FOR PRIVACY","REDACTED FOR PRIVACY","REDACTED FOR PRIVACY","REDACTED FOR PRIVACY","REDACTED FOR PRIVACY","REDACTED FOR PRIVACY","","REDACTED FOR PRIVACY","REDACTED FOR PRIVACY","REDACTED FOR PRIVACY","REDACTED FOR PRIVACY","REDACTED FOR PRIVACY","REDACTED FOR PRIVACY","REDACTED FOR PRIVACY","REDACTED FOR PRIVACY","REDACTED FOR PRIVACY","","REDACTED FOR PRIVACY","REDACTED FOR PRIVACY","","","","","","","","","","","bg1.abollyhost.net","bg2.abollyhost.net","","","clientTransferProhibited","ok","",""
"106","truthgangrecords.com","2021-03-01 16:04:20","2021-02-27","2021-02-27","2022-02-27","48","eNom, Inc.","whois.enom.com","http://www.enom.com","REDACTED FOR PRIVACY","REDACTED FOR PRIVACY","REDACTED FOR PRIVACY","REDACTED FOR PRIVACY","Bayelsa","REDACTED FOR PRIVACY","Nigeria","","REDACTED FOR PRIVACY","REDACTED FOR PRIVACY","REDACTED FOR PRIVACY","REDACTED FOR PRIVACY","REDACTED FOR PRIVACY","REDACTED FOR PRIVACY","REDACTED FOR PRIVACY","REDACTED FOR PRIVACY","REDACTED FOR PRIVACY","","REDACTED FOR PRIVACY","REDACTED FOR PRIVACY","REDACTED FOR PRIVACY","REDACTED FOR PRIVACY","REDACTED FOR PRIVACY","REDACTED FOR PRIVACY","REDACTED FOR PRIVACY","REDACTED FOR PRIVACY","REDACTED FOR PRIVACY","","REDACTED FOR PRIVACY","REDACTED FOR PRIVACY","","","","","","","","","","","ns1.certaspace.link","ns2.certaspace.link","","","addPeriod","ok","",""
"107","uprivemedia.com","2021-03-01 16:02:51","2021-02-27","2021-02-27","2022-02-27","69","Tucows Domains Inc.","whois.tucows.com","http://domainhelp.opensrs.net","REDACTED FOR PRIVACY","REDACTED FOR PRIVACY","REDACTED FOR PRIVACY","REDACTED FOR PRIVACY","Federal Capital Territory","REDACTED FOR PRIVACY","Nigeria","","REDACTED FOR PRIVACY","REDACTED FOR PRIVACY","REDACTED FOR PRIVACY","REDACTED FOR PRIVACY","REDACTED FOR PRIVACY","REDACTED FOR PRIVACY","REDACTED FOR PRIVACY","REDACTED FOR PRIVACY","REDACTED FOR PRIVACY","","REDACTED FOR PRIVACY","REDACTED FOR PRIVACY","REDACTED FOR PRIVACY","REDACTED FOR PRIVACY","REDACTED FOR PRIVACY","REDACTED FOR PRIVACY","REDACTED FOR PRIVACY","REDACTED FOR PRIVACY","REDACTED FOR PRIVACY","","REDACTED FOR PRIVACY","REDACTED FOR PRIVACY","","","","","","","","","","","ns1.hyper.host","ns2.hyper.host","ns3.hyper.host","ns4.hyper.host","clientTransferProhibited","clientUpdateProhibited","",""
"108","usainsuranceguide.com","2021-03-01 14:24:33","2021-02-27","2021-02-27","2022-02-27","146","GoDaddy.com, LLC","whois.godaddy.com","http://registrar.godaddy.com","","","","","lagos","","Nigeria","","","","","","","","","","","","","","","","","","","","","","","","","","","","","","","","","","ns1.undeveloped.com","ns2.undeveloped.com","","","clientDeleteProhibited","clientRenewProhibited","clientTransferProhibited","clientUpdateProhibited"
"109","ussecuritynow.com","2021-03-01 16:02:34","2021-02-27","2021-02-27","2022-02-27","146","GoDaddy.com, LLC","whois.godaddy.com","http://registrar.godaddy.com","","","","","lagos","","Nigeria","","","","","","","","","","","","","","","","","","","","","","","","","","","","","","","","","","ns21.domaincontrol.com","ns22.domaincontrol.com","","","clientDeleteProhibited","clientRenewProhibited","clientTransferProhibited","clientUpdateProhibited"
"110","veri-support.xyz","2021-03-01 14:47:20","2021-02-27","2021-02-27","2022-02-27","1636","Hostinger, UAB","whois.hostinger.com","http://www.hostinger.com","Not Applicable","Not Applicable","","","lagos","","Nigeria","","","","","","","","","","","","","","","","","","","","","","","","","","","","","","","","","","ns1.dns-parking.com","ns2.dns-parking.com","","","addPeriod","clientTransferProhibited","serverTransferProhibited",""
"111","veritexb.com","2021-03-01 16:02:04","2021-02-27","2021-02-28","2022-02-27","1479","Namesilo, LLC","whois.namesilo.com","http://www.namesilo.com","Marcel odinaka","","Ebonyi Nigeria","Abakaliki","Abakaliki","400001","Nigeria","rekytriff@gmail.com","+234.9035316825","","Marcel odinaka","","Ebonyi Nigeria","Abakaliki","Abakaliki","400001","Nigeria","rekytriff@gmail.com","+234.9035316825","","Marcel odinaka","","Ebonyi Nigeria","Abakaliki","Abakaliki","400001","Nigeria","rekytriff@gmail.com","+234.9035316825","","","","","","","","","","","","ns1.cloudoon.com","ns2.cloudoon.com","ns3.cloudoon.com","","clientTransferProhibited","","",""
"112","victut.xyz","2021-03-01 14:47:20","2021-02-27","2021-02-27","2022-02-27","146","GoDaddy.com, LLC","whois.godaddy.com","http://registrar.godaddy.com","","","","","lagos","","Nigeria","","","","","","","","","","","","","","","","","","","","","","","","","","","","","","","","","","ns1.digitalocean.com","ns2.digitalocean.com","ns3.digitalocean.com","","addPeriod","clientDeleteProhibited","clientRenewProhibited","clientTransferProhibited"
"113","virtualxcelconsulting.com","2021-03-01 17:21:35","2021-02-27","2021-02-27","2022-02-27","303","PDR Ltd. d/b/a PublicDomainRegistry.com","whois.publicdomainregistry.com","http://www.publicdomainregistry.com","Kareem Fatai Latunde","Kareem Fatai Latunde","lagos","alagbado","Lagos","100314","Nigeria","hadji127@yahoo.com","+234.8125775195","","Kareem Fatai Latunde","Kareem Fatai Latunde","lagos","alagbado","Lagos","100314","Nigeria","hadji127@yahoo.com","+234.8125775195","","Kareem Fatai Latunde","Kareem Fatai Latunde","lagos","alagbado","Lagos","100314","Nigeria","hadji127@yahoo.com","+234.8125775195","","","","","","","","","","","","ns11.garanntor.net","ns12.garanntor.net","","","clientTransferProhibited","","",""
"114","waldosb.com","2021-03-01 16:00:08","2021-02-27","2021-02-28","2022-02-27","1479","Namesilo, LLC","whois.namesilo.com","http://www.namesilo.com","Bunmi Cole","","42 Concord Way off Airport Road","Ikeja","Lagos","23401","Nigeria","bunmicole@mail.com","+234.8168186545","","Bunmi Cole","","42 Concord Way off Airport Road","Ikeja","Lagos","23401","Nigeria","bunmicole@mail.com","+234.8168186545","","Bunmi Cole","","42 Concord Way off Airport Road","Ikeja","Lagos","23401","Nigeria","bunmicole@mail.com","+234.8168186545","","","","","","","","","","","","rns10.webhostbox.net","rns9.webhostbox.net","","","clientTransferProhibited","","",""
"115","walkingindominionltd.com","2021-03-01 16:00:07","2021-02-27","2021-02-27","2022-02-27","1647","Hosting Concepts B.V. dba Openprovider","whois.registrar.eu","http://www.openprovider.com","REDACTED FOR PRIVACY","","REDACTED FOR PRIVACY","REDACTED FOR PRIVACY","Lagos","REDACTED FOR PRIVACY","Nigeria","","REDACTED FOR PRIVACY","REDACTED FOR PRIVACY","REDACTED FOR PRIVACY","REDACTED FOR PRIVACY","REDACTED FOR PRIVACY","REDACTED FOR PRIVACY","REDACTED FOR PRIVACY","REDACTED FOR PRIVACY","REDACTED FOR PRIVACY","","REDACTED FOR PRIVACY","REDACTED FOR PRIVACY","REDACTED FOR PRIVACY","REDACTED FOR PRIVACY","REDACTED FOR PRIVACY","REDACTED FOR PRIVACY","REDACTED FOR PRIVACY","REDACTED FOR PRIVACY","REDACTED FOR PRIVACY","","REDACTED FOR PRIVACY","REDACTED FOR PRIVACY","","","","","","","","","","","ns1.dns-parking.com","ns2.dns-parking.com","","","clientTransferProhibited","ok","",""
"116","wallets-unlock.com","2021-03-01 16:00:06","2021-02-27","2021-02-27","2022-02-27","1250","Trunkoz Technologies Pvt Ltd. d/b/a OwnRegistrar.com","whois.ownregistrar.com","http://www.ownregistrar.com","nathan brik","nathja","14, Kudaki road, hostel bus stop","Lagos","Lagos","100265","Nigeria","nathanbrik@gmail.com","+234.7137669677","","nathan brik","nathja","14, Kudaki road, hostel bus stop","Lagos","Lagos","100265","Nigeria","nathanbrik@gmail.com","+234-7137669677","","nathan brik","nathja","14, Kudaki road, hostel bus stop","Lagos","Lagos","100265","Nigeria","nathanbrik@gmail.com","+234-7137669677","","","","","","","","","","","","ns13.hostnownow.com","ns14.hostnownow.com","","","OK","","",""
"117","wamerconnect.com","2021-03-01 15:59:59","2021-02-27","2021-02-27","2022-02-27","303","PDR Ltd. d/b/a PublicDomainRegistry.com","whois.publicdomainregistry.com","http://www.publicdomainregistry.com","carlos minaise","","44 olowu street ikeja","ikeja","lagos","234014","Nigeria","carlosminaise@gmail.com","+234.7066265225","","carlos minaise","","44 olowu street ikeja","ikeja","lagos","234014","Nigeria","carlosminaise@gmail.com","+234.7066265225","","carlos minaise","","44 olowu street ikeja","ikeja","lagos","234014","Nigeria","carlosminaise@gmail.com","+234.7066265225","","","","","","","","","","","","earth.monovm.com","mars.monovm.com","mercury.monovm.com","venus.monovm.com","clientTransferProhibited","","",""
"118","webmoneyplug.com","2021-03-01 15:59:48","2021-02-27","2021-02-27","2022-02-27","303","PDR Ltd. d/b/a PublicDomainRegistry.com","whois.publicdomainregistry.com","http://www.publicdomainregistry.com","bayo Femi","","Kaduna","Kaduna","Kaduna","800001","Nigeria","askbaycrystal@gmail.com","+234.8186219002","","bayo Femi","","Kaduna","Kaduna","Kaduna","800001","Nigeria","askbaycrystal@gmail.com","+234.8186219002","","bayo Femi","","Kaduna","Kaduna","Kaduna","800001","Nigeria","askbaycrystal@gmail.com","+234.8186219002","","","","","","","","","","","","ns1.qservers.net","ns2.qservers.net","","","clientTransferProhibited","","",""
"119","welcherson.com","2021-03-01 15:59:38","2021-02-27","2021-02-27","2022-02-27","303","PDR Ltd. d/b/a PublicDomainRegistry.com","whois.publicdomainregistry.com","http://www.publicdomainregistry.com","Welcher son","welcherson","Obantoko","Abeokuta","Ogun","234001","Nigeria","sonwelcher@gmail.com","+234.7081341104","","Welcher son","welcherson","Obantoko","Abeokuta","Ogun","234001","Nigeria","sonwelcher@gmail.com","+234.7081341104","","Welcher son","welcherson","Obantoko","Abeokuta","Ogun","234001","Nigeria","sonwelcher@gmail.com","+234.7081341104","","","","","","","","","","","","ns29.qservers.net","ns30.qservers.net","","","clientTransferProhibited","","",""
"120","wotgo.online","2021-03-01 15:32:37","2021-02-26","2021-02-26","2022-02-26","1636","Hostinger, UAB","whois.hostinger.com","http://www.hostinger.com","Word of truth global outreach","Word of truth global outreach","","","Lagos","","Nigeria","","","","","","","","","","","","","","","","","","","","","","","","","","","","","","","","","","ns1.dns-parking.com","ns2.dns-parking.com","","","addPeriod","clientTransferProhibited","serverTransferProhibited",""
"121","yinfat.com","2021-03-01 17:49:10","2021-02-27","2021-02-27","2022-02-27","303","PDR Ltd. d/b/a PublicDomainRegistry.com","whois.publicdomainregistry.com","http://www.publicdomainregistry.com","Israel Oderinde","Israel Oderinde","57, First Apex Avenue, Kola Agbado, Lagos","Lagos","Select State","010001","Nigeria","oderindeisrael01@gmail.com","+234.08083267300","","Israel Oderinde","Israel Oderinde","57, First Apex Avenue, Kola Agbado, Lagos","Lagos","Select State","010001","Nigeria","oderindeisrael01@gmail.com","+234.08083267300","","Israel Oderinde","Israel Oderinde","57, First Apex Avenue, Kola Agbado, Lagos","Lagos","Select State","010001","Nigeria","oderindeisrael01@gmail.com","+234.08083267300","","","","","","","","","","","","ns27.qservers.net","ns28.qservers.net","","","clientTransferProhibited","","",""
"122","zilliqamerits.com","2021-03-01 14:37:29","2021-02-27","2021-02-27","2022-02-27","1250","Trunkoz Technologies Pvt Ltd. d/b/a OwnRegistrar.com","whois.ownregistrar.com","http://www.ownregistrar.com","nathan brik","nathja","14, Kudaki road, hostel bus stop","Lagos","Lagos","100265","Nigeria","nathanbrik@gmail.com","+234.7137669677","","nathan brik","nathja","14, Kudaki road, hostel bus stop","Lagos","Lagos","100265","Nigeria","nathanbrik@gmail.com","+234-7137669677","","nathan brik","nathja","14, Kudaki road, hostel bus stop","Lagos","Lagos","100265","Nigeria","nathanbrik@gmail.com","+234-7137669677","","","","","","","","","","","","ns13.hostnownow.com","ns14.hostnownow.com","","","OK","","",""