"num","domain_name","query_time","create_date","update_date","expiry_date","domain_registrar_id","domain_registrar_name","domain_registrar_whois","domain_registrar_url","registrant_name","registrant_company","registrant_address","registrant_city","registrant_state","registrant_zip","registrant_country","registrant_email","registrant_phone","registrant_fax","administrative_name","administrative_company","administrative_address","administrative_city","administrative_state","administrative_zip","administrative_country","administrative_email","administrative_phone","administrative_fax","technical_name","technical_company","technical_address","technical_city","technical_state","technical_zip","technical_country","technical_email","technical_phone","technical_fax","billing_name","billing_company","billing_address","billing_city","billing_state","billing_zip","billing_country","billing_email","billing_phone","billing_fax","name_server_1","name_server_2","name_server_3","name_server_4","domain_status_1","domain_status_2","domain_status_3","domain_status_4"
"1","360dietten.com","2021-03-01 17:03:33","2021-02-27","2021-02-27","2023-02-27","146","GoDaddy.com, LLC","whois.godaddy.com","http://registrar.godaddy.com","","","","","Not Applicable","","Norway","","","","","","","","","","","","","","","","","","","","","","","","","","","","","","","","","","ns05.domaincontrol.com","ns06.domaincontrol.com","","","clientDeleteProhibited","clientRenewProhibited","clientTransferProhibited","clientUpdateProhibited"
"2","addiscardiacenter.com","2021-03-01 17:01:54","2021-02-27","2021-02-27","2022-02-27","1001","Domeneshop AS dba  domainnameshop.com","whois.domainnameshop.com","http://www.domainnameshop.com","Tekle Consulting","Tekle Consulting","","","","","Norway","ptkqa6wpjkpx@privacy-protection.email","","","","","","","","","","ugfrq2uaqfmt@privacy-protection.email","","","","","","","","","","hostmaster@domeneshop.no","","","","","","","","","","","","","ns1.hyp.net","ns2.hyp.net","ns3.hyp.net","","clientTransferProhibited","","",""
"3","addisccardiac.com","2021-03-01 17:01:59","2021-02-27","2021-02-27","2022-02-27","1001","Domeneshop AS dba  domainnameshop.com","whois.domainnameshop.com","http://www.domainnameshop.com","Tekle Consulting","Tekle Consulting","","","","","Norway","sym7wns7xwpm@privacy-protection.email","","","","","","","","","","ytzwrr8sffsm@privacy-protection.email","","","","","","","","","","hostmaster@domeneshop.no","","","","","","","","","","","","","ns1.hyp.net","ns2.hyp.net","ns3.hyp.net","","clientTransferProhibited","","",""
"4","afi.wtf","2021-03-01 14:46:37","2021-02-27","2021-02-27","2022-02-27","1001","Domeneshop AS dba  domainnameshop.com","whois.domainnameshop.com","http://www.domainnameshop.com","REDACTED FOR PRIVACY","","REDACTED FOR PRIVACY","REDACTED FOR PRIVACY","","REDACTED FOR PRIVACY","Norway","","REDACTED FOR PRIVACY","REDACTED FOR PRIVACY","","","","","","","","","","","","","","","","","","","","","","","","","","","","","","","","","","","addPeriod","clientTransferProhibited","",""
"5","aja.tips","2021-03-01 15:24:01","2021-02-26","2021-02-26","2022-02-26","1001","Domeneshop AS dba  domainnameshop.com","whois.domainnameshop.com","http://www.domainnameshop.com","REDACTED FOR PRIVACY","AJA HUMM","REDACTED FOR PRIVACY","REDACTED FOR PRIVACY","","REDACTED FOR PRIVACY","Norway","","REDACTED FOR PRIVACY","REDACTED FOR PRIVACY","","","","","","","","","","","","","","","","","","","","","","","","","","","","","","","","","","","addPeriod","clientTransferProhibited","",""
"6","alsoknownworlwide.com","2021-03-01 17:00:07","2021-02-27","2021-02-28","2023-02-27","1001","Domeneshop AS dba  domainnameshop.com","whois.domainnameshop.com","http://www.domainnameshop.com","","","","","","","Norway","mdntkwiz2py4@privacy-protection.email","","","","","","","","","","93vpr8uiet4u@privacy-protection.email","","","","","","","","","","hostmaster@domeneshop.no","","","","","","","","","","","","","ns1.hyp.net","ns2.hyp.net","ns3.hyp.net","","clientTransferProhibited","","",""
"7","alsoworldwide.com","2021-03-01 17:00:17","2021-02-27","2021-02-28","2023-02-27","1001","Domeneshop AS dba  domainnameshop.com","whois.domainnameshop.com","http://www.domainnameshop.com","","","","","","","Norway","oqhuiqvtw5zx@privacy-protection.email","","","","","","","","","","pvhq3yqw4dhf@privacy-protection.email","","","","","","","","","","hostmaster@domeneshop.no","","","","","","","","","","","","","ns1.hyp.net","ns2.hyp.net","ns3.hyp.net","","clientTransferProhibited","","",""
"8","angellpadel.com","2021-03-01 16:59:37","2021-02-27","2021-02-27","2022-02-27","1001","Domeneshop AS dba  domainnameshop.com","whois.domainnameshop.com","http://www.domainnameshop.com","TOBU DANIELSEN","TOBU DANIELSEN","","","","","Norway","frgix6wf9mbp@privacy-protection.email","","","","","","","","","","j43he5c7t5pv@privacy-protection.email","","","","","","","","","","hostmaster@domeneshop.no","","","","","","","","","","","","","ns1.hyp.net","ns2.hyp.net","ns3.hyp.net","","clientTransferProhibited","","",""
"9","avnordengen.com","2021-03-01 16:57:24","2021-02-27","2021-02-27","2022-02-27","1001","Domeneshop AS dba  domainnameshop.com","whois.domainnameshop.com","http://www.domainnameshop.com","","","","","","","Norway","x5xfrq4c9uvv@privacy-protection.email","","","","","","","","","","g4a5se49nfi4@privacy-protection.email","","","","","","","","","","hostmaster@domeneshop.no","","","","","","","","","","","","","ns1.hyp.net","ns2.hyp.net","ns3.hyp.net","","clientTransferProhibited","","",""
"10","barnassimo.com","2021-03-01 16:56:39","2021-02-27","2021-02-27","2022-02-27","1001","Domeneshop AS dba  domainnameshop.com","whois.domainnameshop.com","http://www.domainnameshop.com","BOOST IT AS","BOOST IT AS","","","","","Norway","nxj5ndttbjg2@privacy-protection.email","","","","","","","","","","aczz6cdhbfky@privacy-protection.email","","","","","","","","","","hostmaster@domeneshop.no","","","","","","","","","","","","","ns1.hyp.net","ns2.hyp.net","ns3.hyp.net","","clientTransferProhibited","","",""
"11","bergentantra.com","2021-03-01 16:55:58","2021-02-27","2021-02-27","2022-02-27","1001","Domeneshop AS dba  domainnameshop.com","whois.domainnameshop.com","http://www.domainnameshop.com","","","","","","","Norway","mdvuwd3voxjy@privacy-protection.email","","","","","","","","","","ykccenthvsv9@privacy-protection.email","","","","","","","","","","hostmaster@domeneshop.no","","","","","","","","","","","","","ns1.hyp.net","ns2.hyp.net","ns3.hyp.net","","clientTransferProhibited","","",""
"12","bnparibasfortistele.com","2021-03-01 16:54:13","2021-02-27","2021-02-27","2022-02-27","69","Tucows Domains Inc.","whois.tucows.com","http://domainhelp.opensrs.net","REDACTED FOR PRIVACY","REDACTED FOR PRIVACY","REDACTED FOR PRIVACY","REDACTED FOR PRIVACY","Trondheim","REDACTED FOR PRIVACY","Norway","","REDACTED FOR PRIVACY","REDACTED FOR PRIVACY","REDACTED FOR PRIVACY","REDACTED FOR PRIVACY","REDACTED FOR PRIVACY","REDACTED FOR PRIVACY","REDACTED FOR PRIVACY","REDACTED FOR PRIVACY","REDACTED FOR PRIVACY","","REDACTED FOR PRIVACY","REDACTED FOR PRIVACY","REDACTED FOR PRIVACY","REDACTED FOR PRIVACY","REDACTED FOR PRIVACY","REDACTED FOR PRIVACY","REDACTED FOR PRIVACY","REDACTED FOR PRIVACY","REDACTED FOR PRIVACY","","REDACTED FOR PRIVACY","REDACTED FOR PRIVACY","","","","","","","","","","","ns.cpanellogin.net","ns2.cpanellogin.net","","","OK","","",""
"13","byggekloss.online","2021-03-01 15:37:57","2021-02-26","2021-02-26","2022-02-26","1001","Domeneshop AS dba  domainnameshop.com","whois.domainnameshop.com","http://www.domainnameshop.com","","","","","","","Norway","","","","","","","","","","","","","","","","","","","","","","","","","","","","","","","","","","ns1.hyp.net","ns2.hyp.net","ns3.hyp.net","","addPeriod","clientTransferProhibited","serverTransferProhibited",""
"14","calioss.com","2021-03-01 14:28:48","2021-02-27","2021-02-27","2022-02-27","146","GoDaddy.com, LLC","whois.godaddy.com","http://registrar.godaddy.com","","","","","Buskerud","","Norway","","","","","","","","","","","","","","","","","","","","","","","","","","","","","","","","","","ns05.domaincontrol.com","ns06.domaincontrol.com","","","clientDeleteProhibited","clientRenewProhibited","clientTransferProhibited","clientUpdateProhibited"
"15","careonacademy.com","2021-03-01 14:28:26","2021-02-27","2021-02-27","2022-02-27","1001","Domeneshop AS dba  domainnameshop.com","whois.domainnameshop.com","http://www.domainnameshop.com","DIN HELSETJENESTE AS","DIN HELSETJENESTE AS","","","","","Norway","bnmc9dbmavyr@privacy-protection.email","","","","","","","","","","yqk9eq3zuyzr@privacy-protection.email","","","","","","","","","","hostmaster@domeneshop.no","","","","","","","","","","","","","ns1.hyp.net","ns2.hyp.net","ns3.hyp.net","","clientTransferProhibited","","",""
"16","ceanddiscover.com","2021-03-01 14:27:53","2021-02-27","2021-02-27","2022-02-27","1001","Domeneshop AS dba  domainnameshop.com","whois.domainnameshop.com","http://www.domainnameshop.com","INKSLINGER MEDIA BY GUSTAFSON","INKSLINGER MEDIA BY GUSTAFSON","","","","","Norway","c75mifthcbpv@privacy-protection.email","","","","","","","","","","5turfaa2bxeu@privacy-protection.email","","","","","","","","","","hostmaster@domeneshop.no","","","","","","","","","","","","","ns1.hyp.net","ns2.hyp.net","ns3.hyp.net","","clientTransferProhibited","","",""
"17","clubhouseactiveties.com","2021-03-01 16:52:51","2021-02-27","2021-02-27","2022-02-27","625","Name.com, Inc.","whois.name.com","http://www.name.com","Non-Public Data","Pick Your Day as","Non-Public Data","Non-Public Data","sor trondelag","00000","Norway","","Non-Public Data","","Non-Public Data","Non-Public Data","Non-Public Data","Non-Public Data","Non-Public Data","00000","","","Non-Public Data","","Non-Public Data","Non-Public Data","Non-Public Data","Non-Public Data","Non-Public Data","00000","","","Non-Public Data","","","","","","","","","","","","ns1fkl.name.com","ns2qvz.name.com","ns3cfp.name.com","ns4fpy.name.com","addPeriod","clientTransferProhibited","",""
"18","covermeups.com","2021-03-01 17:31:10","2021-02-27","2021-02-27","2023-02-27","146","GoDaddy.com, LLC","whois.godaddy.com","http://registrar.godaddy.com","","","","","Not Applicable","","Norway","","","","","","","","","","","","","","","","","","","","","","","","","","","","","","","","","","ns21.domaincontrol.com","ns22.domaincontrol.com","","","clientDeleteProhibited","clientRenewProhibited","clientTransferProhibited","clientUpdateProhibited"
"19","detgulahuset.online","2021-03-01 15:37:47","2021-02-26","2021-02-26","2022-02-26","1001","Domeneshop AS dba  domainnameshop.com","whois.domainnameshop.com","http://www.domainnameshop.com","RAADET BY SPIES AS","RAADET BY SPIES AS","","","","","Norway","","","","","","","","","","","","","","","","","","","","","","","","","","","","","","","","","","ns1.hyp.net","ns2.hyp.net","ns3.hyp.net","","addPeriod","clientTransferProhibited","serverTransferProhibited",""
"20","dollwithme.com","2021-03-01 16:48:12","2021-02-27","2021-02-27","2023-02-27","146","GoDaddy.com, LLC","whois.godaddy.com","http://registrar.godaddy.com","","","","","Not Applicable","","Norway","","","","","","","","","","","","","","","","","","","","","","","","","","","","","","","","","","ns05.domaincontrol.com","ns06.domaincontrol.com","","","clientDeleteProhibited","clientRenewProhibited","clientTransferProhibited","clientUpdateProhibited"
"21","dugify.online","2021-03-01 15:37:44","2021-02-26","2021-02-26","2022-02-26","1001","Domeneshop AS dba  domainnameshop.com","whois.domainnameshop.com","http://www.domainnameshop.com","SMARTSHOP AS","SMARTSHOP AS","","","","","Norway","","","","","","","","","","","","","","","","","","","","","","","","","","","","","","","","","","ns1.hyp.net","ns2.hyp.net","ns3.hyp.net","","addPeriod","clientTransferProhibited","serverTransferProhibited",""
"22","duhardetideg.com","2021-03-01 16:47:30","2021-02-27","2021-02-27","2022-02-27","106","Ascio Technologies, Inc. Danmark - Filial af Ascio technologies, Inc. USA","whois.ascio.com","http://www.ascio.com","Not Disclosed","Not Disclosed","Not Disclosed","Not Disclosed","","Not Disclosed","Norway","","Not Disclosed","Not Disclosed","Not Disclosed","Not Disclosed","Not Disclosed","Not Disclosed","Not Disclosed","Not Disclosed","Not Disclosed","","Not Disclosed","Not Disclosed","Not Disclosed","Not Disclosed","Not Disclosed","Not Disclosed","Not Disclosed","Not Disclosed","Not Disclosed","","Not Disclosed","Not Disclosed","","","","","","","","","","","dns1.123hjemmeside.dk","dns2.123hjemmeside.dk","dns3.123hjemmeside.dk","","OK","","",""
"23","elektrikerarendal.com","2021-03-01 16:46:09","2021-02-27","2021-02-27","2022-02-27","146","GoDaddy.com, LLC","whois.godaddy.com","http://registrar.godaddy.com","","","","","Not Applicable","","Norway","","","","","","","","","","","","","","","","","","","","","","","","","","","","","","","","","","ns41.domaincontrol.com","ns42.domaincontrol.com","","","clientDeleteProhibited","clientRenewProhibited","clientTransferProhibited","clientUpdateProhibited"
"24","elektrikerbrumundal.com","2021-03-01 16:46:14","2021-02-27","2021-02-27","2022-02-27","146","GoDaddy.com, LLC","whois.godaddy.com","http://registrar.godaddy.com","","","","","Not Applicable","","Norway","","","","","","","","","","","","","","","","","","","","","","","","","","","","","","","","","","ns41.domaincontrol.com","ns42.domaincontrol.com","","","clientDeleteProhibited","clientRenewProhibited","clientTransferProhibited","clientUpdateProhibited"
"25","elektrikerbuskerud.com","2021-03-01 16:46:19","2021-02-27","2021-02-27","2022-02-27","146","GoDaddy.com, LLC","whois.godaddy.com","http://registrar.godaddy.com","","","","","Not Applicable","","Norway","","","","","","","","","","","","","","","","","","","","","","","","","","","","","","","","","","ns21.domaincontrol.com","ns22.domaincontrol.com","","","clientDeleteProhibited","clientRenewProhibited","clientTransferProhibited","clientUpdateProhibited"
"26","elektrikerharstad.com","2021-03-01 16:46:08","2021-02-27","2021-02-27","2022-02-27","146","GoDaddy.com, LLC","whois.godaddy.com","http://registrar.godaddy.com","","","","","Not Applicable","","Norway","","","","","","","","","","","","","","","","","","","","","","","","","","","","","","","","","","ns57.domaincontrol.com","ns58.domaincontrol.com","","","clientDeleteProhibited","clientRenewProhibited","clientTransferProhibited","clientUpdateProhibited"
"27","elektrikerhaugesund.com","2021-03-01 16:46:13","2021-02-27","2021-02-27","2022-02-27","146","GoDaddy.com, LLC","whois.godaddy.com","http://registrar.godaddy.com","","","","","Not Applicable","","Norway","","","","","","","","","","","","","","","","","","","","","","","","","","","","","","","","","","ns41.domaincontrol.com","ns42.domaincontrol.com","","","clientDeleteProhibited","clientRenewProhibited","clientTransferProhibited","clientUpdateProhibited"
"28","elektrikeribergen.com","2021-03-01 16:46:08","2021-02-27","2021-02-27","2023-02-27","146","GoDaddy.com, LLC","whois.godaddy.com","http://registrar.godaddy.com","","","","","Not Applicable","","Norway","","","","","","","","","","","","","","","","","","","","","","","","","","","","","","","","","","ns45.domaincontrol.com","ns46.domaincontrol.com","","","clientDeleteProhibited","clientRenewProhibited","clientTransferProhibited","clientUpdateProhibited"
"29","elektrikerinnlandet.com","2021-03-01 16:46:13","2021-02-27","2021-02-27","2022-02-27","146","GoDaddy.com, LLC","whois.godaddy.com","http://registrar.godaddy.com","","","","","Not Applicable","","Norway","","","","","","","","","","","","","","","","","","","","","","","","","","","","","","","","","","ns21.domaincontrol.com","ns22.domaincontrol.com","","","clientDeleteProhibited","clientRenewProhibited","clientTransferProhibited","clientUpdateProhibited"
"30","elektrikerjessheim.com","2021-03-01 16:46:12","2021-02-27","2021-02-27","2022-02-27","146","GoDaddy.com, LLC","whois.godaddy.com","http://registrar.godaddy.com","","","","","Not Applicable","","Norway","","","","","","","","","","","","","","","","","","","","","","","","","","","","","","","","","","ns45.domaincontrol.com","ns46.domaincontrol.com","","","clientDeleteProhibited","clientRenewProhibited","clientTransferProhibited","clientUpdateProhibited"
"31","elektrikerlarvik.com","2021-03-01 16:46:12","2021-02-27","2021-02-27","2022-02-27","146","GoDaddy.com, LLC","whois.godaddy.com","http://registrar.godaddy.com","","","","","Not Applicable","","Norway","","","","","","","","","","","","","","","","","","","","","","","","","","","","","","","","","","ns05.domaincontrol.com","ns06.domaincontrol.com","","","clientDeleteProhibited","clientRenewProhibited","clientTransferProhibited","clientUpdateProhibited"
"32","elektrikerleirvik.com","2021-03-01 16:46:12","2021-02-27","2021-02-27","2022-02-27","146","GoDaddy.com, LLC","whois.godaddy.com","http://registrar.godaddy.com","","","","","Not Applicable","","Norway","","","","","","","","","","","","","","","","","","","","","","","","","","","","","","","","","","ns45.domaincontrol.com","ns46.domaincontrol.com","","","clientDeleteProhibited","clientRenewProhibited","clientTransferProhibited","clientUpdateProhibited"
"33","elektrikerlillehammer.com","2021-03-01 16:46:17","2021-02-27","2021-02-27","2022-02-27","146","GoDaddy.com, LLC","whois.godaddy.com","http://registrar.godaddy.com","","","","","Not Applicable","","Norway","","","","","","","","","","","","","","","","","","","","","","","","","","","","","","","","","","ns05.domaincontrol.com","ns06.domaincontrol.com","","","clientDeleteProhibited","clientRenewProhibited","clientTransferProhibited","clientUpdateProhibited"
"34","elektrikermandal.com","2021-03-01 16:46:17","2021-02-27","2021-02-27","2022-02-27","146","GoDaddy.com, LLC","whois.godaddy.com","http://registrar.godaddy.com","","","","","Not Applicable","","Norway","","","","","","","","","","","","","","","","","","","","","","","","","","","","","","","","","","ns41.domaincontrol.com","ns42.domaincontrol.com","","","clientDeleteProhibited","clientRenewProhibited","clientTransferProhibited","clientUpdateProhibited"
"35","elektrikermoirana.com","2021-03-01 16:46:12","2021-02-27","2021-02-27","2022-02-27","146","GoDaddy.com, LLC","whois.godaddy.com","http://registrar.godaddy.com","","","","","Not Applicable","","Norway","","","","","","","","","","","","","","","","","","","","","","","","","","","","","","","","","","ns05.domaincontrol.com","ns06.domaincontrol.com","","","clientDeleteProhibited","clientRenewProhibited","clientTransferProhibited","clientUpdateProhibited"
"36","elektrikermoss.com","2021-03-01 16:46:11","2021-02-27","2021-02-27","2022-02-27","146","GoDaddy.com, LLC","whois.godaddy.com","http://registrar.godaddy.com","","","","","Not Applicable","","Norway","","","","","","","","","","","","","","","","","","","","","","","","","","","","","","","","","","ns21.domaincontrol.com","ns22.domaincontrol.com","","","clientDeleteProhibited","clientRenewProhibited","clientTransferProhibited","clientUpdateProhibited"
"37","elektrikernesodden.com","2021-03-01 16:46:11","2021-02-27","2021-02-27","2022-02-27","146","GoDaddy.com, LLC","whois.godaddy.com","http://registrar.godaddy.com","","","","","Not Applicable","","Norway","","","","","","","","","","","","","","","","","","","","","","","","","","","","","","","","","","ns57.domaincontrol.com","ns58.domaincontrol.com","","","clientDeleteProhibited","clientRenewProhibited","clientTransferProhibited","clientUpdateProhibited"
"38","elektrikeroppland.com","2021-03-01 16:46:06","2021-02-27","2021-02-27","2022-02-27","146","GoDaddy.com, LLC","whois.godaddy.com","http://registrar.godaddy.com","","","","","Not Applicable","","Norway","","","","","","","","","","","","","","","","","","","","","","","","","","","","","","","","","","ns57.domaincontrol.com","ns58.domaincontrol.com","","","clientDeleteProhibited","clientRenewProhibited","clientTransferProhibited","clientUpdateProhibited"
"39","elektrikerski.com","2021-03-01 16:46:11","2021-02-27","2021-02-27","2022-02-27","146","GoDaddy.com, LLC","whois.godaddy.com","http://registrar.godaddy.com","","","","","Not Applicable","","Norway","","","","","","","","","","","","","","","","","","","","","","","","","","","","","","","","","","ns45.domaincontrol.com","ns46.domaincontrol.com","","","clientDeleteProhibited","clientRenewProhibited","clientTransferProhibited","clientUpdateProhibited"
"40","elektrikersortland.com","2021-03-01 16:46:16","2021-02-27","2021-02-27","2022-02-27","146","GoDaddy.com, LLC","whois.godaddy.com","http://registrar.godaddy.com","","","","","Not Applicable","","Norway","","","","","","","","","","","","","","","","","","","","","","","","","","","","","","","","","","ns57.domaincontrol.com","ns58.domaincontrol.com","","","clientDeleteProhibited","clientRenewProhibited","clientTransferProhibited","clientUpdateProhibited"
"41","elektrikersteinkjer.com","2021-03-01 16:46:06","2021-02-27","2021-02-27","2022-02-27","146","GoDaddy.com, LLC","whois.godaddy.com","http://registrar.godaddy.com","","","","","Not Applicable","","Norway","","","","","","","","","","","","","","","","","","","","","","","","","","","","","","","","","","ns57.domaincontrol.com","ns58.domaincontrol.com","","","clientDeleteProhibited","clientRenewProhibited","clientTransferProhibited","clientUpdateProhibited"
"42","elektrikerstraume.com","2021-03-01 16:46:11","2021-02-27","2021-02-27","2022-02-27","146","GoDaddy.com, LLC","whois.godaddy.com","http://registrar.godaddy.com","","","","","Not Applicable","","Norway","","","","","","","","","","","","","","","","","","","","","","","","","","","","","","","","","","ns41.domaincontrol.com","ns42.domaincontrol.com","","","clientDeleteProhibited","clientRenewProhibited","clientTransferProhibited","clientUpdateProhibited"
"43","elektrikertelemark.com","2021-03-01 16:46:06","2021-02-27","2021-02-27","2022-02-27","146","GoDaddy.com, LLC","whois.godaddy.com","http://registrar.godaddy.com","","","","","Not Applicable","","Norway","","","","","","","","","","","","","","","","","","","","","","","","","","","","","","","","","","ns45.domaincontrol.com","ns46.domaincontrol.com","","","clientDeleteProhibited","clientRenewProhibited","clientTransferProhibited","clientUpdateProhibited"
"44","elektrikervennesla.com","2021-03-01 16:46:11","2021-02-27","2021-02-27","2022-02-27","146","GoDaddy.com, LLC","whois.godaddy.com","http://registrar.godaddy.com","","","","","Not Applicable","","Norway","","","","","","","","","","","","","","","","","","","","","","","","","","","","","","","","","","ns41.domaincontrol.com","ns42.domaincontrol.com","","","clientDeleteProhibited","clientRenewProhibited","clientTransferProhibited","clientUpdateProhibited"
"45","elektrikerviken.com","2021-03-01 16:46:15","2021-02-27","2021-02-27","2022-02-27","146","GoDaddy.com, LLC","whois.godaddy.com","http://registrar.godaddy.com","","","","","Not Applicable","","Norway","","","","","","","","","","","","","","","","","","","","","","","","","","","","","","","","","","ns05.domaincontrol.com","ns06.domaincontrol.com","","","clientDeleteProhibited","clientRenewProhibited","clientTransferProhibited","clientUpdateProhibited"
"46","eletrikerhordaland.com","2021-03-01 16:46:09","2021-02-27","2021-02-27","2022-02-27","146","GoDaddy.com, LLC","whois.godaddy.com","http://registrar.godaddy.com","","","","","Not Applicable","","Norway","","","","","","","","","","","","","","","","","","","","","","","","","","","","","","","","","","ns05.domaincontrol.com","ns06.domaincontrol.com","","","clientDeleteProhibited","clientRenewProhibited","clientTransferProhibited","clientUpdateProhibited"
"47","espen.guru","2021-03-01 15:55:33","2021-02-26","2021-02-26","2022-02-26","106","Ascio Technologies, Inc. Danmark - Filial af Ascio technologies, Inc. USA","whois.ascio.com","http://www.ascio.com","REDACTED FOR PRIVACY","Espen Hoegh-Larsen","REDACTED FOR PRIVACY","REDACTED FOR PRIVACY","","REDACTED FOR PRIVACY","Norway","","REDACTED FOR PRIVACY","REDACTED FOR PRIVACY","","","","","","","","","","","","","","","","","","","","","","","","","","","","","","","","","","","addPeriod","","",""
"48","faerseth.online","2021-03-01 15:37:45","2021-02-26","2021-02-26","2022-02-26","1001","Domeneshop AS dba  domainnameshop.com","whois.domainnameshop.com","http://www.domainnameshop.com","JOHN FAERSETH","JOHN FAERSETH","","","","","Norway","","","","","","","","","","","","","","","","","","","","","","","","","","","","","","","","","","ns1.hyp.net","ns2.hyp.net","ns3.hyp.net","","addPeriod","clientTransferProhibited","serverTransferProhibited",""
"49","femaleforce.online","2021-03-01 15:37:39","2021-02-26","2021-02-26","2022-02-26","1001","Domeneshop AS dba  domainnameshop.com","whois.domainnameshop.com","http://www.domainnameshop.com","CATHRINE LARSASEN","CATHRINE LARSASEN","","","","","Norway","","","","","","","","","","","","","","","","","","","","","","","","","","","","","","","","","","ns1.hyp.net","ns2.hyp.net","ns3.hyp.net","","addPeriod","clientTransferProhibited","serverTransferProhibited",""
"50","finnmarkadventure.com","2021-03-01 16:43:47","2021-02-27","2021-02-27","2022-02-27","1001","Domeneshop AS dba  domainnameshop.com","whois.domainnameshop.com","http://www.domainnameshop.com","B?tsfjord Hotell As","B?tsfjord Hotell As","","","","","Norway","2tgp5cwzx3fc@privacy-protection.email","","","","","","","","","","gv2izhqkzavk@privacy-protection.email","","","","","","","","","","hostmaster@domeneshop.no","","","","","","","","","","","","","ns1.hyp.net","ns2.hyp.net","ns3.hyp.net","","clientTransferProhibited","","",""
"51","ghezai.com","2021-03-01 17:52:17","2021-02-27","2021-02-27","2022-02-27","69","Tucows Domains Inc.","whois.tucows.com","http://domainhelp.opensrs.net","REDACTED FOR PRIVACY","REDACTED FOR PRIVACY","REDACTED FOR PRIVACY","REDACTED FOR PRIVACY","XX","REDACTED FOR PRIVACY","Norway","","REDACTED FOR PRIVACY","REDACTED FOR PRIVACY","REDACTED FOR PRIVACY","REDACTED FOR PRIVACY","REDACTED FOR PRIVACY","REDACTED FOR PRIVACY","REDACTED FOR PRIVACY","REDACTED FOR PRIVACY","REDACTED FOR PRIVACY","","REDACTED FOR PRIVACY","REDACTED FOR PRIVACY","REDACTED FOR PRIVACY","REDACTED FOR PRIVACY","REDACTED FOR PRIVACY","REDACTED FOR PRIVACY","REDACTED FOR PRIVACY","REDACTED FOR PRIVACY","REDACTED FOR PRIVACY","","REDACTED FOR PRIVACY","REDACTED FOR PRIVACY","","","","","","","","","","","ns1.gnldm1070.siteground.biz","ns2.gnldm1070.siteground.biz","","","clientTransferProhibited","clientUpdateProhibited","",""
"52","goalstepper.com","2021-03-01 17:32:56","2021-02-27","2021-02-27","2023-02-27","146","GoDaddy.com, LLC","whois.godaddy.com","http://registrar.godaddy.com","c/o Susanna Warloe","c/o Susanna Warloe","","","Oslo","","Norway","","","","","","","","","","","","","","","","","","","","","","","","","","","","","","","","","","ns29.domaincontrol.com","ns30.domaincontrol.com","","","clientDeleteProhibited","clientRenewProhibited","clientTransferProhibited","clientUpdateProhibited"
"53","hassandream.com","2021-03-01 16:38:50","2021-02-27","2021-02-27","2022-02-27","146","GoDaddy.com, LLC","whois.godaddy.com","http://registrar.godaddy.com","","","","","Rogaland","","Norway","","","","","","","","","","","","","","","","","","","","","","","","","","","","","","","","","","ns55.domaincontrol.com","ns56.domaincontrol.com","","","clientDeleteProhibited","clientRenewProhibited","clientTransferProhibited","clientUpdateProhibited"
"54","husmo.net","2021-03-01 15:40:11","2021-02-26","2021-02-26","2022-02-26","1001","Domeneshop AS dba  domainnameshop.com","whois.domainnameshop.com","http://www.domainnameshop.com","","","","","","","Norway","hrbhsuo4yx6m@privacy-protection.email","","","","","","","","","","g5j7zzkpcv2a@privacy-protection.email","","","","","","","","","","hostmaster@domeneshop.no","","","","","","","","","","","","","ns1.hyp.net","ns2.hyp.net","ns3.hyp.net","","clientTransferProhibited","","",""
"55","icyseafoodsnack.com","2021-03-01 16:36:15","2021-02-27","2021-02-27","2022-02-27","1001","Domeneshop AS dba  domainnameshop.com","whois.domainnameshop.com","http://www.domainnameshop.com","SLETTMO AS","SLETTMO AS","","","","","Norway","3pswfssjkdre@privacy-protection.email","","","","","","","","","","i6fxugu2gurp@privacy-protection.email","","","","","","","","","","hostmaster@domeneshop.no","","","","","","","","","","","","","ns1.hyp.net","ns2.hyp.net","ns3.hyp.net","","clientTransferProhibited","","",""
"56","iranfashionhouse.com","2021-03-01 14:33:00","2021-02-27","2021-02-27","2022-02-27","625","Name.com, Inc.","whois.name.com","http://www.name.com","Non-Public Data","","Non-Public Data","Non-Public Data","OSLO","00000","Norway","","Non-Public Data","","Non-Public Data","Non-Public Data","Non-Public Data","Non-Public Data","Non-Public Data","00000","","","Non-Public Data","","Non-Public Data","Non-Public Data","Non-Public Data","Non-Public Data","Non-Public Data","00000","","","Non-Public Data","","","","","","","","","","","","ns1fkl.name.com","ns2fgp.name.com","ns3ghw.name.com","ns4htz.name.com","addPeriod","clientTransferProhibited","",""
"57","iwanttolearnmagic.com","2021-03-01 14:32:35","2021-02-27","2021-02-27","2022-02-27","1001","Domeneshop AS dba  domainnameshop.com","whois.domainnameshop.com","http://www.domainnameshop.com","Tryllekunstneren Daniel Tegnander","Tryllekunstneren Daniel Tegnander","","","","","Norway","srtfjspqro97@privacy-protection.email","","","","","","","","","","sghvywdsf6cc@privacy-protection.email","","","","","","","","","","hostmaster@domeneshop.no","","","","","","","","","","","","","ns1.hyp.net","ns2.hyp.net","ns3.hyp.net","","clientTransferProhibited","","",""
"58","janorama.net","2021-03-01 15:39:49","2021-02-26","2021-02-26","2022-02-26","1001","Domeneshop AS dba  domainnameshop.com","whois.domainnameshop.com","http://www.domainnameshop.com","","","","","","","Norway","pw5mpxsvczsq@privacy-protection.email","","","","","","","","","","sf3thdcidkmd@privacy-protection.email","","","","","","","","","","hostmaster@domeneshop.no","","","","","","","","","","","","","ns1.hyp.net","ns2.hyp.net","ns3.hyp.net","","clientTransferProhibited","","",""
"59","kitchfirst.com","2021-03-01 16:34:48","2021-02-27","2021-02-27","2022-02-27","269","Key-Systems GmbH","whois.rrpproxy.net","http://www.key-systems.net","REDACTED FOR PRIVACY","REDACTED FOR PRIVACY","REDACTED FOR PRIVACY REDACTED FOR PRIVACY REDACTED FOR PRIVACY","REDACTED FOR PRIVACY","","REDACTED FOR PRIVACY","Norway","info@domain-contact.org","REDACTED FOR PRIVACY","REDACTED FOR PRIVACY","REDACTED FOR PRIVACY","REDACTED FOR PRIVACY","REDACTED FOR PRIVACY REDACTED FOR PRIVACY REDACTED FOR PRIVACY","REDACTED FOR PRIVACY","REDACTED FOR PRIVACY","REDACTED FOR PRIVACY","REDACTED FOR PRIVACY","info@domain-contact.org","REDACTED FOR PRIVACY","REDACTED FOR PRIVACY","REDACTED FOR PRIVACY","REDACTED FOR PRIVACY","REDACTED FOR PRIVACY REDACTED FOR PRIVACY REDACTED FOR PRIVACY","REDACTED FOR PRIVACY","REDACTED FOR PRIVACY","REDACTED FOR PRIVACY","REDACTED FOR PRIVACY","info@domain-contact.org","REDACTED FOR PRIVACY","REDACTED FOR PRIVACY","REDACTED FOR PRIVACY","REDACTED FOR PRIVACY","REDACTED FOR PRIVACY REDACTED FOR PRIVACY REDACTED FOR PRIVACY","REDACTED FOR PRIVACY","REDACTED FOR PRIVACY","REDACTED FOR PRIVACY","REDACTED FOR PRIVACY","info@domain-contact.org","REDACTED FOR PRIVACY","REDACTED FOR PRIVACY","ns1.uniweb.no","ns3.uniweb.no","","","clientTransferProhibited","","",""
"60","krill.finance","2021-03-01 15:55:43","2021-02-27","2021-02-27","2022-02-27","146","GoDaddy.com, LLC","whois.godaddy.com","http://registrar.godaddy.com","REDACTED FOR PRIVACY","seze stuff","REDACTED FOR PRIVACY","REDACTED FOR PRIVACY","Bergen","REDACTED FOR PRIVACY","Norway","","REDACTED FOR PRIVACY","REDACTED FOR PRIVACY","","","","","","","","","","","","","","","","","","","","","","","","","","","","","","","","","","","addPeriod","clientDeleteProhibited","clientRenewProhibited","clientTransferProhibited"
"61","littlebigcollection.com","2021-03-01 16:31:58","2021-02-27","2021-02-27","2022-02-27","1001","Domeneshop AS dba  domainnameshop.com","whois.domainnameshop.com","http://www.domainnameshop.com","SILJE ECKERMANN ROSTV?G","SILJE ECKERMANN ROSTV?G","","","","","Norway","xmd2bwvwjhk5@privacy-protection.email","","","","","","","","","","ybs6ugdogkjb@privacy-protection.email","","","","","","","","","","hostmaster@domeneshop.no","","","","","","","","","","","","","ns1.hyp.net","ns2.hyp.net","ns3.hyp.net","","clientTransferProhibited","","",""
"62","localhostcerts.com","2021-03-01 16:31:33","2021-02-27","2021-02-27","2022-02-27","1001","Domeneshop AS dba  domainnameshop.com","whois.domainnameshop.com","http://www.domainnameshop.com","ELLERA AS","ELLERA AS","","","","","Norway","zja6fepc9tzk@privacy-protection.email","","","","","","","","","","bxkdywjqt5xg@privacy-protection.email","","","","","","","","","","hostmaster@domeneshop.no","","","","","","","","","","","","","ns1.hyp.net","ns2.hyp.net","ns3.hyp.net","","clientTransferProhibited","","",""
"63","lupery.com","2021-03-01 16:30:27","2021-02-27","2021-02-27","2022-02-27","146","GoDaddy.com, LLC","whois.godaddy.com","http://registrar.godaddy.com","Lupery","Lupery","","","Agder","","Norway","","","","","","","","","","","","","","","","","","","","","","","","","","","","","","","","","","ns51.domaincontrol.com","ns52.domaincontrol.com","","","clientDeleteProhibited","clientRenewProhibited","clientTransferProhibited","clientUpdateProhibited"
"64","malinmartinsen.photos","2021-03-01 15:31:18","2021-02-26","2021-02-26","2022-02-26","1001","Domeneshop AS dba  domainnameshop.com","whois.domainnameshop.com","http://www.domainnameshop.com","REDACTED FOR PRIVACY","","REDACTED FOR PRIVACY","REDACTED FOR PRIVACY","","REDACTED FOR PRIVACY","Norway","","REDACTED FOR PRIVACY","REDACTED FOR PRIVACY","","","","","","","","","","","","","","","","","","","","","","","","","","","","","","","","","","","addPeriod","clientTransferProhibited","",""
"65","malinolsen.com","2021-03-01 16:29:40","2021-02-27","2021-02-27","2022-02-27","625","Name.com, Inc.","whois.name.com","http://www.name.com","Non-Public Data","Smooth Galaxy","Non-Public Data","Non-Public Data","Viken","00000","Norway","","Non-Public Data","","Non-Public Data","Non-Public Data","Non-Public Data","Non-Public Data","Non-Public Data","00000","","","Non-Public Data","","Non-Public Data","Non-Public Data","Non-Public Data","Non-Public Data","Non-Public Data","00000","","","Non-Public Data","","","","","","","","","","","","ns1kwy.name.com","ns2glx.name.com","ns3bfm.name.com","ns4fmw.name.com","addPeriod","clientTransferProhibited","",""
"66","mittdrivhus.one","2021-03-01 15:38:32","2021-02-26","2021-02-27","2022-02-26","1462","One.com A/S","whois.ripn.net","www.one.com","REDACTED FOR PRIVACY","","REDACTED FOR PRIVACY REDACTED FOR PRIVACY REDACTED FOR PRIVACY","REDACTED FOR PRIVACY","","REDACTED FOR PRIVACY","Norway","","REDACTED FOR PRIVACY","REDACTED FOR PRIVACY","REDACTED FOR PRIVACY","REDACTED FOR PRIVACY","REDACTED FOR PRIVACY REDACTED FOR PRIVACY REDACTED FOR PRIVACY","REDACTED FOR PRIVACY","REDACTED FOR PRIVACY","REDACTED FOR PRIVACY","REDACTED FOR PRIVACY","","REDACTED FOR PRIVACY","REDACTED FOR PRIVACY","REDACTED FOR PRIVACY","REDACTED FOR PRIVACY","REDACTED FOR PRIVACY REDACTED FOR PRIVACY REDACTED FOR PRIVACY","REDACTED FOR PRIVACY","REDACTED FOR PRIVACY","REDACTED FOR PRIVACY","REDACTED FOR PRIVACY","","REDACTED FOR PRIVACY","REDACTED FOR PRIVACY","","","","","","","","","","","ns01.one.com","ns02.one.com","","","addPeriod","ok","",""
"67","ninni.info","2021-03-01 15:56:07","2021-02-27","2021-02-27","2022-02-27","1001","Domeneshop AS dba  domainnameshop.com","whois.domainnameshop.com","http://www.domainnameshop.com","","","","","","","Norway","","","","","","","","","","","","","","","","","","","","","","","","","","","","","","","","","","ns1.hyp.net","ns2.hyp.net","ns3.hyp.net","","addPeriod","clientTransferProhibited","serverTransferProhibited",""
"68","norms.digital","2021-03-01 15:56:44","2021-02-26","2021-02-26","2022-02-26","1462","One.com A/S","whois.ripn.net","www.one.com","REDACTED FOR PRIVACY","NOR MARITIME SERVICE AS","REDACTED FOR PRIVACY","REDACTED FOR PRIVACY","","REDACTED FOR PRIVACY","Norway","","REDACTED FOR PRIVACY","REDACTED FOR PRIVACY","","","","","","","","","","","","","","","","","","","","","","","","","","","","","","","","","","","addPeriod","","",""
"69","norsys.net","2021-03-01 15:46:20","2021-02-26","2021-02-26","2026-02-26","146","GoDaddy.com, LLC","whois.godaddy.com","http://registrar.godaddy.com","","","","","NO","","Norway","","","","","","","","","","","","","","","","","","","","","","","","","","","","","","","","","","ns31.domaincontrol.com","ns32.domaincontrol.com","","","clientDeleteProhibited","clientRenewProhibited","clientTransferProhibited","clientUpdateProhibited"
"70","onlinedialogue.net","2021-03-01 14:42:00","2021-02-26","2021-02-26","2022-02-26","1001","Domeneshop AS dba  domainnameshop.com","whois.domainnameshop.com","http://www.domainnameshop.com","FRI DIALOG ELIN GRIGORYAN","FRI DIALOG ELIN GRIGORYAN","","","","","Norway","cwww7sodwmxd@privacy-protection.email","","","","","","","","","","spezjpo3y4y2@privacy-protection.email","","","","","","","","","","hostmaster@domeneshop.no","","","","","","","","","","","","","ns1.hyp.net","ns2.hyp.net","ns3.hyp.net","","clientTransferProhibited","","",""
"71","onlinedialogue.online","2021-03-01 15:37:23","2021-02-26","2021-02-26","2022-02-26","1001","Domeneshop AS dba  domainnameshop.com","whois.domainnameshop.com","http://www.domainnameshop.com","FRI DIALOG ELIN GRIGORYAN","FRI DIALOG ELIN GRIGORYAN","","","","","Norway","","","","","","","","","","","","","","","","","","","","","","","","","","","","","","","","","","ns1.hyp.net","ns2.hyp.net","ns3.hyp.net","","addPeriod","clientTransferProhibited","serverTransferProhibited",""
"72","onlinedialogue.site","2021-03-01 15:29:20","2021-02-26","2021-02-26","2022-02-26","1001","Domeneshop AS dba  domainnameshop.com","whois.domainnameshop.com","http://www.domainnameshop.com","FRI DIALOG ELIN GRIGORYAN","FRI DIALOG ELIN GRIGORYAN","","","","","Norway","","","","","","","","","","","","","","","","","","","","","","","","","","","","","","","","","","ns1.hyp.net","ns2.hyp.net","ns3.hyp.net","","addPeriod","clientTransferProhibited","serverTransferProhibited",""
"73","onlinedialogue.works","2021-03-01 14:51:04","2021-02-26","2021-02-26","2022-02-26","1001","Domeneshop AS dba  domainnameshop.com","whois.domainnameshop.com","http://www.domainnameshop.com","REDACTED FOR PRIVACY","FRI DIALOG ELIN GRIGORYAN","REDACTED FOR PRIVACY","REDACTED FOR PRIVACY","","REDACTED FOR PRIVACY","Norway","","REDACTED FOR PRIVACY","REDACTED FOR PRIVACY","","","","","","","","","","","","","","","","","","","","","","","","","","","","","","","","","","","addPeriod","clientTransferProhibited","",""
"74","oslocustomhub.com","2021-03-01 16:21:01","2021-02-27","2021-02-27","2022-02-27","291","DNC Holdings, Inc.","whois.directnic.com","http://www.directnic.com","REDACTED FOR PRIVACY","Eduardo X","REDACTED FOR PRIVACY","REDACTED FOR PRIVACY","REDACTED FOR PRIVACY","REDACTED FOR PRIVACY","Norway","oslocustomhub.com-registrant@directnicwhoiscompliance.com","REDACTED FOR PRIVACY","REDACTED FOR PRIVACY","REDACTED FOR PRIVACY","HelloDummies","REDACTED FOR PRIVACY","REDACTED FOR PRIVACY","REDACTED FOR PRIVACY","REDACTED FOR PRIVACY","Sweden","oslocustomhub.com-admin@directnicwhoiscompliance.com","REDACTED FOR PRIVACY","REDACTED FOR PRIVACY","REDACTED FOR PRIVACY","NaN","REDACTED FOR PRIVACY","REDACTED FOR PRIVACY","REDACTED FOR PRIVACY","REDACTED FOR PRIVACY","Sweden","oslocustomhub.com-tech@directnicwhoiscompliance.com","REDACTED FOR PRIVACY","REDACTED FOR PRIVACY","","","","","","","","","","","ns0.directnic.com","ns1.directnic.com","ns2.directnic.com","ns3.directnic.com","addPeriod","clientDeleteProhibited","clientTransferProhibited","clientUpdateProhibited"
"75","polarpimp.com","2021-03-01 16:18:33","2021-02-27","2021-02-27","2022-02-27","269","Key-Systems GmbH","whois.rrpproxy.net","http://www.key-systems.net","REDACTED FOR PRIVACY","REDACTED FOR PRIVACY","REDACTED FOR PRIVACY REDACTED FOR PRIVACY REDACTED FOR PRIVACY","REDACTED FOR PRIVACY","","REDACTED FOR PRIVACY","Norway","info@domain-contact.org","REDACTED FOR PRIVACY","REDACTED FOR PRIVACY","REDACTED FOR PRIVACY","REDACTED FOR PRIVACY","REDACTED FOR PRIVACY REDACTED FOR PRIVACY REDACTED FOR PRIVACY","REDACTED FOR PRIVACY","REDACTED FOR PRIVACY","REDACTED FOR PRIVACY","REDACTED FOR PRIVACY","info@domain-contact.org","REDACTED FOR PRIVACY","REDACTED FOR PRIVACY","REDACTED FOR PRIVACY","REDACTED FOR PRIVACY","REDACTED FOR PRIVACY REDACTED FOR PRIVACY REDACTED FOR PRIVACY","REDACTED FOR PRIVACY","REDACTED FOR PRIVACY","REDACTED FOR PRIVACY","REDACTED FOR PRIVACY","info@domain-contact.org","REDACTED FOR PRIVACY","REDACTED FOR PRIVACY","REDACTED FOR PRIVACY","REDACTED FOR PRIVACY","REDACTED FOR PRIVACY REDACTED FOR PRIVACY REDACTED FOR PRIVACY","REDACTED FOR PRIVACY","REDACTED FOR PRIVACY","REDACTED FOR PRIVACY","REDACTED FOR PRIVACY","info@domain-contact.org","REDACTED FOR PRIVACY","REDACTED FOR PRIVACY","ns.fastname.no","ns2.fastname.no","","","clientTransferProhibited","","",""
"76","stcast.site","2021-03-01 15:29:14","2021-02-26","2021-02-26","2022-02-26","1052","EuroDNS S.A.","http://whois.rotld.ro","http://www.eurodns.com","Raskenlund A.S.","Raskenlund A.S.","","","","","Norway","","","","","","","","","","","","","","","","","","","","","","","","","","","","","","","","","","ns1.eurodns.com","ns2.eurodns.com","ns3.eurodns.com","ns4.eurodns.com","addPeriod","clientTransferProhibited","serverTransferProhibited",""
"77","stenkon.com","2021-03-01 16:10:36","2021-02-27","2021-02-27","2022-02-27","1001","Domeneshop AS dba  domainnameshop.com","whois.domainnameshop.com","http://www.domainnameshop.com","EDUTAIN AS","EDUTAIN AS","","","","","Norway","jtmbtwxhdx7e@privacy-protection.email","","","","","","","","","","xecsjfojws2d@privacy-protection.email","","","","","","","","","","hostmaster@domeneshop.no","","","","","","","","","","","","","ns1.hyp.net","ns2.hyp.net","ns3.hyp.net","","clientTransferProhibited","","",""
"78","sun-counter.com","2021-03-01 16:10:07","2021-02-27","2021-02-27","2022-02-27","1001","Domeneshop AS dba  domainnameshop.com","whois.domainnameshop.com","http://www.domainnameshop.com","KONSTRUKT","KONSTRUKT","","","","","Norway","kyseadcwfm6k@privacy-protection.email","","","","","","","","","","gokhonpcn8bg@privacy-protection.email","","","","","","","","","","hostmaster@domeneshop.no","","","","","","","","","","","","","ns1.hyp.net","ns2.hyp.net","ns3.hyp.net","","clientTransferProhibited","","",""
"79","treningspartneren.one","2021-03-01 15:38:25","2021-02-26","2021-02-27","2022-02-26","1462","One.com A/S","whois.ripn.net","www.one.com","REDACTED FOR PRIVACY","TRENINGSPARTNEREN AS","REDACTED FOR PRIVACY REDACTED FOR PRIVACY REDACTED FOR PRIVACY","REDACTED FOR PRIVACY","","REDACTED FOR PRIVACY","Norway","","REDACTED FOR PRIVACY","REDACTED FOR PRIVACY","REDACTED FOR PRIVACY","REDACTED FOR PRIVACY","REDACTED FOR PRIVACY REDACTED FOR PRIVACY REDACTED FOR PRIVACY","REDACTED FOR PRIVACY","REDACTED FOR PRIVACY","REDACTED FOR PRIVACY","REDACTED FOR PRIVACY","","REDACTED FOR PRIVACY","REDACTED FOR PRIVACY","REDACTED FOR PRIVACY","REDACTED FOR PRIVACY","REDACTED FOR PRIVACY REDACTED FOR PRIVACY REDACTED FOR PRIVACY","REDACTED FOR PRIVACY","REDACTED FOR PRIVACY","REDACTED FOR PRIVACY","REDACTED FOR PRIVACY","","REDACTED FOR PRIVACY","REDACTED FOR PRIVACY","","","","","","","","","","","ns01.one.com","ns02.one.com","","","addPeriod","ok","",""
"80","unashyttetun.com","2021-03-01 16:03:14","2021-02-27","2021-02-27","2022-02-27","1001","Domeneshop AS dba  domainnameshop.com","whois.domainnameshop.com","http://www.domainnameshop.com","GEIR OG UNA INVEST AS","GEIR OG UNA INVEST AS","","","","","Norway","fd6vr7d9bkro@privacy-protection.email","","","","","","","","","","os7jb6f8f3ii@privacy-protection.email","","","","","","","","","","hostmaster@domeneshop.no","","","","","","","","","","","","","ns1.hyp.net","ns2.hyp.net","ns3.hyp.net","","clientTransferProhibited","","",""
"81","varangeradventure.com","2021-03-01 17:25:35","2021-02-27","2021-02-27","2022-02-27","1001","Domeneshop AS dba  domainnameshop.com","whois.domainnameshop.com","http://www.domainnameshop.com","B?tsfjord Hotell As","B?tsfjord Hotell As","","","","","Norway","m2eapy4q3nfd@privacy-protection.email","","","","","","","","","","aajb9c6bw9pv@privacy-protection.email","","","","","","","","","","hostmaster@domeneshop.no","","","","","","","","","","","","","ns1.hyp.net","ns2.hyp.net","ns3.hyp.net","","clientTransferProhibited","","",""
"82","vikinggarn.net","2021-03-01 14:40:16","2021-02-26","2021-02-27","2023-02-26","1001","Domeneshop AS dba  domainnameshop.com","whois.domainnameshop.com","http://www.domainnameshop.com","VIKING OF NORWAY AS","VIKING OF NORWAY AS","","","","","Norway","9qtgoyddgckp@privacy-protection.email","","","","","","","","","","qakhrfznx9qk@privacy-protection.email","","","","","","","","","","hostmaster@domeneshop.no","","","","","","","","","","","","","ns1.hyp.net","ns2.hyp.net","ns3.hyp.net","","clientTransferProhibited","","",""
"83","vikinggarn.site","2021-03-01 15:28:21","2021-02-26","2021-02-27","2023-02-26","1001","Domeneshop AS dba  domainnameshop.com","whois.domainnameshop.com","http://www.domainnameshop.com","VIKING OF NORWAY AS","VIKING OF NORWAY AS","","","","","Norway","","","","","","","","","","","","","","","","","","","","","","","","","","","","","","","","","","ns1.hyp.net","ns2.hyp.net","ns3.hyp.net","","addPeriod","clientTransferProhibited","serverTransferProhibited",""
"84","vikinggarn.store","2021-03-01 15:25:42","2021-02-26","2021-02-27","2023-02-26","1001","Domeneshop AS dba  domainnameshop.com","whois.domainnameshop.com","http://www.domainnameshop.com","VIKING OF NORWAY AS","VIKING OF NORWAY AS","","","","","Norway","","","","","","","","","","","","","","","","","","","","","","","","","","","","","","","","","","ns1.hyp.net","ns2.hyp.net","ns3.hyp.net","","addPeriod","clientTransferProhibited","serverTransferProhibited",""
"85","vikingofnorway.store","2021-03-01 15:25:42","2021-02-26","2021-02-27","2023-02-26","1001","Domeneshop AS dba  domainnameshop.com","whois.domainnameshop.com","http://www.domainnameshop.com","VIKING OF NORWAY AS","VIKING OF NORWAY AS","","","","","Norway","","","","","","","","","","","","","","","","","","","","","","","","","","","","","","","","","","ns1.hyp.net","ns2.hyp.net","ns3.hyp.net","","addPeriod","clientTransferProhibited","serverTransferProhibited",""
"86","vriompeisen.com","2021-03-01 16:00:13","2021-02-27","2021-02-27","2022-02-27","106","Ascio Technologies, Inc. Danmark - Filial af Ascio technologies, Inc. USA","whois.ascio.com","http://www.ascio.com","Not Disclosed","Not Disclosed","Not Disclosed","Not Disclosed","","Not Disclosed","Norway","","Not Disclosed","Not Disclosed","Not Disclosed","Not Disclosed","Not Disclosed","Not Disclosed","Not Disclosed","Not Disclosed","Not Disclosed","","Not Disclosed","Not Disclosed","Not Disclosed","Not Disclosed","Not Disclosed","Not Disclosed","Not Disclosed","Not Disclosed","Not Disclosed","","Not Disclosed","Not Disclosed","","","","","","","","","","","dns1.123hjemmeside.dk","dns2.123hjemmeside.dk","dns3.123hjemmeside.dk","","OK","","",""
"87","xn--elektrikerlesund-mob.com","2021-03-01 14:38:51","2021-02-27","2021-02-27","2022-02-27","146","GoDaddy.com, LLC","whois.godaddy.com","http://registrar.godaddy.com","","","","","Not Applicable","","Norway","","","","","","","","","","","","","","","","","","","","","","","","","","","","","","","","","","ns45.domaincontrol.com","ns46.domaincontrol.com","","","clientDeleteProhibited","clientRenewProhibited","clientTransferProhibited","clientUpdateProhibited"
"88","xn--elektrikertnsberg-b1b.com","2021-03-01 14:38:46","2021-02-27","2021-02-27","2022-02-27","146","GoDaddy.com, LLC","whois.godaddy.com","http://registrar.godaddy.com","","","","","Not Applicable","","Norway","","","","","","","","","","","","","","","","","","","","","","","","","","","","","","","","","","ns21.domaincontrol.com","ns22.domaincontrol.com","","","clientDeleteProhibited","clientRenewProhibited","clientTransferProhibited","clientUpdateProhibited"
"89","xn--ftter-vua.online","2021-03-01 15:32:30","2021-02-26","2021-02-26","2022-02-26","1001","Domeneshop AS dba  domainnameshop.com","whois.domainnameshop.com","http://www.domainnameshop.com","Yvonne Harlow Equine Norway","Yvonne Harlow Equine Norway","","","","","Norway","","","","","","","","","","","","","","","","","","","","","","","","","","","","","","","","","","ns1.hyp.net","ns2.hyp.net","ns3.hyp.net","","addPeriod","clientTransferProhibited","serverTransferProhibited",""
"90","xn--pandorate-yub.site","2021-03-01 15:28:16","2021-02-26","2021-02-26","2022-02-26","146","GoDaddy.com, LLC","whois.godaddy.com","http://registrar.godaddy.com","","","","","More","","Norway","","","","","","","","","","","","","","","","","","","","","","","","","","","","","","","","","","ns11.domaincontrol.com","ns12.domaincontrol.com","","","addPeriod","clientDeleteProhibited","clientRenewProhibited","clientTransferProhibited"
"91","xn--rrleggertnsberg-5tbi.com","2021-03-01 14:38:41","2021-02-27","2021-02-27","2022-02-27","146","GoDaddy.com, LLC","whois.godaddy.com","http://registrar.godaddy.com","","","","","Not Applicable","","Norway","","","","","","","","","","","","","","","","","","","","","","","","","","","","","","","","","","ns41.domaincontrol.com","ns42.domaincontrol.com","","","clientDeleteProhibited","clientRenewProhibited","clientTransferProhibited","clientUpdateProhibited"