"num","domain_name","query_time","create_date","update_date","expiry_date","domain_registrar_id","domain_registrar_name","domain_registrar_whois","domain_registrar_url","registrant_name","registrant_company","registrant_address","registrant_city","registrant_state","registrant_zip","registrant_country","registrant_email","registrant_phone","registrant_fax","administrative_name","administrative_company","administrative_address","administrative_city","administrative_state","administrative_zip","administrative_country","administrative_email","administrative_phone","administrative_fax","technical_name","technical_company","technical_address","technical_city","technical_state","technical_zip","technical_country","technical_email","technical_phone","technical_fax","billing_name","billing_company","billing_address","billing_city","billing_state","billing_zip","billing_country","billing_email","billing_phone","billing_fax","name_server_1","name_server_2","name_server_3","name_server_4","domain_status_1","domain_status_2","domain_status_3","domain_status_4"
"1","a21specialtycoffee-roastery.com","2021-03-01 17:02:21","2021-02-27","2021-02-27","2022-02-27","69","Tucows Domains Inc.","whois.tucows.com","http://domainhelp.opensrs.net","REDACTED FOR PRIVACY","REDACTED FOR PRIVACY","REDACTED FOR PRIVACY","REDACTED FOR PRIVACY","XX","REDACTED FOR PRIVACY","Oman","","REDACTED FOR PRIVACY","REDACTED FOR PRIVACY","REDACTED FOR PRIVACY","REDACTED FOR PRIVACY","REDACTED FOR PRIVACY","REDACTED FOR PRIVACY","REDACTED FOR PRIVACY","REDACTED FOR PRIVACY","REDACTED FOR PRIVACY","","REDACTED FOR PRIVACY","REDACTED FOR PRIVACY","REDACTED FOR PRIVACY","REDACTED FOR PRIVACY","REDACTED FOR PRIVACY","REDACTED FOR PRIVACY","REDACTED FOR PRIVACY","REDACTED FOR PRIVACY","REDACTED FOR PRIVACY","","REDACTED FOR PRIVACY","REDACTED FOR PRIVACY","","","","","","","","","","","ns1.giowm1257.siteground.biz","ns2.giowm1257.siteground.biz","","","clientTransferProhibited","clientUpdateProhibited","",""
"2","adminfotolab.com","2021-03-01 17:01:48","2021-02-27","2021-02-27","2026-02-27","146","GoDaddy.com, LLC","whois.godaddy.com","http://registrar.godaddy.com","","","","","muscat","","Oman","","","","","","","","","","","","","","","","","","","","","","","","","","","","","","","","","","ns51.domaincontrol.com","ns52.domaincontrol.com","","","clientDeleteProhibited","clientRenewProhibited","clientTransferProhibited","clientUpdateProhibited"
"3","ardalil.com","2021-03-01 16:58:55","2021-02-27","2021-02-27","2022-02-27","1154","FastDomain Inc.","whois.fastdomain.com","http://www.fastdomain.com","MOHAMED ALOBAIDI","","ALHAIL NORTH","MUSCAT","","130","Oman","mohamedalobaydi@yahoo.com","+968.91440088","","MOHAMED ALOBAIDI","","ALHAIL NORTH","MUSCAT","","130","Oman","mohamedalobaydi@yahoo.com","+968.91440088","","HOSTMONSTER INC","HOSTMONSTER.COM","1958 S 950 E","PROVO","UTAH","84606","United States","support-domain@hostmonster.com","+1.8014948462","+1.8017651992","","","","","","","","","","","ns1.hostmonster.com","ns2.hostmonster.com","","","clientTransferProhibited","","",""
"4","bahrainiran.com","2021-03-01 16:57:00","2021-02-27","2021-02-28","2022-02-27","1601","Atak Domain Hosting Internet d/b/a Atak Teknoloji","whois.verisign-grs.com","http://www.atakteknoloji.com","shahin beigi","na","Al Basatin St Al Basatin St","Sohar","OM","31121","Oman","shahinbeigy@gmail.com","+968.2122220266","+968.2122220266","shahin beigi","na","Al Basatin St Al Basatin St","Sohar","OM","31121","Oman","shahinbeigy@gmail.com","+968.2122220266","+968.2122220266","shahin beigi","na","Al Basatin St Al Basatin St","Sohar","OM","31121","Oman","shahinbeigy@gmail.com","+968.2122220266","+968.2122220266","","","","","","","","","","","ns380.phtco.com","ns381.phtco.com","","","","","",""
"5","bestgeekhub.com","2021-03-01 16:55:48","2021-02-27","2021-02-27","2022-02-27","955","Launchpad, Inc.","whois.launchpad.com","http://www.launchpad.com","kamrul islam rana","None","Muscat","muscat","MA","115","Oman","ranawebdesigners@gmail.com","+880.1862457731","","kamrul islam rana","None","Muscat","muscat","MA","115","Oman","ranawebdesigners@gmail.com","+880.1862457731","","kamrul islam rana","None","Muscat","muscat","MA","115","Oman","ranawebdesigners@gmail.com","+880.1862457731","","","","","","","","","","","","ns6221.hostgator.com","ns6222.hostgator.com","","","clientTransferProhibited","","",""
"6","bti-oman.com","2021-03-01 17:25:47","2021-02-27","2021-02-27","2023-02-27","1647","Hosting Concepts B.V. dba Openprovider","whois.registrar.eu","http://www.openprovider.com","REDACTED FOR PRIVACY","Bahjet Al Safa","REDACTED FOR PRIVACY","REDACTED FOR PRIVACY","Masqat","REDACTED FOR PRIVACY","Oman","","REDACTED FOR PRIVACY","REDACTED FOR PRIVACY","REDACTED FOR PRIVACY","REDACTED FOR PRIVACY","REDACTED FOR PRIVACY","REDACTED FOR PRIVACY","REDACTED FOR PRIVACY","REDACTED FOR PRIVACY","REDACTED FOR PRIVACY","","REDACTED FOR PRIVACY","REDACTED FOR PRIVACY","REDACTED FOR PRIVACY","REDACTED FOR PRIVACY","REDACTED FOR PRIVACY","REDACTED FOR PRIVACY","REDACTED FOR PRIVACY","REDACTED FOR PRIVACY","REDACTED FOR PRIVACY","","REDACTED FOR PRIVACY","REDACTED FOR PRIVACY","","","","","","","","","","","ns1.dns-parking.com","ns2.dns-parking.com","","","clientTransferProhibited","ok","",""
"7","danatarah.com","2021-03-01 16:50:18","2021-02-27","2021-02-27","2022-02-27","1601","Atak Domain Hosting Internet d/b/a Atak Teknoloji","whois.verisign-grs.com","http://www.atakteknoloji.com","simin masoudi","","Al Basatin St Al Basatin St","Sohar","OM","31121","Oman","si_masodi@yahoo.com","+968.1331727112","+968.1331727112","simin masoudi","","Al Basatin St Al Basatin St","Sohar","OM","31121","Oman","si_masodi@yahoo.com","+968.1331727112","+968.1331727112","simin masoudi","","Al Basatin St Al Basatin St","Sohar","OM","31121","Oman","si_masodi@yahoo.com","+968.1331727112","+968.1331727112","","","","","","","","","","","ns46.phtco.com","ns47.phtco.com","","","","","",""
"8","iranbahrain.com","2021-03-01 17:37:51","2021-02-27","2021-02-28","2022-02-27","1601","Atak Domain Hosting Internet d/b/a Atak Teknoloji","whois.verisign-grs.com","http://www.atakteknoloji.com","shahin beigi","na","Al Basatin St Al Basatin St","Sohar","OM","31121","Oman","shahinbeigy@gmail.com","+968.2122220266","+968.2122220266","shahin beigi","na","Al Basatin St Al Basatin St","Sohar","OM","31121","Oman","shahinbeigy@gmail.com","+968.2122220266","+968.2122220266","shahin beigi","na","Al Basatin St Al Basatin St","Sohar","OM","31121","Oman","shahinbeigy@gmail.com","+968.2122220266","+968.2122220266","","","","","","","","","","","ns380.phtco.com","ns381.phtco.com","","","","","",""
"9","komidco.com","2021-03-01 16:34:06","2021-02-27","2021-02-27","2022-02-27","1601","Atak Domain Hosting Internet d/b/a Atak Teknoloji","whois.verisign-grs.com","http://www.atakteknoloji.com","mohammad rezaei","","Al Basatin St Al Basatin St","Sohar","OM","31121","Oman","m.rezaei94@outlook.com","+968.2165251847","+968.2165251847","mohammad rezaei","","Al Basatin St Al Basatin St","Sohar","OM","31121","Oman","m.rezaei94@outlook.com","+968.2165251847","+968.2165251847","mohammad rezaei","","Al Basatin St Al Basatin St","Sohar","OM","31121","Oman","m.rezaei94@outlook.com","+968.2165251847","+968.2165251847","","","","","","","","","","","ns1.visiongrp.ir","ns2.visiongrp.ir","","","","","",""
"10","melipha.com","2021-03-01 16:28:37","2021-02-27","2021-02-27","2022-02-27","1601","Atak Domain Hosting Internet d/b/a Atak Teknoloji","whois.verisign-grs.com","http://www.atakteknoloji.com","melina zeynali","dr zeynali","Al Basatin St Al Basatin St","Sohar","OM","31121","Oman","melina.zeinali@gmail.com","+968.2146114534","+968.2146114534","melina zeynali","dr zeynali","Al Basatin St Al Basatin St","Sohar","OM","31121","Oman","melina.zeinali@gmail.com","+968.2146114534","+968.2146114534","melina zeynali","dr zeynali","Al Basatin St Al Basatin St","Sohar","OM","31121","Oman","melina.zeinali@gmail.com","+968.2146114534","+968.2146114534","","","","","","","","","","","a.ns.arvancdn.com","o.ns.arvancdn.com","","","","","",""
"11","mspoman.com","2021-03-01 17:22:07","2021-02-27","2021-02-27","2023-02-27","146","GoDaddy.com, LLC","whois.godaddy.com","http://registrar.godaddy.com","mohammed sabeel & partner LLC","mohammed sabeel & partner LLC","","","muscat","","Oman","","","","","","","","","","","","","","","","","","","","","","","","","","","","","","","","","","ns29.domaincontrol.com","ns30.domaincontrol.com","","","clientDeleteProhibited","clientRenewProhibited","clientTransferProhibited","clientUpdateProhibited"
"12","nanocome.com","2021-03-01 17:36:22","2021-02-27","2021-02-27","2022-02-27","1601","Atak Domain Hosting Internet d/b/a Atak Teknoloji","whois.verisign-grs.com","http://www.atakteknoloji.com","saeed amirhajiloo","nanocomdatcam","Al Basatin St Al Basatin St","Sohar","OM","31121","Oman","saidnic@yahoo.com","+968.3117817151","+968.3117817151","saeed amirhajiloo","nanocomdatcam","Al Basatin St Al Basatin St","Sohar","OM","31121","Oman","saidnic@yahoo.com","+968.3117817151","+968.3117817151","saeed amirhajiloo","nanocomdatcam","Al Basatin St Al Basatin St","Sohar","OM","31121","Oman","saidnic@yahoo.com","+968.3117817151","+968.3117817151","","","","","","","","","","","ns280.phtco.com","ns281.phtco.com","","","","","",""
"13","oglcompany.com","2021-03-01 16:22:24","2021-02-27","2021-02-27","2022-02-27","2","Network Solutions, LLC","whois.networksolutions.com","http://networksolutions.com","Shetty, Rajesh","","P.O.Box 1807, P.C 133","Al Khuwair","Muscat","112","Oman","shettyrajesh2010@gmail.com","97881760","","Shetty, Rajesh","","P.O.Box 1807, P.C 133","Al Khuwair","Muscat","112","Oman","shettyrajesh2010@gmail.com","97881760","","Rediff.com India Limited","Rediff.com India Limited","L J First Cross Rd, Mahim-W","Mumbai","MH","400016","India","domaintech@rediff.co.in","+91.91224449144","","","","","","","","","","","","ns1.md-112.webhostbox.net","ns2.md-112.webhostbox.net","","","clientTransferProhibited","","",""
"14","ozhenhome.com","2021-03-01 16:20:53","2021-02-27","2021-02-27","2022-02-27","1601","Atak Domain Hosting Internet d/b/a Atak Teknoloji","whois.verisign-grs.com","http://www.atakteknoloji.com","alireza faraji","","Al Basatin St Al Basatin St","Sohar","OM","31121","Oman","alirzafarajii@gmail.com","+968.2632236926","+968.2632236926","alireza faraji","","Al Basatin St Al Basatin St","Sohar","OM","31121","Oman","alirzafarajii@gmail.com","+968.2632236926","+968.2632236926","alireza faraji","","Al Basatin St Al Basatin St","Sohar","OM","31121","Oman","alirzafarajii@gmail.com","+968.2632236926","+968.2632236926","","","","","","","","","","","ns46.phtco.com","ns47.phtco.com","","","","","",""
"15","pishrosarmaye.com","2021-03-01 16:19:24","2021-02-27","2021-02-27","2022-02-27","1601","Atak Domain Hosting Internet d/b/a Atak Teknoloji","whois.verisign-grs.com","http://www.atakteknoloji.com","mohsen maleki","","Al Basatin St Al Basatin St","Sohar","OM","31121","Oman","mohsen.maleki137@gmail.com","+968.2633209728","+968.2633209728","mohsen maleki","","Al Basatin St Al Basatin St","Sohar","OM","31121","Oman","mohsen.maleki137@gmail.com","+968.2633209728","+968.2633209728","mohsen maleki","","Al Basatin St Al Basatin St","Sohar","OM","31121","Oman","mohsen.maleki137@gmail.com","+968.2633209728","+968.2633209728","","","","","","","","","","","ns46.phtco.com","ns47.phtco.com","","","","","",""
"16","qmb-ib.com","2021-03-01 14:36:17","2021-02-27","2021-02-27","2022-02-27","1601","Atak Domain Hosting Internet d/b/a Atak Teknoloji","whois.verisign-grs.com","http://www.atakteknoloji.com","seyed ali waisi","","Al Basatin St Al Basatin St","Sohar","OM","31121","Oman","vayseali2@gmail.com","+968.9366851908","+968.9366851908","seyed ali waisi","","Al Basatin St Al Basatin St","Sohar","OM","31121","Oman","vayseali2@gmail.com","+968.9366851908","+968.9366851908","seyed ali waisi","","Al Basatin St Al Basatin St","Sohar","OM","31121","Oman","vayseali2@gmail.com","+968.9366851908","+968.9366851908","","","","","","","","","","","aisha.ns.cloudflare.com","reese.ns.cloudflare.com","","","","","",""
"17","sadeghrabanizadeh.com","2021-03-01 16:16:06","2021-02-27","2021-02-27","2022-02-27","1601","Atak Domain Hosting Internet d/b/a Atak Teknoloji","whois.verisign-grs.com","http://www.atakteknoloji.com","sadegh rabanizadeh","","Al Basatin St Al Basatin St","Sohar","OM","31121","Oman","labkhandphoto39@gmail.com","+968.2144147744","+968.2144147744","sadegh rabanizadeh","","Al Basatin St Al Basatin St","Sohar","OM","31121","Oman","labkhandphoto39@gmail.com","+968.2144147744","+968.2144147744","sadegh rabanizadeh","","Al Basatin St Al Basatin St","Sohar","OM","31121","Oman","labkhandphoto39@gmail.com","+968.2144147744","+968.2144147744","","","","","","","","","","","ns46.phtco.com","ns47.phtco.com","","","","","",""
"18","saharcourse.com","2021-03-01 16:15:58","2021-02-27","2021-02-27","2022-02-27","1647","Hosting Concepts B.V. dba Openprovider","whois.registrar.eu","http://www.openprovider.com","REDACTED FOR PRIVACY","Sahar course","REDACTED FOR PRIVACY","REDACTED FOR PRIVACY","Masqat","REDACTED FOR PRIVACY","Oman","","REDACTED FOR PRIVACY","REDACTED FOR PRIVACY","REDACTED FOR PRIVACY","REDACTED FOR PRIVACY","REDACTED FOR PRIVACY","REDACTED FOR PRIVACY","REDACTED FOR PRIVACY","REDACTED FOR PRIVACY","REDACTED FOR PRIVACY","","REDACTED FOR PRIVACY","REDACTED FOR PRIVACY","REDACTED FOR PRIVACY","REDACTED FOR PRIVACY","REDACTED FOR PRIVACY","REDACTED FOR PRIVACY","REDACTED FOR PRIVACY","REDACTED FOR PRIVACY","REDACTED FOR PRIVACY","","REDACTED FOR PRIVACY","REDACTED FOR PRIVACY","","","","","","","","","","","ns1.dns-parking.com","ns2.dns-parking.com","","","clientTransferProhibited","ok","",""
"19","sarigifts.com","2021-03-01 16:15:08","2021-02-27","2021-02-27","2022-02-27","48","eNom, Inc.","whois.enom.com","http://www.enom.com","REDACTED FOR PRIVACY","REDACTED FOR PRIVACY","REDACTED FOR PRIVACY","REDACTED FOR PRIVACY","OM","REDACTED FOR PRIVACY","Oman","","REDACTED FOR PRIVACY","REDACTED FOR PRIVACY","REDACTED FOR PRIVACY","REDACTED FOR PRIVACY","REDACTED FOR PRIVACY","REDACTED FOR PRIVACY","REDACTED FOR PRIVACY","REDACTED FOR PRIVACY","REDACTED FOR PRIVACY","","REDACTED FOR PRIVACY","REDACTED FOR PRIVACY","REDACTED FOR PRIVACY","REDACTED FOR PRIVACY","REDACTED FOR PRIVACY","REDACTED FOR PRIVACY","REDACTED FOR PRIVACY","REDACTED FOR PRIVACY","REDACTED FOR PRIVACY","","REDACTED FOR PRIVACY","REDACTED FOR PRIVACY","","","","","","","","","","","ns1.shrooqhost.com","ns2.shrooqhost.com","","","addPeriod","clientTransferProhibited","",""
"20","shalica.com","2021-03-01 14:19:19","2021-02-27","2021-02-27","2022-02-27","1601","Atak Domain Hosting Internet d/b/a Atak Teknoloji","whois.verisign-grs.com","http://www.atakteknoloji.com","masoud hossein pour ganjaroudi","","Al Basatin St Al Basatin St","Sohar","OM","31121","Oman","m.hosseinpour993@gmail.com","+968.1342699448","+968.1342699448","masoud hossein pour ganjaroudi","","Al Basatin St Al Basatin St","Sohar","OM","31121","Oman","m.hosseinpour993@gmail.com","+968.1342699448","+968.1342699448","masoud hossein pour ganjaroudi","","Al Basatin St Al Basatin St","Sohar","OM","31121","Oman","m.hosseinpour993@gmail.com","+968.1342699448","+968.1342699448","","","","","","","","","","","ns46.phtco.com","ns47.phtco.com","","","","","",""
"21","social-monk.com","2021-03-01 17:52:03","2021-02-26","2021-02-26","2022-02-26","146","GoDaddy.com, LLC","whois.godaddy.com","http://registrar.godaddy.com","squ","squ","","","muscat","","Oman","","","","","","","","","","","","","","","","","","","","","","","","","","","","","","","","","","ns11.domaincontrol.com","ns12.domaincontrol.com","","","clientDeleteProhibited","clientRenewProhibited","clientTransferProhibited","clientUpdateProhibited"
"22","uroadesigns.com","2021-03-01 16:02:39","2021-02-27","2021-02-27","2023-02-27","146","GoDaddy.com, LLC","whois.godaddy.com","http://registrar.godaddy.com","uroa","uroa","","","muscat","","Oman","","","","","","","","","","","","","","","","","","","","","","","","","","","","","","","","","","ns21.domaincontrol.com","ns22.domaincontrol.com","","","clientDeleteProhibited","clientRenewProhibited","clientTransferProhibited","clientUpdateProhibited"
"23","vavijehahil.com","2021-03-01 16:02:21","2021-02-27","2021-02-27","2022-02-27","1601","Atak Domain Hosting Internet d/b/a Atak Teknoloji","whois.verisign-grs.com","http://www.atakteknoloji.com","mehrdad namakchian","arad sakhteman aban","Al Basatin St Al Basatin St","Sohar","OM","31121","Oman","ohanicians@yahoo.com","+968.2122222222","+968.2122222222","mehrdad namakchian","arad sakhteman aban","Al Basatin St Al Basatin St","Sohar","OM","31121","Oman","ohanicians@yahoo.com","+968.2122222222","+968.2122222222","mehrdad namakchian","arad sakhteman aban","Al Basatin St Al Basatin St","Sohar","OM","31121","Oman","ohanicians@yahoo.com","+968.2122222222","+968.2122222222","","","","","","","","","","","ns1.efixhost.com","ns2.efixhost.com","","","","","",""