"num","domain_name","query_time","create_date","update_date","expiry_date","domain_registrar_id","domain_registrar_name","domain_registrar_whois","domain_registrar_url","registrant_name","registrant_company","registrant_address","registrant_city","registrant_state","registrant_zip","registrant_country","registrant_email","registrant_phone","registrant_fax","administrative_name","administrative_company","administrative_address","administrative_city","administrative_state","administrative_zip","administrative_country","administrative_email","administrative_phone","administrative_fax","technical_name","technical_company","technical_address","technical_city","technical_state","technical_zip","technical_country","technical_email","technical_phone","technical_fax","billing_name","billing_company","billing_address","billing_city","billing_state","billing_zip","billing_country","billing_email","billing_phone","billing_fax","name_server_1","name_server_2","name_server_3","name_server_4","domain_status_1","domain_status_2","domain_status_3","domain_status_4"
"1","1-oone.com","2021-03-01 17:04:02","2021-02-27","2021-02-27","2022-02-27","625","Name.com, Inc.","whois.name.com","http://www.name.com","Nawaf Hariri","Salla","P.O.Box13867","Makkah","Makkah","21955","Saudi Arabia","","Non-Public Data","","Nawaf Hariri","Salla","P.O.Box13867","Makkah","Makkah","21955","Saudi Arabia","","Non-Public Data","","Nawaf Hariri","Salla","P.O.Box13867","Makkah","Makkah","21955","Saudi Arabia","","Non-Public Data","","","","","","","","","","","","donald.ns.cloudflare.com","leia.ns.cloudflare.com","","","addPeriod","clientTransferProhibited","",""
"2","3medsaa.site","2021-03-01 15:29:54","2021-02-26","2021-02-26","2022-02-26","303","PDR Ltd. d/b/a PublicDomainRegistry.com","whois.publicdomainregistry.com","http://www.publicdomainregistry.com","None","None","","","04","","Saudi Arabia","","","","","","","","","","","","","","","","","","","","","","","","","","","","","","","","","","ns8187.hostgator.com","ns8188.hostgator.com","","","addPeriod","clientTransferProhibited","serverTransferProhibited",""
"3","3medsaa.website","2021-03-01 14:52:28","2021-02-26","2021-02-26","2022-02-26","303","PDR Ltd. d/b/a PublicDomainRegistry.com","whois.publicdomainregistry.com","http://www.publicdomainregistry.com","None","None","","","04","","Saudi Arabia","","","","","","","","","","","","","","","","","","","","","","","","","","","","","","","","","","ns1.hostgator.com","ns2.hostgator.com","","","addPeriod","clientTransferProhibited","serverTransferProhibited",""
"4","ada-elmamlka.com","2021-03-01 17:01:58","2021-02-27","2021-02-27","2024-02-27","2487","Internet Domain Services BS Corp","whois.publicinterestregistry.net","http://www.internetbs.net","Not disclosed Not disclosed","Mansoura Web Services","mansoura, samia el gamal","mansoura","","35511","Saudi Arabia","be0d43d7342660b187d40609c9b6b6fa.gdrp@customers.whoisprivacycorp.com","+966.0534534912","","Not disclosed Not disclosed","Mansoura Web Services","mansoura, samia el gamal","mansoura","","35511","Saudi Arabia","be0d43d7342660b187d40609c9b6b6fa.gdrp@customers.whoisprivacycorp.com","+966.0534534912","","Not disclosed Not disclosed","Mansoura Web Services","mansoura, samia el gamal","mansoura","","35511","Saudi Arabia","be0d43d7342660b187d40609c9b6b6fa.gdrp@customers.whoisprivacycorp.com","+966.0534534912","","","","","","","","","","","","ns1.vostwebhosting.com","ns2.vostwebhosting.com","","","clientTransferProhibited","ok","",""
"5","aealialeawd.com","2021-03-01 17:01:22","2021-02-27","2021-02-27","2022-02-27","625","Name.com, Inc.","whois.name.com","http://www.name.com","Nawaf Hariri","Salla","P.O.Box13867","Makkah","Makkah","21955","Saudi Arabia","","Non-Public Data","","Nawaf Hariri","Salla","P.O.Box13867","Makkah","Makkah","21955","Saudi Arabia","","Non-Public Data","","Nawaf Hariri","Salla","P.O.Box13867","Makkah","Makkah","21955","Saudi Arabia","","Non-Public Data","","","","","","","","","","","","donald.ns.cloudflare.com","leia.ns.cloudflare.com","","","addPeriod","clientTransferProhibited","",""
"6","ahmedsalahatlam.com","2021-03-01 17:01:04","2021-02-27","2021-02-27","2022-02-27","146","GoDaddy.com, LLC","whois.godaddy.com","http://registrar.godaddy.com","AhmedSalah","AhmedSalah","","","\u0645\u062a\u0632\u0648\u062c","","Saudi Arabia","","","","","","","","","","","","","","","","","","","","","","","","","","","","","","","","","","ns1.site4now.net","ns2.site4now.net","ns3.site4now.net","","clientDeleteProhibited","clientRenewProhibited","clientTransferProhibited","clientUpdateProhibited"
"7","alhudaifcoerp.com","2021-03-01 17:00:33","2021-02-27","2021-02-27","2022-02-27","625","Name.com, Inc.","whois.name.com","http://www.name.com","mansoor Alawadi","SSIT","Olaya Street","Riyadh","Riyadh","11237","Saudi Arabia","","Non-Public Data","","mansoor Alawadi","SSIT","Olaya Street","Riyadh","Riyadh","11237","Saudi Arabia","","Non-Public Data","","mansoor Alawadi","SSIT","Olaya Street","Riyadh","Riyadh","11237","Saudi Arabia","","Non-Public Data","","","","","","","","","","","","ns1djs.name.com","ns2dqx.name.com","ns3nrz.name.com","ns4jpz.name.com","addPeriod","clientTransferProhibited","",""
"8","almazaj.net","2021-03-01 15:43:33","2021-02-26","2021-02-26","2022-02-26","69","Tucows Domains Inc.","whois.tucows.com","http://domainhelp.opensrs.net","REDACTED FOR PRIVACY","REDACTED FOR PRIVACY","REDACTED FOR PRIVACY","REDACTED FOR PRIVACY","MAKKAH","REDACTED FOR PRIVACY","Saudi Arabia","","REDACTED FOR PRIVACY","REDACTED FOR PRIVACY","REDACTED FOR PRIVACY","REDACTED FOR PRIVACY","REDACTED FOR PRIVACY","REDACTED FOR PRIVACY","REDACTED FOR PRIVACY","REDACTED FOR PRIVACY","REDACTED FOR PRIVACY","","REDACTED FOR PRIVACY","REDACTED FOR PRIVACY","REDACTED FOR PRIVACY","REDACTED FOR PRIVACY","REDACTED FOR PRIVACY","REDACTED FOR PRIVACY","REDACTED FOR PRIVACY","REDACTED FOR PRIVACY","REDACTED FOR PRIVACY","","REDACTED FOR PRIVACY","REDACTED FOR PRIVACY","","","","","","","","","","","cdns1.interserver.net","cdns2.interserver.net","cdns3.interserver.net","","OK","","",""
"9","almoalen.com","2021-03-01 14:19:04","2021-02-27","2021-02-28","2022-02-27","1647","Hosting Concepts B.V. dba Openprovider","whois.registrar.eu","http://www.openprovider.com","REDACTED FOR PRIVACY","","REDACTED FOR PRIVACY","REDACTED FOR PRIVACY","Al Qasim","REDACTED FOR PRIVACY","Saudi Arabia","","REDACTED FOR PRIVACY","REDACTED FOR PRIVACY","REDACTED FOR PRIVACY","REDACTED FOR PRIVACY","REDACTED FOR PRIVACY","REDACTED FOR PRIVACY","REDACTED FOR PRIVACY","REDACTED FOR PRIVACY","REDACTED FOR PRIVACY","","REDACTED FOR PRIVACY","REDACTED FOR PRIVACY","REDACTED FOR PRIVACY","REDACTED FOR PRIVACY","REDACTED FOR PRIVACY","REDACTED FOR PRIVACY","REDACTED FOR PRIVACY","REDACTED FOR PRIVACY","REDACTED FOR PRIVACY","","REDACTED FOR PRIVACY","REDACTED FOR PRIVACY","","","","","","","","","","","ns1.dns-parking.com","ns2.dns-parking.com","","","clientTransferProhibited","ok","",""
"10","almuhaisenjewellery.com","2021-03-01 17:00:16","2021-02-27","2021-02-28","2022-02-27","146","GoDaddy.com, LLC","whois.godaddy.com","http://registrar.godaddy.com","almuhaisen jewellery","almuhaisen jewellery","","","riyadh","","Saudi Arabia","","","","","","","","","","","","","","","","","","","","","","","","","","","","","","","","","","ns11.domaincontrol.com","ns12.domaincontrol.com","","","clientDeleteProhibited","clientRenewProhibited","clientTransferProhibited","clientUpdateProhibited"
"11","alruwya24.com","2021-03-01 17:00:07","2021-02-27","2021-02-27","2022-02-27","146","GoDaddy.com, LLC","whois.godaddy.com","http://registrar.godaddy.com","kn technology","kn technology","","","Madina","","Saudi Arabia","","","","","","","","","","","","","","","","","","","","","","","","","","","","","","","","","","ns1.dns-parking.com","ns2.dns-parking.com","","","clientDeleteProhibited","clientRenewProhibited","clientTransferProhibited","clientUpdateProhibited"
"12","alsihiy.com","2021-03-01 17:00:17","2021-02-27","2021-02-27","2022-02-27","625","Name.com, Inc.","whois.name.com","http://www.name.com","Nawaf Hariri","Salla","P.O.Box13867","Makkah","Makkah","21955","Saudi Arabia","","Non-Public Data","","Nawaf Hariri","Salla","P.O.Box13867","Makkah","Makkah","21955","Saudi Arabia","","Non-Public Data","","Nawaf Hariri","Salla","P.O.Box13867","Makkah","Makkah","21955","Saudi Arabia","","Non-Public Data","","","","","","","","","","","","donald.ns.cloudflare.com","leia.ns.cloudflare.com","","","addPeriod","clientTransferProhibited","",""
"13","ana-mj.com","2021-03-01 16:59:42","2021-02-27","2021-02-27","2022-02-27","1647","Hosting Concepts B.V. dba Openprovider","whois.registrar.eu","http://www.openprovider.com","REDACTED FOR PRIVACY","","REDACTED FOR PRIVACY","REDACTED FOR PRIVACY","Makkah al Mukarramah","REDACTED FOR PRIVACY","Saudi Arabia","","REDACTED FOR PRIVACY","REDACTED FOR PRIVACY","REDACTED FOR PRIVACY","REDACTED FOR PRIVACY","REDACTED FOR PRIVACY","REDACTED FOR PRIVACY","REDACTED FOR PRIVACY","REDACTED FOR PRIVACY","REDACTED FOR PRIVACY","","REDACTED FOR PRIVACY","REDACTED FOR PRIVACY","REDACTED FOR PRIVACY","REDACTED FOR PRIVACY","REDACTED FOR PRIVACY","REDACTED FOR PRIVACY","REDACTED FOR PRIVACY","REDACTED FOR PRIVACY","REDACTED FOR PRIVACY","","REDACTED FOR PRIVACY","REDACTED FOR PRIVACY","","","","","","","","","","","ns1.dns-parking.com","ns2.dns-parking.com","","","clientTransferProhibited","ok","",""
"14","appstodownload.com","2021-03-01 17:50:25","2021-02-27","2021-02-27","2022-02-27","1387","1API GmbH","whois.1api.net","http://www.1api.net","REDACTED FOR PRIVACY","REDACTED FOR PRIVACY","REDACTED FOR PRIVACY","REDACTED FOR PRIVACY","","REDACTED FOR PRIVACY","Saudi Arabia","","REDACTED FOR PRIVACY","","REDACTED FOR PRIVACY","REDACTED FOR PRIVACY","REDACTED FOR PRIVACY","REDACTED FOR PRIVACY","REDACTED FOR PRIVACY","REDACTED FOR PRIVACY","REDACTED FOR PRIVACY","","REDACTED FOR PRIVACY","","REDACTED FOR PRIVACY","REDACTED FOR PRIVACY","REDACTED FOR PRIVACY","REDACTED FOR PRIVACY","REDACTED FOR PRIVACY","REDACTED FOR PRIVACY","REDACTED FOR PRIVACY","","REDACTED FOR PRIVACY","","","","","","","","","","","","ns1.ispapi.net","ns2.ispapi.net","ns3.ispapi.net","","OK","","",""
"15","aqararena.net","2021-03-01 15:42:41","2021-02-26","2021-02-26","2023-02-26","146","GoDaddy.com, LLC","whois.godaddy.com","http://registrar.godaddy.com","viva","viva","","","24243","","Saudi Arabia","","","","","","","","","","","","","","","","","","","","","","","","","","","","","","","","","","ns11.domaincontrol.com","ns12.domaincontrol.com","","","clientDeleteProhibited","clientRenewProhibited","clientTransferProhibited","clientUpdateProhibited"
"16","arabicgg.com","2021-03-01 16:58:52","2021-02-27","2021-02-28","2023-02-27","146","GoDaddy.com, LLC","whois.godaddy.com","http://registrar.godaddy.com","","","","","ALNADHEEM","","Saudi Arabia","","","","","","","","","","","","","","","","","","","","","","","","","","","","","","","","","","ns1.bluehost.com","ns2.bluehost.com","","","clientDeleteProhibited","clientRenewProhibited","clientTransferProhibited","clientUpdateProhibited"
"17","aroubperfumes.com","2021-03-01 16:58:48","2021-02-27","2021-02-27","2022-02-27","625","Name.com, Inc.","whois.name.com","http://www.name.com","Nawaf Hariri","Salla","P.O.Box13867","Makkah","Makkah","21955","Saudi Arabia","","Non-Public Data","","Nawaf Hariri","Salla","P.O.Box13867","Makkah","Makkah","21955","Saudi Arabia","","Non-Public Data","","Nawaf Hariri","Salla","P.O.Box13867","Makkah","Makkah","21955","Saudi Arabia","","Non-Public Data","","","","","","","","","","","","donald.ns.cloudflare.com","leia.ns.cloudflare.com","","","addPeriod","clientTransferProhibited","",""
"18","arp-ksa.com","2021-03-01 16:58:43","2021-02-27","2021-02-27","2022-02-27","146","GoDaddy.com, LLC","whois.godaddy.com","http://registrar.godaddy.com","TETKON ALNIJEIDI TRADING EST","TETKON ALNIJEIDI TRADING EST","","","EASTERN PROVINCE","","Saudi Arabia","","","","","","","","","","","","","","","","","","","","","","","","","","","","","","","","","","ns51.domaincontrol.com","ns52.domaincontrol.com","","","clientDeleteProhibited","clientRenewProhibited","clientTransferProhibited","clientUpdateProhibited"
"19","artinjaz.com","2021-03-01 16:58:16","2021-02-27","2021-02-27","2022-02-27","146","GoDaddy.com, LLC","whois.godaddy.com","http://registrar.godaddy.com","","","","","2345","","Saudi Arabia","","","","","","","","","","","","","","","","","","","","","","","","","","","","","","","","","","ns21.domaincontrol.com","ns22.domaincontrol.com","","","clientDeleteProhibited","clientRenewProhibited","clientTransferProhibited","clientUpdateProhibited"
"20","asayeel.com","2021-03-01 16:58:15","2021-02-27","2021-02-27","2022-02-27","625","Name.com, Inc.","whois.name.com","http://www.name.com","Nawaf Hariri","Salla","P.O.Box13867","Makkah","Makkah","21955","Saudi Arabia","","Non-Public Data","","Nawaf Hariri","Salla","P.O.Box13867","Makkah","Makkah","21955","Saudi Arabia","","Non-Public Data","","Nawaf Hariri","Salla","P.O.Box13867","Makkah","Makkah","21955","Saudi Arabia","","Non-Public Data","","","","","","","","","","","","donald.ns.cloudflare.com","leia.ns.cloudflare.com","","","addPeriod","clientTransferProhibited","",""
"21","asdafalkhobar.com","2021-03-01 14:24:20","2021-02-27","2021-02-27","2022-02-27","146","GoDaddy.com, LLC","whois.godaddy.com","http://registrar.godaddy.com","","","","","31952","","Saudi Arabia","","","","","","","","","","","","","","","","","","","","","","","","","","","","","","","","","","lily.ns.cloudflare.com","matt.ns.cloudflare.com","","","clientDeleteProhibited","clientRenewProhibited","clientTransferProhibited","clientUpdateProhibited"
"22","atyafaldanah.com","2021-03-01 16:57:41","2021-02-27","2021-02-27","2022-02-27","48","eNom, Inc.","whois.enom.com","http://www.enom.com","REDACTED FOR PRIVACY","REDACTED FOR PRIVACY","REDACTED FOR PRIVACY","REDACTED FOR PRIVACY","REDACTED FOR PRIVACY","REDACTED FOR PRIVACY","Saudi Arabia","","REDACTED FOR PRIVACY","REDACTED FOR PRIVACY","REDACTED FOR PRIVACY","REDACTED FOR PRIVACY","REDACTED FOR PRIVACY","REDACTED FOR PRIVACY","REDACTED FOR PRIVACY","REDACTED FOR PRIVACY","REDACTED FOR PRIVACY","","REDACTED FOR PRIVACY","REDACTED FOR PRIVACY","REDACTED FOR PRIVACY","REDACTED FOR PRIVACY","REDACTED FOR PRIVACY","REDACTED FOR PRIVACY","REDACTED FOR PRIVACY","REDACTED FOR PRIVACY","REDACTED FOR PRIVACY","","REDACTED FOR PRIVACY","REDACTED FOR PRIVACY","","","","","","","","","","","ns1.dimofinf.net","ns2.dimofinf.net","ns3.dimofinf.net","ns4.dimofinf.net","addPeriod","clientTransferProhibited","",""
"23","bahjahchocolate.com","2021-03-01 16:57:02","2021-02-27","2021-02-27","2022-02-27","625","Name.com, Inc.","whois.name.com","http://www.name.com","Nawaf Hariri","Salla","P.O.Box13867","Makkah","Makkah","21955","Saudi Arabia","","Non-Public Data","","Nawaf Hariri","Salla","P.O.Box13867","Makkah","Makkah","21955","Saudi Arabia","","Non-Public Data","","Nawaf Hariri","Salla","P.O.Box13867","Makkah","Makkah","21955","Saudi Arabia","","Non-Public Data","","","","","","","","","","","","donald.ns.cloudflare.com","leia.ns.cloudflare.com","","","addPeriod","clientTransferProhibited","",""
"24","basketphones.com","2021-03-01 16:56:36","2021-02-27","2021-02-27","2022-02-27","1647","Hosting Concepts B.V. dba Openprovider","whois.registrar.eu","http://www.openprovider.com","REDACTED FOR PRIVACY","alhwatf almtqdmt","REDACTED FOR PRIVACY","REDACTED FOR PRIVACY","Ar Riyad","REDACTED FOR PRIVACY","Saudi Arabia","","REDACTED FOR PRIVACY","REDACTED FOR PRIVACY","REDACTED FOR PRIVACY","REDACTED FOR PRIVACY","REDACTED FOR PRIVACY","REDACTED FOR PRIVACY","REDACTED FOR PRIVACY","REDACTED FOR PRIVACY","REDACTED FOR PRIVACY","","REDACTED FOR PRIVACY","REDACTED FOR PRIVACY","REDACTED FOR PRIVACY","REDACTED FOR PRIVACY","REDACTED FOR PRIVACY","REDACTED FOR PRIVACY","REDACTED FOR PRIVACY","REDACTED FOR PRIVACY","REDACTED FOR PRIVACY","","REDACTED FOR PRIVACY","REDACTED FOR PRIVACY","","","","","","","","","","","ns1.dns-parking.com","ns2.dns-parking.com","","","clientTransferProhibited","ok","",""
"25","bearing-needle.com","2021-03-01 17:40:46","2021-02-27","2021-02-27","2022-02-27","146","GoDaddy.com, LLC","whois.godaddy.com","http://registrar.godaddy.com","","","","","Riyadh","","Saudi Arabia","","","","","","","","","","","","","","","","","","","","","","","","","","","","","","","","","","ns21.domaincontrol.com","ns22.domaincontrol.com","","","clientDeleteProhibited","clientRenewProhibited","clientTransferProhibited","clientUpdateProhibited"
"26","beautyandpersonalcare4all.com","2021-03-01 16:56:25","2021-02-27","2021-02-27","2022-02-27","69","Tucows Domains Inc.","whois.tucows.com","http://domainhelp.opensrs.net","REDACTED FOR PRIVACY","REDACTED FOR PRIVACY","REDACTED FOR PRIVACY","REDACTED FOR PRIVACY","XX","REDACTED FOR PRIVACY","Saudi Arabia","","REDACTED FOR PRIVACY","REDACTED FOR PRIVACY","REDACTED FOR PRIVACY","REDACTED FOR PRIVACY","REDACTED FOR PRIVACY","REDACTED FOR PRIVACY","REDACTED FOR PRIVACY","REDACTED FOR PRIVACY","REDACTED FOR PRIVACY","","REDACTED FOR PRIVACY","REDACTED FOR PRIVACY","REDACTED FOR PRIVACY","REDACTED FOR PRIVACY","REDACTED FOR PRIVACY","REDACTED FOR PRIVACY","REDACTED FOR PRIVACY","REDACTED FOR PRIVACY","REDACTED FOR PRIVACY","","REDACTED FOR PRIVACY","REDACTED FOR PRIVACY","","","","","","","","","","","ns1.uk1000.siteground.eu","ns2.uk1000.siteground.eu","","","clientTransferProhibited","clientUpdateProhibited","",""
"27","beso1234.com","2021-03-01 16:56:01","2021-02-27","2021-02-27","2022-02-27","625","Name.com, Inc.","whois.name.com","http://www.name.com","Nawaf Hariri","Salla","P.O.Box13867","Makkah","Makkah","21955","Saudi Arabia","","Non-Public Data","","Nawaf Hariri","Salla","P.O.Box13867","Makkah","Makkah","21955","Saudi Arabia","","Non-Public Data","","Nawaf Hariri","Salla","P.O.Box13867","Makkah","Makkah","21955","Saudi Arabia","","Non-Public Data","","","","","","","","","","","","donald.ns.cloudflare.com","leia.ns.cloudflare.com","","","addPeriod","clientTransferProhibited","",""
"28","bitcearn.com","2021-03-01 17:11:39","2021-02-27","2021-02-27","2022-02-27","146","GoDaddy.com, LLC","whois.godaddy.com","http://registrar.godaddy.com","","","","","Riyadh","","Saudi Arabia","","","","","","","","","","","","","","","","","","","","","","","","","","","","","","","","","","dns1.namecheaphosting.com","dns2.namecheaphosting.com","","","clientDeleteProhibited","clientRenewProhibited","clientTransferProhibited","clientUpdateProhibited"
"29","blowdrystylelounge.com","2021-03-01 17:33:07","2021-02-27","2021-02-27","2022-02-27","146","GoDaddy.com, LLC","whois.godaddy.com","http://registrar.godaddy.com","","","","","Karachi","","Saudi Arabia","","","","","","","","","","","","","","","","","","","","","","","","","","","","","","","","","","ns45.domaincontrol.com","ns46.domaincontrol.com","","","clientDeleteProhibited","clientRenewProhibited","clientTransferProhibited","clientUpdateProhibited"
"30","boodthaqb.com","2021-03-01 16:53:55","2021-02-27","2021-02-27","2022-02-27","1647","Hosting Concepts B.V. dba Openprovider","whois.registrar.eu","http://www.openprovider.com","REDACTED FOR PRIVACY","boodthaqb","REDACTED FOR PRIVACY","REDACTED FOR PRIVACY","Al Madinah al Munawwarah","REDACTED FOR PRIVACY","Saudi Arabia","","REDACTED FOR PRIVACY","REDACTED FOR PRIVACY","REDACTED FOR PRIVACY","REDACTED FOR PRIVACY","REDACTED FOR PRIVACY","REDACTED FOR PRIVACY","REDACTED FOR PRIVACY","REDACTED FOR PRIVACY","REDACTED FOR PRIVACY","","REDACTED FOR PRIVACY","REDACTED FOR PRIVACY","REDACTED FOR PRIVACY","REDACTED FOR PRIVACY","REDACTED FOR PRIVACY","REDACTED FOR PRIVACY","REDACTED FOR PRIVACY","REDACTED FOR PRIVACY","REDACTED FOR PRIVACY","","REDACTED FOR PRIVACY","REDACTED FOR PRIVACY","","","","","","","","","","","ns1.dns-parking.com","ns2.dns-parking.com","","","clientTransferProhibited","ok","",""
"31","britanywinkle.com","2021-03-01 17:32:59","2021-02-27","2021-02-27","2022-02-27","146","GoDaddy.com, LLC","whois.godaddy.com","http://registrar.godaddy.com","","","","","Khobar","","Saudi Arabia","","","","","","","","","","","","","","","","","","","","","","","","","","","","","","","","","","ns57.domaincontrol.com","ns58.domaincontrol.com","","","clientDeleteProhibited","clientRenewProhibited","clientTransferProhibited","clientUpdateProhibited"
"32","cctv-company-sa.com","2021-03-01 14:27:56","2021-02-27","2021-02-27","2022-02-27","48","eNom, Inc.","whois.enom.com","http://www.enom.com","REDACTED FOR PRIVACY","REDACTED FOR PRIVACY","REDACTED FOR PRIVACY","REDACTED FOR PRIVACY","Riyadh","REDACTED FOR PRIVACY","Saudi Arabia","","REDACTED FOR PRIVACY","REDACTED FOR PRIVACY","REDACTED FOR PRIVACY","REDACTED FOR PRIVACY","REDACTED FOR PRIVACY","REDACTED FOR PRIVACY","REDACTED FOR PRIVACY","REDACTED FOR PRIVACY","REDACTED FOR PRIVACY","","REDACTED FOR PRIVACY","REDACTED FOR PRIVACY","REDACTED FOR PRIVACY","REDACTED FOR PRIVACY","REDACTED FOR PRIVACY","REDACTED FOR PRIVACY","REDACTED FOR PRIVACY","REDACTED FOR PRIVACY","REDACTED FOR PRIVACY","","REDACTED FOR PRIVACY","REDACTED FOR PRIVACY","","","","","","","","","","","ns1.sharkhostingcloud32.co.uk","ns2.sharkhostingcloud32.co.uk","ns3.sharkhostingcloud32.co.uk","ns4.sharkhostingcloud32.co.uk","addPeriod","clientTransferProhibited","",""
"33","cheapwinterclassicjerseys.com","2021-03-01 17:24:45","2021-02-27","2021-02-27","2022-02-27","146","GoDaddy.com, LLC","whois.godaddy.com","http://registrar.godaddy.com","","","","","Jeddah","","Saudi Arabia","","","","","","","","","","","","","","","","","","","","","","","","","","","","","","","","","","ns41.domaincontrol.com","ns42.domaincontrol.com","","","clientDeleteProhibited","clientRenewProhibited","clientTransferProhibited","clientUpdateProhibited"
"34","chocolate-seasons.com","2021-03-01 16:53:31","2021-02-27","2021-02-27","2022-02-27","625","Name.com, Inc.","whois.name.com","http://www.name.com","Nawaf Hariri","Salla","P.O.Box13867","Makkah","Makkah","21955","Saudi Arabia","","Non-Public Data","","Nawaf Hariri","Salla","P.O.Box13867","Makkah","Makkah","21955","Saudi Arabia","","Non-Public Data","","Nawaf Hariri","Salla","P.O.Box13867","Makkah","Makkah","21955","Saudi Arabia","","Non-Public Data","","","","","","","","","","","","donald.ns.cloudflare.com","leia.ns.cloudflare.com","","","addPeriod","clientTransferProhibited","",""
"35","chromsales.com","2021-03-01 16:53:19","2021-02-27","2021-02-27","2022-02-27","146","GoDaddy.com, LLC","whois.godaddy.com","http://registrar.godaddy.com","","","","","Riyadh","","Saudi Arabia","","","","","","","","","","","","","","","","","","","","","","","","","","","","","","","","","","ns45.domaincontrol.com","ns46.domaincontrol.com","","","clientDeleteProhibited","clientRenewProhibited","clientTransferProhibited","clientUpdateProhibited"
"36","dalahalkayf.com","2021-03-01 16:50:23","2021-02-27","2021-02-27","2022-02-27","106","Ascio Technologies, Inc. Danmark - Filial af Ascio technologies, Inc. USA","whois.ascio.com","http://www.ascio.com","Not Disclosed","Not Disclosed","Not Disclosed","Not Disclosed","","Not Disclosed","Saudi Arabia","","Not Disclosed","Not Disclosed","Not Disclosed","Not Disclosed","Not Disclosed","Not Disclosed","Not Disclosed","Not Disclosed","Not Disclosed","","Not Disclosed","Not Disclosed","Not Disclosed","Not Disclosed","Not Disclosed","Not Disclosed","Not Disclosed","Not Disclosed","Not Disclosed","","Not Disclosed","Not Disclosed","","","","","","","","","","","dns1.123hjemmeside.dk","dns2.123hjemmeside.dk","dns3.123hjemmeside.dk","","OK","","",""
"37","dana-sport.com","2021-03-01 17:19:46","2021-02-27","2021-02-27","2022-02-27","625","Name.com, Inc.","whois.name.com","http://www.name.com","Nawaf Hariri","Salla","P.O.Box13867","Makkah","Makkah","21955","Saudi Arabia","","Non-Public Data","","Nawaf Hariri","Salla","P.O.Box13867","Makkah","Makkah","21955","Saudi Arabia","","Non-Public Data","","Nawaf Hariri","Salla","P.O.Box13867","Makkah","Makkah","21955","Saudi Arabia","","Non-Public Data","","","","","","","","","","","","donald.ns.cloudflare.com","leia.ns.cloudflare.com","","","addPeriod","clientTransferProhibited","",""
"38","dodeysales.com","2021-03-01 16:48:12","2021-02-27","2021-02-27","2022-02-27","1647","Hosting Concepts B.V. dba Openprovider","whois.registrar.eu","http://www.openprovider.com","REDACTED FOR PRIVACY","","REDACTED FOR PRIVACY","REDACTED FOR PRIVACY","Makkah al Mukarramah","REDACTED FOR PRIVACY","Saudi Arabia","","REDACTED FOR PRIVACY","REDACTED FOR PRIVACY","REDACTED FOR PRIVACY","REDACTED FOR PRIVACY","REDACTED FOR PRIVACY","REDACTED FOR PRIVACY","REDACTED FOR PRIVACY","REDACTED FOR PRIVACY","REDACTED FOR PRIVACY","","REDACTED FOR PRIVACY","REDACTED FOR PRIVACY","REDACTED FOR PRIVACY","REDACTED FOR PRIVACY","REDACTED FOR PRIVACY","REDACTED FOR PRIVACY","REDACTED FOR PRIVACY","REDACTED FOR PRIVACY","REDACTED FOR PRIVACY","","REDACTED FOR PRIVACY","REDACTED FOR PRIVACY","","","","","","","","","","","ns1.dns-parking.com","ns2.dns-parking.com","","","clientTransferProhibited","ok","",""
"39","drawhope1.com","2021-03-01 16:47:43","2021-02-27","2021-02-27","2022-02-27","625","Name.com, Inc.","whois.name.com","http://www.name.com","Nawaf Hariri","Salla","P.O.Box13867","Makkah","Makkah","21955","Saudi Arabia","","Non-Public Data","","Nawaf Hariri","Salla","P.O.Box13867","Makkah","Makkah","21955","Saudi Arabia","","Non-Public Data","","Nawaf Hariri","Salla","P.O.Box13867","Makkah","Makkah","21955","Saudi Arabia","","Non-Public Data","","","","","","","","","","","","donald.ns.cloudflare.com","leia.ns.cloudflare.com","","","addPeriod","clientTransferProhibited","",""
"40","emberstea.com","2021-03-01 16:45:48","2021-02-27","2021-02-27","2024-02-27","146","GoDaddy.com, LLC","whois.godaddy.com","http://registrar.godaddy.com","","","","","Eastern Province","","Saudi Arabia","","","","","","","","","","","","","","","","","","","","","","","","","","","","","","","","","","ns11.domaincontrol.com","ns12.domaincontrol.com","","","clientDeleteProhibited","clientRenewProhibited","clientTransferProhibited","clientUpdateProhibited"
"41","enayacart.com","2021-03-01 16:45:47","2021-02-27","2021-02-27","2022-02-27","83","1&1 Internet AG","whois.schlund.info","http://1and1.com","REDACTED FOR PRIVACY","enayacart.com","REDACTED FOR PRIVACY","REDACTED FOR PRIVACY","","REDACTED FOR PRIVACY","Saudi Arabia","dataprivacyprotected@1und1.de","REDACTED FOR PRIVACY","REDACTED FOR PRIVACY","REDACTED FOR PRIVACY","REDACTED FOR PRIVACY","REDACTED FOR PRIVACY","REDACTED FOR PRIVACY","REDACTED FOR PRIVACY","REDACTED FOR PRIVACY","REDACTED FOR PRIVACY","dataprivacyprotected@1und1.de","REDACTED FOR PRIVACY","REDACTED FOR PRIVACY","REDACTED FOR PRIVACY","REDACTED FOR PRIVACY","REDACTED FOR PRIVACY","REDACTED FOR PRIVACY","REDACTED FOR PRIVACY","REDACTED FOR PRIVACY","REDACTED FOR PRIVACY","dataprivacyprotected@1und1.de","REDACTED FOR PRIVACY","REDACTED FOR PRIVACY","","","","","","","","","","","ns1033.ui-dns.com","ns1063.ui-dns.org","ns1111.ui-dns.de","ns1126.ui-dns.biz","addPeriod","clientTransferProhibited","",""
"42","etiquettehome.com","2021-03-01 16:44:59","2021-02-27","2021-02-27","2022-02-27","625","Name.com, Inc.","whois.name.com","http://www.name.com","Nawaf Hariri","Salla","P.O.Box13867","Makkah","Makkah","21955","Saudi Arabia","","Non-Public Data","","Nawaf Hariri","Salla","P.O.Box13867","Makkah","Makkah","21955","Saudi Arabia","","Non-Public Data","","Nawaf Hariri","Salla","P.O.Box13867","Makkah","Makkah","21955","Saudi Arabia","","Non-Public Data","","","","","","","","","","","","donald.ns.cloudflare.com","leia.ns.cloudflare.com","","","addPeriod","clientTransferProhibited","",""
"43","fashionhouse4alll.com","2021-03-01 16:44:21","2021-02-27","2021-02-27","2022-02-27","69","Tucows Domains Inc.","whois.tucows.com","http://domainhelp.opensrs.net","REDACTED FOR PRIVACY","REDACTED FOR PRIVACY","REDACTED FOR PRIVACY","REDACTED FOR PRIVACY","XX","REDACTED FOR PRIVACY","Saudi Arabia","","REDACTED FOR PRIVACY","REDACTED FOR PRIVACY","REDACTED FOR PRIVACY","REDACTED FOR PRIVACY","REDACTED FOR PRIVACY","REDACTED FOR PRIVACY","REDACTED FOR PRIVACY","REDACTED FOR PRIVACY","REDACTED FOR PRIVACY","","REDACTED FOR PRIVACY","REDACTED FOR PRIVACY","REDACTED FOR PRIVACY","REDACTED FOR PRIVACY","REDACTED FOR PRIVACY","REDACTED FOR PRIVACY","REDACTED FOR PRIVACY","REDACTED FOR PRIVACY","REDACTED FOR PRIVACY","","REDACTED FOR PRIVACY","REDACTED FOR PRIVACY","","","","","","","","","","","ns1.uk1000.siteground.eu","ns2.uk1000.siteground.eu","","","clientTransferProhibited","clientUpdateProhibited","",""
"44","fingerprint-sa.com","2021-03-01 16:43:46","2021-02-27","2021-02-27","2022-02-27","48","eNom, Inc.","whois.enom.com","http://www.enom.com","REDACTED FOR PRIVACY","REDACTED FOR PRIVACY","REDACTED FOR PRIVACY","REDACTED FOR PRIVACY","Riyadh","REDACTED FOR PRIVACY","Saudi Arabia","","REDACTED FOR PRIVACY","REDACTED FOR PRIVACY","REDACTED FOR PRIVACY","REDACTED FOR PRIVACY","REDACTED FOR PRIVACY","REDACTED FOR PRIVACY","REDACTED FOR PRIVACY","REDACTED FOR PRIVACY","REDACTED FOR PRIVACY","","REDACTED FOR PRIVACY","REDACTED FOR PRIVACY","REDACTED FOR PRIVACY","REDACTED FOR PRIVACY","REDACTED FOR PRIVACY","REDACTED FOR PRIVACY","REDACTED FOR PRIVACY","REDACTED FOR PRIVACY","REDACTED FOR PRIVACY","","REDACTED FOR PRIVACY","REDACTED FOR PRIVACY","","","","","","","","","","","ns1.sharkhostingcloud32.co.uk","ns2.sharkhostingcloud32.co.uk","ns3.sharkhostingcloud32.co.uk","ns4.sharkhostingcloud32.co.uk","addPeriod","clientTransferProhibited","",""
"45","flowerparfums.com","2021-03-01 16:42:58","2021-02-27","2021-02-27","2022-02-27","625","Name.com, Inc.","whois.name.com","http://www.name.com","Nawaf Hariri","Salla","P.O.Box13867","Makkah","Makkah","21955","Saudi Arabia","","Non-Public Data","","Nawaf Hariri","Salla","P.O.Box13867","Makkah","Makkah","21955","Saudi Arabia","","Non-Public Data","","Nawaf Hariri","Salla","P.O.Box13867","Makkah","Makkah","21955","Saudi Arabia","","Non-Public Data","","","","","","","","","","","","donald.ns.cloudflare.com","leia.ns.cloudflare.com","","","addPeriod","clientTransferProhibited","",""
"46","foodycouple.com","2021-03-01 16:42:45","2021-02-27","2021-02-27","2024-02-27","146","GoDaddy.com, LLC","whois.godaddy.com","http://registrar.godaddy.com","Bakers Machine","Bakers Machine","","","Riyadh","","Saudi Arabia","","","","","","","","","","","","","","","","","","","","","","","","","","","","","","","","","","ns11.domaincontrol.com","ns12.domaincontrol.com","","","clientDeleteProhibited","clientRenewProhibited","clientTransferProhibited","clientUpdateProhibited"
"47","golden-paris.com","2021-03-01 17:13:27","2021-02-27","2021-02-27","2024-02-27","1647","Hosting Concepts B.V. dba Openprovider","whois.registrar.eu","http://www.openprovider.com","REDACTED FOR PRIVACY","Golden Paris General Contracting Est","REDACTED FOR PRIVACY","REDACTED FOR PRIVACY","Ar Riyad","REDACTED FOR PRIVACY","Saudi Arabia","","REDACTED FOR PRIVACY","REDACTED FOR PRIVACY","REDACTED FOR PRIVACY","REDACTED FOR PRIVACY","REDACTED FOR PRIVACY","REDACTED FOR PRIVACY","REDACTED FOR PRIVACY","REDACTED FOR PRIVACY","REDACTED FOR PRIVACY","","REDACTED FOR PRIVACY","REDACTED FOR PRIVACY","REDACTED FOR PRIVACY","REDACTED FOR PRIVACY","REDACTED FOR PRIVACY","REDACTED FOR PRIVACY","REDACTED FOR PRIVACY","REDACTED FOR PRIVACY","REDACTED FOR PRIVACY","","REDACTED FOR PRIVACY","REDACTED FOR PRIVACY","","","","","","","","","","","ns1.dns-parking.com","ns2.dns-parking.com","","","clientTransferProhibited","ok","",""
"48","hanials.com","2021-03-01 17:12:51","2021-02-27","2021-02-27","2022-02-27","146","GoDaddy.com, LLC","whois.godaddy.com","http://registrar.godaddy.com","","","","","\u0627\u0644\u0631\u064a\u0627\u0636","","Saudi Arabia","","","","","","","","","","","","","","","","","","","","","","","","","","","","","","","","","","ns45.domaincontrol.com","ns46.domaincontrol.com","","","clientDeleteProhibited","clientRenewProhibited","clientTransferProhibited","clientUpdateProhibited"
"49","hawatif-sd.net","2021-03-01 15:40:20","2021-02-26","2021-02-27","2024-02-26","1479","Namesilo, LLC","whois.namesilo.com","http://www.namesilo.com","Imadeldin Eltahir","MazinHost","Riyadh","Riyadh","Riyadh","85014","Saudi Arabia","mazineng@hotmail.com","+966.552578873","","Imadeldin Eltahir","MazinHost","Riyadh","Riyadh","Riyadh","85014","Saudi Arabia","mazineng@hotmail.com","+966.552578873","","Imadeldin Eltahir","MazinHost","Riyadh","Riyadh","Riyadh","85014","Saudi Arabia","mazineng@hotmail.com","+966.552578873","","","","","","","","","","","","ns1.mazinhost.net","ns2.mazinhost.net","","","clientTransferProhibited","","",""
"50","hdkd.net","2021-03-01 15:45:53","2021-02-26","2021-02-26","2022-02-26","69","Tucows Domains Inc.","whois.tucows.com","http://domainhelp.opensrs.net","REDACTED FOR PRIVACY","REDACTED FOR PRIVACY","REDACTED FOR PRIVACY","REDACTED FOR PRIVACY","Tabuk","REDACTED FOR PRIVACY","Saudi Arabia","","REDACTED FOR PRIVACY","REDACTED FOR PRIVACY","REDACTED FOR PRIVACY","REDACTED FOR PRIVACY","REDACTED FOR PRIVACY","REDACTED FOR PRIVACY","REDACTED FOR PRIVACY","REDACTED FOR PRIVACY","REDACTED FOR PRIVACY","","REDACTED FOR PRIVACY","REDACTED FOR PRIVACY","REDACTED FOR PRIVACY","REDACTED FOR PRIVACY","REDACTED FOR PRIVACY","REDACTED FOR PRIVACY","REDACTED FOR PRIVACY","REDACTED FOR PRIVACY","REDACTED FOR PRIVACY","","REDACTED FOR PRIVACY","REDACTED FOR PRIVACY","","","","","","","","","","","ns1.servconfig.com","ns2.servconfig.com","","","OK","","",""
"51","healthandfitness4alll.com","2021-03-01 16:38:42","2021-02-27","2021-02-27","2022-02-27","69","Tucows Domains Inc.","whois.tucows.com","http://domainhelp.opensrs.net","REDACTED FOR PRIVACY","REDACTED FOR PRIVACY","REDACTED FOR PRIVACY","REDACTED FOR PRIVACY","XX","REDACTED FOR PRIVACY","Saudi Arabia","","REDACTED FOR PRIVACY","REDACTED FOR PRIVACY","REDACTED FOR PRIVACY","REDACTED FOR PRIVACY","REDACTED FOR PRIVACY","REDACTED FOR PRIVACY","REDACTED FOR PRIVACY","REDACTED FOR PRIVACY","REDACTED FOR PRIVACY","","REDACTED FOR PRIVACY","REDACTED FOR PRIVACY","REDACTED FOR PRIVACY","REDACTED FOR PRIVACY","REDACTED FOR PRIVACY","REDACTED FOR PRIVACY","REDACTED FOR PRIVACY","REDACTED FOR PRIVACY","REDACTED FOR PRIVACY","","REDACTED FOR PRIVACY","REDACTED FOR PRIVACY","","","","","","","","","","","ns1.uk1000.siteground.eu","ns2.uk1000.siteground.eu","","","clientTransferProhibited","clientUpdateProhibited","",""
"52","herfacraft.com","2021-03-01 16:38:18","2021-02-27","2021-02-27","2022-02-27","625","Name.com, Inc.","whois.name.com","http://www.name.com","Nawaf Hariri","Salla","P.O.Box13867","Makkah","Makkah","21955","Saudi Arabia","","Non-Public Data","","Nawaf Hariri","Salla","P.O.Box13867","Makkah","Makkah","21955","Saudi Arabia","","Non-Public Data","","Nawaf Hariri","Salla","P.O.Box13867","Makkah","Makkah","21955","Saudi Arabia","","Non-Public Data","","","","","","","","","","","","donald.ns.cloudflare.com","leia.ns.cloudflare.com","","","addPeriod","clientTransferProhibited","",""
"53","hethwahshoes.com","2021-03-01 16:38:16","2021-02-27","2021-02-27","2022-02-27","625","Name.com, Inc.","whois.name.com","http://www.name.com","Nawaf Hariri","Salla","P.O.Box13867","Makkah","Makkah","21955","Saudi Arabia","","Non-Public Data","","Nawaf Hariri","Salla","P.O.Box13867","Makkah","Makkah","21955","Saudi Arabia","","Non-Public Data","","Nawaf Hariri","Salla","P.O.Box13867","Makkah","Makkah","21955","Saudi Arabia","","Non-Public Data","","","","","","","","","","","","donald.ns.cloudflare.com","leia.ns.cloudflare.com","","","addPeriod","clientTransferProhibited","",""
"54","hush-sa.com","2021-03-01 16:36:38","2021-02-27","2021-02-27","2022-02-27","146","GoDaddy.com, LLC","whois.godaddy.com","http://registrar.godaddy.com","","","","","Eastern","","Saudi Arabia","","","","","","","","","","","","","","","","","","","","","","","","","","","","","","","","","","ns29.domaincontrol.com","ns30.domaincontrol.com","","","clientDeleteProhibited","clientRenewProhibited","clientTransferProhibited","clientUpdateProhibited"
"55","icircuitsa.com","2021-03-01 16:36:26","2021-02-27","2021-02-27","2022-02-27","625","Name.com, Inc.","whois.name.com","http://www.name.com","Nawaf Hariri","Salla","P.O.Box13867","Makkah","Makkah","21955","Saudi Arabia","","Non-Public Data","","Nawaf Hariri","Salla","P.O.Box13867","Makkah","Makkah","21955","Saudi Arabia","","Non-Public Data","","Nawaf Hariri","Salla","P.O.Box13867","Makkah","Makkah","21955","Saudi Arabia","","Non-Public Data","","","","","","","","","","","","donald.ns.cloudflare.com","leia.ns.cloudflare.com","","","addPeriod","clientTransferProhibited","",""
"56","ifix-store.com","2021-03-01 17:22:03","2021-02-27","2021-02-27","2022-02-27","625","Name.com, Inc.","whois.name.com","http://www.name.com","Nawaf Hariri","Salla","P.O.Box13867","Makkah","Makkah","21955","Saudi Arabia","","Non-Public Data","","Nawaf Hariri","Salla","P.O.Box13867","Makkah","Makkah","21955","Saudi Arabia","","Non-Public Data","","Nawaf Hariri","Salla","P.O.Box13867","Makkah","Makkah","21955","Saudi Arabia","","Non-Public Data","","","","","","","","","","","","donald.ns.cloudflare.com","leia.ns.cloudflare.com","","","addPeriod","clientTransferProhibited","",""
"57","jazertelrayan.com","2021-03-01 14:32:09","2021-02-27","2021-02-27","2022-02-27","625","Name.com, Inc.","whois.name.com","http://www.name.com","Nawaf Hariri","Salla","P.O.Box13867","Makkah","Makkah","21955","Saudi Arabia","","Non-Public Data","","Nawaf Hariri","Salla","P.O.Box13867","Makkah","Makkah","21955","Saudi Arabia","","Non-Public Data","","Nawaf Hariri","Salla","P.O.Box13867","Makkah","Makkah","21955","Saudi Arabia","","Non-Public Data","","","","","","","","","","","","donald.ns.cloudflare.com","leia.ns.cloudflare.com","","","addPeriod","clientTransferProhibited","",""
"58","jemoon1.com","2021-03-01 14:32:02","2021-02-27","2021-02-27","2022-02-27","625","Name.com, Inc.","whois.name.com","http://www.name.com","Nawaf Hariri","Salla","P.O.Box13867","Makkah","Makkah","21955","Saudi Arabia","","Non-Public Data","","Nawaf Hariri","Salla","P.O.Box13867","Makkah","Makkah","21955","Saudi Arabia","","Non-Public Data","","Nawaf Hariri","Salla","P.O.Box13867","Makkah","Makkah","21955","Saudi Arabia","","Non-Public Data","","","","","","","","","","","","donald.ns.cloudflare.com","leia.ns.cloudflare.com","","","addPeriod","clientTransferProhibited","",""
"59","k550k.com","2021-03-01 14:30:53","2021-02-27","2021-02-27","2022-02-27","625","Name.com, Inc.","whois.name.com","http://www.name.com","Nawaf Hariri","Salla","P.O.Box13867","Makkah","Makkah","21955","Saudi Arabia","","Non-Public Data","","Nawaf Hariri","Salla","P.O.Box13867","Makkah","Makkah","21955","Saudi Arabia","","Non-Public Data","","Nawaf Hariri","Salla","P.O.Box13867","Makkah","Makkah","21955","Saudi Arabia","","Non-Public Data","","","","","","","","","","","","donald.ns.cloudflare.com","leia.ns.cloudflare.com","","","addPeriod","clientTransferProhibited","",""
"60","korean-yoga.com","2021-03-01 16:34:00","2021-02-27","2021-02-27","2022-02-27","625","Name.com, Inc.","whois.name.com","http://www.name.com","Nawaf Hariri","Salla","P.O.Box13867","Makkah","Makkah","21955","Saudi Arabia","","Non-Public Data","","Nawaf Hariri","Salla","P.O.Box13867","Makkah","Makkah","21955","Saudi Arabia","","Non-Public Data","","Nawaf Hariri","Salla","P.O.Box13867","Makkah","Makkah","21955","Saudi Arabia","","Non-Public Data","","","","","","","","","","","","donald.ns.cloudflare.com","leia.ns.cloudflare.com","","","addPeriod","clientTransferProhibited","",""
"61","l-kayan.com","2021-03-01 16:33:36","2021-02-27","2021-02-27","2022-02-27","625","Name.com, Inc.","whois.name.com","http://www.name.com","Nawaf Hariri","Salla","P.O.Box13867","Makkah","Makkah","21955","Saudi Arabia","","Non-Public Data","","Nawaf Hariri","Salla","P.O.Box13867","Makkah","Makkah","21955","Saudi Arabia","","Non-Public Data","","Nawaf Hariri","Salla","P.O.Box13867","Makkah","Makkah","21955","Saudi Arabia","","Non-Public Data","","","","","","","","","","","","donald.ns.cloudflare.com","leia.ns.cloudflare.com","","","addPeriod","clientTransferProhibited","",""
"62","lawahim.com","2021-03-01 16:32:54","2021-02-27","2021-02-27","2022-02-27","146","GoDaddy.com, LLC","whois.godaddy.com","http://registrar.godaddy.com","","","","","West","","Saudi Arabia","","","","","","","","","","","","","","","","","","","","","","","","","","","","","","","","","","ns11.domaincontrol.com","ns12.domaincontrol.com","","","clientDeleteProhibited","clientRenewProhibited","clientTransferProhibited","clientUpdateProhibited"
"63","makancare.com","2021-03-01 16:29:47","2021-02-27","2021-02-27","2022-02-27","106","Ascio Technologies, Inc. Danmark - Filial af Ascio technologies, Inc. USA","whois.ascio.com","http://www.ascio.com","Not Disclosed","Not Disclosed","Not Disclosed","Not Disclosed","","Not Disclosed","Saudi Arabia","","Not Disclosed","Not Disclosed","Not Disclosed","Not Disclosed","Not Disclosed","Not Disclosed","Not Disclosed","Not Disclosed","Not Disclosed","","Not Disclosed","Not Disclosed","Not Disclosed","Not Disclosed","Not Disclosed","Not Disclosed","Not Disclosed","Not Disclosed","Not Disclosed","","Not Disclosed","Not Disclosed","","","","","","","","","","","dns1.123hjemmeside.dk","dns2.123hjemmeside.dk","dns3.123hjemmeside.dk","","OK","","",""
"64","malkihoney.com","2021-03-01 16:29:50","2021-02-27","2021-02-27","2022-02-27","625","Name.com, Inc.","whois.name.com","http://www.name.com","Nawaf Hariri","Salla","P.O.Box13867","Makkah","Makkah","21955","Saudi Arabia","","Non-Public Data","","Nawaf Hariri","Salla","P.O.Box13867","Makkah","Makkah","21955","Saudi Arabia","","Non-Public Data","","Nawaf Hariri","Salla","P.O.Box13867","Makkah","Makkah","21955","Saudi Arabia","","Non-Public Data","","","","","","","","","","","","donald.ns.cloudflare.com","leia.ns.cloudflare.com","","","addPeriod","clientTransferProhibited","",""
"65","matlobkapp.com","2021-03-01 16:29:05","2021-02-27","2021-02-27","2023-02-27","146","GoDaddy.com, LLC","whois.godaddy.com","http://registrar.godaddy.com","","","","","\u0627\u0644\u0645\u0645\u0644\u0643\u0629 \u0627\","","Saudi Arabia","","","","","","","","","","","","","","","","","","","","","","","","","","","","","","","","","","ns05.domaincontrol.com","ns06.domaincontrol.com","","","clientDeleteProhibited","clientRenewProhibited","clientTransferProhibited","clientUpdateProhibited"
"66","matri-x.com","2021-03-01 17:50:01","2021-02-27","2021-02-27","2022-02-27","82","OnlineNIC, Inc.","whois.onlinenic.com","http://www.onlinenic.com","RAWI ALSAYED","MATRIX FOR ADVANCED WEB SERVICES","AL-MADINAH ALMOUNARA","AL-MADINAH","AL-MADINAH ALMOUNARA","42374","Saudi Arabia","agence.ctm@gmail.com","+966.501802412","+966.501802412","RAWI ALSAYED","MATRIX FOR ADVANCED WEB SERVICES","AL-MADINAH ALMOUNARA","AL-MADINAH","AL-MADINAH ALMOUNARA","42374","Saudi Arabia","agence.ctm@gmail.com","+966.501802412","+966.501802412","RAWI ALSAYED","MATRIX FOR ADVANCED WEB SERVICES","AL-MADINAH ALMOUNARA","AL-MADINAH","AL-MADINAH ALMOUNARA","42374","Saudi Arabia","agence.ctm@gmail.com","+966.501802412","+966.501802412","","","","","","","","","","","ns2595.matri-x.com","ns2596.matri-x.com","","","clientTransferProhibited","","",""
"67","mazayaksa.com","2021-03-01 17:46:37","2021-02-27","2021-02-27","2023-02-27","146","GoDaddy.com, LLC","whois.godaddy.com","http://registrar.godaddy.com","mazaya","mazaya","","","riyadh","","Saudi Arabia","","","","","","","","","","","","","","","","","","","","","","","","","","","","","","","","","","ns55.domaincontrol.com","ns56.domaincontrol.com","","","clientDeleteProhibited","clientRenewProhibited","clientTransferProhibited","clientUpdateProhibited"
"68","medibul-health.com","2021-03-01 16:28:39","2021-02-27","2021-02-27","2022-02-27","146","GoDaddy.com, LLC","whois.godaddy.com","http://registrar.godaddy.com","","","","","Riyadh","","Saudi Arabia","","","","","","","","","","","","","","","","","","","","","","","","","","","","","","","","","","ns1.tornado-soft.com","ns1.tornado-soft.net","","","clientDeleteProhibited","clientRenewProhibited","clientTransferProhibited","clientUpdateProhibited"
"69","meoownation.com","2021-03-01 16:28:31","2021-02-27","2021-02-27","2022-02-27","146","GoDaddy.com, LLC","whois.godaddy.com","http://registrar.godaddy.com","","","","","Jeddah","","Saudi Arabia","","","","","","","","","","","","","","","","","","","","","","","","","","","","","","","","","","ns55.domaincontrol.com","ns56.domaincontrol.com","","","clientDeleteProhibited","clientRenewProhibited","clientTransferProhibited","clientUpdateProhibited"
"70","mofrznat.com","2021-03-01 16:26:51","2021-02-27","2021-02-27","2022-02-27","625","Name.com, Inc.","whois.name.com","http://www.name.com","Nawaf Hariri","Salla","P.O.Box13867","Makkah","Makkah","21955","Saudi Arabia","","Non-Public Data","","Nawaf Hariri","Salla","P.O.Box13867","Makkah","Makkah","21955","Saudi Arabia","","Non-Public Data","","Nawaf Hariri","Salla","P.O.Box13867","Makkah","Makkah","21955","Saudi Arabia","","Non-Public Data","","","","","","","","","","","","donald.ns.cloudflare.com","leia.ns.cloudflare.com","","","addPeriod","clientTransferProhibited","",""
"71","murjline.com","2021-03-01 16:26:00","2021-02-27","2021-02-27","2022-02-27","625","Name.com, Inc.","whois.name.com","http://www.name.com","Nawaf Hariri","Salla","P.O.Box13867","Makkah","Makkah","21955","Saudi Arabia","","Non-Public Data","","Nawaf Hariri","Salla","P.O.Box13867","Makkah","Makkah","21955","Saudi Arabia","","Non-Public Data","","Nawaf Hariri","Salla","P.O.Box13867","Makkah","Makkah","21955","Saudi Arabia","","Non-Public Data","","","","","","","","","","","","donald.ns.cloudflare.com","leia.ns.cloudflare.com","","","addPeriod","clientTransferProhibited","",""
"72","muttassel.com","2021-03-01 16:25:59","2021-02-27","2021-02-27","2022-02-27","1647","Hosting Concepts B.V. dba Openprovider","whois.registrar.eu","http://www.openprovider.com","REDACTED FOR PRIVACY","alhwatf almtqdmt","REDACTED FOR PRIVACY","REDACTED FOR PRIVACY","Ar Riyad","REDACTED FOR PRIVACY","Saudi Arabia","","REDACTED FOR PRIVACY","REDACTED FOR PRIVACY","REDACTED FOR PRIVACY","REDACTED FOR PRIVACY","REDACTED FOR PRIVACY","REDACTED FOR PRIVACY","REDACTED FOR PRIVACY","REDACTED FOR PRIVACY","REDACTED FOR PRIVACY","","REDACTED FOR PRIVACY","REDACTED FOR PRIVACY","REDACTED FOR PRIVACY","REDACTED FOR PRIVACY","REDACTED FOR PRIVACY","REDACTED FOR PRIVACY","REDACTED FOR PRIVACY","REDACTED FOR PRIVACY","REDACTED FOR PRIVACY","","REDACTED FOR PRIVACY","REDACTED FOR PRIVACY","","","","","","","","","","","ns1.dns-parking.com","ns2.dns-parking.com","","","clientTransferProhibited","ok","",""
"73","namasdawah.com","2021-03-01 16:25:17","2021-02-27","2021-02-27","2022-02-27","303","PDR Ltd. d/b/a PublicDomainRegistry.com","whois.publicdomainregistry.com","http://www.publicdomainregistry.com","nmas","nmass","ss","96601","Asir","96603","Saudi Arabia","namasdawah1428@gmail.com","+966.0552821999","","nmas","nmass","ss","96601","Asir","96603","Saudi Arabia","namasdawah1428@gmail.com","+966.0552821999","","nmas","nmass","ss","96601","Asir","96603","Saudi Arabia","namasdawah1428@gmail.com","+966.0552821999","","","","","","","","","","","","ns1.const-tech.biz","ns2.const-tech.biz","","","clientTransferProhibited","","",""
"74","naturalproductsmed.com","2021-03-01 16:24:38","2021-02-27","2021-02-27","2022-02-27","625","Name.com, Inc.","whois.name.com","http://www.name.com","Nawaf Hariri","Salla","P.O.Box13867","Makkah","Makkah","21955","Saudi Arabia","","Non-Public Data","","Nawaf Hariri","Salla","P.O.Box13867","Makkah","Makkah","21955","Saudi Arabia","","Non-Public Data","","Nawaf Hariri","Salla","P.O.Box13867","Makkah","Makkah","21955","Saudi Arabia","","Non-Public Data","","","","","","","","","","","","donald.ns.cloudflare.com","leia.ns.cloudflare.com","","","addPeriod","clientTransferProhibited","",""
"75","neverridealone.com","2021-03-01 14:18:37","2021-02-27","2021-02-27","2022-02-27","1387","1API GmbH","whois.1api.net","http://www.1api.net","REDACTED FOR PRIVACY","REDACTED FOR PRIVACY","REDACTED FOR PRIVACY","REDACTED FOR PRIVACY","","REDACTED FOR PRIVACY","Saudi Arabia","","REDACTED FOR PRIVACY","","REDACTED FOR PRIVACY","REDACTED FOR PRIVACY","REDACTED FOR PRIVACY","REDACTED FOR PRIVACY","REDACTED FOR PRIVACY","REDACTED FOR PRIVACY","REDACTED FOR PRIVACY","","REDACTED FOR PRIVACY","","REDACTED FOR PRIVACY","REDACTED FOR PRIVACY","REDACTED FOR PRIVACY","REDACTED FOR PRIVACY","REDACTED FOR PRIVACY","REDACTED FOR PRIVACY","REDACTED FOR PRIVACY","","REDACTED FOR PRIVACY","","","","","","","","","","","","ns1.ispapi.net","ns2.ispapi.net","ns3.ispapi.net","","OK","","",""
"76","newstime-bd.com","2021-03-01 16:24:12","2021-02-27","2021-02-27","2023-02-27","146","GoDaddy.com, LLC","whois.godaddy.com","http://registrar.godaddy.com","","","","","King fahd rd","","Saudi Arabia","","","","","","","","","","","","","","","","","","","","","","","","","","","","","","","","","","ns57.domaincontrol.com","ns58.domaincontrol.com","","","clientDeleteProhibited","clientRenewProhibited","clientTransferProhibited","clientUpdateProhibited"
"77","nsar3lkher.com","2021-03-01 16:22:56","2021-02-27","2021-02-27","2022-02-27","69","Tucows Domains Inc.","whois.tucows.com","http://domainhelp.opensrs.net","REDACTED FOR PRIVACY","REDACTED FOR PRIVACY","REDACTED FOR PRIVACY","REDACTED FOR PRIVACY","SA","REDACTED FOR PRIVACY","Saudi Arabia","","REDACTED FOR PRIVACY","REDACTED FOR PRIVACY","REDACTED FOR PRIVACY","REDACTED FOR PRIVACY","REDACTED FOR PRIVACY","REDACTED FOR PRIVACY","REDACTED FOR PRIVACY","REDACTED FOR PRIVACY","REDACTED FOR PRIVACY","","REDACTED FOR PRIVACY","REDACTED FOR PRIVACY","REDACTED FOR PRIVACY","REDACTED FOR PRIVACY","REDACTED FOR PRIVACY","REDACTED FOR PRIVACY","REDACTED FOR PRIVACY","REDACTED FOR PRIVACY","REDACTED FOR PRIVACY","","REDACTED FOR PRIVACY","REDACTED FOR PRIVACY","","","","","","","","","","","ns1.site4now.net","ns2.site4now.net","ns3.site4now.net","","OK","","",""
"78","olifantgd.com","2021-03-01 16:22:18","2021-02-27","2021-02-27","2022-02-27","625","Name.com, Inc.","whois.name.com","http://www.name.com","Nawaf Hariri","Salla","P.O.Box13867","Makkah","Makkah","21955","Saudi Arabia","","Non-Public Data","","Nawaf Hariri","Salla","P.O.Box13867","Makkah","Makkah","21955","Saudi Arabia","","Non-Public Data","","Nawaf Hariri","Salla","P.O.Box13867","Makkah","Makkah","21955","Saudi Arabia","","Non-Public Data","","","","","","","","","","","","donald.ns.cloudflare.com","leia.ns.cloudflare.com","","","addPeriod","clientTransferProhibited","",""
"79","omabs.com","2021-03-01 17:28:34","2021-02-27","2021-02-27","2022-02-27","146","GoDaddy.com, LLC","whois.godaddy.com","http://registrar.godaddy.com","1991","1991","","","Riyadh","","Saudi Arabia","","","","","","","","","","","","","","","","","","","","","","","","","","","","","","","","","","ns1.dimofinf.net","ns2.dimofinf.net","ns3.dimofinf.net","ns4.dimofinf.net","clientDeleteProhibited","clientRenewProhibited","clientTransferProhibited","clientUpdateProhibited"
"80","omar050.com","2021-03-01 16:22:05","2021-02-27","2021-02-27","2022-02-27","625","Name.com, Inc.","whois.name.com","http://www.name.com","Nawaf Hariri","Salla","P.O.Box13867","Makkah","Makkah","21955","Saudi Arabia","","Non-Public Data","","Nawaf Hariri","Salla","P.O.Box13867","Makkah","Makkah","21955","Saudi Arabia","","Non-Public Data","","Nawaf Hariri","Salla","P.O.Box13867","Makkah","Makkah","21955","Saudi Arabia","","Non-Public Data","","","","","","","","","","","","donald.ns.cloudflare.com","leia.ns.cloudflare.com","","","addPeriod","clientTransferProhibited","",""
"81","omegamasks.site","2021-03-01 15:29:21","2021-02-26","2021-02-26","2022-02-26","146","GoDaddy.com, LLC","whois.godaddy.com","http://registrar.godaddy.com","","","","","Riyadh","","Saudi Arabia","","","","","","","","","","","","","","","","","","","","","","","","","","","","","","","","","","ns39.domaincontrol.com","ns40.domaincontrol.com","","","addPeriod","clientDeleteProhibited","clientRenewProhibited","clientTransferProhibited"
"82","orans-store.com","2021-03-01 16:21:11","2021-02-27","2021-02-27","2022-02-27","625","Name.com, Inc.","whois.name.com","http://www.name.com","Nawaf Hariri","Salla","P.O.Box13867","Makkah","Makkah","21955","Saudi Arabia","","Non-Public Data","","Nawaf Hariri","Salla","P.O.Box13867","Makkah","Makkah","21955","Saudi Arabia","","Non-Public Data","","Nawaf Hariri","Salla","P.O.Box13867","Makkah","Makkah","21955","Saudi Arabia","","Non-Public Data","","","","","","","","","","","","donald.ns.cloudflare.com","leia.ns.cloudflare.com","","","addPeriod","clientTransferProhibited","",""
"83","oshbatna.com","2021-03-01 16:20:56","2021-02-26","2021-02-26","2022-02-26","146","GoDaddy.com, LLC","whois.godaddy.com","http://registrar.godaddy.com","","","","","Makkah Region","","Saudi Arabia","","","","","","","","","","","","","","","","","","","","","","","","","","","","","","","","","","ns11.domaincontrol.com","ns12.domaincontrol.com","","","clientDeleteProhibited","clientRenewProhibited","clientTransferProhibited","clientUpdateProhibited"
"84","pakdramareview.com","2021-03-01 16:20:33","2021-02-27","2021-02-27","2022-02-27","146","GoDaddy.com, LLC","whois.godaddy.com","http://registrar.godaddy.com","","","","","Please Select...Ar riyad","","Saudi Arabia","","","","","","","","","","","","","","","","","","","","","","","","","","","","","","","","","","ns11.domaincontrol.com","ns12.domaincontrol.com","","","clientDeleteProhibited","clientRenewProhibited","clientTransferProhibited","clientUpdateProhibited"
"85","pbx-ksa.com","2021-03-01 16:20:08","2021-02-27","2021-02-27","2022-02-27","48","eNom, Inc.","whois.enom.com","http://www.enom.com","REDACTED FOR PRIVACY","REDACTED FOR PRIVACY","REDACTED FOR PRIVACY","REDACTED FOR PRIVACY","Riyadh","REDACTED FOR PRIVACY","Saudi Arabia","","REDACTED FOR PRIVACY","REDACTED FOR PRIVACY","REDACTED FOR PRIVACY","REDACTED FOR PRIVACY","REDACTED FOR PRIVACY","REDACTED FOR PRIVACY","REDACTED FOR PRIVACY","REDACTED FOR PRIVACY","REDACTED FOR PRIVACY","","REDACTED FOR PRIVACY","REDACTED FOR PRIVACY","REDACTED FOR PRIVACY","REDACTED FOR PRIVACY","REDACTED FOR PRIVACY","REDACTED FOR PRIVACY","REDACTED FOR PRIVACY","REDACTED FOR PRIVACY","REDACTED FOR PRIVACY","","REDACTED FOR PRIVACY","REDACTED FOR PRIVACY","","","","","","","","","","","ns1.sharkhostingcloud32.co.uk","ns2.sharkhostingcloud32.co.uk","ns3.sharkhostingcloud32.co.uk","ns4.sharkhostingcloud32.co.uk","addPeriod","clientTransferProhibited","",""
"86","qdemh.com","2021-03-01 14:36:15","2021-02-27","2021-02-27","2022-02-27","146","GoDaddy.com, LLC","whois.godaddy.com","http://registrar.godaddy.com","","","","","","","Saudi Arabia","","","","","","","","","","","","","","","","","","","","","","","","","","","","","","","","","","ns77.domaincontrol.com","ns78.domaincontrol.com","","","clientDeleteProhibited","clientRenewProhibited","clientTransferProhibited","clientUpdateProhibited"
"87","qsec.one","2021-03-01 15:38:31","2021-02-26","2021-02-26","2023-02-26","146","GoDaddy.com, LLC","whois.godaddy.com","http://registrar.godaddy.com","REDACTED FOR PRIVACY","","REDACTED FOR PRIVACY REDACTED FOR PRIVACY REDACTED FOR PRIVACY","REDACTED FOR PRIVACY","Makkah","REDACTED FOR PRIVACY","Saudi Arabia","","REDACTED FOR PRIVACY","REDACTED FOR PRIVACY","REDACTED FOR PRIVACY","REDACTED FOR PRIVACY","REDACTED FOR PRIVACY REDACTED FOR PRIVACY REDACTED FOR PRIVACY","REDACTED FOR PRIVACY","REDACTED FOR PRIVACY","REDACTED FOR PRIVACY","REDACTED FOR PRIVACY","","REDACTED FOR PRIVACY","REDACTED FOR PRIVACY","REDACTED FOR PRIVACY","REDACTED FOR PRIVACY","REDACTED FOR PRIVACY REDACTED FOR PRIVACY REDACTED FOR PRIVACY","REDACTED FOR PRIVACY","REDACTED FOR PRIVACY","REDACTED FOR PRIVACY","REDACTED FOR PRIVACY","","REDACTED FOR PRIVACY","REDACTED FOR PRIVACY","","","","","","","","","","","ns09.domaincontrol.com","ns10.domaincontrol.com","","","addPeriod","clientDeleteProhibited","clientRenewProhibited","clientTransferProhibited"
"88","rameed.com","2021-03-01 14:35:39","2021-02-27","2021-02-27","2022-02-27","625","Name.com, Inc.","whois.name.com","http://www.name.com","Nawaf Hariri","Salla","P.O.Box13867","Makkah","Makkah","21955","Saudi Arabia","","Non-Public Data","","Nawaf Hariri","Salla","P.O.Box13867","Makkah","Makkah","21955","Saudi Arabia","","Non-Public Data","","Nawaf Hariri","Salla","P.O.Box13867","Makkah","Makkah","21955","Saudi Arabia","","Non-Public Data","","","","","","","","","","","","donald.ns.cloudflare.com","leia.ns.cloudflare.com","","","addPeriod","clientTransferProhibited","",""
"89","reyz-salon.com","2021-03-01 14:34:22","2021-02-27","2021-02-27","2031-02-27","146","GoDaddy.com, LLC","whois.godaddy.com","http://registrar.godaddy.com","","","","","Saudi Arabia","","Saudi Arabia","","","","","","","","","","","","","","","","","","","","","","","","","","","","","","","","","","ns55.domaincontrol.com","ns56.domaincontrol.com","","","clientDeleteProhibited","clientRenewProhibited","clientTransferProhibited","clientUpdateProhibited"
"90","rkenroz.com","2021-03-01 14:34:06","2021-02-27","2021-02-27","2022-02-27","625","Name.com, Inc.","whois.name.com","http://www.name.com","Nawaf Hariri","Salla","P.O.Box13867","Makkah","Makkah","21955","Saudi Arabia","","Non-Public Data","","Nawaf Hariri","Salla","P.O.Box13867","Makkah","Makkah","21955","Saudi Arabia","","Non-Public Data","","Nawaf Hariri","Salla","P.O.Box13867","Makkah","Makkah","21955","Saudi Arabia","","Non-Public Data","","","","","","","","","","","","donald.ns.cloudflare.com","leia.ns.cloudflare.com","","","addPeriod","clientTransferProhibited","",""
"91","roozstore.com","2021-03-01 14:20:09","2021-02-27","2021-02-27","2022-02-27","69","Tucows Domains Inc.","whois.tucows.com","http://domainhelp.opensrs.net","REDACTED FOR PRIVACY","REDACTED FOR PRIVACY","REDACTED FOR PRIVACY","REDACTED FOR PRIVACY","MAKKAH","REDACTED FOR PRIVACY","Saudi Arabia","","REDACTED FOR PRIVACY","REDACTED FOR PRIVACY","REDACTED FOR PRIVACY","REDACTED FOR PRIVACY","REDACTED FOR PRIVACY","REDACTED FOR PRIVACY","REDACTED FOR PRIVACY","REDACTED FOR PRIVACY","REDACTED FOR PRIVACY","","REDACTED FOR PRIVACY","REDACTED FOR PRIVACY","REDACTED FOR PRIVACY","REDACTED FOR PRIVACY","REDACTED FOR PRIVACY","REDACTED FOR PRIVACY","REDACTED FOR PRIVACY","REDACTED FOR PRIVACY","REDACTED FOR PRIVACY","","REDACTED FOR PRIVACY","REDACTED FOR PRIVACY","","","","","","","","","","","dns3001a.trouble-free.net","dns3001b.trouble-free.net","","","","","",""
"92","royalgrasse.com","2021-03-01 16:16:28","2021-02-26","2021-02-26","2023-02-26","146","GoDaddy.com, LLC","whois.godaddy.com","http://registrar.godaddy.com","Sudair Sky","Sudair Sky","","","\u0627\u0644\u0631\u064a\u0627\u0636","","Saudi Arabia","","","","","","","","","","","","","","","","","","","","","","","","","","","","","","","","","","ns11.domaincontrol.com","ns12.domaincontrol.com","","","clientDeleteProhibited","clientRenewProhibited","clientTransferProhibited","clientUpdateProhibited"
"93","ruiah.com","2021-03-01 17:38:15","2021-02-27","2021-02-27","2022-02-27","146","GoDaddy.com, LLC","whois.godaddy.com","http://registrar.godaddy.com","","","","","\u0627\u0644\u0645\u0646\u0637\u0642\u0629 \u0627\","","Saudi Arabia","","","","","","","","","","","","","","","","","","","","","","","","","","","","","","","","","","ns21.domaincontrol.com","ns22.domaincontrol.com","","","clientDeleteProhibited","clientRenewProhibited","clientTransferProhibited","clientUpdateProhibited"
"94","saaf-ksa.com","2021-03-01 16:16:02","2021-02-27","2021-02-27","2023-02-27","146","GoDaddy.com, LLC","whois.godaddy.com","http://registrar.godaddy.com","","","","","jeedah alajuad","","Saudi Arabia","","","","","","","","","","","","","","","","","","","","","","","","","","","","","","","","","","ns11.domaincontrol.com","ns12.domaincontrol.com","","","clientDeleteProhibited","clientRenewProhibited","clientTransferProhibited","clientUpdateProhibited"
"95","salmakitchen.com","2021-03-01 14:25:24","2021-02-27","2021-02-27","2022-02-27","886","Domain.com, LLC","whois.domain.com","http://www.domain.com","REDACTED FOR PRIVACY","REDACTED FOR PRIVACY","REDACTED FOR PRIVACY","REDACTED FOR PRIVACY","NA","REDACTED FOR PRIVACY","Saudi Arabia","","REDACTED FOR PRIVACY","REDACTED FOR PRIVACY","REDACTED FOR PRIVACY","REDACTED FOR PRIVACY","REDACTED FOR PRIVACY","REDACTED FOR PRIVACY","REDACTED FOR PRIVACY","REDACTED FOR PRIVACY","REDACTED FOR PRIVACY","","REDACTED FOR PRIVACY","REDACTED FOR PRIVACY","REDACTED FOR PRIVACY","REDACTED FOR PRIVACY","REDACTED FOR PRIVACY","REDACTED FOR PRIVACY","REDACTED FOR PRIVACY","REDACTED FOR PRIVACY","REDACTED FOR PRIVACY","","REDACTED FOR PRIVACY","REDACTED FOR PRIVACY","","","","","","","","","","","ns1.domaincom-default.domainparkingserver.net","ns2.domaincom-default.domainparkingserver.net","","","","","",""
"96","santaanarealtor.com","2021-03-01 17:50:52","2021-02-27","","2022-02-27","1068","NameCheap, Inc.","whois.namecheap.com","http://www.namecheap.com","abdulelah alshehri","","saudi arabia al riyadh","kharj","saudi","11942","Saudi Arabia","abdulelaha449@gmail.com","+966.0530563449","","abdulelah alshehri","","saudi arabia al riyadh","kharj","saudi","11942","Saudi Arabia","abdulelaha449@gmail.com","+966.0530563449","","abdulelah alshehri","","saudi arabia al riyadh","kharj","saudi","11942","Saudi Arabia","abdulelaha449@gmail.com","+966.0530563449","","","","","","","","","","","","ns1.dan.com","ns2.dan.com","verification-6fo7tccx.ns3.dan.hosting","","clientTransferProhibited","","",""
"97","sayartna.com","2021-03-01 17:50:34","2021-02-26","2021-02-26","2022-02-26","146","GoDaddy.com, LLC","whois.godaddy.com","http://registrar.godaddy.com","","","","","Makkah Region","","Saudi Arabia","","","","","","","","","","","","","","","","","","","","","","","","","","","","","","","","","","ns77.domaincontrol.com","ns78.domaincontrol.com","","","clientDeleteProhibited","clientRenewProhibited","clientTransferProhibited","clientUpdateProhibited"
"98","sidermalaki.com","2021-03-01 14:19:36","2021-02-27","2021-02-27","2022-02-27","625","Name.com, Inc.","whois.name.com","http://www.name.com","Nawaf Hariri","Salla","P.O.Box13867","Makkah","Makkah","21955","Saudi Arabia","","Non-Public Data","","Nawaf Hariri","Salla","P.O.Box13867","Makkah","Makkah","21955","Saudi Arabia","","Non-Public Data","","Nawaf Hariri","Salla","P.O.Box13867","Makkah","Makkah","21955","Saudi Arabia","","Non-Public Data","","","","","","","","","","","","donald.ns.cloudflare.com","leia.ns.cloudflare.com","","","addPeriod","clientTransferProhibited","",""
"99","silveries.biz","2021-03-01 14:16:59","2021-02-27","","2022-02-27","1443","Vautron Rechenzentrum AG","whois.antagus.de","http://www.vautron.de","REDACTED FOR PRIVACY","privat","REDACTED FOR PRIVACY REDACTED FOR PRIVACY REDACTED FOR PRIVACY","REDACTED FOR PRIVACY","","REDACTED FOR PRIVACY","Saudi Arabia","","REDACTED FOR PRIVACY","REDACTED FOR PRIVACY","REDACTED FOR PRIVACY","REDACTED FOR PRIVACY","REDACTED FOR PRIVACY REDACTED FOR PRIVACY REDACTED FOR PRIVACY","REDACTED FOR PRIVACY","REDACTED FOR PRIVACY","REDACTED FOR PRIVACY","REDACTED FOR PRIVACY","","REDACTED FOR PRIVACY","REDACTED FOR PRIVACY","REDACTED FOR PRIVACY","REDACTED FOR PRIVACY","REDACTED FOR PRIVACY REDACTED FOR PRIVACY REDACTED FOR PRIVACY","REDACTED FOR PRIVACY","REDACTED FOR PRIVACY","REDACTED FOR PRIVACY","REDACTED FOR PRIVACY","","REDACTED FOR PRIVACY","REDACTED FOR PRIVACY","","","","","","","","","","","ns1.contabo.net","ns2.contabo.net","ns3.contabo.net","","addPeriod","ok","",""
"100","smaoud.com","2021-03-01 16:12:10","2021-02-27","2021-02-27","2022-02-27","625","Name.com, Inc.","whois.name.com","http://www.name.com","Nawaf Hariri","Salla","P.O.Box13867","Makkah","Makkah","21955","Saudi Arabia","","Non-Public Data","","Nawaf Hariri","Salla","P.O.Box13867","Makkah","Makkah","21955","Saudi Arabia","","Non-Public Data","","Nawaf Hariri","Salla","P.O.Box13867","Makkah","Makkah","21955","Saudi Arabia","","Non-Public Data","","","","","","","","","","","","donald.ns.cloudflare.com","leia.ns.cloudflare.com","","","addPeriod","clientTransferProhibited","",""
"101","sockshouseco.com","2021-03-01 16:11:44","2021-02-27","2021-02-27","2022-02-27","1647","Hosting Concepts B.V. dba Openprovider","whois.registrar.eu","http://www.openprovider.com","REDACTED FOR PRIVACY","TECHNOFRIEND","REDACTED FOR PRIVACY","REDACTED FOR PRIVACY","Makkah al Mukarramah","REDACTED FOR PRIVACY","Saudi Arabia","","REDACTED FOR PRIVACY","REDACTED FOR PRIVACY","REDACTED FOR PRIVACY","REDACTED FOR PRIVACY","REDACTED FOR PRIVACY","REDACTED FOR PRIVACY","REDACTED FOR PRIVACY","REDACTED FOR PRIVACY","REDACTED FOR PRIVACY","","REDACTED FOR PRIVACY","REDACTED FOR PRIVACY","REDACTED FOR PRIVACY","REDACTED FOR PRIVACY","REDACTED FOR PRIVACY","REDACTED FOR PRIVACY","REDACTED FOR PRIVACY","REDACTED FOR PRIVACY","REDACTED FOR PRIVACY","","REDACTED FOR PRIVACY","REDACTED FOR PRIVACY","","","","","","","","","","","ns1.dns-parking.com","ns2.dns-parking.com","","","clientTransferProhibited","ok","",""
"102","speak-europe.com","2021-03-01 16:11:13","2021-02-27","2021-02-27","2022-02-27","146","GoDaddy.com, LLC","whois.godaddy.com","http://registrar.godaddy.com","","","","","Mekka","","Saudi Arabia","","","","","","","","","","","","","","","","","","","","","","","","","","","","","","","","","","ns45.domaincontrol.com","ns46.domaincontrol.com","","","clientDeleteProhibited","clientRenewProhibited","clientTransferProhibited","clientUpdateProhibited"
"103","swer22.com","2021-03-01 16:09:18","2021-02-27","2021-02-27","2022-02-27","625","Name.com, Inc.","whois.name.com","http://www.name.com","Nawaf Hariri","Salla","P.O.Box13867","Makkah","Makkah","21955","Saudi Arabia","","Non-Public Data","","Nawaf Hariri","Salla","P.O.Box13867","Makkah","Makkah","21955","Saudi Arabia","","Non-Public Data","","Nawaf Hariri","Salla","P.O.Box13867","Makkah","Makkah","21955","Saudi Arabia","","Non-Public Data","","","","","","","","","","","","donald.ns.cloudflare.com","leia.ns.cloudflare.com","","","addPeriod","clientTransferProhibited","",""
"104","taameeed.com","2021-03-01 16:09:02","2021-02-27","2021-02-27","2022-02-27","1647","Hosting Concepts B.V. dba Openprovider","whois.registrar.eu","http://www.openprovider.com","REDACTED FOR PRIVACY","","REDACTED FOR PRIVACY","REDACTED FOR PRIVACY","Al Qasim","REDACTED FOR PRIVACY","Saudi Arabia","","REDACTED FOR PRIVACY","REDACTED FOR PRIVACY","REDACTED FOR PRIVACY","REDACTED FOR PRIVACY","REDACTED FOR PRIVACY","REDACTED FOR PRIVACY","REDACTED FOR PRIVACY","REDACTED FOR PRIVACY","REDACTED FOR PRIVACY","","REDACTED FOR PRIVACY","REDACTED FOR PRIVACY","REDACTED FOR PRIVACY","REDACTED FOR PRIVACY","REDACTED FOR PRIVACY","REDACTED FOR PRIVACY","REDACTED FOR PRIVACY","REDACTED FOR PRIVACY","REDACTED FOR PRIVACY","","REDACTED FOR PRIVACY","REDACTED FOR PRIVACY","","","","","","","","","","","ns1.dns-parking.com","ns2.dns-parking.com","","","clientTransferProhibited","ok","",""
"105","tabcm.com","2021-03-01 17:37:42","2021-02-27","2021-02-27","2022-02-27","146","GoDaddy.com, LLC","whois.godaddy.com","http://registrar.godaddy.com","","","","","eastern region","","Saudi Arabia","","","","","","","","","","","","","","","","","","","","","","","","","","","","","","","","","","ns41.domaincontrol.com","ns42.domaincontrol.com","","","clientDeleteProhibited","clientRenewProhibited","clientTransferProhibited","clientUpdateProhibited"
"106","tanaswq.net","2021-03-01 14:40:53","2021-02-26","2021-02-26","2022-02-26","146","GoDaddy.com, LLC","whois.godaddy.com","http://registrar.godaddy.com","","","","","","","Saudi Arabia","","","","","","","","","","","","","","","","","","","","","","","","","","","","","","","","","","ns09.domaincontrol.com","ns10.domaincontrol.com","","","clientDeleteProhibited","clientRenewProhibited","clientTransferProhibited","clientUpdateProhibited"
"107","tcode3.com","2021-03-01 16:08:32","2021-02-27","2021-02-27","2022-02-27","625","Name.com, Inc.","whois.name.com","http://www.name.com","Nawaf Hariri","Salla","P.O.Box13867","Makkah","Makkah","21955","Saudi Arabia","","Non-Public Data","","Nawaf Hariri","Salla","P.O.Box13867","Makkah","Makkah","21955","Saudi Arabia","","Non-Public Data","","Nawaf Hariri","Salla","P.O.Box13867","Makkah","Makkah","21955","Saudi Arabia","","Non-Public Data","","","","","","","","","","","","donald.ns.cloudflare.com","leia.ns.cloudflare.com","","","addPeriod","clientTransferProhibited","",""
"108","techhanymakkah.com","2021-03-01 16:08:25","2021-02-26","2021-02-26","2022-02-26","146","GoDaddy.com, LLC","whois.godaddy.com","http://registrar.godaddy.com","mahde","mahde","","","saudi","","Saudi Arabia","","","","","","","","","","","","","","","","","","","","","","","","","","","","","","","","","","ns1.bluehost.com","ns2.bluehost.com","","","clientDeleteProhibited","clientRenewProhibited","clientTransferProhibited","clientUpdateProhibited"
"109","thameen.info","2021-03-01 15:50:14","2021-02-27","2021-02-27","2022-02-27","625","Name.com, Inc.","whois.name.com","http://www.name.com","Tasawk","Tasawk","","","Riyadh","","Saudi Arabia","","","","","","","","","","","","","","","","","","","","","","","","","","","","","","","","","","dns3.tasawk.com","dns4.tasawk.com","","","addPeriod","clientTransferProhibited","serverTransferProhibited",""
"110","thoeeb.com","2021-03-01 16:05:48","2021-02-27","2021-02-27","2022-02-27","625","Name.com, Inc.","whois.name.com","http://www.name.com","Nawaf Hariri","Salla","P.O.Box13867","Makkah","Makkah","21955","Saudi Arabia","","Non-Public Data","","Nawaf Hariri","Salla","P.O.Box13867","Makkah","Makkah","21955","Saudi Arabia","","Non-Public Data","","Nawaf Hariri","Salla","P.O.Box13867","Makkah","Makkah","21955","Saudi Arabia","","Non-Public Data","","","","","","","","","","","","donald.ns.cloudflare.com","leia.ns.cloudflare.com","","","addPeriod","clientTransferProhibited","",""
"111","tjmelapp.com","2021-03-01 16:05:26","2021-02-27","2021-02-27","2024-02-27","303","PDR Ltd. d/b/a PublicDomainRegistry.com","whois.publicdomainregistry.com","http://www.publicdomainregistry.com","Salah Alshimi","","Riyadh Riyadh","Riyadh","Riyadh","35005","Saudi Arabia","tjmel.app@gmail.com","+966.564411134","","Salah Alshimi","","Riyadh Riyadh","Riyadh","Riyadh","35005","Saudi Arabia","tjmel.app@gmail.com","+966.564411134","","Salah Alshimi","","Riyadh Riyadh","Riyadh","Riyadh","35005","Saudi Arabia","tjmel.app@gmail.com","+966.564411134","","","","","","","","","","","","ns6.wixdns.net","ns7.wixdns.net","","","clientTransferProhibited","","",""
"112","tprint.store","2021-03-01 15:27:46","2021-02-26","2021-02-26","2022-02-26","146","GoDaddy.com, LLC","whois.godaddy.com","http://registrar.godaddy.com","","","","","MAKKAH","","Saudi Arabia","","","","","","","","","","","","","","","","","","","","","","","","","","","","","","","","","","donald.ns.cloudflare.com","leia.ns.cloudflare.com","","","addPeriod","clientDeleteProhibited","clientRenewProhibited","clientTransferProhibited"
"113","trackunion.com","2021-03-01 17:20:41","2021-02-27","2021-02-27","2022-02-27","146","GoDaddy.com, LLC","whois.godaddy.com","http://registrar.godaddy.com","","","","","MAKKAH","","Saudi Arabia","","","","","","","","","","","","","","","","","","","","","","","","","","","","","","","","","","ns1.inmotionhosting.com","ns2.inmotionhosting.com","","","clientDeleteProhibited","clientRenewProhibited","clientTransferProhibited","clientUpdateProhibited"
"114","tsharkni.com","2021-03-01 16:04:22","2021-02-27","2021-02-27","2022-02-27","146","GoDaddy.com, LLC","whois.godaddy.com","http://registrar.godaddy.com","","","","","","","Saudi Arabia","","","","","","","","","","","","","","","","","","","","","","","","","","","","","","","","","","ns29.domaincontrol.com","ns30.domaincontrol.com","","","clientDeleteProhibited","clientRenewProhibited","clientTransferProhibited","clientUpdateProhibited"
"115","tswqsa.com","2021-03-01 14:25:38","2021-02-27","2021-02-27","2023-02-27","1154","FastDomain Inc.","whois.fastdomain.com","http://www.fastdomain.com","TSWQ SA","","ALI BIN ABITALEB ST.","BURAIDAH","","52187","Saudi Arabia","asx.php@gmail.com","+966.504122196","","TSWQ SA","","ALI BIN ABITALEB ST.","BURAIDAH","","52187","Saudi Arabia","asx.php@gmail.com","+966.504122196","","BLUEHOST INC","BLUEHOST.COM","550 E TIMPANOGOS PKWY","OREM","UTAH","84097","United States","whois@bluehost.com","+1.8017659400","+1.8017651992","","","","","","","","","","","ns1.bluehost.com","ns2.bluehost.com","","","clientTransferProhibited","","",""
"116","vera-ksa.com","2021-03-01 16:02:08","2021-02-27","2021-02-27","2022-02-27","625","Name.com, Inc.","whois.name.com","http://www.name.com","vera ebyat","","Kingdom of Saudi Arabia - Sulaymaniyah - Riyadh","Riyadh","Sulaymaniyah","21570","Saudi Arabia","","Non-Public Data","","vera ebyat","","Kingdom of Saudi Arabia - Sulaymaniyah - Riyadh","Riyadh","Sulaymaniyah","21570","Saudi Arabia","","Non-Public Data","","vera ebyat","","Kingdom of Saudi Arabia - Sulaymaniyah - Riyadh","Riyadh","Sulaymaniyah","21570","Saudi Arabia","","Non-Public Data","","","","","","","","","","","","ns1bcp.name.com","ns2btz.name.com","ns3jwx.name.com","ns4blx.name.com","addPeriod","clientTransferProhibited","",""
"117","visitorsa.com","2021-03-01 16:01:32","2021-02-27","2021-02-27","2022-02-27","146","GoDaddy.com, LLC","whois.godaddy.com","http://registrar.godaddy.com","","","","","\u0627\u0644\u0645\u0646\u0637\u0642\u0629 \u0627\","","Saudi Arabia","","","","","","","","","","","","","","","","","","","","","","","","","","","","","","","","","","ns11.domaincontrol.com","ns12.domaincontrol.com","","","clientDeleteProhibited","clientRenewProhibited","clientTransferProhibited","clientUpdateProhibited"
"118","von-best.com","2021-03-01 16:01:19","2021-02-27","2021-02-27","2022-02-27","625","Name.com, Inc.","whois.name.com","http://www.name.com","Nawaf Hariri","Salla","P.O.Box13867","Makkah","Makkah","21955","Saudi Arabia","","Non-Public Data","","Nawaf Hariri","Salla","P.O.Box13867","Makkah","Makkah","21955","Saudi Arabia","","Non-Public Data","","Nawaf Hariri","Salla","P.O.Box13867","Makkah","Makkah","21955","Saudi Arabia","","Non-Public Data","","","","","","","","","","","","donald.ns.cloudflare.com","leia.ns.cloudflare.com","","","addPeriod","clientTransferProhibited","",""
"119","wjmm1.com","2021-03-01 15:58:56","2021-02-27","2021-02-27","2022-02-27","9","register.com, Inc.","whois.register.com","http://www.register.com","MAENI, JABER","","KSA.RDH","RDH","RDH","13234","Saudi Arabia","jabermqm@gmail.com","966566151595","","MAENI, JABER","","KSA.RDH","RDH","RDH","13234","Saudi Arabia","jabermqm@gmail.com","966566151595","","MAENI, JABER","","KSA.RDH","RDH","RDH","13234","Saudi Arabia","jabermqm@gmail.com","966566151595","","","","","","","","","","","","ns25.worldnic.com","ns26.worldnic.com","","","clientTransferProhibited","","",""
"120","woodquality.net","2021-03-01 15:44:39","2021-02-26","2021-02-26","2022-02-26","146","GoDaddy.com, LLC","whois.godaddy.com","http://registrar.godaddy.com","","","","","Al Jouf","","Saudi Arabia","","","","","","","","","","","","","","","","","","","","","","","","","","","","","","","","","","ns29.domaincontrol.com","ns30.domaincontrol.com","","","clientDeleteProhibited","clientRenewProhibited","clientTransferProhibited","clientUpdateProhibited"
"121","wordpressoursite.online","2021-03-01 15:32:36","2021-02-26","","2022-02-26","1636","Hostinger, UAB","whois.hostinger.com","http://www.hostinger.com","Not Applicable","Not Applicable","","","Ar Riyad","","Saudi Arabia","","","","","","","","","","","","","","","","","","","","","","","","","","","","","","","","","","ns1.dns-parking.com","ns2.dns-parking.com","","","addPeriod","clientTransferProhibited","serverTransferProhibited",""
"122","xshiraz9.com","2021-03-01 14:38:30","2021-02-27","2021-02-27","2022-02-27","625","Name.com, Inc.","whois.name.com","http://www.name.com","Nawaf Hariri","Salla","P.O.Box13867","Makkah","Makkah","21955","Saudi Arabia","","Non-Public Data","","Nawaf Hariri","Salla","P.O.Box13867","Makkah","Makkah","21955","Saudi Arabia","","Non-Public Data","","Nawaf Hariri","Salla","P.O.Box13867","Makkah","Makkah","21955","Saudi Arabia","","Non-Public Data","","","","","","","","","","","","donald.ns.cloudflare.com","leia.ns.cloudflare.com","","","addPeriod","clientTransferProhibited","",""
"123","yallaa-shoot.com","2021-03-01 17:47:45","2021-02-27","2021-02-27","2022-02-27","146","GoDaddy.com, LLC","whois.godaddy.com","http://registrar.godaddy.com","","","","","\u0627\u0644\u0633\u0639\u0648\u062f\u064a\u0629","","Saudi Arabia","","","","","","","","","","","","","","","","","","","","","","","","","","","","","","","","","","alex.ns.cloudflare.com","lisa.ns.cloudflare.com","","","clientDeleteProhibited","clientRenewProhibited","clientTransferProhibited","clientUpdateProhibited"
"124","yamortd.com","2021-03-01 14:38:17","2021-02-27","2021-02-27","2024-02-27","146","GoDaddy.com, LLC","whois.godaddy.com","http://registrar.godaddy.com","","","","","w.s","","Saudi Arabia","","","","","","","","","","","","","","","","","","","","","","","","","","","","","","","","","","ns77.domaincontrol.com","ns78.domaincontrol.com","","","clientDeleteProhibited","clientRenewProhibited","clientTransferProhibited","clientUpdateProhibited"
"125","yelektro.com","2021-03-01 14:38:10","2021-02-27","2021-02-27","2022-02-27","146","GoDaddy.com, LLC","whois.godaddy.com","http://registrar.godaddy.com","","","","","Mecca","","Saudi Arabia","","","","","","","","","","","","","","","","","","","","","","","","","","","","","","","","","","ns1.veeblehosting.com","ns2.veeblehosting.com","","","clientDeleteProhibited","clientRenewProhibited","clientTransferProhibited","clientUpdateProhibited"