"num","domain_name","query_time","create_date","update_date","expiry_date","domain_registrar_id","domain_registrar_name","domain_registrar_whois","domain_registrar_url","registrant_name","registrant_company","registrant_address","registrant_city","registrant_state","registrant_zip","registrant_country","registrant_email","registrant_phone","registrant_fax","administrative_name","administrative_company","administrative_address","administrative_city","administrative_state","administrative_zip","administrative_country","administrative_email","administrative_phone","administrative_fax","technical_name","technical_company","technical_address","technical_city","technical_state","technical_zip","technical_country","technical_email","technical_phone","technical_fax","billing_name","billing_company","billing_address","billing_city","billing_state","billing_zip","billing_country","billing_email","billing_phone","billing_fax","name_server_1","name_server_2","name_server_3","name_server_4","domain_status_1","domain_status_2","domain_status_3","domain_status_4"
"1","2196lagunaroad.com","2021-03-01 17:03:47","2021-02-27","2021-02-27","2022-02-27","146","GoDaddy.com, LLC","whois.godaddy.com","http://registrar.godaddy.com","","","","","Vozdovac","","Serbia","","","","","","","","","","","","","","","","","","","","","","","","","","","","","","","","","","ns57.domaincontrol.com","ns58.domaincontrol.com","","","clientDeleteProhibited","clientRenewProhibited","clientTransferProhibited","clientUpdateProhibited"
"2","442ridetochallenge.com","2021-03-01 17:03:23","2021-02-27","2021-02-27","2022-02-27","1727","Papaki Ltd.","whois.eu","http://www.papaki.gr","REDACTED FOR PRIVACY","REDACTED FOR PRIVACY","REDACTED FOR PRIVACY","REDACTED FOR PRIVACY","Srbija","REDACTED FOR PRIVACY","Serbia","","REDACTED FOR PRIVACY","REDACTED FOR PRIVACY","REDACTED FOR PRIVACY","REDACTED FOR PRIVACY","REDACTED FOR PRIVACY","REDACTED FOR PRIVACY","REDACTED FOR PRIVACY","REDACTED FOR PRIVACY","REDACTED FOR PRIVACY","","REDACTED FOR PRIVACY","REDACTED FOR PRIVACY","REDACTED FOR PRIVACY","REDACTED FOR PRIVACY","REDACTED FOR PRIVACY","REDACTED FOR PRIVACY","REDACTED FOR PRIVACY","REDACTED FOR PRIVACY","REDACTED FOR PRIVACY","","REDACTED FOR PRIVACY","REDACTED FOR PRIVACY","","","","","","","","","","","ns1.eutelnet.net","ns2.eutelnet.net","","","clientTransferProhibited","clientUpdateProhibited","",""
"3","abccba.xyz","2021-03-01 14:46:30","2021-02-27","2021-02-27","2022-02-27","1068","NameCheap, Inc.","whois.namecheap.com","http://www.namecheap.com","","","","","NA","","Serbia","","","","","","","","","","","","","","","","","","","","","","","","","","","","","","","","","","dns1.registrar-servers.com","dns2.registrar-servers.com","","","addPeriod","clientTransferProhibited","serverTransferProhibited",""
"4","angelbodies.com","2021-03-01 17:31:32","2021-02-27","2021-02-27","2022-02-27","146","GoDaddy.com, LLC","whois.godaddy.com","http://registrar.godaddy.com","","","","","Pozarevac","","Serbia","","","","","","","","","","","","","","","","","","","","","","","","","","","","","","","","","","ns05.domaincontrol.com","ns06.domaincontrol.com","","","clientDeleteProhibited","clientRenewProhibited","clientTransferProhibited","clientUpdateProhibited"
"5","bolero-art.com","2021-03-01 16:54:06","2021-02-27","2021-02-27","2022-02-27","48","eNom, Inc.","whois.enom.com","http://www.enom.com","REDACTED FOR PRIVACY","REDACTED FOR PRIVACY","REDACTED FOR PRIVACY","REDACTED FOR PRIVACY","Novi Beograd","REDACTED FOR PRIVACY","Serbia","","REDACTED FOR PRIVACY","REDACTED FOR PRIVACY","REDACTED FOR PRIVACY","REDACTED FOR PRIVACY","REDACTED FOR PRIVACY","REDACTED FOR PRIVACY","REDACTED FOR PRIVACY","REDACTED FOR PRIVACY","REDACTED FOR PRIVACY","","REDACTED FOR PRIVACY","REDACTED FOR PRIVACY","REDACTED FOR PRIVACY","REDACTED FOR PRIVACY","REDACTED FOR PRIVACY","REDACTED FOR PRIVACY","REDACTED FOR PRIVACY","REDACTED FOR PRIVACY","REDACTED FOR PRIVACY","","REDACTED FOR PRIVACY","REDACTED FOR PRIVACY","","","","","","","","","","","ns3019.mochahost.com","ns4019.mochahost.com","","","addPeriod","clientTransferProhibited","",""
"6","boskorezi.com","2021-03-01 16:53:53","2021-02-27","2021-02-27","2022-02-27","146","GoDaddy.com, LLC","whois.godaddy.com","http://registrar.godaddy.com","","","","","Pozarevac","","Serbia","","","","","","","","","","","","","","","","","","","","","","","","","","","","","","","","","","ns45.domaincontrol.com","ns46.domaincontrol.com","","","clientDeleteProhibited","clientRenewProhibited","clientTransferProhibited","clientUpdateProhibited"
"7","botboyz.online","2021-03-01 15:38:03","2021-02-26","2021-02-28","2022-02-26","1636","Hostinger, UAB","whois.hostinger.com","http://www.hostinger.com","Not Applicable","Not Applicable","","","beograd","","Serbia","","","","","","","","","","","","","","","","","","","","","","","","","","","","","","","","","","ns1.dns-parking.com","ns2.dns-parking.com","","","addPeriod","clientTransferProhibited","serverTransferProhibited",""
"8","broz-shop.com","2021-03-01 14:29:48","2021-02-27","2021-02-27","2022-02-27","303","PDR Ltd. d/b/a PublicDomainRegistry.com","whois.publicdomainregistry.com","http://www.publicdomainregistry.com","Sasa Vidic","","Gandijeva","Belgrade","Serbia","11000","Serbia","svatelje@gmail.com","+381.600683838","","Sasa Vidic","","Gandijeva","Belgrade","Serbia","11000","Serbia","svatelje@gmail.com","+381.600683838","","Sasa Vidic","","Gandijeva","Belgrade","Serbia","11000","Serbia","svatelje@gmail.com","+381.600683838","","","","","","","","","","","","ns19.unlimited.rs","ns20.unlimited.rs","","","clientTransferProhibited","","",""
"9","coinmate.online","2021-03-01 15:38:29","2021-02-27","2021-02-27","2022-02-27","146","GoDaddy.com, LLC","whois.godaddy.com","http://registrar.godaddy.com","","","","","Kosovo","","Serbia","","","","","","","","","","","","","","","","","","","","","","","","","","","","","","","","","","freedns1.registrar-servers.com","freedns2.registrar-servers.com","freedns3.registrar-servers.com","freedns4.registrar-servers.com","addPeriod","clientDeleteProhibited","clientRenewProhibited","clientTransferProhibited"
"10","cosetteftesa.com","2021-03-01 16:51:26","2021-02-27","2021-02-27","2023-02-27","146","GoDaddy.com, LLC","whois.godaddy.com","http://registrar.godaddy.com","","","","","Kosovo","","Serbia","","","","","","","","","","","","","","","","","","","","","","","","","","","","","","","","","","ns1.digitalocean.com","ns2.digitalocean.com","ns3.digitalocean.com","","clientDeleteProhibited","clientRenewProhibited","clientTransferProhibited","clientUpdateProhibited"
"11","crnestene.com","2021-03-01 16:51:06","2021-02-27","2021-02-27","2022-02-27","69","Tucows Domains Inc.","whois.tucows.com","http://domainhelp.opensrs.net","REDACTED FOR PRIVACY","REDACTED FOR PRIVACY","REDACTED FOR PRIVACY","REDACTED FOR PRIVACY","Srbija","REDACTED FOR PRIVACY","Serbia","","REDACTED FOR PRIVACY","REDACTED FOR PRIVACY","REDACTED FOR PRIVACY","REDACTED FOR PRIVACY","REDACTED FOR PRIVACY","REDACTED FOR PRIVACY","REDACTED FOR PRIVACY","REDACTED FOR PRIVACY","REDACTED FOR PRIVACY","","REDACTED FOR PRIVACY","REDACTED FOR PRIVACY","REDACTED FOR PRIVACY","REDACTED FOR PRIVACY","REDACTED FOR PRIVACY","REDACTED FOR PRIVACY","REDACTED FOR PRIVACY","REDACTED FOR PRIVACY","REDACTED FOR PRIVACY","","REDACTED FOR PRIVACY","REDACTED FOR PRIVACY","","","","","","","","","","","ns1.cpanel.yu.net","ns2.cpanel.yu.net","","","","","",""
"12","dejanlukic.com","2021-03-01 17:38:28","2021-02-27","2021-02-27","2022-02-27","1647","Hosting Concepts B.V. dba Openprovider","whois.registrar.eu","http://www.openprovider.com","REDACTED FOR PRIVACY","","REDACTED FOR PRIVACY","REDACTED FOR PRIVACY","Beograd","REDACTED FOR PRIVACY","Serbia","","REDACTED FOR PRIVACY","REDACTED FOR PRIVACY","REDACTED FOR PRIVACY","REDACTED FOR PRIVACY","REDACTED FOR PRIVACY","REDACTED FOR PRIVACY","REDACTED FOR PRIVACY","REDACTED FOR PRIVACY","REDACTED FOR PRIVACY","","REDACTED FOR PRIVACY","REDACTED FOR PRIVACY","REDACTED FOR PRIVACY","REDACTED FOR PRIVACY","REDACTED FOR PRIVACY","REDACTED FOR PRIVACY","REDACTED FOR PRIVACY","REDACTED FOR PRIVACY","REDACTED FOR PRIVACY","","REDACTED FOR PRIVACY","REDACTED FOR PRIVACY","","","","","","","","","","","ns1.dns-parking.com","ns2.dns-parking.com","","","clientTransferProhibited","ok","",""
"13","digitalproducts-offers.com","2021-03-01 16:48:39","2021-02-27","2021-02-27","2022-02-27","625","Name.com, Inc.","whois.name.com","http://www.name.com","Mohamed Gaber","","Vojvode supljikca 39","Novi Sad","vojvodina","21102","Serbia","","Non-Public Data","","Mohamed Gaber","","Vojvode supljikca 39","Novi Sad","vojvodina","21102","Serbia","","Non-Public Data","","Mohamed Gaber","","Vojvode supljikca 39","Novi Sad","vojvodina","21102","Serbia","","Non-Public Data","","","","","","","","","","","","ns1.bluehost.com","ns2.bluehost.com","","","addPeriod","clientTransferProhibited","",""
"14","gostings.com","2021-03-01 14:24:23","2021-02-27","2021-02-27","2022-02-27","146","GoDaddy.com, LLC","whois.godaddy.com","http://registrar.godaddy.com","","","","","serbia","","Serbia","","","","","","","","","","","","","","","","","","","","","","","","","","","","","","","","","","ns05.domaincontrol.com","ns06.domaincontrol.com","","","clientDeleteProhibited","clientRenewProhibited","clientTransferProhibited","clientUpdateProhibited"
"15","groom.ink","2021-03-01 15:50:08","2021-02-26","2021-02-26","2022-02-26","81","Gandi SAS","whois.gandi.net","http://www.gandi.net","Rebarborum DOO","Rebarborum DOO","","","","","Serbia","","","","","","","","","","","","","","","","","","","","","","","","","","","","","","","","","","ns-139-b.gandi.net","ns-186-a.gandi.net","ns-99-c.gandi.net","","addPeriod","clientTransferProhibited","serverTransferProhibited",""
"16","hyperkink.com","2021-03-01 17:21:21","2021-02-27","","2022-02-27","1068","NameCheap, Inc.","whois.namecheap.com","http://www.namecheap.com","Ivan Zeljkovi?","Bitbomb","Aleksina?kih Rudara 27","Belgrade","Srbija","11070","Serbia","ivan.r.zeljkovic@gmail.com","+381.642377337","","Ivan Zeljkovi?","Bitbomb","Aleksina?kih Rudara 27","Belgrade","Srbija","11070","Serbia","ivan.r.zeljkovic@gmail.com","+381.642377337","","Ivan Zeljkovi?","Bitbomb","Aleksina?kih Rudara 27","Belgrade","Srbija","11070","Serbia","ivan.r.zeljkovic@gmail.com","+381.642377337","","","","","","","","","","","","ns1.mint.rs","ns2.mint.rs","ns3.mint.rs","ns4.mint.rs","addPeriod","clientTransferProhibited","",""
"17","izduvni-gasovi.com","2021-03-01 14:32:27","2021-02-27","2021-02-27","2022-02-27","106","Ascio Technologies, Inc. Danmark - Filial af Ascio technologies, Inc. USA","whois.ascio.com","http://www.ascio.com","Not Disclosed","Not Disclosed","Not Disclosed","Not Disclosed","","Not Disclosed","Serbia","","Not Disclosed","Not Disclosed","Not Disclosed","Not Disclosed","Not Disclosed","Not Disclosed","Not Disclosed","Not Disclosed","Not Disclosed","","Not Disclosed","Not Disclosed","Not Disclosed","Not Disclosed","Not Disclosed","Not Disclosed","Not Disclosed","Not Disclosed","Not Disclosed","","Not Disclosed","Not Disclosed","","","","","","","","","","","ns1.loopia.se","ns2.loopia.se","","","OK","","",""
"18","onezerbnoonline.com","2021-03-01 16:21:28","2021-02-27","2021-02-27","2022-02-27","955","Launchpad, Inc.","whois.launchpad.com","http://www.launchpad.com","Jovan Dragojlov","None","Mise dimitrijevica 42","Novi Sad","06","21000","Serbia","jovan.dragojlov@gmail.com","+381.629662162","","Jovan Dragojlov","None","Mise dimitrijevica 42","Novi Sad","06","21000","Serbia","jovan.dragojlov@gmail.com","+381.629662162","","Jovan Dragojlov","None","Mise dimitrijevica 42","Novi Sad","06","21000","Serbia","jovan.dragojlov@gmail.com","+381.629662162","","","","","","","","","","","","ns8251.hostgator.com","ns8252.hostgator.com","","","clientTransferProhibited","","",""
"19","ostroskipolumaraton.com","2021-03-01 14:18:58","2021-02-27","2021-02-27","2022-02-27","1005","NetEarth One Inc. d/b/a NetEarth","whois.advancedregistrar.com","http://www.netearthone.com","Nebojsa Pintaric","Pro Info","Narodnog Fronta 57","Novi Sad","Vojvodina","21000","Serbia","office@proinfo-soft.com","+381.381216360610","","Nebojsa Pintaric","Pro Info","Narodnog Fronta 57","Novi Sad","Vojvodina","21000","Serbia","office@proinfo-soft.com","+381.381216360610","","Nebojsa Pintaric","Pro Info","Narodnog Fronta 57","Novi Sad","Vojvodina","21000","Serbia","office@proinfo-soft.com","+381.381216360610","","","","","","","","","","","","ns1.hawkhost.com","ns2.hawkhost.com","","","clientTransferProhibited","","",""
"20","reklamna-galanterija.com","2021-03-01 14:35:00","2021-02-27","2021-02-27","2022-02-27","2487","Internet Domain Services BS Corp","whois.publicinterestregistry.net","http://www.internetbs.net","Not disclosed Not disclosed","Crazy print plus","Milana blagojevica 13","Nis","Milan N.","18000","Serbia","4cfb169ab60b78ff2e315b64d5ef3c8d.gdrp@customers.whoisprivacycorp.com","+381.612268643","","Not disclosed Not disclosed","Crazy print plus","Milana blagojevica 13","Nis","Milan N.","18000","Serbia","4cfb169ab60b78ff2e315b64d5ef3c8d.gdrp@customers.whoisprivacycorp.com","+381.612268643","","Not disclosed Not disclosed","Crazy print plus","Milana blagojevica 13","Nis","Milan N.","18000","Serbia","4cfb169ab60b78ff2e315b64d5ef3c8d.gdrp@customers.whoisprivacycorp.com","+381.612268643","","","","","","","","","","","","ns7.extreme-prohosting.com","ns8.extreme-prohosting.com","","","clientTransferProhibited","ok","",""
"21","risticpetar.com","2021-03-01 14:34:12","2021-02-27","2021-02-27","2022-02-27","48","eNom, Inc.","whois.enom.com","http://www.enom.com","REDACTED FOR PRIVACY","REDACTED FOR PRIVACY","REDACTED FOR PRIVACY","REDACTED FOR PRIVACY","Nis","REDACTED FOR PRIVACY","Serbia","","REDACTED FOR PRIVACY","REDACTED FOR PRIVACY","REDACTED FOR PRIVACY","REDACTED FOR PRIVACY","REDACTED FOR PRIVACY","REDACTED FOR PRIVACY","REDACTED FOR PRIVACY","REDACTED FOR PRIVACY","REDACTED FOR PRIVACY","","REDACTED FOR PRIVACY","REDACTED FOR PRIVACY","REDACTED FOR PRIVACY","REDACTED FOR PRIVACY","REDACTED FOR PRIVACY","REDACTED FOR PRIVACY","REDACTED FOR PRIVACY","REDACTED FOR PRIVACY","REDACTED FOR PRIVACY","","REDACTED FOR PRIVACY","REDACTED FOR PRIVACY","","","","","","","","","","","ns5.superhosting.rs","ns6.superhosting.rs","","","addPeriod","clientTransferProhibited","",""
"22","scriptelo-review.com","2021-03-01 16:14:46","2021-02-27","2021-02-27","2022-02-27","625","Name.com, Inc.","whois.name.com","http://www.name.com","Mohamed Gaber","","Vojvode supljikca 39","Novi Sad","vojvodina","21102","Serbia","","Non-Public Data","","Mohamed Gaber","","Vojvode supljikca 39","Novi Sad","vojvodina","21102","Serbia","","Non-Public Data","","Mohamed Gaber","","Vojvode supljikca 39","Novi Sad","vojvodina","21102","Serbia","","Non-Public Data","","","","","","","","","","","","ns1.bluehost.com","ns2.bluehost.com","","","addPeriod","clientTransferProhibited","",""
"23","sharonferguson.com","2021-03-01 17:34:43","2021-02-27","2021-02-27","2022-02-27","2040","DropCatch.com 560 LLC","whois.namebright.com","http://www.dropcatch560.com","Stefan Indic","","Karadjordjeva","Stara Pazova","VO","22300","Serbia","stefan.indjic@gmail.com","+381.63553301","","Stefan Indic","","Karadjordjeva","Stara Pazova","VO","22300","Serbia","stefan.indjic@gmail.com","+381.63553301","","Stefan Indic","","Karadjordjeva","Stara Pazova","VO","22300","Serbia","stefan.indjic@gmail.com","+381.63553301","","","","","","","","","","","","","","","","clientTransferProhibited","","",""
"24","sjaaj.com","2021-03-01 16:12:44","2021-02-27","2021-02-27","2022-02-27","303","PDR Ltd. d/b/a PublicDomainRegistry.com","whois.publicdomainregistry.com","http://www.publicdomainregistry.com","Lazar Eric","","Ulica 217. broj 14","Cacak","Sumadija","32000","Serbia","lazareric.com@gmail.com","+381.0325562213","","Lazar Eric","","Ulica 217. broj 14","Cacak","Sumadija","32000","Serbia","lazareric.com@gmail.com","+381.0325562213","","Lazar Eric","","Ulica 217. broj 14","Cacak","Sumadija","32000","Serbia","lazareric.com@gmail.com","+381.0325562213","","","","","","","","","","","","dns1.dwhost.net","dns2.dwhost.net","dns3.dwhost.net","","clientTransferProhibited","","",""
"25","speechelo-offers.com","2021-03-01 16:11:10","2021-02-27","2021-02-27","2022-02-27","625","Name.com, Inc.","whois.name.com","http://www.name.com","Mohamed Gaber","","Vojvode supljikca 39","Novi Sad","vojvodina","21102","Serbia","","Non-Public Data","","Mohamed Gaber","","Vojvode supljikca 39","Novi Sad","vojvodina","21102","Serbia","","Non-Public Data","","Mohamed Gaber","","Vojvode supljikca 39","Novi Sad","vojvodina","21102","Serbia","","Non-Public Data","","","","","","","","","","","","ns1.bluehost.com","ns2.bluehost.com","","","addPeriod","clientTransferProhibited","",""
"26","stanaihrana.online","2021-03-01 15:34:43","2021-02-26","2021-02-27","2022-02-26","1636","Hostinger, UAB","whois.hostinger.com","http://www.hostinger.com","Not Applicable","Not Applicable","","","","","Serbia","","","","","","","","","","","","","","","","","","","","","","","","","","","","","","","","","","dns1.zyro.com","dns2.zyro.com","","","addPeriod","clientTransferProhibited","serverTransferProhibited",""
"27","trailcleaner.com","2021-03-01 16:04:54","2021-02-27","2021-02-28","2022-02-27","151","PSI-USA, Inc. dba Domain Robot","whois.psi-usa.info","http://www.psi-usa.info","REDACTED FOR PRIVACY","","REDACTED FOR PRIVACY","REDACTED FOR PRIVACY","Srbija","REDACTED FOR PRIVACY","Serbia","","REDACTED FOR PRIVACY","REDACTED FOR PRIVACY","REDACTED FOR PRIVACY","REDACTED FOR PRIVACY","REDACTED FOR PRIVACY","REDACTED FOR PRIVACY","REDACTED FOR PRIVACY","REDACTED FOR PRIVACY","REDACTED FOR PRIVACY","","REDACTED FOR PRIVACY","REDACTED FOR PRIVACY","REDACTED FOR PRIVACY","REDACTED FOR PRIVACY","REDACTED FOR PRIVACY","REDACTED FOR PRIVACY","REDACTED FOR PRIVACY","REDACTED FOR PRIVACY","REDACTED FOR PRIVACY","","REDACTED FOR PRIVACY","REDACTED FOR PRIVACY","","","","","","","","","","","ns1.ulimitserver.com","ns2.ulimitserver.com","","","clientTransferProhibited","","",""
"28","trioart.online","2021-03-01 15:38:18","2021-02-26","2021-02-26","2022-02-26","1636","Hostinger, UAB","whois.hostinger.com","http://www.hostinger.com","Not Applicable","Not Applicable","","","","","Serbia","","","","","","","","","","","","","","","","","","","","","","","","","","","","","","","","","","ns1.dns-parking.com","ns2.dns-parking.com","","","addPeriod","clientTransferProhibited","serverTransferProhibited",""
"29","ultimatedanceaward.online","2021-03-01 15:34:33","2021-02-26","2021-02-26","2022-02-26","1636","Hostinger, UAB","whois.hostinger.com","http://www.hostinger.com","Not Applicable","Not Applicable","","","","","Serbia","","","","","","","","","","","","","","","","","","","","","","","","","","","","","","","","","","ns1.dns-parking.com","ns2.dns-parking.com","","","addPeriod","clientTransferProhibited","serverTransferProhibited",""
"30","vbb-np.info","2021-03-01 15:50:11","2021-02-27","2021-02-27","2022-02-27","1068","NameCheap, Inc.","whois.namecheap.com","http://www.namecheap.com","Vk Hosting","Vk Hosting","","","Npz","","Serbia","","","","","","","","","","","","","","","","","","","","","","","","","","","","","","","","","","ns100.e-trail.eu","ns101.e-trail.eu","","","addPeriod","clientTransferProhibited","serverTransferProhibited",""
"31","videly-deal.com","2021-03-01 16:01:54","2021-02-27","2021-02-27","2022-02-27","625","Name.com, Inc.","whois.name.com","http://www.name.com","Mohamed Gaber","","Vojvode supljikca 39","Novi Sad","vojvodina","21102","Serbia","","Non-Public Data","","Mohamed Gaber","","Vojvode supljikca 39","Novi Sad","vojvodina","21102","Serbia","","Non-Public Data","","Mohamed Gaber","","Vojvode supljikca 39","Novi Sad","vojvodina","21102","Serbia","","Non-Public Data","","","","","","","","","","","","ns1.bluehost.com","ns2.bluehost.com","","","addPeriod","clientTransferProhibited","",""
"32","wrestlingdeaths.com","2021-03-01 17:41:24","2021-02-27","2021-02-27","2022-02-27","1441","TurnCommerce, Inc. DBA NameBright.com","whois.namebright.com","http://www.namebright.com","Redacted for GDPR privacy","","Redacted for GDPR privacy","Redacted for GDPR privacy","SE","Redacted for GDPR privacy","Serbia","wrestlingdeaths.com@namebrightprivacy.com","Redacted for GDPR privacy","Redacted for GDPR privacy","Redacted for GDPR privacy","Redacted for GDPR privacy","Redacted for GDPR privacy","Redacted for GDPR privacy","Redacted for GDPR privacy","Redacted for GDPR privacy","Redacted for GDPR privacy","wrestlingdeaths.com@namebrightprivacy.com","Redacted for GDPR privacy","Redacted for GDPR privacy","Redacted for GDPR privacy","Redacted for GDPR privacy","Redacted for GDPR privacy","Redacted for GDPR privacy","Redacted for GDPR privacy","Redacted for GDPR privacy","Redacted for GDPR privacy","wrestlingdeaths.com@namebrightprivacy.com","Redacted for GDPR privacy","Redacted for GDPR privacy","","","","","","","","","","","","","","","OK","","",""
"33","yogaoprema.com","2021-03-01 14:38:09","2021-02-27","2021-02-27","2023-02-27","146","GoDaddy.com, LLC","whois.godaddy.com","http://registrar.godaddy.com","","","","","serbia","","Serbia","","","","","","","","","","","","","","","","","","","","","","","","","","","","","","","","","","ns29.domaincontrol.com","ns30.domaincontrol.com","","","clientDeleteProhibited","clientRenewProhibited","clientTransferProhibited","clientUpdateProhibited"