"num","domain_name","query_time","create_date","update_date","expiry_date","domain_registrar_id","domain_registrar_name","domain_registrar_whois","domain_registrar_url","registrant_name","registrant_company","registrant_address","registrant_city","registrant_state","registrant_zip","registrant_country","registrant_email","registrant_phone","registrant_fax","administrative_name","administrative_company","administrative_address","administrative_city","administrative_state","administrative_zip","administrative_country","administrative_email","administrative_phone","administrative_fax","technical_name","technical_company","technical_address","technical_city","technical_state","technical_zip","technical_country","technical_email","technical_phone","technical_fax","billing_name","billing_company","billing_address","billing_city","billing_state","billing_zip","billing_country","billing_email","billing_phone","billing_fax","name_server_1","name_server_2","name_server_3","name_server_4","domain_status_1","domain_status_2","domain_status_3","domain_status_4"
"1","art1lib.com","2021-03-01 16:58:19","2021-02-27","2021-02-27","2022-02-27","69","Tucows Domains Inc.","whois.tucows.com","http://domainhelp.opensrs.net","REDACTED FOR PRIVACY","REDACTED FOR PRIVACY","REDACTED FOR PRIVACY","REDACTED FOR PRIVACY","Mahe","REDACTED FOR PRIVACY","Seychelles","","REDACTED FOR PRIVACY","REDACTED FOR PRIVACY","REDACTED FOR PRIVACY","REDACTED FOR PRIVACY","REDACTED FOR PRIVACY","REDACTED FOR PRIVACY","REDACTED FOR PRIVACY","REDACTED FOR PRIVACY","REDACTED FOR PRIVACY","","REDACTED FOR PRIVACY","REDACTED FOR PRIVACY","REDACTED FOR PRIVACY","REDACTED FOR PRIVACY","REDACTED FOR PRIVACY","REDACTED FOR PRIVACY","REDACTED FOR PRIVACY","REDACTED FOR PRIVACY","REDACTED FOR PRIVACY","","REDACTED FOR PRIVACY","REDACTED FOR PRIVACY","","","","","","","","","","","ns1.my-ns.org","ns2.my-ns.org","","","clientTransferProhibited","clientUpdateProhibited","",""
"2","best-board.net","2021-03-01 15:42:26","2021-02-26","2021-02-26","2022-02-26","69","Tucows Domains Inc.","whois.tucows.com","http://domainhelp.opensrs.net","REDACTED FOR PRIVACY","REDACTED FOR PRIVACY","REDACTED FOR PRIVACY","REDACTED FOR PRIVACY","Mahe","REDACTED FOR PRIVACY","Seychelles","","REDACTED FOR PRIVACY","REDACTED FOR PRIVACY","REDACTED FOR PRIVACY","REDACTED FOR PRIVACY","REDACTED FOR PRIVACY","REDACTED FOR PRIVACY","REDACTED FOR PRIVACY","REDACTED FOR PRIVACY","REDACTED FOR PRIVACY","","REDACTED FOR PRIVACY","REDACTED FOR PRIVACY","REDACTED FOR PRIVACY","REDACTED FOR PRIVACY","REDACTED FOR PRIVACY","REDACTED FOR PRIVACY","REDACTED FOR PRIVACY","REDACTED FOR PRIVACY","REDACTED FOR PRIVACY","","REDACTED FOR PRIVACY","REDACTED FOR PRIVACY","","","","","","","","","","","ns1.flokinet.net","ns2.flokinet.net","ns3.flokinet.net","ns4.flokinet.net","clientTransferProhibited","clientUpdateProhibited","",""
"3","books-howto.com","2021-03-01 17:33:06","2021-02-27","2021-02-28","2022-02-27","653","NamePal.com #8028","whois.namepal.com","http://namepal.com","Dmitry Vasilev","Elmaco Ltd.","106 PREMIER BUILDING, ALBERT STREET","Victoria","","00000","Seychelles","domkeeper777@gmail.com","+248.37258630645","+248.037258630645","Dmitry Vasilev","Elmaco Ltd.","106 PREMIER BUILDING, ALBERT STREET","Victoria","","00000","Seychelles","domkeeper777@gmail.com","+248.37258630645","+248.037258630645","Dmitry Vasilev","Elmaco Ltd.","106 PREMIER BUILDING, ALBERT STREET","Victoria","","00000","Seychelles","domkeeper777@gmail.com","+248.37258630645","+248.037258630645","","","","","","","","","","","pns1.cloudns.net","pns2.cloudns.net","","","OK","","",""
"4","kazandiranyorum.com","2021-03-01 17:09:43","2021-02-27","2021-02-28","2022-02-27","2263","Magnolia Domains, LLC","Whois.magnoliadomains.com","http://www.magnoliadomains.com","Dmitry Vasilev","Elmaco Ltd.","106 PREMIER BUILDING, ALBERT STREET","Victoria","","00000","Seychelles","domkeeper777@gmail.com","+248.37258630645","+248.037258630645","Dmitry Vasilev","Elmaco Ltd.","106 PREMIER BUILDING, ALBERT STREET","Victoria","","00000","Seychelles","domkeeper777@gmail.com","+248.37258630645","+248.037258630645","Dmitry Vasilev","Elmaco Ltd.","106 PREMIER BUILDING, ALBERT STREET","Victoria","","00000","Seychelles","domkeeper777@gmail.com","+248.37258630645","+248.037258630645","","","","","","","","","","","pns1.cloudns.net","pns2.cloudns.net","","","OK","","",""
"5","sfga.info","2021-03-01 15:50:16","2021-02-27","2021-02-27","2022-02-27","81","Gandi SAS","whois.gandi.net","http://www.gandi.net","SF Global Success Trading","SF Global Success Trading","","","","","Seychelles","","","","","","","","","","","","","","","","","","","","","","","","","","","","","","","","","","ns-1208.awsdns-23.org","ns-2031.awsdns-61.co.uk","ns-349.awsdns-43.com","ns-519.awsdns-00.net","addPeriod","clientTransferProhibited","serverTransferProhibited",""
"6","spingreen.com","2021-03-01 17:47:48","2021-02-27","2021-02-28","2022-02-27","1483","Neubox Internet S.A. de C.V.","whois.nic.mx","http://www.neubox.com","Turn Invest Group Ltd","","Global Gateway 8 Rue de la Perle","Providence","Mahe","00000","Seychelles","sales@turninvest.com","+44.2081332711","","Turn Invest Group Ltd","","Global Gateway 8 Rue de la Perle","Providence","Mahe","00000","Seychelles","sales@turninvest.com","+44.2081332711","","Turn Invest Group Ltd","","Global Gateway 8 Rue de la Perle","Providence","Mahe","00000","Seychelles","sales@turninvest.com","+44.2081332711","","","","","","","","","","","","ns1.eftydns.com","ns2.eftydns.com","","","clientTransferProhibited","","",""