"num","domain_name","query_time","create_date","update_date","expiry_date","domain_registrar_id","domain_registrar_name","domain_registrar_whois","domain_registrar_url","registrant_name","registrant_company","registrant_address","registrant_city","registrant_state","registrant_zip","registrant_country","registrant_email","registrant_phone","registrant_fax","administrative_name","administrative_company","administrative_address","administrative_city","administrative_state","administrative_zip","administrative_country","administrative_email","administrative_phone","administrative_fax","technical_name","technical_company","technical_address","technical_city","technical_state","technical_zip","technical_country","technical_email","technical_phone","technical_fax","billing_name","billing_company","billing_address","billing_city","billing_state","billing_zip","billing_country","billing_email","billing_phone","billing_fax","name_server_1","name_server_2","name_server_3","name_server_4","domain_status_1","domain_status_2","domain_status_3","domain_status_4"
"1","ahwebservices.com","2021-03-01 17:14:34","2021-02-27","2021-02-27","2022-02-27","2013","DropCatch.com 533 LLC","whois.namebright.com","http://www.dropcatch533.com","Redacted for GDPR privacy","ImpressMedia","Redacted for GDPR privacy","Redacted for GDPR privacy","Zilinsky","Redacted for GDPR privacy","Slovakia","ahwebservices.com@namebrightprivacy.com","Redacted for GDPR privacy","Redacted for GDPR privacy","Redacted for GDPR privacy","Redacted for GDPR privacy","Redacted for GDPR privacy","Redacted for GDPR privacy","Redacted for GDPR privacy","Redacted for GDPR privacy","Redacted for GDPR privacy","ahwebservices.com@namebrightprivacy.com","Redacted for GDPR privacy","Redacted for GDPR privacy","Redacted for GDPR privacy","Redacted for GDPR privacy","Redacted for GDPR privacy","Redacted for GDPR privacy","Redacted for GDPR privacy","Redacted for GDPR privacy","Redacted for GDPR privacy","ahwebservices.com@namebrightprivacy.com","Redacted for GDPR privacy","Redacted for GDPR privacy","","","","","","","","","","","","","","","clientTransferProhibited","","",""
"2","airspeeder.tech","2021-03-01 15:25:24","2021-02-26","","2022-02-26","1505","Gransy s.r.o. d/b/a subreg.cz","whois.regtons.com","http://regtons.com","Omnikor, spol. s r.o.","Omnikor, spol. s r.o.","","","","","Slovakia","","","","","","","","","","","","","","","","","","","","","","","","","","","","","","","","","","ns1.nichosting.info","ns1.nichosting.sk","ns2.nichosting.info","ns2.nichosting.sk","addPeriod","serverTransferProhibited","",""
"3","akmenhertova.online","2021-03-01 15:38:09","2021-02-26","","2022-02-26","1505","Gransy s.r.o. d/b/a subreg.cz","whois.regtons.com","http://regtons.com","JUDr. Monika Menhertova - advokat","JUDr. Monika Menhertova - advokat","","","","","Slovakia","","","","","","","","","","","","","","","","","","","","","","","","","","","","","","","","","","ns1.websupport.sk","ns2.websupport.sk","ns3.websupport.sk","","addPeriod","serverTransferProhibited","",""
"4","andredelvalle.com","2021-03-01 17:09:42","2021-02-27","2021-02-27","2022-02-27","3429","DropCatch.com 1220 LLC","","","Redacted for GDPR privacy","ImpressMedia","Redacted for GDPR privacy","Redacted for GDPR privacy","Zilinsky","Redacted for GDPR privacy","Slovakia","andredelvalle.com@namebrightprivacy.com","Redacted for GDPR privacy","Redacted for GDPR privacy","Redacted for GDPR privacy","Redacted for GDPR privacy","Redacted for GDPR privacy","Redacted for GDPR privacy","Redacted for GDPR privacy","Redacted for GDPR privacy","Redacted for GDPR privacy","andredelvalle.com@namebrightprivacy.com","Redacted for GDPR privacy","Redacted for GDPR privacy","Redacted for GDPR privacy","Redacted for GDPR privacy","Redacted for GDPR privacy","Redacted for GDPR privacy","Redacted for GDPR privacy","Redacted for GDPR privacy","Redacted for GDPR privacy","andredelvalle.com@namebrightprivacy.com","Redacted for GDPR privacy","Redacted for GDPR privacy","","","","","","","","","","","","","","","clientTransferProhibited","","",""
"5","balabim.net","2021-03-01 15:42:31","2021-02-26","2021-02-26","2022-02-26","113","CSL Computer Service Langenbach GmbH d/b/a joker.com","whois.joker.com","http://www.joker.com","Ascona Trading s.r.o.","Ascona Trading s.r.o.","","","","","Slovakia","","","","","","","","","","","","","","","","","","","","","","","","","","","","","","","","","","ns1.mojsite.com","ns2.mojsite.com","","","clientTransferProhibited","","",""
"6","bespokekeyboards.com","2021-03-01 17:08:46","2021-02-27","2021-02-27","2022-02-27","1961","DropCatch.com 481 LLC","whois.namebright.com","http://www.dropcatch481.com","Redacted for GDPR privacy","ImpressMedia","Redacted for GDPR privacy","Redacted for GDPR privacy","Zilinsky","Redacted for GDPR privacy","Slovakia","bespokekeyboards.com@namebrightprivacy.com","Redacted for GDPR privacy","Redacted for GDPR privacy","Redacted for GDPR privacy","Redacted for GDPR privacy","Redacted for GDPR privacy","Redacted for GDPR privacy","Redacted for GDPR privacy","Redacted for GDPR privacy","Redacted for GDPR privacy","bespokekeyboards.com@namebrightprivacy.com","Redacted for GDPR privacy","Redacted for GDPR privacy","Redacted for GDPR privacy","Redacted for GDPR privacy","Redacted for GDPR privacy","Redacted for GDPR privacy","Redacted for GDPR privacy","Redacted for GDPR privacy","Redacted for GDPR privacy","bespokekeyboards.com@namebrightprivacy.com","Redacted for GDPR privacy","Redacted for GDPR privacy","","","","","","","","","","","","","","","clientTransferProhibited","","",""
"7","blackoutbullets.com","2021-03-01 17:30:41","2021-02-27","2021-02-27","2022-02-27","1828","DropCatch.com 417 LLC","whois.namebright.com","http://www.dropcatch417.com","Redacted for GDPR privacy","ImpressMedia","Redacted for GDPR privacy","Redacted for GDPR privacy","Zilinsky","Redacted for GDPR privacy","Slovakia","blackoutbullets.com@namebrightprivacy.com","Redacted for GDPR privacy","Redacted for GDPR privacy","Redacted for GDPR privacy","Redacted for GDPR privacy","Redacted for GDPR privacy","Redacted for GDPR privacy","Redacted for GDPR privacy","Redacted for GDPR privacy","Redacted for GDPR privacy","blackoutbullets.com@namebrightprivacy.com","Redacted for GDPR privacy","Redacted for GDPR privacy","Redacted for GDPR privacy","Redacted for GDPR privacy","Redacted for GDPR privacy","Redacted for GDPR privacy","Redacted for GDPR privacy","Redacted for GDPR privacy","Redacted for GDPR privacy","blackoutbullets.com@namebrightprivacy.com","Redacted for GDPR privacy","Redacted for GDPR privacy","","","","","","","","","","","","","","","clientTransferProhibited","","",""
"8","botanika.company","2021-03-01 14:37:05","2021-02-27","2021-02-27","2022-02-27","1505","Gransy s.r.o. d/b/a subreg.cz","whois.regtons.com","http://regtons.com","REDACTED FOR PRIVACY","Mgr. Daniela Gaborova - dan_gab","REDACTED FOR PRIVACY","REDACTED FOR PRIVACY","","REDACTED FOR PRIVACY","Slovakia","","REDACTED FOR PRIVACY","REDACTED FOR PRIVACY","","","","","","","","","","","","","","","","","","","","","","","","","","","","","","","","","","","addPeriod","","",""
"9","carental.online","2021-03-01 15:38:29","2021-02-26","","2022-02-26","1505","Gransy s.r.o. d/b/a subreg.cz","whois.regtons.com","http://regtons.com","MAXISOFT, s. r. o.","MAXISOFT, s. r. o.","","","","","Slovakia","","","","","","","","","","","","","","","","","","","","","","","","","","","","","","","","","","ns1.websupport.sk","ns2.websupport.sk","ns3.websupport.sk","","addPeriod","serverTransferProhibited","",""
"10","collegetowndevelopment.com","2021-03-01 14:23:30","2021-02-27","2021-02-27","2022-02-27","2687","DropCatch.com 928 LLC","whois.namebright.com","http://www.dropcatch928.com","Redacted for GDPR privacy","ImpressMedia","Redacted for GDPR privacy","Redacted for GDPR privacy","Zilinsky","Redacted for GDPR privacy","Slovakia","collegetowndevelopment.com@namebrightprivacy.com","Redacted for GDPR privacy","Redacted for GDPR privacy","Redacted for GDPR privacy","Redacted for GDPR privacy","Redacted for GDPR privacy","Redacted for GDPR privacy","Redacted for GDPR privacy","Redacted for GDPR privacy","Redacted for GDPR privacy","collegetowndevelopment.com@namebrightprivacy.com","Redacted for GDPR privacy","Redacted for GDPR privacy","Redacted for GDPR privacy","Redacted for GDPR privacy","Redacted for GDPR privacy","Redacted for GDPR privacy","Redacted for GDPR privacy","Redacted for GDPR privacy","Redacted for GDPR privacy","collegetowndevelopment.com@namebrightprivacy.com","Redacted for GDPR privacy","Redacted for GDPR privacy","","","","","","","","","","","","","","","clientTransferProhibited","","",""
"11","colouringthepast.com","2021-03-01 14:19:17","2021-02-27","2021-02-27","2022-02-27","2586","DROPCATCH.COM 827 LLC","whois.namebright.com","http://www.namebright.com","Redacted for GDPR privacy","ImpressMedia","Redacted for GDPR privacy","Redacted for GDPR privacy","Zilinsky","Redacted for GDPR privacy","Slovakia","colouringthepast.com@namebrightprivacy.com","Redacted for GDPR privacy","Redacted for GDPR privacy","Redacted for GDPR privacy","Redacted for GDPR privacy","Redacted for GDPR privacy","Redacted for GDPR privacy","Redacted for GDPR privacy","Redacted for GDPR privacy","Redacted for GDPR privacy","colouringthepast.com@namebrightprivacy.com","Redacted for GDPR privacy","Redacted for GDPR privacy","Redacted for GDPR privacy","Redacted for GDPR privacy","Redacted for GDPR privacy","Redacted for GDPR privacy","Redacted for GDPR privacy","Redacted for GDPR privacy","Redacted for GDPR privacy","colouringthepast.com@namebrightprivacy.com","Redacted for GDPR privacy","Redacted for GDPR privacy","","","","","","","","","","","","","","","clientTransferProhibited","","",""
"12","companymeinl.com","2021-03-01 16:51:50","2021-02-27","","2022-02-27","1505","Gransy s.r.o. d/b/a subreg.cz","whois.regtons.com","http://regtons.com","Not Disclosed Not Disclosed","Kuw Kunst und Wiederaufbau sro","Not Disclosed","Not Disclosed","","Not Disclosed","Slovakia","webproxy@whoisprotection.domains","Not Disclosed","Not Disclosed","Not Disclosed Not Disclosed","","Not Disclosed","Not Disclosed","Not Disclosed","Not Disclosed","Not Disclosed","webproxy@whoisprotection.domains","Not Disclosed","Not Disclosed","Not Disclosed Not Disclosed","","Not Disclosed","Not Disclosed","Not Disclosed","Not Disclosed","Not Disclosed","webproxy@whoisprotection.domains","Not Disclosed","Not Disclosed","","","","","","","","","","","ns1.websupport.sk","ns2.websupport.sk","ns3.websupport.sk","","","","",""
"13","compotes.online","2021-03-01 15:37:52","2021-02-26","","2022-02-26","1505","Gransy s.r.o. d/b/a subreg.cz","whois.regtons.com","http://regtons.com","","","","","","","Slovakia","","","","","","","","","","","","","","","","","","","","","","","","","","","","","","","","","","ns1.websupport.sk","ns2.websupport.sk","ns3.websupport.sk","","addPeriod","serverTransferProhibited","",""
"14","darkskymatter.com","2021-03-01 16:50:07","2021-02-27","","2022-02-27","1505","Gransy s.r.o. d/b/a subreg.cz","whois.regtons.com","http://regtons.com","Not Disclosed Not Disclosed","Obcianske zdruzenie Astronomia pre vsetkych","Not Disclosed","Not Disclosed","","Not Disclosed","Slovakia","webproxy@whoisprotection.domains","Not Disclosed","Not Disclosed","Not Disclosed Not Disclosed","","Not Disclosed","Not Disclosed","Not Disclosed","Not Disclosed","Not Disclosed","webproxy@whoisprotection.domains","Not Disclosed","Not Disclosed","Not Disclosed Not Disclosed","","Not Disclosed","Not Disclosed","Not Disclosed","Not Disclosed","Not Disclosed","webproxy@whoisprotection.domains","Not Disclosed","Not Disclosed","","","","","","","","","","","ns1.websupport.sk","ns2.websupport.sk","ns3.websupport.sk","","","","",""
"15","davesfilmclub.com","2021-03-01 16:50:10","2021-02-27","2021-02-27","2022-02-27","1505","Gransy s.r.o. d/b/a subreg.cz","whois.regtons.com","http://regtons.com","Not Disclosed Not Disclosed","","Not Disclosed","Not Disclosed","","Not Disclosed","Slovakia","webproxy@whoisprotection.domains","Not Disclosed","Not Disclosed","Not Disclosed Not Disclosed","","Not Disclosed","Not Disclosed","Not Disclosed","Not Disclosed","Not Disclosed","webproxy@whoisprotection.domains","Not Disclosed","Not Disclosed","Not Disclosed Not Disclosed","","Not Disclosed","Not Disclosed","Not Disclosed","Not Disclosed","Not Disclosed","webproxy@whoisprotection.domains","Not Disclosed","Not Disclosed","","","","","","","","","","","ns1.websupport.sk","ns2.websupport.sk","ns3.websupport.sk","","OK","","",""
"16","dnesvarim.online","2021-03-01 15:37:51","2021-02-26","","2022-02-26","1505","Gransy s.r.o. d/b/a subreg.cz","whois.regtons.com","http://regtons.com","","","","","","","Slovakia","","","","","","","","","","","","","","","","","","","","","","","","","","","","","","","","","","ns1.websupport.sk","ns2.websupport.sk","ns3.websupport.sk","","addPeriod","serverTransferProhibited","",""
"17","europamark-hospitality.com","2021-03-01 16:44:58","2021-02-27","2021-02-27","2022-02-27","1505","Gransy s.r.o. d/b/a subreg.cz","whois.regtons.com","http://regtons.com","Not Disclosed Not Disclosed","Indeavor IMPEX S R O (trade name Europamark)","Not Disclosed","Not Disclosed","","Not Disclosed","Slovakia","webproxy@whoisprotection.domains","Not Disclosed","Not Disclosed","Not Disclosed Not Disclosed","","Not Disclosed","Not Disclosed","Not Disclosed","Not Disclosed","Not Disclosed","webproxy@whoisprotection.domains","Not Disclosed","Not Disclosed","Not Disclosed Not Disclosed","","Not Disclosed","Not Disclosed","Not Disclosed","Not Disclosed","Not Disclosed","webproxy@whoisprotection.domains","Not Disclosed","Not Disclosed","","","","","","","","","","","ns1.websupport.sk","ns2.websupport.sk","ns3.websupport.sk","","OK","","",""
"18","europamark-hygiene.com","2021-03-01 16:45:07","2021-02-27","2021-02-27","2022-02-27","1505","Gransy s.r.o. d/b/a subreg.cz","whois.regtons.com","http://regtons.com","Not Disclosed Not Disclosed","Indeavor IMPEX S R O (trade name Europamark)","Not Disclosed","Not Disclosed","","Not Disclosed","Slovakia","webproxy@whoisprotection.domains","Not Disclosed","Not Disclosed","Not Disclosed Not Disclosed","","Not Disclosed","Not Disclosed","Not Disclosed","Not Disclosed","Not Disclosed","webproxy@whoisprotection.domains","Not Disclosed","Not Disclosed","Not Disclosed Not Disclosed","","Not Disclosed","Not Disclosed","Not Disclosed","Not Disclosed","Not Disclosed","webproxy@whoisprotection.domains","Not Disclosed","Not Disclosed","","","","","","","","","","","ns1.websupport.sk","ns2.websupport.sk","ns3.websupport.sk","","OK","","",""
"19","flylittlethings.com","2021-03-01 17:47:13","2021-02-27","2021-02-27","2022-02-27","2176","DropCatch.com 696 LLC","whois.namebright.com","http://www.dropcatch696.com","Redacted for GDPR privacy","ImpressMedia","Redacted for GDPR privacy","Redacted for GDPR privacy","Zilinsky","Redacted for GDPR privacy","Slovakia","flylittlethings.com@namebrightprivacy.com","Redacted for GDPR privacy","Redacted for GDPR privacy","Redacted for GDPR privacy","Redacted for GDPR privacy","Redacted for GDPR privacy","Redacted for GDPR privacy","Redacted for GDPR privacy","Redacted for GDPR privacy","Redacted for GDPR privacy","flylittlethings.com@namebrightprivacy.com","Redacted for GDPR privacy","Redacted for GDPR privacy","Redacted for GDPR privacy","Redacted for GDPR privacy","Redacted for GDPR privacy","Redacted for GDPR privacy","Redacted for GDPR privacy","Redacted for GDPR privacy","Redacted for GDPR privacy","flylittlethings.com@namebrightprivacy.com","Redacted for GDPR privacy","Redacted for GDPR privacy","","","","","","","","","","","","","","","clientTransferProhibited","","",""
"20","flytaxi.online","2021-03-01 15:38:24","2021-02-26","2021-02-26","2022-02-26","146","GoDaddy.com, LLC","whois.godaddy.com","http://registrar.godaddy.com","","","","","","","Slovakia","","","","","","","","","","","","","","","","","","","","","","","","","","","","","","","","","","ns31.domaincontrol.com","ns32.domaincontrol.com","","","addPeriod","clientDeleteProhibited","clientRenewProhibited","clientTransferProhibited"
"21","fursuitstuff.com","2021-03-01 17:14:29","2021-02-27","2021-02-27","2022-02-27","2679","DropCatch.com 920 LLC","whois.namebright.com","http://www.namebright.com","Redacted for GDPR privacy","ImpressMedia","Redacted for GDPR privacy","Redacted for GDPR privacy","Zilinsky","Redacted for GDPR privacy","Slovakia","fursuitstuff.com@namebrightprivacy.com","Redacted for GDPR privacy","Redacted for GDPR privacy","Redacted for GDPR privacy","Redacted for GDPR privacy","Redacted for GDPR privacy","Redacted for GDPR privacy","Redacted for GDPR privacy","Redacted for GDPR privacy","Redacted for GDPR privacy","fursuitstuff.com@namebrightprivacy.com","Redacted for GDPR privacy","Redacted for GDPR privacy","Redacted for GDPR privacy","Redacted for GDPR privacy","Redacted for GDPR privacy","Redacted for GDPR privacy","Redacted for GDPR privacy","Redacted for GDPR privacy","Redacted for GDPR privacy","fursuitstuff.com@namebrightprivacy.com","Redacted for GDPR privacy","Redacted for GDPR privacy","","","","","","","","","","","","","","","clientTransferProhibited","","",""
"22","goceevee.com","2021-03-01 17:36:10","2021-02-27","","2022-02-27","1505","Gransy s.r.o. d/b/a subreg.cz","whois.regtons.com","http://regtons.com","Not Disclosed Not Disclosed","Netmedia s.r.o.","Not Disclosed","Not Disclosed","","Not Disclosed","Slovakia","webproxy@whoisprotection.domains","Not Disclosed","Not Disclosed","Not Disclosed Not Disclosed","","Not Disclosed","Not Disclosed","Not Disclosed","Not Disclosed","Not Disclosed","webproxy@whoisprotection.domains","Not Disclosed","Not Disclosed","Not Disclosed Not Disclosed","","Not Disclosed","Not Disclosed","Not Disclosed","Not Disclosed","Not Disclosed","webproxy@whoisprotection.domains","Not Disclosed","Not Disclosed","","","","","","","","","","","ns1.websupport.sk","ns2.websupport.sk","ns3.websupport.sk","","","","",""
"23","gramit.net","2021-03-01 15:44:20","2021-02-26","2021-02-27","2022-02-26","1505","Gransy s.r.o. d/b/a subreg.cz","whois.regtons.com","http://regtons.com","Not Disclosed Not Disclosed","","Not Disclosed","Not Disclosed","","Not Disclosed","Slovakia","webproxy@whoisprotection.domains","Not Disclosed","Not Disclosed","Not Disclosed Not Disclosed","","Not Disclosed","Not Disclosed","Not Disclosed","Not Disclosed","Not Disclosed","webproxy@whoisprotection.domains","Not Disclosed","Not Disclosed","Not Disclosed Not Disclosed","","Not Disclosed","Not Disclosed","Not Disclosed","Not Disclosed","Not Disclosed","webproxy@whoisprotection.domains","Not Disclosed","Not Disclosed","","","","","","","","","","","ns1.contabo.net","ns2.contabo.net","","","OK","","",""
"24","helenoftroybras.com","2021-03-01 17:40:14","2021-02-27","2021-02-27","2022-02-27","3666","DropCatch.com 1457 LLC","","","Redacted for GDPR privacy","ImpressMedia","Redacted for GDPR privacy","Redacted for GDPR privacy","Zilinsky","Redacted for GDPR privacy","Slovakia","helenoftroybras.com@namebrightprivacy.com","Redacted for GDPR privacy","Redacted for GDPR privacy","Redacted for GDPR privacy","Redacted for GDPR privacy","Redacted for GDPR privacy","Redacted for GDPR privacy","Redacted for GDPR privacy","Redacted for GDPR privacy","Redacted for GDPR privacy","helenoftroybras.com@namebrightprivacy.com","Redacted for GDPR privacy","Redacted for GDPR privacy","Redacted for GDPR privacy","Redacted for GDPR privacy","Redacted for GDPR privacy","Redacted for GDPR privacy","Redacted for GDPR privacy","Redacted for GDPR privacy","Redacted for GDPR privacy","helenoftroybras.com@namebrightprivacy.com","Redacted for GDPR privacy","Redacted for GDPR privacy","","","","","","","","","","","","","","","clientTransferProhibited","","",""
"25","iamjrmarjefferson.com","2021-03-01 17:09:46","2021-02-27","2021-02-27","2022-02-27","2174","DropCatch.com 694 LLC","whois.namebright.com","http://www.dropcatch694.com","Redacted for GDPR privacy","ImpressMedia","Redacted for GDPR privacy","Redacted for GDPR privacy","Zilinsky","Redacted for GDPR privacy","Slovakia","iamjrmarjefferson.com@namebrightprivacy.com","Redacted for GDPR privacy","Redacted for GDPR privacy","Redacted for GDPR privacy","Redacted for GDPR privacy","Redacted for GDPR privacy","Redacted for GDPR privacy","Redacted for GDPR privacy","Redacted for GDPR privacy","Redacted for GDPR privacy","iamjrmarjefferson.com@namebrightprivacy.com","Redacted for GDPR privacy","Redacted for GDPR privacy","Redacted for GDPR privacy","Redacted for GDPR privacy","Redacted for GDPR privacy","Redacted for GDPR privacy","Redacted for GDPR privacy","Redacted for GDPR privacy","Redacted for GDPR privacy","iamjrmarjefferson.com@namebrightprivacy.com","Redacted for GDPR privacy","Redacted for GDPR privacy","","","","","","","","","","","","","","","clientTransferProhibited","","",""
"26","ibtips.com","2021-03-01 14:18:54","2021-02-27","2021-02-27","2022-02-27","2643","DropCatch.com 884 LLC","whois.namebright.com","http://www.dropcatch884.com","Redacted for GDPR privacy","ImpressMedia","Redacted for GDPR privacy","Redacted for GDPR privacy","Zilinsky","Redacted for GDPR privacy","Slovakia","ibtips.com@namebrightprivacy.com","Redacted for GDPR privacy","Redacted for GDPR privacy","Redacted for GDPR privacy","Redacted for GDPR privacy","Redacted for GDPR privacy","Redacted for GDPR privacy","Redacted for GDPR privacy","Redacted for GDPR privacy","Redacted for GDPR privacy","ibtips.com@namebrightprivacy.com","Redacted for GDPR privacy","Redacted for GDPR privacy","Redacted for GDPR privacy","Redacted for GDPR privacy","Redacted for GDPR privacy","Redacted for GDPR privacy","Redacted for GDPR privacy","Redacted for GDPR privacy","Redacted for GDPR privacy","ibtips.com@namebrightprivacy.com","Redacted for GDPR privacy","Redacted for GDPR privacy","","","","","","","","","","","","","","","clientTransferProhibited","","",""
"27","ideacorp.online","2021-03-01 15:37:32","2021-02-26","","2022-02-26","1505","Gransy s.r.o. d/b/a subreg.cz","whois.regtons.com","http://regtons.com","IdeaCorp s. r. o.","IdeaCorp s. r. o.","","","","","Slovakia","","","","","","","","","","","","","","","","","","","","","","","","","","","","","","","","","","ns1.wy.sk","ns1.wydns.net","ns2.wy.sk","ns2.wydns.net","addPeriod","serverTransferProhibited","",""
"28","ideacorp.space","2021-03-01 15:27:57","2021-02-26","","2022-02-26","1505","Gransy s.r.o. d/b/a subreg.cz","whois.regtons.com","http://regtons.com","IdeaCorp s. r. o.","IdeaCorp s. r. o.","","","","","Slovakia","","","","","","","","","","","","","","","","","","","","","","","","","","","","","","","","","","ns1.wy.sk","ns1.wydns.net","ns2.wy.sk","ns2.wydns.net","addPeriod","serverTransferProhibited","",""
"29","ideacorp.tech","2021-03-01 15:24:14","2021-02-26","","2022-02-26","1505","Gransy s.r.o. d/b/a subreg.cz","whois.regtons.com","http://regtons.com","IdeaCorp s. r. o.","IdeaCorp s. r. o.","","","","","Slovakia","","","","","","","","","","","","","","","","","","","","","","","","","","","","","","","","","","ns1.wy.sk","ns1.wydns.net","ns2.wy.sk","ns2.wydns.net","addPeriod","serverTransferProhibited","",""
"30","jakubvalasek.com","2021-03-01 17:18:26","2021-02-27","2021-02-27","2022-02-27","1505","Gransy s.r.o. d/b/a subreg.cz","whois.regtons.com","http://regtons.com","Not Disclosed Not Disclosed","","Not Disclosed","Not Disclosed","","Not Disclosed","Slovakia","webproxy@whoisprotection.domains","Not Disclosed","Not Disclosed","Not Disclosed Not Disclosed","","Not Disclosed","Not Disclosed","Not Disclosed","Not Disclosed","Not Disclosed","webproxy@whoisprotection.domains","Not Disclosed","Not Disclosed","Not Disclosed Not Disclosed","","Not Disclosed","Not Disclosed","Not Disclosed","Not Disclosed","Not Disclosed","webproxy@whoisprotection.domains","Not Disclosed","Not Disclosed","","","","","","","","","","","ns1.websupport.sk","ns2.websupport.sk","ns3.websupport.sk","","OK","","",""
"31","jewishhumorprograms.com","2021-03-01 17:33:11","2021-02-27","2021-02-27","2022-02-27","3546","DropCatch.com 1337 LLC","","","Redacted for GDPR privacy","ImpressMedia","Redacted for GDPR privacy","Redacted for GDPR privacy","Zilinsky","Redacted for GDPR privacy","Slovakia","jewishhumorprograms.com@namebrightprivacy.com","Redacted for GDPR privacy","Redacted for GDPR privacy","Redacted for GDPR privacy","Redacted for GDPR privacy","Redacted for GDPR privacy","Redacted for GDPR privacy","Redacted for GDPR privacy","Redacted for GDPR privacy","Redacted for GDPR privacy","jewishhumorprograms.com@namebrightprivacy.com","Redacted for GDPR privacy","Redacted for GDPR privacy","Redacted for GDPR privacy","Redacted for GDPR privacy","Redacted for GDPR privacy","Redacted for GDPR privacy","Redacted for GDPR privacy","Redacted for GDPR privacy","Redacted for GDPR privacy","jewishhumorprograms.com@namebrightprivacy.com","Redacted for GDPR privacy","Redacted for GDPR privacy","","","","","","","","","","","","","","","clientTransferProhibited","","",""
"32","kurzypredospelych.online","2021-03-01 15:36:57","2021-02-26","","2022-02-26","1505","Gransy s.r.o. d/b/a subreg.cz","whois.regtons.com","http://regtons.com","the Bridge - English Language Centre, s.r.o.","the Bridge - English Language Centre, s.r.o.","","","","","Slovakia","","","","","","","","","","","","","","","","","","","","","","","","","","","","","","","","","","ns1.websupport.sk","ns2.websupport.sk","ns3.websupport.sk","","addPeriod","serverTransferProhibited","",""
"33","lunarisfigures.com","2021-03-01 16:30:29","2021-02-27","2021-02-27","2022-02-27","106","Ascio Technologies, Inc. Danmark - Filial af Ascio technologies, Inc. USA","whois.ascio.com","http://www.ascio.com","Not Disclosed","Not Disclosed","Not Disclosed","Not Disclosed","SK","Not Disclosed","Slovakia","","Not Disclosed","Not Disclosed","Not Disclosed","Not Disclosed","Not Disclosed","Not Disclosed","Not Disclosed","Not Disclosed","Not Disclosed","","Not Disclosed","Not Disclosed","Not Disclosed","Not Disclosed","Not Disclosed","Not Disclosed","Not Disclosed","Not Disclosed","Not Disclosed","","Not Disclosed","Not Disclosed","","","","","","","","","","","alfa.ns.active24.cz","beta.ns.active24.cz","gama.ns.active24.sk","","OK","","",""
"34","makavelimotivation.com","2021-03-01 16:29:53","2021-02-27","2021-02-27","2022-02-27","1505","Gransy s.r.o. d/b/a subreg.cz","whois.regtons.com","http://regtons.com","Not Disclosed Not Disclosed","","Not Disclosed","Not Disclosed","","Not Disclosed","Slovakia","webproxy@whoisprotection.domains","Not Disclosed","Not Disclosed","Not Disclosed Not Disclosed","","Not Disclosed","Not Disclosed","Not Disclosed","Not Disclosed","Not Disclosed","webproxy@whoisprotection.domains","Not Disclosed","Not Disclosed","Not Disclosed Not Disclosed","","Not Disclosed","Not Disclosed","Not Disclosed","Not Disclosed","Not Disclosed","webproxy@whoisprotection.domains","Not Disclosed","Not Disclosed","","","","","","","","","","","ns1.websupport.sk","ns2.websupport.sk","ns3.websupport.sk","","OK","","",""
"35","michellesk.online","2021-03-01 15:36:49","2021-02-26","","2022-02-26","1345","Key-Systems, LLC","whois.nic.uk","http://www.key-systems.net/","","","","","","","Slovakia","","","","","","","","","","","","","","","","","","","","","","","","","","","","","","","","","","dns.online.pro","dns2.online.pro","dns3.online.pro","","addPeriod","serverTransferProhibited","",""
"36","miniarcadebox.com","2021-03-01 17:36:18","2021-02-27","2021-02-27","2022-02-27","2000","DropCatch.com 520 LLC","whois.namebright.com","http://www.dropcatch520.com","Redacted for GDPR privacy","ImpressMedia","Redacted for GDPR privacy","Redacted for GDPR privacy","Zilinsky","Redacted for GDPR privacy","Slovakia","miniarcadebox.com@namebrightprivacy.com","Redacted for GDPR privacy","Redacted for GDPR privacy","Redacted for GDPR privacy","Redacted for GDPR privacy","Redacted for GDPR privacy","Redacted for GDPR privacy","Redacted for GDPR privacy","Redacted for GDPR privacy","Redacted for GDPR privacy","miniarcadebox.com@namebrightprivacy.com","Redacted for GDPR privacy","Redacted for GDPR privacy","Redacted for GDPR privacy","Redacted for GDPR privacy","Redacted for GDPR privacy","Redacted for GDPR privacy","Redacted for GDPR privacy","Redacted for GDPR privacy","Redacted for GDPR privacy","miniarcadebox.com@namebrightprivacy.com","Redacted for GDPR privacy","Redacted for GDPR privacy","","","","","","","","","","","","","","","clientTransferProhibited","","",""
"37","miruko.tech","2021-03-01 15:24:07","2021-02-26","2021-02-26","2022-02-26","","","","","","","","","","","Slovakia","","","","","","","","","","","","","","","","","","","","","","","","","","","","","","","","","","ns.wedos.com","ns.wedos.cz","ns.wedos.eu","ns.wedos.net","addPeriod","serverTransferProhibited","",""
"38","mjmcarwashverobeach.com","2021-03-01 17:27:03","2021-02-27","2021-02-27","2022-02-27","2191","DropCatch.com 711 LLC","whois.namebright.com","http://www.dropcatch711.com","Redacted for GDPR privacy","ImpressMedia","Redacted for GDPR privacy","Redacted for GDPR privacy","Zilinsky","Redacted for GDPR privacy","Slovakia","mjmcarwashverobeach.com@namebrightprivacy.com","Redacted for GDPR privacy","Redacted for GDPR privacy","Redacted for GDPR privacy","Redacted for GDPR privacy","Redacted for GDPR privacy","Redacted for GDPR privacy","Redacted for GDPR privacy","Redacted for GDPR privacy","Redacted for GDPR privacy","mjmcarwashverobeach.com@namebrightprivacy.com","Redacted for GDPR privacy","Redacted for GDPR privacy","Redacted for GDPR privacy","Redacted for GDPR privacy","Redacted for GDPR privacy","Redacted for GDPR privacy","Redacted for GDPR privacy","Redacted for GDPR privacy","Redacted for GDPR privacy","mjmcarwashverobeach.com@namebrightprivacy.com","Redacted for GDPR privacy","Redacted for GDPR privacy","","","","","","","","","","","","","","","clientTransferProhibited","","",""
"39","newofficestore.com","2021-03-01 14:22:48","2021-02-27","2021-02-27","2022-02-27","2670","DropCatch.com 911 LLC","whois.namebright.com","http://www.namebright.com","Redacted for GDPR privacy","ImpressMedia","Redacted for GDPR privacy","Redacted for GDPR privacy","Zilinsky","Redacted for GDPR privacy","Slovakia","newofficestore.com@namebrightprivacy.com","Redacted for GDPR privacy","Redacted for GDPR privacy","Redacted for GDPR privacy","Redacted for GDPR privacy","Redacted for GDPR privacy","Redacted for GDPR privacy","Redacted for GDPR privacy","Redacted for GDPR privacy","Redacted for GDPR privacy","newofficestore.com@namebrightprivacy.com","Redacted for GDPR privacy","Redacted for GDPR privacy","Redacted for GDPR privacy","Redacted for GDPR privacy","Redacted for GDPR privacy","Redacted for GDPR privacy","Redacted for GDPR privacy","Redacted for GDPR privacy","Redacted for GDPR privacy","newofficestore.com@namebrightprivacy.com","Redacted for GDPR privacy","Redacted for GDPR privacy","","","","","","","","","","","","","","","clientTransferProhibited","","",""
"40","nileethiorestaurant.com","2021-03-01 17:36:08","2021-02-27","2021-02-27","2022-02-27","2777","DropCatch.com 1018 LLC","whois.namebright.com","http://www.namebright.com","Redacted for GDPR privacy","ImpressMedia","Redacted for GDPR privacy","Redacted for GDPR privacy","Zilinsky","Redacted for GDPR privacy","Slovakia","nileethiorestaurant.com@namebrightprivacy.com","Redacted for GDPR privacy","Redacted for GDPR privacy","Redacted for GDPR privacy","Redacted for GDPR privacy","Redacted for GDPR privacy","Redacted for GDPR privacy","Redacted for GDPR privacy","Redacted for GDPR privacy","Redacted for GDPR privacy","nileethiorestaurant.com@namebrightprivacy.com","Redacted for GDPR privacy","Redacted for GDPR privacy","Redacted for GDPR privacy","Redacted for GDPR privacy","Redacted for GDPR privacy","Redacted for GDPR privacy","Redacted for GDPR privacy","Redacted for GDPR privacy","Redacted for GDPR privacy","nileethiorestaurant.com@namebrightprivacy.com","Redacted for GDPR privacy","Redacted for GDPR privacy","","","","","","","","","","","","","","","clientTransferProhibited","","",""
"41","nubless.com","2021-03-01 17:13:07","2021-02-27","2021-02-27","2022-02-27","1809","DropCatch.com 398 LLC","whois.namebright.com","http://www.dropcatch398.com","Redacted for GDPR privacy","ImpressMedia","Redacted for GDPR privacy","Redacted for GDPR privacy","Zilinsky","Redacted for GDPR privacy","Slovakia","nubless.com@namebrightprivacy.com","Redacted for GDPR privacy","Redacted for GDPR privacy","Redacted for GDPR privacy","Redacted for GDPR privacy","Redacted for GDPR privacy","Redacted for GDPR privacy","Redacted for GDPR privacy","Redacted for GDPR privacy","Redacted for GDPR privacy","nubless.com@namebrightprivacy.com","Redacted for GDPR privacy","Redacted for GDPR privacy","Redacted for GDPR privacy","Redacted for GDPR privacy","Redacted for GDPR privacy","Redacted for GDPR privacy","Redacted for GDPR privacy","Redacted for GDPR privacy","Redacted for GDPR privacy","nubless.com@namebrightprivacy.com","Redacted for GDPR privacy","Redacted for GDPR privacy","","","","","","","","","","","","","","","clientTransferProhibited","","",""
"42","preppergearbox.com","2021-03-01 17:50:38","2021-02-27","2021-02-27","2022-02-27","2540","DROPCATCH.COM 781 LLC","whois.namebright.com","http://www.dropcatch781.com","Redacted for GDPR privacy","ImpressMedia","Redacted for GDPR privacy","Redacted for GDPR privacy","Zilinsky","Redacted for GDPR privacy","Slovakia","preppergearbox.com@namebrightprivacy.com","Redacted for GDPR privacy","Redacted for GDPR privacy","Redacted for GDPR privacy","Redacted for GDPR privacy","Redacted for GDPR privacy","Redacted for GDPR privacy","Redacted for GDPR privacy","Redacted for GDPR privacy","Redacted for GDPR privacy","preppergearbox.com@namebrightprivacy.com","Redacted for GDPR privacy","Redacted for GDPR privacy","Redacted for GDPR privacy","Redacted for GDPR privacy","Redacted for GDPR privacy","Redacted for GDPR privacy","Redacted for GDPR privacy","Redacted for GDPR privacy","Redacted for GDPR privacy","preppergearbox.com@namebrightprivacy.com","Redacted for GDPR privacy","Redacted for GDPR privacy","","","","","","","","","","","","","","","clientTransferProhibited","","",""
"43","pressburg.online","2021-03-01 15:36:33","2021-02-26","","2022-02-26","1505","Gransy s.r.o. d/b/a subreg.cz","whois.regtons.com","http://regtons.com","the Bridge - English Language Centre, s.r.o.","the Bridge - English Language Centre, s.r.o.","","","","","Slovakia","","","","","","","","","","","","","","","","","","","","","","","","","","","","","","","","","","ns1.websupport.sk","ns2.websupport.sk","ns3.websupport.sk","","addPeriod","serverTransferProhibited","",""
"44","redditwallpapers.com","2021-03-01 17:14:44","2021-02-27","2021-02-27","2022-02-27","3750","DropCatch.com 1541 LLC","","","Redacted for GDPR privacy","ImpressMedia","Redacted for GDPR privacy","Redacted for GDPR privacy","Zilinsky","Redacted for GDPR privacy","Slovakia","redditwallpapers.com@namebrightprivacy.com","Redacted for GDPR privacy","Redacted for GDPR privacy","Redacted for GDPR privacy","Redacted for GDPR privacy","Redacted for GDPR privacy","Redacted for GDPR privacy","Redacted for GDPR privacy","Redacted for GDPR privacy","Redacted for GDPR privacy","redditwallpapers.com@namebrightprivacy.com","Redacted for GDPR privacy","Redacted for GDPR privacy","Redacted for GDPR privacy","Redacted for GDPR privacy","Redacted for GDPR privacy","Redacted for GDPR privacy","Redacted for GDPR privacy","Redacted for GDPR privacy","Redacted for GDPR privacy","redditwallpapers.com@namebrightprivacy.com","Redacted for GDPR privacy","Redacted for GDPR privacy","","","","","","","","","","","","","","","clientTransferProhibited","","",""
"45","roadmanglerdeluxe.com","2021-03-01 17:33:13","2021-02-27","2021-02-27","2022-02-27","2178","DropCatch.com 698 LLC","whois.namebright.com","http://www.dropcatch698.com","Redacted for GDPR privacy","ImpressMedia","Redacted for GDPR privacy","Redacted for GDPR privacy","Zilinsky","Redacted for GDPR privacy","Slovakia","roadmanglerdeluxe.com@namebrightprivacy.com","Redacted for GDPR privacy","Redacted for GDPR privacy","Redacted for GDPR privacy","Redacted for GDPR privacy","Redacted for GDPR privacy","Redacted for GDPR privacy","Redacted for GDPR privacy","Redacted for GDPR privacy","Redacted for GDPR privacy","roadmanglerdeluxe.com@namebrightprivacy.com","Redacted for GDPR privacy","Redacted for GDPR privacy","Redacted for GDPR privacy","Redacted for GDPR privacy","Redacted for GDPR privacy","Redacted for GDPR privacy","Redacted for GDPR privacy","Redacted for GDPR privacy","Redacted for GDPR privacy","roadmanglerdeluxe.com@namebrightprivacy.com","Redacted for GDPR privacy","Redacted for GDPR privacy","","","","","","","","","","","","","","","clientTransferProhibited","","",""
"46","roselilyphotography.com","2021-03-01 17:44:35","2021-02-27","2021-02-27","2022-02-27","2709","DropCatch.com 950 LLC","whois.namebright.com","http://www.dropcatch950.com","Redacted for GDPR privacy","ImpressMedia","Redacted for GDPR privacy","Redacted for GDPR privacy","Zilinsky","Redacted for GDPR privacy","Slovakia","roselilyphotography.com@namebrightprivacy.com","Redacted for GDPR privacy","Redacted for GDPR privacy","Redacted for GDPR privacy","Redacted for GDPR privacy","Redacted for GDPR privacy","Redacted for GDPR privacy","Redacted for GDPR privacy","Redacted for GDPR privacy","Redacted for GDPR privacy","roselilyphotography.com@namebrightprivacy.com","Redacted for GDPR privacy","Redacted for GDPR privacy","Redacted for GDPR privacy","Redacted for GDPR privacy","Redacted for GDPR privacy","Redacted for GDPR privacy","Redacted for GDPR privacy","Redacted for GDPR privacy","Redacted for GDPR privacy","roselilyphotography.com@namebrightprivacy.com","Redacted for GDPR privacy","Redacted for GDPR privacy","","","","","","","","","","","","","","","clientTransferProhibited","","",""
"47","schwechat.taxi","2021-03-01 15:25:24","2021-02-26","2021-02-26","2022-02-26","1519","NETIM SARL","whois.netim.com","http://www.netim.com","REDACTED FOR PRIVACY","Onlinetaxi.sk s.r.o.","REDACTED FOR PRIVACY","REDACTED FOR PRIVACY","","REDACTED FOR PRIVACY","Slovakia","","REDACTED FOR PRIVACY","REDACTED FOR PRIVACY","","","","","","","","","","","","","","","","","","","","","","","","","","","","","","","","","","","addPeriod","clientTransferProhibited","",""
"48","servis-apple.online","2021-03-01 15:34:48","2021-02-26","","2022-02-26","1505","Gransy s.r.o. d/b/a subreg.cz","whois.regtons.com","http://regtons.com","iFood s.r.o","iFood s.r.o","","","","","Slovakia","","","","","","","","","","","","","","","","","","","","","","","","","","","","","","","","","","ns1.websupport.sk","ns2.websupport.sk","ns3.websupport.sk","","addPeriod","serverTransferProhibited","",""
"49","sherrysnyder.com","2021-03-01 17:44:39","2021-02-27","2021-02-27","2022-02-27","2069","DropCatch.com 589 LLC","whois.namebright.com","http://www.dropcatch589.com","Redacted for GDPR privacy","ImpressMedia","Redacted for GDPR privacy","Redacted for GDPR privacy","Zilinsky","Redacted for GDPR privacy","Slovakia","sherrysnyder.com@namebrightprivacy.com","Redacted for GDPR privacy","Redacted for GDPR privacy","Redacted for GDPR privacy","Redacted for GDPR privacy","Redacted for GDPR privacy","Redacted for GDPR privacy","Redacted for GDPR privacy","Redacted for GDPR privacy","Redacted for GDPR privacy","sherrysnyder.com@namebrightprivacy.com","Redacted for GDPR privacy","Redacted for GDPR privacy","Redacted for GDPR privacy","Redacted for GDPR privacy","Redacted for GDPR privacy","Redacted for GDPR privacy","Redacted for GDPR privacy","Redacted for GDPR privacy","Redacted for GDPR privacy","sherrysnyder.com@namebrightprivacy.com","Redacted for GDPR privacy","Redacted for GDPR privacy","","","","","","","","","","","","","","","clientTransferProhibited","","",""
"50","skytaxi.online","2021-03-01 15:38:22","2021-02-26","2021-02-26","2022-02-26","146","GoDaddy.com, LLC","whois.godaddy.com","http://registrar.godaddy.com","","","","","","","Slovakia","","","","","","","","","","","","","","","","","","","","","","","","","","","","","","","","","","ns09.domaincontrol.com","ns10.domaincontrol.com","","","addPeriod","clientDeleteProhibited","clientRenewProhibited","clientTransferProhibited"
"51","stability-invest.com","2021-03-01 16:10:48","2021-02-27","2021-02-27","2022-02-27","1505","Gransy s.r.o. d/b/a subreg.cz","whois.regtons.com","http://regtons.com","Not Disclosed Not Disclosed","ENABLE","Not Disclosed","Not Disclosed","","Not Disclosed","Slovakia","webproxy@whoisprotection.domains","Not Disclosed","Not Disclosed","Not Disclosed Not Disclosed","","Not Disclosed","Not Disclosed","Not Disclosed","Not Disclosed","Not Disclosed","webproxy@whoisprotection.domains","Not Disclosed","Not Disclosed","Not Disclosed Not Disclosed","","Not Disclosed","Not Disclosed","Not Disclosed","Not Disclosed","Not Disclosed","webproxy@whoisprotection.domains","Not Disclosed","Not Disclosed","","","","","","","","","","","ns1.dnsbackup.net","ns1.nameserver.sk","ns2.dnsbackup.net","ns2.nameserver.sk","OK","","",""
"52","teluma.net","2021-03-01 14:40:46","2021-02-26","","2022-02-26","1505","Gransy s.r.o. d/b/a subreg.cz","whois.regtons.com","http://regtons.com","Not Disclosed Not Disclosed","URBANS s.r.o.","Not Disclosed","Not Disclosed","","Not Disclosed","Slovakia","webproxy@whoisprotection.domains","Not Disclosed","Not Disclosed","Not Disclosed Not Disclosed","","Not Disclosed","Not Disclosed","Not Disclosed","Not Disclosed","Not Disclosed","webproxy@whoisprotection.domains","Not Disclosed","Not Disclosed","Not Disclosed Not Disclosed","","Not Disclosed","Not Disclosed","Not Disclosed","Not Disclosed","Not Disclosed","webproxy@whoisprotection.domains","Not Disclosed","Not Disclosed","","","","","","","","","","","ns1.mojhosting.sk","ns2.mojhosting.sk","","","","","",""
"53","theflowonline.com","2021-03-01 17:36:52","2021-02-27","2021-02-27","2022-02-27","2602","DROPCATCH.COM 843 LLC","whois.namebright.com","http://www.dropcatch843.com","Redacted for GDPR privacy","ImpressMedia","Redacted for GDPR privacy","Redacted for GDPR privacy","Zilinsky","Redacted for GDPR privacy","Slovakia","theflowonline.com@namebrightprivacy.com","Redacted for GDPR privacy","Redacted for GDPR privacy","Redacted for GDPR privacy","Redacted for GDPR privacy","Redacted for GDPR privacy","Redacted for GDPR privacy","Redacted for GDPR privacy","Redacted for GDPR privacy","Redacted for GDPR privacy","theflowonline.com@namebrightprivacy.com","Redacted for GDPR privacy","Redacted for GDPR privacy","Redacted for GDPR privacy","Redacted for GDPR privacy","Redacted for GDPR privacy","Redacted for GDPR privacy","Redacted for GDPR privacy","Redacted for GDPR privacy","Redacted for GDPR privacy","theflowonline.com@namebrightprivacy.com","Redacted for GDPR privacy","Redacted for GDPR privacy","","","","","","","","","","","","","","","clientTransferProhibited","","",""
"54","theomahahub.com","2021-03-01 17:49:51","2021-02-27","2021-02-27","2022-02-27","2793","DropCatch.com 1034 LLC","whois.namebright.com","http://www.namebright.com","Redacted for GDPR privacy","ImpressMedia","Redacted for GDPR privacy","Redacted for GDPR privacy","Zilinsky","Redacted for GDPR privacy","Slovakia","theomahahub.com@namebrightprivacy.com","Redacted for GDPR privacy","Redacted for GDPR privacy","Redacted for GDPR privacy","Redacted for GDPR privacy","Redacted for GDPR privacy","Redacted for GDPR privacy","Redacted for GDPR privacy","Redacted for GDPR privacy","Redacted for GDPR privacy","theomahahub.com@namebrightprivacy.com","Redacted for GDPR privacy","Redacted for GDPR privacy","Redacted for GDPR privacy","Redacted for GDPR privacy","Redacted for GDPR privacy","Redacted for GDPR privacy","Redacted for GDPR privacy","Redacted for GDPR privacy","Redacted for GDPR privacy","theomahahub.com@namebrightprivacy.com","Redacted for GDPR privacy","Redacted for GDPR privacy","","","","","","","","","","","","","","","clientTransferProhibited","","",""
"55","varylearn.com","2021-03-01 17:09:44","2021-02-27","2021-02-27","2022-02-27","2085","DropCatch.com 605 LLC","whois.namebright.com","http://www.dropcatch605.com","Redacted for GDPR privacy","ImpressMedia","Redacted for GDPR privacy","Redacted for GDPR privacy","Zilinsky","Redacted for GDPR privacy","Slovakia","varylearn.com@namebrightprivacy.com","Redacted for GDPR privacy","Redacted for GDPR privacy","Redacted for GDPR privacy","Redacted for GDPR privacy","Redacted for GDPR privacy","Redacted for GDPR privacy","Redacted for GDPR privacy","Redacted for GDPR privacy","Redacted for GDPR privacy","varylearn.com@namebrightprivacy.com","Redacted for GDPR privacy","Redacted for GDPR privacy","Redacted for GDPR privacy","Redacted for GDPR privacy","Redacted for GDPR privacy","Redacted for GDPR privacy","Redacted for GDPR privacy","Redacted for GDPR privacy","Redacted for GDPR privacy","varylearn.com@namebrightprivacy.com","Redacted for GDPR privacy","Redacted for GDPR privacy","","","","","","","","","","","","","","","clientTransferProhibited","","",""
"56","vislinktechnologies.com","2021-03-01 17:14:20","2021-02-27","2021-02-27","2022-02-27","1617","PresidentialDomains LLC","whois.PresidentialDomains.com","http://www.presidentialdomains.com","Redacted for GDPR privacy","ImpressMedia","Redacted for GDPR privacy","Redacted for GDPR privacy","Zilinsky","Redacted for GDPR privacy","Slovakia","vislinktechnologies.com@namebrightprivacy.com","Redacted for GDPR privacy","Redacted for GDPR privacy","Redacted for GDPR privacy","Redacted for GDPR privacy","Redacted for GDPR privacy","Redacted for GDPR privacy","Redacted for GDPR privacy","Redacted for GDPR privacy","Redacted for GDPR privacy","vislinktechnologies.com@namebrightprivacy.com","Redacted for GDPR privacy","Redacted for GDPR privacy","Redacted for GDPR privacy","Redacted for GDPR privacy","Redacted for GDPR privacy","Redacted for GDPR privacy","Redacted for GDPR privacy","Redacted for GDPR privacy","Redacted for GDPR privacy","vislinktechnologies.com@namebrightprivacy.com","Redacted for GDPR privacy","Redacted for GDPR privacy","","","","","","","","","","","","","","","clientTransferProhibited","","",""
"57","walkthewillow.com","2021-03-01 17:52:16","2021-02-27","2021-02-27","2022-02-27","3319","DropCatch.com 1110 LLC","","","Redacted for GDPR privacy","ImpressMedia","Redacted for GDPR privacy","Redacted for GDPR privacy","Zilinsky","Redacted for GDPR privacy","Slovakia","walkthewillow.com@namebrightprivacy.com","Redacted for GDPR privacy","Redacted for GDPR privacy","Redacted for GDPR privacy","Redacted for GDPR privacy","Redacted for GDPR privacy","Redacted for GDPR privacy","Redacted for GDPR privacy","Redacted for GDPR privacy","Redacted for GDPR privacy","walkthewillow.com@namebrightprivacy.com","Redacted for GDPR privacy","Redacted for GDPR privacy","Redacted for GDPR privacy","Redacted for GDPR privacy","Redacted for GDPR privacy","Redacted for GDPR privacy","Redacted for GDPR privacy","Redacted for GDPR privacy","Redacted for GDPR privacy","walkthewillow.com@namebrightprivacy.com","Redacted for GDPR privacy","Redacted for GDPR privacy","","","","","","","","","","","","","","","clientTransferProhibited","","",""
"58","wamwheels.com","2021-03-01 15:59:54","2021-02-27","","2022-02-27","1505","Gransy s.r.o. d/b/a subreg.cz","whois.regtons.com","http://regtons.com","Not Disclosed Not Disclosed","","Not Disclosed","Not Disclosed","","Not Disclosed","Slovakia","webproxy@whoisprotection.domains","Not Disclosed","Not Disclosed","Not Disclosed Not Disclosed","","Not Disclosed","Not Disclosed","Not Disclosed","Not Disclosed","Not Disclosed","webproxy@whoisprotection.domains","Not Disclosed","Not Disclosed","Not Disclosed Not Disclosed","","Not Disclosed","Not Disclosed","Not Disclosed","Not Disclosed","Not Disclosed","webproxy@whoisprotection.domains","Not Disclosed","Not Disclosed","","","","","","","","","","","ns1.websupport.sk","ns2.websupport.sk","ns3.websupport.sk","","","","",""
"59","wangscloset.com","2021-03-01 14:22:00","2021-02-27","2021-02-27","2022-02-27","1994","DropCatch.com 514 LLC","whois.namebright.com","http://www.dropcatch514.com","Redacted for GDPR privacy","ImpressMedia","Redacted for GDPR privacy","Redacted for GDPR privacy","Zilinsky","Redacted for GDPR privacy","Slovakia","wangscloset.com@namebrightprivacy.com","Redacted for GDPR privacy","Redacted for GDPR privacy","Redacted for GDPR privacy","Redacted for GDPR privacy","Redacted for GDPR privacy","Redacted for GDPR privacy","Redacted for GDPR privacy","Redacted for GDPR privacy","Redacted for GDPR privacy","wangscloset.com@namebrightprivacy.com","Redacted for GDPR privacy","Redacted for GDPR privacy","Redacted for GDPR privacy","Redacted for GDPR privacy","Redacted for GDPR privacy","Redacted for GDPR privacy","Redacted for GDPR privacy","Redacted for GDPR privacy","Redacted for GDPR privacy","wangscloset.com@namebrightprivacy.com","Redacted for GDPR privacy","Redacted for GDPR privacy","","","","","","","","","","","","","","","clientTransferProhibited","","",""
"60","weget.site","2021-03-01 15:28:25","2021-02-26","","2023-02-26","886","Domain.com, LLC","whois.domain.com","http://www.domain.com","Lukas Fialka","Lukas Fialka","","","NA","","Slovakia","","","","","","","","","","","","","","","","","","","","","","","","","","","","","","","","","","ns1.domain.com","ns2.domain.com","","","addPeriod","serverTransferProhibited","",""
"61","zlavy.online","2021-03-01 15:38:21","2021-02-26","","2022-02-26","","","","","","","","","","","Slovakia","","","","","","","","","","","","","","","","","","","","","","","","","","","","","","","","","","ns.wedos.com","ns.wedos.cz","ns.wedos.eu","ns.wedos.net","addPeriod","serverTransferProhibited","",""
"62","zoological.store","2021-03-01 15:25:39","2021-02-26","","2022-02-26","1505","Gransy s.r.o. d/b/a subreg.cz","whois.regtons.com","http://regtons.com","Morrel, s. r. o.","Morrel, s. r. o.","","","","","Slovakia","","","","","","","","","","","","","","","","","","","","","","","","","","","","","","","","","","ns1.hostcreators.sk","ns2.hostcreators.sk","ns3.hostcreators.sk","ns4.hostcreators.eu","addPeriod","serverTransferProhibited","",""