"num","domain_name","query_time","create_date","update_date","expiry_date","domain_registrar_id","domain_registrar_name","domain_registrar_whois","domain_registrar_url","registrant_name","registrant_company","registrant_address","registrant_city","registrant_state","registrant_zip","registrant_country","registrant_email","registrant_phone","registrant_fax","administrative_name","administrative_company","administrative_address","administrative_city","administrative_state","administrative_zip","administrative_country","administrative_email","administrative_phone","administrative_fax","technical_name","technical_company","technical_address","technical_city","technical_state","technical_zip","technical_country","technical_email","technical_phone","technical_fax","billing_name","billing_company","billing_address","billing_city","billing_state","billing_zip","billing_country","billing_email","billing_phone","billing_fax","name_server_1","name_server_2","name_server_3","name_server_4","domain_status_1","domain_status_2","domain_status_3","domain_status_4"
"1","cmshosanna.com","2021-03-01 16:52:47","2021-02-27","2021-02-27","2022-02-27","1647","Hosting Concepts B.V. dba Openprovider","whois.registrar.eu","http://www.openprovider.com","REDACTED FOR PRIVACY","Global Prime Tech","REDACTED FOR PRIVACY","REDACTED FOR PRIVACY","Maritime","REDACTED FOR PRIVACY","Togo","","REDACTED FOR PRIVACY","REDACTED FOR PRIVACY","REDACTED FOR PRIVACY","REDACTED FOR PRIVACY","REDACTED FOR PRIVACY","REDACTED FOR PRIVACY","REDACTED FOR PRIVACY","REDACTED FOR PRIVACY","REDACTED FOR PRIVACY","","REDACTED FOR PRIVACY","REDACTED FOR PRIVACY","REDACTED FOR PRIVACY","REDACTED FOR PRIVACY","REDACTED FOR PRIVACY","REDACTED FOR PRIVACY","REDACTED FOR PRIVACY","REDACTED FOR PRIVACY","REDACTED FOR PRIVACY","","REDACTED FOR PRIVACY","REDACTED FOR PRIVACY","","","","","","","","","","","ns1.dns-parking.com","ns2.dns-parking.com","","","clientTransferProhibited","ok","",""
"2","gct-togo.com","2021-03-01 16:41:46","2021-02-27","2021-02-28","2023-02-27","48","eNom, Inc.","whois.enom.com","http://www.enom.com","REDACTED FOR PRIVACY","REDACTED FOR PRIVACY","REDACTED FOR PRIVACY","REDACTED FOR PRIVACY","TOGO","REDACTED FOR PRIVACY","Togo","","REDACTED FOR PRIVACY","REDACTED FOR PRIVACY","REDACTED FOR PRIVACY","REDACTED FOR PRIVACY","REDACTED FOR PRIVACY","REDACTED FOR PRIVACY","REDACTED FOR PRIVACY","REDACTED FOR PRIVACY","REDACTED FOR PRIVACY","","REDACTED FOR PRIVACY","REDACTED FOR PRIVACY","REDACTED FOR PRIVACY","REDACTED FOR PRIVACY","REDACTED FOR PRIVACY","REDACTED FOR PRIVACY","REDACTED FOR PRIVACY","REDACTED FOR PRIVACY","REDACTED FOR PRIVACY","","REDACTED FOR PRIVACY","REDACTED FOR PRIVACY","","","","","","","","","","","ns1.a2hosting.com","ns2.a2hosting.com","ns3.a2hosting.com","ns4.a2hosting.com","addPeriod","clientTransferProhibited","",""
"3","premium-africa.com","2021-03-01 17:22:08","2021-02-27","2021-02-27","2022-02-27","1630","Ligne Web Services SARL","whois.nic.fr","http://www.ait.com","","","","","","","Togo","6c79a4faf3658184d91a514d5cef9fe5@whois-anonymous.com","","","","","","","","","Togo","6c79a4faf3658184d91a514d5cef9fe5@whois-anonymous.com","","","","","","","","","Togo","6c79a4faf3658184d91a514d5cef9fe5@whois-anonymous.com","","","","","","","","","Togo","6c79a4faf3658184d91a514d5cef9fe5@whois-anonymous.com","","","","","","","More","clientTransferProhibited","informations","on"
"4","togoprosystems.com","2021-03-01 17:25:39","2021-02-27","2021-02-27","2022-02-27","1647","Hosting Concepts B.V. dba Openprovider","whois.registrar.eu","http://www.openprovider.com","REDACTED FOR PRIVACY","TOGO PRO SYSTEMS Sarl","REDACTED FOR PRIVACY","REDACTED FOR PRIVACY","Maritime","REDACTED FOR PRIVACY","Togo","","REDACTED FOR PRIVACY","REDACTED FOR PRIVACY","REDACTED FOR PRIVACY","REDACTED FOR PRIVACY","REDACTED FOR PRIVACY","REDACTED FOR PRIVACY","REDACTED FOR PRIVACY","REDACTED FOR PRIVACY","REDACTED FOR PRIVACY","","REDACTED FOR PRIVACY","REDACTED FOR PRIVACY","REDACTED FOR PRIVACY","REDACTED FOR PRIVACY","REDACTED FOR PRIVACY","REDACTED FOR PRIVACY","REDACTED FOR PRIVACY","REDACTED FOR PRIVACY","REDACTED FOR PRIVACY","","REDACTED FOR PRIVACY","REDACTED FOR PRIVACY","","","","","","","","","","","ns1.dns-parking.com","ns2.dns-parking.com","","","clientTransferProhibited","ok","",""
"5","youthlead.net","2021-03-01 15:38:50","2021-02-26","2021-02-26","2022-02-26","1630","Ligne Web Services SARL","whois.nic.fr","http://www.ait.com","","","","","","","Togo","52cdc6da88080eee2703df0821a12a10@whois-anonymous.com","","","","","","","","","Togo","52cdc6da88080eee2703df0821a12a10@whois-anonymous.com","","","","","","","","","Togo","52cdc6da88080eee2703df0821a12a10@whois-anonymous.com","","","","","","","","","Togo","52cdc6da88080eee2703df0821a12a10@whois-anonymous.com","","","","","","","More","informations","on",""