"num","domain_name","query_time","create_date","update_date","expiry_date","domain_registrar_id","domain_registrar_name","domain_registrar_whois","domain_registrar_url","registrant_name","registrant_company","registrant_address","registrant_city","registrant_state","registrant_zip","registrant_country","registrant_email","registrant_phone","registrant_fax","administrative_name","administrative_company","administrative_address","administrative_city","administrative_state","administrative_zip","administrative_country","administrative_email","administrative_phone","administrative_fax","technical_name","technical_company","technical_address","technical_city","technical_state","technical_zip","technical_country","technical_email","technical_phone","technical_fax","billing_name","billing_company","billing_address","billing_city","billing_state","billing_zip","billing_country","billing_email","billing_phone","billing_fax","name_server_1","name_server_2","name_server_3","name_server_4","domain_status_1","domain_status_2","domain_status_3","domain_status_4"
"1","aandsproductions.com","2021-03-01 17:27:24","2021-02-27","2021-02-27","2022-02-27","146","GoDaddy.com, LLC","whois.godaddy.com","http://registrar.godaddy.com","","","","","Cunupia","","Trinidad and Tobago","","","","","","","","","","","","","","","","","","","","","","","","","","","","","","","","","","ns05.domaincontrol.com","ns06.domaincontrol.com","","","clientDeleteProhibited","clientRenewProhibited","clientTransferProhibited","clientUpdateProhibited"
"2","albinofoundation.site","2021-03-01 15:29:52","2021-02-26","2021-02-26","2022-02-26","146","GoDaddy.com, LLC","whois.godaddy.com","http://registrar.godaddy.com","","","","","San Juan-Laventille Regional Corporation","","Trinidad and Tobago","","","","","","","","","","","","","","","","","","","","","","","","","","","","","","","","","","ns77.domaincontrol.com","ns78.domaincontrol.com","","","addPeriod","clientDeleteProhibited","clientRenewProhibited","clientTransferProhibited"
"3","bargaingoat.com","2021-03-01 17:43:10","2021-02-27","2021-02-28","2022-02-27","955","Launchpad, Inc.","whois.launchpad.com","http://www.launchpad.com","Muhammad Zakareeyah Ghany","None","5-8 Mosque Avenue, Parforce Road, Gasparillo","Gasparillo","SFO","120110","Trinidad and Tobago","mzghany@gmail.com","+1.8687047474","","Muhammad Zakareeyah Ghany","None","5-8 Mosque Avenue, Parforce Road, Gasparillo","Gasparillo","SFO","120110","Trinidad and Tobago","mzghany@gmail.com","+1.8687047474","","Muhammad Zakareeyah Ghany","None","5-8 Mosque Avenue, Parforce Road, Gasparillo","Gasparillo","SFO","120110","Trinidad and Tobago","mzghany@gmail.com","+1.8687047474","","","","","","","","","","","","ns6641.hostgator.com","ns6642.hostgator.com","","","clientTransferProhibited","","",""
"4","chscreativedesigns.com","2021-03-01 16:53:22","2021-02-27","2021-02-27","2022-02-27","106","Ascio Technologies, Inc. Danmark - Filial af Ascio technologies, Inc. USA","whois.ascio.com","http://www.ascio.com","Not Disclosed","Not Disclosed","Not Disclosed","Not Disclosed","","Not Disclosed","Trinidad and Tobago","","Not Disclosed","Not Disclosed","Not Disclosed","Not Disclosed","Not Disclosed","Not Disclosed","Not Disclosed","Not Disclosed","Not Disclosed","","Not Disclosed","Not Disclosed","Not Disclosed","Not Disclosed","Not Disclosed","Not Disclosed","Not Disclosed","Not Disclosed","Not Disclosed","","Not Disclosed","Not Disclosed","","","","","","","","","","","dns1.123hjemmeside.dk","dns2.123hjemmeside.dk","dns3.123hjemmeside.dk","","OK","","",""
"5","iammidastouch.com","2021-03-01 16:36:32","2021-02-26","2021-02-27","2023-02-26","146","GoDaddy.com, LLC","whois.godaddy.com","http://registrar.godaddy.com","","","","","Trinidad","","Trinidad and Tobago","","","","","","","","","","","","","","","","","","","","","","","","","","","","","","","","","","ns11.domaincontrol.com","ns12.domaincontrol.com","","","clientDeleteProhibited","clientRenewProhibited","clientTransferProhibited","clientUpdateProhibited"
"6","lifestylepioneers.com","2021-03-01 17:33:11","2021-02-27","2021-02-27","2022-02-27","69","Tucows Domains Inc.","whois.tucows.com","http://domainhelp.opensrs.net","REDACTED FOR PRIVACY","REDACTED FOR PRIVACY","REDACTED FOR PRIVACY","REDACTED FOR PRIVACY","SFO","REDACTED FOR PRIVACY","Trinidad and Tobago","","REDACTED FOR PRIVACY","REDACTED FOR PRIVACY","REDACTED FOR PRIVACY","REDACTED FOR PRIVACY","REDACTED FOR PRIVACY","REDACTED FOR PRIVACY","REDACTED FOR PRIVACY","REDACTED FOR PRIVACY","REDACTED FOR PRIVACY","","REDACTED FOR PRIVACY","REDACTED FOR PRIVACY","REDACTED FOR PRIVACY","REDACTED FOR PRIVACY","REDACTED FOR PRIVACY","REDACTED FOR PRIVACY","REDACTED FOR PRIVACY","REDACTED FOR PRIVACY","REDACTED FOR PRIVACY","","REDACTED FOR PRIVACY","REDACTED FOR PRIVACY","","","","","","","","","","","ns1.digitalbusinesslounge.com","ns2.digitalbusinesslounge.com","","","clientTransferProhibited","clientUpdateProhibited","",""
"7","sosweettdelights.com","2021-03-01 16:11:35","2021-02-27","2021-02-27","2022-02-27","106","Ascio Technologies, Inc. Danmark - Filial af Ascio technologies, Inc. USA","whois.ascio.com","http://www.ascio.com","Not Disclosed","Not Disclosed","Not Disclosed","Not Disclosed","","Not Disclosed","Trinidad and Tobago","","Not Disclosed","Not Disclosed","Not Disclosed","Not Disclosed","Not Disclosed","Not Disclosed","Not Disclosed","Not Disclosed","Not Disclosed","","Not Disclosed","Not Disclosed","Not Disclosed","Not Disclosed","Not Disclosed","Not Disclosed","Not Disclosed","Not Disclosed","Not Disclosed","","Not Disclosed","Not Disclosed","","","","","","","","","","","dns1.123hjemmeside.dk","dns2.123hjemmeside.dk","dns3.123hjemmeside.dk","","OK","","",""
"8","wotcardgame.com","2021-03-01 14:39:26","2021-02-27","2021-02-27","2022-02-27","886","Domain.com, LLC","whois.domain.com","http://www.domain.com","REDACTED FOR PRIVACY","REDACTED FOR PRIVACY","REDACTED FOR PRIVACY","REDACTED FOR PRIVACY","na","REDACTED FOR PRIVACY","Trinidad and Tobago","","REDACTED FOR PRIVACY","REDACTED FOR PRIVACY","REDACTED FOR PRIVACY","REDACTED FOR PRIVACY","REDACTED FOR PRIVACY","REDACTED FOR PRIVACY","REDACTED FOR PRIVACY","REDACTED FOR PRIVACY","REDACTED FOR PRIVACY","","REDACTED FOR PRIVACY","REDACTED FOR PRIVACY","REDACTED FOR PRIVACY","REDACTED FOR PRIVACY","REDACTED FOR PRIVACY","REDACTED FOR PRIVACY","REDACTED FOR PRIVACY","REDACTED FOR PRIVACY","REDACTED FOR PRIVACY","","REDACTED FOR PRIVACY","REDACTED FOR PRIVACY","","","","","","","","","","","ns1.mydomaincom-default.domainparkingserver.net","ns2.mydomaincom-default.domainparkingserver.net","","","clientTransferProhibited","clientUpdateProhibited","",""