"num","domain_name","query_time","create_date","update_date","expiry_date","domain_registrar_id","domain_registrar_name","domain_registrar_whois","domain_registrar_url","registrant_name","registrant_company","registrant_address","registrant_city","registrant_state","registrant_zip","registrant_country","registrant_email","registrant_phone","registrant_fax","administrative_name","administrative_company","administrative_address","administrative_city","administrative_state","administrative_zip","administrative_country","administrative_email","administrative_phone","administrative_fax","technical_name","technical_company","technical_address","technical_city","technical_state","technical_zip","technical_country","technical_email","technical_phone","technical_fax","billing_name","billing_company","billing_address","billing_city","billing_state","billing_zip","billing_country","billing_email","billing_phone","billing_fax","name_server_1","name_server_2","name_server_3","name_server_4","domain_status_1","domain_status_2","domain_status_3","domain_status_4"
"1","5e-saison.store","2021-03-01 15:27:41","2021-02-26","2021-02-27","2022-02-26","433","OVH sas","whois.ovh.com","http://www.ovh.com","CRESUS","CRESUS","","","","","Tunisia","","","","","","","","","","","","","","","","","","","","","","","","","","","","","","","","","","dns108.ovh.net","ns108.ovh.net","","","addPeriod","clientDeleteProhibited","clientTransferProhibited","serverTransferProhibited"
"2","bgmcom.agency","2021-03-01 14:15:17","2021-02-26","2021-02-27","2022-02-26","433","OVH sas","whois.ovh.com","http://www.ovh.com","REDACTED FOR PRIVACY","","REDACTED FOR PRIVACY","REDACTED FOR PRIVACY","","REDACTED FOR PRIVACY","Tunisia","","REDACTED FOR PRIVACY","REDACTED FOR PRIVACY","","","","","","","","","","","","","","","","","","","","","","","","","","","","","","","","","","","addPeriod","clientDeleteProhibited","clientTransferProhibited",""
"3","clubtomobile.com","2021-03-01 16:52:43","2021-02-27","2021-02-27","2022-02-27","433","OVH sas","whois.ovh.com","http://www.ovh.com","REDACTED FOR PRIVACY","","REDACTED FOR PRIVACY","REDACTED FOR PRIVACY","","REDACTED FOR PRIVACY","Tunisia","6gieqrk0qblwr1nhqhl6@y.o-w-o.info","REDACTED FOR PRIVACY","REDACTED FOR PRIVACY","REDACTED FOR PRIVACY","REDACTED FOR PRIVACY","REDACTED FOR PRIVACY","REDACTED FOR PRIVACY","REDACTED FOR PRIVACY","REDACTED FOR PRIVACY","REDACTED FOR PRIVACY","1362a7l8cb6iop57rfqe@x.o-w-o.info","REDACTED FOR PRIVACY","REDACTED FOR PRIVACY","REDACTED FOR PRIVACY","REDACTED FOR PRIVACY","REDACTED FOR PRIVACY","REDACTED FOR PRIVACY","REDACTED FOR PRIVACY","REDACTED FOR PRIVACY","REDACTED FOR PRIVACY","1362a7l8cb6iop57rfqe@x.o-w-o.info","REDACTED FOR PRIVACY","REDACTED FOR PRIVACY","","","","","","","","","","","dns200.anycast.me","ns200.anycast.me","","","clientDeleteProhibited","clientTransferProhibited","",""
"4","cryptoena.com","2021-03-01 16:51:03","2021-02-27","2021-02-27","2022-02-27","1647","Hosting Concepts B.V. dba Openprovider","whois.registrar.eu","http://www.openprovider.com","REDACTED FOR PRIVACY","","REDACTED FOR PRIVACY","REDACTED FOR PRIVACY","Tunis","REDACTED FOR PRIVACY","Tunisia","","REDACTED FOR PRIVACY","REDACTED FOR PRIVACY","REDACTED FOR PRIVACY","REDACTED FOR PRIVACY","REDACTED FOR PRIVACY","REDACTED FOR PRIVACY","REDACTED FOR PRIVACY","REDACTED FOR PRIVACY","REDACTED FOR PRIVACY","","REDACTED FOR PRIVACY","REDACTED FOR PRIVACY","REDACTED FOR PRIVACY","REDACTED FOR PRIVACY","REDACTED FOR PRIVACY","REDACTED FOR PRIVACY","REDACTED FOR PRIVACY","REDACTED FOR PRIVACY","REDACTED FOR PRIVACY","","REDACTED FOR PRIVACY","REDACTED FOR PRIVACY","","","","","","","","","","","ns1.dns-parking.com","ns2.dns-parking.com","","","clientTransferProhibited","ok","",""
"5","cryptomog.com","2021-03-01 17:24:12","2021-02-27","2021-02-27","2022-02-27","1647","Hosting Concepts B.V. dba Openprovider","whois.registrar.eu","http://www.openprovider.com","REDACTED FOR PRIVACY","","REDACTED FOR PRIVACY","REDACTED FOR PRIVACY","Tunis","REDACTED FOR PRIVACY","Tunisia","","REDACTED FOR PRIVACY","REDACTED FOR PRIVACY","REDACTED FOR PRIVACY","REDACTED FOR PRIVACY","REDACTED FOR PRIVACY","REDACTED FOR PRIVACY","REDACTED FOR PRIVACY","REDACTED FOR PRIVACY","REDACTED FOR PRIVACY","","REDACTED FOR PRIVACY","REDACTED FOR PRIVACY","REDACTED FOR PRIVACY","REDACTED FOR PRIVACY","REDACTED FOR PRIVACY","REDACTED FOR PRIVACY","REDACTED FOR PRIVACY","REDACTED FOR PRIVACY","REDACTED FOR PRIVACY","","REDACTED FOR PRIVACY","REDACTED FOR PRIVACY","","","","","","","","","","","ns1.dns-parking.com","ns2.dns-parking.com","","","clientTransferProhibited","ok","",""
"6","dropala.com","2021-03-01 16:47:42","2021-02-27","2021-02-27","2022-02-27","433","OVH sas","whois.ovh.com","http://www.ovh.com","REDACTED FOR PRIVACY","","REDACTED FOR PRIVACY","REDACTED FOR PRIVACY","","REDACTED FOR PRIVACY","Tunisia","ssytmql4jj06zgrmg77p@h.o-w-o.info","REDACTED FOR PRIVACY","REDACTED FOR PRIVACY","REDACTED FOR PRIVACY","REDACTED FOR PRIVACY","REDACTED FOR PRIVACY","REDACTED FOR PRIVACY","REDACTED FOR PRIVACY","REDACTED FOR PRIVACY","REDACTED FOR PRIVACY","xp6ypztrd4wyxt73dqk9@f.o-w-o.info","REDACTED FOR PRIVACY","REDACTED FOR PRIVACY","REDACTED FOR PRIVACY","REDACTED FOR PRIVACY","REDACTED FOR PRIVACY","REDACTED FOR PRIVACY","REDACTED FOR PRIVACY","REDACTED FOR PRIVACY","REDACTED FOR PRIVACY","xp6ypztrd4wyxt73dqk9@f.o-w-o.info","REDACTED FOR PRIVACY","REDACTED FOR PRIVACY","","","","","","","","","","","dns200.anycast.me","ns200.anycast.me","","","clientDeleteProhibited","clientTransferProhibited","",""
"7","fabia-populaire.online","2021-03-01 15:37:45","2021-02-26","2021-02-27","2022-02-26","433","OVH sas","whois.ovh.com","http://www.ovh.com","Icon Concept","Icon Concept","","","","","Tunisia","","","","","","","","","","","","","","","","","","","","","","","","","","","","","","","","","","dns108.ovh.net","ns108.ovh.net","","","addPeriod","clientDeleteProhibited","clientTransferProhibited","serverTransferProhibited"
"8","fastwin.tech","2021-03-01 15:24:15","2021-02-26","2021-03-01","2022-02-26","1913","DOTSERVE INC.","whois.nic.press","http://nic.press","Fastwin","Fastwin","","","3292","","Tunisia","","","","","","","","","","","","","","","","","","","","","","","","","","","","","","","","","","ns1.tunitech.net","ns2.tunitech.net","","","addPeriod","clientTransferProhibited","serverTransferProhibited",""
"9","fifth-season.store","2021-03-01 15:27:30","2021-02-26","2021-02-26","2022-02-26","433","OVH sas","whois.ovh.com","http://www.ovh.com","CRESUS","CRESUS","","","","","Tunisia","","","","","","","","","","","","","","","","","","","","","","","","","","","","","","","","","","dns108.ovh.net","ns108.ovh.net","","","addPeriod","clientDeleteProhibited","clientTransferProhibited","serverTransferProhibited"
"10","fkrmr6a9ng.online","2021-03-01 15:37:43","2021-02-27","2021-02-27","2022-02-27","1636","Hostinger, UAB","whois.hostinger.com","http://www.hostinger.com","Not Applicable","Not Applicable","","","Sfax","","Tunisia","","","","","","","","","","","","","","","","","","","","","","","","","","","","","","","","","","ns1.fkrmr6a9ng.online","ns2.fkrmr6a9ng.online","","","addPeriod","clientTransferProhibited","serverTransferProhibited",""
"11","forjaiptv.com","2021-03-01 14:25:44","2021-02-27","2021-02-27","2022-02-27","433","OVH sas","whois.ovh.com","http://www.ovh.com","REDACTED FOR PRIVACY","","REDACTED FOR PRIVACY","REDACTED FOR PRIVACY","","REDACTED FOR PRIVACY","Tunisia","1wjpjhttakigp078bmqr@q.o-w-o.info","REDACTED FOR PRIVACY","REDACTED FOR PRIVACY","REDACTED FOR PRIVACY","REDACTED FOR PRIVACY","REDACTED FOR PRIVACY","REDACTED FOR PRIVACY","REDACTED FOR PRIVACY","REDACTED FOR PRIVACY","REDACTED FOR PRIVACY","9altah50y8ircz71xxe6@s.o-w-o.info","REDACTED FOR PRIVACY","REDACTED FOR PRIVACY","REDACTED FOR PRIVACY","REDACTED FOR PRIVACY","REDACTED FOR PRIVACY","REDACTED FOR PRIVACY","REDACTED FOR PRIVACY","REDACTED FOR PRIVACY","REDACTED FOR PRIVACY","9altah50y8ircz71xxe6@s.o-w-o.info","REDACTED FOR PRIVACY","REDACTED FOR PRIVACY","","","","","","","","","","","dns200.anycast.me","ns200.anycast.me","","","clientDeleteProhibited","clientTransferProhibited","",""
"12","freelance-web.ovh","2021-03-01 15:36:31","2021-02-26","2021-02-27","2022-02-26","433","OVH sas","whois.ovh.com","http://www.ovh.com","REDACTED FOR PRIVACY","","REDACTED FOR PRIVACY","REDACTED FOR PRIVACY","","REDACTED FOR PRIVACY","Tunisia","","REDACTED FOR PRIVACY","REDACTED FOR PRIVACY","REDACTED FOR PRIVACY","REDACTED FOR PRIVACY","REDACTED FOR PRIVACY","REDACTED FOR PRIVACY","REDACTED FOR PRIVACY","REDACTED FOR PRIVACY","REDACTED FOR PRIVACY","","REDACTED FOR PRIVACY","REDACTED FOR PRIVACY","REDACTED FOR PRIVACY","REDACTED FOR PRIVACY","REDACTED FOR PRIVACY","REDACTED FOR PRIVACY","REDACTED FOR PRIVACY","REDACTED FOR PRIVACY","REDACTED FOR PRIVACY","","REDACTED FOR PRIVACY","REDACTED FOR PRIVACY","","","","","","","","","","","dns108.ovh.net","ns108.ovh.net","","","addPeriod","clientDeleteProhibited","clientTransferProhibited",""
"13","gets-company.net","2021-03-01 15:40:21","2021-02-26","2021-02-26","2022-02-26","433","OVH sas","whois.ovh.com","http://www.ovh.com","REDACTED FOR PRIVACY","IBS","REDACTED FOR PRIVACY","REDACTED FOR PRIVACY","","REDACTED FOR PRIVACY","Tunisia","de96cjvggkf34kubjenr@s.o-w-o.info","REDACTED FOR PRIVACY","REDACTED FOR PRIVACY","REDACTED FOR PRIVACY","REDACTED FOR PRIVACY","REDACTED FOR PRIVACY","REDACTED FOR PRIVACY","REDACTED FOR PRIVACY","REDACTED FOR PRIVACY","REDACTED FOR PRIVACY","kfenfgqj5sqcnsfm0fo6@f.o-w-o.info","REDACTED FOR PRIVACY","REDACTED FOR PRIVACY","REDACTED FOR PRIVACY","REDACTED FOR PRIVACY","REDACTED FOR PRIVACY","REDACTED FOR PRIVACY","REDACTED FOR PRIVACY","REDACTED FOR PRIVACY","REDACTED FOR PRIVACY","kfenfgqj5sqcnsfm0fo6@f.o-w-o.info","REDACTED FOR PRIVACY","REDACTED FOR PRIVACY","","","","","","","","","","","dns200.anycast.me","ns200.anycast.me","","","clientDeleteProhibited","clientTransferProhibited","",""
"14","hagtic.com","2021-03-01 14:25:57","2021-02-27","2021-02-27","2022-02-27","433","OVH sas","whois.ovh.com","http://www.ovh.com","REDACTED FOR PRIVACY","","REDACTED FOR PRIVACY","REDACTED FOR PRIVACY","","REDACTED FOR PRIVACY","Tunisia","n5u30vc7goj3h61d4a0v@v.o-w-o.info","REDACTED FOR PRIVACY","REDACTED FOR PRIVACY","REDACTED FOR PRIVACY","REDACTED FOR PRIVACY","REDACTED FOR PRIVACY","REDACTED FOR PRIVACY","REDACTED FOR PRIVACY","REDACTED FOR PRIVACY","REDACTED FOR PRIVACY","xe1yutuj29pahr2w91tt@o.o-w-o.info","REDACTED FOR PRIVACY","REDACTED FOR PRIVACY","REDACTED FOR PRIVACY","REDACTED FOR PRIVACY","REDACTED FOR PRIVACY","REDACTED FOR PRIVACY","REDACTED FOR PRIVACY","REDACTED FOR PRIVACY","REDACTED FOR PRIVACY","xe1yutuj29pahr2w91tt@o.o-w-o.info","REDACTED FOR PRIVACY","REDACTED FOR PRIVACY","","","","","","","","","","","dns200.anycast.me","ns200.anycast.me","","","clientDeleteProhibited","clientTransferProhibited","",""
"15","ibiza-populaire.online","2021-03-01 15:37:34","2021-02-26","2021-02-27","2022-02-26","433","OVH sas","whois.ovh.com","http://www.ovh.com","Icon Concept","Icon Concept","","","","","Tunisia","","","","","","","","","","","","","","","","","","","","","","","","","","","","","","","","","","dns108.ovh.net","ns108.ovh.net","","","addPeriod","clientDeleteProhibited","clientTransferProhibited","serverTransferProhibited"
"16","njrfeew2hq.online","2021-03-01 15:36:41","2021-02-27","2021-02-27","2022-02-27","1636","Hostinger, UAB","whois.hostinger.com","http://www.hostinger.com","Not Applicable","Not Applicable","","","Sfax","","Tunisia","","","","","","","","","","","","","","","","","","","","","","","","","","","","","","","","","","ns1.fkrmr6a9ng.online","ns2.fkrmr6a9ng.online","","","addPeriod","clientTransferProhibited","serverTransferProhibited",""
"17","proptradepro.com","2021-03-01 17:27:17","2021-02-27","2021-02-27","2022-02-27","146","GoDaddy.com, LLC","whois.godaddy.com","http://registrar.godaddy.com","","","","","Ariana","","Tunisia","","","","","","","","","","","","","","","","","","","","","","","","","","","","","","","","","","ns29.domaincontrol.com","ns30.domaincontrol.com","","","clientDeleteProhibited","clientRenewProhibited","clientTransferProhibited","clientUpdateProhibited"
"18","qcmm.info","2021-03-01 15:50:27","2021-02-27","2021-02-28","2022-02-27","303","PDR Ltd. d/b/a PublicDomainRegistry.com","whois.publicdomainregistry.com","http://www.publicdomainregistry.com","","","","","Manouba","","Tunisia","","","","","","","","","","","","","","","","","","","","","","","","","","","","","","","","","","ns.ideama2.com","ns2.ideama2.com","","","addPeriod","clientTransferProhibited","serverTransferProhibited",""
"19","rsshoes.net","2021-03-01 14:41:19","2021-02-26","2021-02-26","2022-02-26","1647","Hosting Concepts B.V. dba Openprovider","whois.registrar.eu","http://www.openprovider.com","REDACTED FOR PRIVACY","","REDACTED FOR PRIVACY","REDACTED FOR PRIVACY","sfax","REDACTED FOR PRIVACY","Tunisia","","REDACTED FOR PRIVACY","REDACTED FOR PRIVACY","REDACTED FOR PRIVACY","REDACTED FOR PRIVACY","REDACTED FOR PRIVACY","REDACTED FOR PRIVACY","REDACTED FOR PRIVACY","REDACTED FOR PRIVACY","REDACTED FOR PRIVACY","","REDACTED FOR PRIVACY","REDACTED FOR PRIVACY","REDACTED FOR PRIVACY","REDACTED FOR PRIVACY","REDACTED FOR PRIVACY","REDACTED FOR PRIVACY","REDACTED FOR PRIVACY","REDACTED FOR PRIVACY","REDACTED FOR PRIVACY","","REDACTED FOR PRIVACY","REDACTED FOR PRIVACY","","","","","","","","","","","ns1.dns-parking.com","ns2.dns-parking.com","","","clientTransferProhibited","ok","",""
"20","smartfxlive.com","2021-03-01 16:12:08","2021-02-27","2021-02-27","2022-02-27","1647","Hosting Concepts B.V. dba Openprovider","whois.registrar.eu","http://www.openprovider.com","REDACTED FOR PRIVACY","","REDACTED FOR PRIVACY","REDACTED FOR PRIVACY","Wadd","REDACTED FOR PRIVACY","Tunisia","","REDACTED FOR PRIVACY","REDACTED FOR PRIVACY","REDACTED FOR PRIVACY","REDACTED FOR PRIVACY","REDACTED FOR PRIVACY","REDACTED FOR PRIVACY","REDACTED FOR PRIVACY","REDACTED FOR PRIVACY","REDACTED FOR PRIVACY","","REDACTED FOR PRIVACY","REDACTED FOR PRIVACY","REDACTED FOR PRIVACY","REDACTED FOR PRIVACY","REDACTED FOR PRIVACY","REDACTED FOR PRIVACY","REDACTED FOR PRIVACY","REDACTED FOR PRIVACY","REDACTED FOR PRIVACY","","REDACTED FOR PRIVACY","REDACTED FOR PRIVACY","","","","","","","","","","","bg1.abollyhost.net","bg2.abollyhost.net","","","clientTransferProhibited","ok","",""
"21","tunisiashopp.com","2021-03-01 16:04:07","2021-02-27","2021-02-27","2022-02-27","146","GoDaddy.com, LLC","whois.godaddy.com","http://registrar.godaddy.com","Dreams Business Center","Dreams Business Center","","","La marsa","","Tunisia","","","","","","","","","","","","","","","","","","","","","","","","","","","","","","","","","","ns1.youcan.shop","ns2.youcan.shop","","","clientDeleteProhibited","clientRenewProhibited","clientTransferProhibited","clientUpdateProhibited"
"22","xbrandagency.com","2021-03-01 17:35:00","2021-02-27","2021-02-27","2022-02-27","433","OVH sas","whois.ovh.com","http://www.ovh.com","REDACTED FOR PRIVACY","","REDACTED FOR PRIVACY","REDACTED FOR PRIVACY","","REDACTED FOR PRIVACY","Tunisia","605bgvhy64cq7xhbk7ul@t.o-w-o.info","REDACTED FOR PRIVACY","REDACTED FOR PRIVACY","REDACTED FOR PRIVACY","REDACTED FOR PRIVACY","REDACTED FOR PRIVACY","REDACTED FOR PRIVACY","REDACTED FOR PRIVACY","REDACTED FOR PRIVACY","REDACTED FOR PRIVACY","81wbi4pbza4nmux5xhsh@y.o-w-o.info","REDACTED FOR PRIVACY","REDACTED FOR PRIVACY","REDACTED FOR PRIVACY","REDACTED FOR PRIVACY","REDACTED FOR PRIVACY","REDACTED FOR PRIVACY","REDACTED FOR PRIVACY","REDACTED FOR PRIVACY","REDACTED FOR PRIVACY","81wbi4pbza4nmux5xhsh@y.o-w-o.info","REDACTED FOR PRIVACY","REDACTED FOR PRIVACY","","","","","","","","","","","dns200.anycast.me","ns200.anycast.me","","","clientDeleteProhibited","clientTransferProhibited","",""
"23","yz-consulting.com","2021-03-01 14:37:39","2021-02-27","2021-02-27","2022-02-27","433","OVH sas","whois.ovh.com","http://www.ovh.com","REDACTED FOR PRIVACY","","REDACTED FOR PRIVACY","REDACTED FOR PRIVACY","","REDACTED FOR PRIVACY","Tunisia","q85160vv4phydjjkerj3@d.o-w-o.info","REDACTED FOR PRIVACY","REDACTED FOR PRIVACY","REDACTED FOR PRIVACY","REDACTED FOR PRIVACY","REDACTED FOR PRIVACY","REDACTED FOR PRIVACY","REDACTED FOR PRIVACY","REDACTED FOR PRIVACY","REDACTED FOR PRIVACY","6ovlnbjbtjhi7aoqu2io@j.o-w-o.info","REDACTED FOR PRIVACY","REDACTED FOR PRIVACY","REDACTED FOR PRIVACY","REDACTED FOR PRIVACY","REDACTED FOR PRIVACY","REDACTED FOR PRIVACY","REDACTED FOR PRIVACY","REDACTED FOR PRIVACY","REDACTED FOR PRIVACY","6ovlnbjbtjhi7aoqu2io@j.o-w-o.info","REDACTED FOR PRIVACY","REDACTED FOR PRIVACY","","","","","","","","","","","dns108.ovh.net","ns108.ovh.net","","","clientDeleteProhibited","clientTransferProhibited","",""