"num","domain_name","query_time","create_date","update_date","expiry_date","domain_registrar_id","domain_registrar_name","domain_registrar_whois","domain_registrar_url","registrant_name","registrant_company","registrant_address","registrant_city","registrant_state","registrant_zip","registrant_country","registrant_email","registrant_phone","registrant_fax","administrative_name","administrative_company","administrative_address","administrative_city","administrative_state","administrative_zip","administrative_country","administrative_email","administrative_phone","administrative_fax","technical_name","technical_company","technical_address","technical_city","technical_state","technical_zip","technical_country","technical_email","technical_phone","technical_fax","billing_name","billing_company","billing_address","billing_city","billing_state","billing_zip","billing_country","billing_email","billing_phone","billing_fax","name_server_1","name_server_2","name_server_3","name_server_4","domain_status_1","domain_status_2","domain_status_3","domain_status_4"
"1","aminaranzoali.com","2021-03-01 16:59:53","2021-02-27","2021-02-27","2022-02-27","1479","Namesilo, LLC","whois.namesilo.com","http://www.namesilo.com","Webstar Uganda","","Ntanda-Kiwatule Rd","Kampala","Kampala","10302","Uganda","info@webstar.ug","+256.701187844","","Webstar Uganda","","Ntanda-Kiwatule Rd","Kampala","Kampala","10302","Uganda","info@webstar.ug","+256.701187844","","Webstar Uganda","","Ntanda-Kiwatule Rd","Kampala","Kampala","10302","Uganda","info@webstar.ug","+256.701187844","","","","","","","","","","","","ns1.asurahosting.com","ns2.asurahosting.com","","","clientTransferProhibited","","",""
"2","b2erp.biz","2021-03-01 14:17:06","2021-02-27","","2022-02-27","886","Domain.com, LLC","whois.domain.com","http://www.domain.com","REDACTED FOR PRIVACY","Osbert Muganga","REDACTED FOR PRIVACY REDACTED FOR PRIVACY REDACTED FOR PRIVACY","REDACTED FOR PRIVACY","NA","REDACTED FOR PRIVACY","Uganda","","REDACTED FOR PRIVACY","REDACTED FOR PRIVACY","REDACTED FOR PRIVACY","REDACTED FOR PRIVACY","REDACTED FOR PRIVACY REDACTED FOR PRIVACY REDACTED FOR PRIVACY","REDACTED FOR PRIVACY","REDACTED FOR PRIVACY","REDACTED FOR PRIVACY","REDACTED FOR PRIVACY","","REDACTED FOR PRIVACY","REDACTED FOR PRIVACY","REDACTED FOR PRIVACY","REDACTED FOR PRIVACY","REDACTED FOR PRIVACY REDACTED FOR PRIVACY REDACTED FOR PRIVACY","REDACTED FOR PRIVACY","REDACTED FOR PRIVACY","REDACTED FOR PRIVACY","REDACTED FOR PRIVACY","","REDACTED FOR PRIVACY","REDACTED FOR PRIVACY","","","","","","","","","","","ns1.domain.com","ns2.domain.com","","","addPeriod","ok","",""
"3","b2marketin.com","2021-03-01 16:57:13","2021-02-27","2021-02-27","2022-02-27","886","Domain.com, LLC","whois.domain.com","http://www.domain.com","REDACTED FOR PRIVACY","REDACTED FOR PRIVACY","REDACTED FOR PRIVACY","REDACTED FOR PRIVACY","NA","REDACTED FOR PRIVACY","Uganda","","REDACTED FOR PRIVACY","REDACTED FOR PRIVACY","REDACTED FOR PRIVACY","REDACTED FOR PRIVACY","REDACTED FOR PRIVACY","REDACTED FOR PRIVACY","REDACTED FOR PRIVACY","REDACTED FOR PRIVACY","REDACTED FOR PRIVACY","","REDACTED FOR PRIVACY","REDACTED FOR PRIVACY","REDACTED FOR PRIVACY","REDACTED FOR PRIVACY","REDACTED FOR PRIVACY","REDACTED FOR PRIVACY","REDACTED FOR PRIVACY","REDACTED FOR PRIVACY","REDACTED FOR PRIVACY","","REDACTED FOR PRIVACY","REDACTED FOR PRIVACY","","","","","","","","","","","ns1.domain.com","ns2.domain.com","","","","","",""
"4","b2payafrica.com","2021-03-01 16:57:03","2021-02-27","2021-02-27","2023-02-27","886","Domain.com, LLC","whois.domain.com","http://www.domain.com","REDACTED FOR PRIVACY","REDACTED FOR PRIVACY","REDACTED FOR PRIVACY","REDACTED FOR PRIVACY","NA","REDACTED FOR PRIVACY","Uganda","","REDACTED FOR PRIVACY","REDACTED FOR PRIVACY","REDACTED FOR PRIVACY","REDACTED FOR PRIVACY","REDACTED FOR PRIVACY","REDACTED FOR PRIVACY","REDACTED FOR PRIVACY","REDACTED FOR PRIVACY","REDACTED FOR PRIVACY","","REDACTED FOR PRIVACY","REDACTED FOR PRIVACY","REDACTED FOR PRIVACY","REDACTED FOR PRIVACY","REDACTED FOR PRIVACY","REDACTED FOR PRIVACY","REDACTED FOR PRIVACY","REDACTED FOR PRIVACY","REDACTED FOR PRIVACY","","REDACTED FOR PRIVACY","REDACTED FOR PRIVACY","","","","","","","","","","","ns1.domain.com","ns2.domain.com","","","clientTransferProhibited","clientUpdateProhibited","",""
"5","bismarkpropertyagency.com","2021-03-01 16:54:52","2021-02-27","2021-02-27","2022-02-27","955","Launchpad, Inc.","whois.launchpad.com","http://www.launchpad.com","enock waters","","entebbe uganda","entebbe","Kisoro","","Uganda","bismarkpropertyagency@gmail.com","+256.701716434","","enock waters","","entebbe uganda","entebbe","Kisoro","","Uganda","bismarkpropertyagency@gmail.com","+256.701716434","","enock waters","","entebbe uganda","entebbe","Kisoro","","Uganda","bismarkpropertyagency@gmail.com","+256.701716434","","","","","","","","","","","","ns8337.hostgator.com","ns8338.hostgator.com","","","clientTransferProhibited","","",""
"6","coursefriends.com","2021-03-01 17:36:27","2021-02-27","2021-02-27","2022-02-27","955","Launchpad, Inc.","whois.launchpad.com","http://www.launchpad.com","Barasa Edwin","","67 nasser rd Kampala","Kampala","Kampala","","Uganda","barasaedwinw@gmail.com","+256.700274189","","Barasa Edwin","","67 nasser rd Kampala","Kampala","Kampala","","Uganda","barasaedwinw@gmail.com","+256.700274189","","Barasa Edwin","","67 nasser rd Kampala","Kampala","Kampala","","Uganda","barasaedwinw@gmail.com","+256.700274189","","","","","","","","","","","","ns8027.hostgator.com","ns8028.hostgator.com","","","clientTransferProhibited","","",""
"7","fortpearls.com","2021-03-01 16:42:47","2021-02-27","2021-02-27","2022-02-27","886","Domain.com, LLC","whois.domain.com","http://www.domain.com","REDACTED FOR PRIVACY","REDACTED FOR PRIVACY","REDACTED FOR PRIVACY","REDACTED FOR PRIVACY","NA","REDACTED FOR PRIVACY","Uganda","","REDACTED FOR PRIVACY","REDACTED FOR PRIVACY","REDACTED FOR PRIVACY","REDACTED FOR PRIVACY","REDACTED FOR PRIVACY","REDACTED FOR PRIVACY","REDACTED FOR PRIVACY","REDACTED FOR PRIVACY","REDACTED FOR PRIVACY","","REDACTED FOR PRIVACY","REDACTED FOR PRIVACY","REDACTED FOR PRIVACY","REDACTED FOR PRIVACY","REDACTED FOR PRIVACY","REDACTED FOR PRIVACY","REDACTED FOR PRIVACY","REDACTED FOR PRIVACY","REDACTED FOR PRIVACY","","REDACTED FOR PRIVACY","REDACTED FOR PRIVACY","","","","","","","","","","","ns1.ipage.com","ns2.ipage.com","","","","","",""
"8","go-walkersgroup.com","2021-03-01 16:41:01","2021-02-27","2021-02-27","2022-02-27","69","Tucows Domains Inc.","whois.tucows.com","http://domainhelp.opensrs.net","REDACTED FOR PRIVACY","REDACTED FOR PRIVACY","REDACTED FOR PRIVACY","REDACTED FOR PRIVACY","UG","REDACTED FOR PRIVACY","Uganda","","REDACTED FOR PRIVACY","REDACTED FOR PRIVACY","REDACTED FOR PRIVACY","REDACTED FOR PRIVACY","REDACTED FOR PRIVACY","REDACTED FOR PRIVACY","REDACTED FOR PRIVACY","REDACTED FOR PRIVACY","REDACTED FOR PRIVACY","","REDACTED FOR PRIVACY","REDACTED FOR PRIVACY","REDACTED FOR PRIVACY","REDACTED FOR PRIVACY","REDACTED FOR PRIVACY","REDACTED FOR PRIVACY","REDACTED FOR PRIVACY","REDACTED FOR PRIVACY","REDACTED FOR PRIVACY","","REDACTED FOR PRIVACY","REDACTED FOR PRIVACY","","","","","","","","","","","ns1.site4now.net","ns2.site4now.net","ns3.site4now.net","","OK","","",""
"9","haleluaholdingsltd.com","2021-03-01 16:39:15","2021-02-27","2021-02-28","2022-02-27","48","eNom, Inc.","whois.enom.com","http://www.enom.com","REDACTED FOR PRIVACY","REDACTED FOR PRIVACY","REDACTED FOR PRIVACY","REDACTED FOR PRIVACY","Uganda","REDACTED FOR PRIVACY","Uganda","","REDACTED FOR PRIVACY","REDACTED FOR PRIVACY","REDACTED FOR PRIVACY","REDACTED FOR PRIVACY","REDACTED FOR PRIVACY","REDACTED FOR PRIVACY","REDACTED FOR PRIVACY","REDACTED FOR PRIVACY","REDACTED FOR PRIVACY","","REDACTED FOR PRIVACY","REDACTED FOR PRIVACY","REDACTED FOR PRIVACY","REDACTED FOR PRIVACY","REDACTED FOR PRIVACY","REDACTED FOR PRIVACY","REDACTED FOR PRIVACY","REDACTED FOR PRIVACY","REDACTED FOR PRIVACY","","REDACTED FOR PRIVACY","REDACTED FOR PRIVACY","","","","","","","","","","","ns1851462915.a2dns.com","ns18514629150.a2dns.com","","","addPeriod","clientTransferProhibited","",""
"10","jinjaassociatedadvocates.com","2021-03-01 14:31:44","2021-02-27","2021-02-27","2023-02-27","1647","Hosting Concepts B.V. dba Openprovider","whois.registrar.eu","http://www.openprovider.com","REDACTED FOR PRIVACY","Daka IT Consults","REDACTED FOR PRIVACY","REDACTED FOR PRIVACY","Kampala","REDACTED FOR PRIVACY","Uganda","","REDACTED FOR PRIVACY","REDACTED FOR PRIVACY","REDACTED FOR PRIVACY","REDACTED FOR PRIVACY","REDACTED FOR PRIVACY","REDACTED FOR PRIVACY","REDACTED FOR PRIVACY","REDACTED FOR PRIVACY","REDACTED FOR PRIVACY","","REDACTED FOR PRIVACY","REDACTED FOR PRIVACY","REDACTED FOR PRIVACY","REDACTED FOR PRIVACY","REDACTED FOR PRIVACY","REDACTED FOR PRIVACY","REDACTED FOR PRIVACY","REDACTED FOR PRIVACY","REDACTED FOR PRIVACY","","REDACTED FOR PRIVACY","REDACTED FOR PRIVACY","","","","","","","","","","","ns1.dns-parking.com","ns2.dns-parking.com","","","clientTransferProhibited","ok","",""
"11","kabssatoursandtravel.com","2021-03-01 14:30:51","2021-02-27","2021-02-27","2022-02-27","106","Ascio Technologies, Inc. Danmark - Filial af Ascio technologies, Inc. USA","whois.ascio.com","http://www.ascio.com","Not Disclosed","Not Disclosed","Not Disclosed","Not Disclosed","","Not Disclosed","Uganda","","Not Disclosed","Not Disclosed","Not Disclosed","Not Disclosed","Not Disclosed","Not Disclosed","Not Disclosed","Not Disclosed","Not Disclosed","","Not Disclosed","Not Disclosed","Not Disclosed","Not Disclosed","Not Disclosed","Not Disclosed","Not Disclosed","Not Disclosed","Not Disclosed","","Not Disclosed","Not Disclosed","","","","","","","","","","","dns1.123hjemmeside.dk","dns2.123hjemmeside.dk","dns3.123hjemmeside.dk","","OK","","",""
"12","lenagroup.net","2021-03-01 15:44:33","2021-02-26","2021-02-26","2022-02-26","303","PDR Ltd. d/b/a PublicDomainRegistry.com","whois.publicdomainregistry.com","http://www.publicdomainregistry.com","Emuron Romeo Elkan","Imron Rome Ltd","IR, Kampala Road null null","Kampala","3476","256","Uganda","elkanromeo@gmail.com","+256.752472286","","Emuron Romeo Elkan","Imron Rome Ltd","IR, Kampala Road null null","Kampala","3476","256","Uganda","elkanromeo@gmail.com","+256.752472286","","Emuron Romeo Elkan","Imron Rome Ltd","IR, Kampala Road null null","Kampala","3476","256","Uganda","elkanromeo@gmail.com","+256.752472286","","","","","","","","","","","","rns11.webhostbox.net","rns12.webhostbox.net","","","clientTransferProhibited","","",""
"13","lyndanwere.com","2021-03-01 16:30:19","2021-02-27","2021-02-28","2022-02-27","48","eNom, Inc.","whois.enom.com","http://www.enom.com","REDACTED FOR PRIVACY","REDACTED FOR PRIVACY","REDACTED FOR PRIVACY","REDACTED FOR PRIVACY","Uganda","REDACTED FOR PRIVACY","Uganda","","REDACTED FOR PRIVACY","REDACTED FOR PRIVACY","REDACTED FOR PRIVACY","REDACTED FOR PRIVACY","REDACTED FOR PRIVACY","REDACTED FOR PRIVACY","REDACTED FOR PRIVACY","REDACTED FOR PRIVACY","REDACTED FOR PRIVACY","","REDACTED FOR PRIVACY","REDACTED FOR PRIVACY","REDACTED FOR PRIVACY","REDACTED FOR PRIVACY","REDACTED FOR PRIVACY","REDACTED FOR PRIVACY","REDACTED FOR PRIVACY","REDACTED FOR PRIVACY","REDACTED FOR PRIVACY","","REDACTED FOR PRIVACY","REDACTED FOR PRIVACY","","","","","","","","","","","ns1851462915.a2dns.com","ns18514629150.a2dns.com","","","addPeriod","clientTransferProhibited","",""
"14","mangaritamotors.com","2021-03-01 16:29:39","2021-02-27","2021-02-27","2022-02-27","625","Name.com, Inc.","whois.name.com","http://www.name.com","Joseph Ngambeki","Victorium Holdings Ltd","Kampala","Kampala","Kampala","00256","Uganda","","Non-Public Data","","Joseph Ggoloba","Mangarita Motors Ltd","Nsambya Estate Road , Kabalagala","Kampala","Kampala","00256","Uganda","","Non-Public Data","","Joseph Ngambeki","Victorium Holdings Ltd","Kampala","Kampala","Kampala","00256","Uganda","","Non-Public Data","","","","","","","","","","","","ns1mpz.name.com","ns2fkr.name.com","ns3gxy.name.com","ns4clq.name.com","addPeriod","clientTransferProhibited","",""
"15","meetmepoint.com","2021-03-01 16:28:39","2021-02-27","2021-02-27","2022-02-27","955","Launchpad, Inc.","whois.launchpad.com","http://www.launchpad.com","Kate Adoi","","134 Naalya Kampala","Kampala","Kampala","","Uganda","ewnahirya@gmail.com","+256.754167610","","Kate Adoi","","134 Naalya Kampala","Kampala","Kampala","","Uganda","ewnahirya@gmail.com","+256.754167610","","Kate Adoi","","134 Naalya Kampala","Kampala","Kampala","","Uganda","ewnahirya@gmail.com","+256.754167610","","","","","","","","","","","","ns8107.hostgator.com","ns8108.hostgator.com","","","clientTransferProhibited","","",""
"16","ridgehomesproperties.com","2021-03-01 14:34:18","2021-02-27","2021-02-27","2022-02-27","48","eNom, Inc.","whois.enom.com","http://www.enom.com","REDACTED FOR PRIVACY","REDACTED FOR PRIVACY","REDACTED FOR PRIVACY","REDACTED FOR PRIVACY","Wakiso","REDACTED FOR PRIVACY","Uganda","","REDACTED FOR PRIVACY","REDACTED FOR PRIVACY","REDACTED FOR PRIVACY","REDACTED FOR PRIVACY","REDACTED FOR PRIVACY","REDACTED FOR PRIVACY","REDACTED FOR PRIVACY","REDACTED FOR PRIVACY","REDACTED FOR PRIVACY","","REDACTED FOR PRIVACY","REDACTED FOR PRIVACY","REDACTED FOR PRIVACY","REDACTED FOR PRIVACY","REDACTED FOR PRIVACY","REDACTED FOR PRIVACY","REDACTED FOR PRIVACY","REDACTED FOR PRIVACY","REDACTED FOR PRIVACY","","REDACTED FOR PRIVACY","REDACTED FOR PRIVACY","","","","","","","","","","","dns1.name-services.com","dns2.name-services.com","dns3.name-services.com","dns4.name-services.com","addPeriod","clientTransferProhibited","",""
"17","skyscannersug.com","2021-03-01 16:12:17","2021-02-27","2021-02-27","2022-02-27","1647","Hosting Concepts B.V. dba Openprovider","whois.registrar.eu","http://www.openprovider.com","REDACTED FOR PRIVACY","Sky Scanners Uganda Ltd","REDACTED FOR PRIVACY","REDACTED FOR PRIVACY","Kampala","REDACTED FOR PRIVACY","Uganda","","REDACTED FOR PRIVACY","REDACTED FOR PRIVACY","REDACTED FOR PRIVACY","REDACTED FOR PRIVACY","REDACTED FOR PRIVACY","REDACTED FOR PRIVACY","REDACTED FOR PRIVACY","REDACTED FOR PRIVACY","REDACTED FOR PRIVACY","","REDACTED FOR PRIVACY","REDACTED FOR PRIVACY","REDACTED FOR PRIVACY","REDACTED FOR PRIVACY","REDACTED FOR PRIVACY","REDACTED FOR PRIVACY","REDACTED FOR PRIVACY","REDACTED FOR PRIVACY","REDACTED FOR PRIVACY","","REDACTED FOR PRIVACY","REDACTED FOR PRIVACY","","","","","","","","","","","ns1.dns-parking.com","ns2.dns-parking.com","","","clientTransferProhibited","ok","",""
"18","victoriajuniorschool.com","2021-03-01 16:01:56","2021-02-27","2021-02-27","2022-02-27","2487","Internet Domain Services BS Corp","whois.publicinterestregistry.net","http://www.internetbs.net","Not disclosed Not disclosed","Media Minute Uganda","Kampala, Ug","Kampala","","256","Uganda","dbad33491613b16a65024be53dbf95c6.gdrp@customers.whoisprivacycorp.com","+256.702151242","","Not disclosed Not disclosed","Media Minute Uganda","Kampala, Ug","Kampala","","256","Uganda","dbad33491613b16a65024be53dbf95c6.gdrp@customers.whoisprivacycorp.com","+256.702151242","","Not disclosed Not disclosed","Media Minute Uganda","Kampala, Ug","Kampala","","256","Uganda","dbad33491613b16a65024be53dbf95c6.gdrp@customers.whoisprivacycorp.com","+256.702151242","","","","","","","","","","","","ns3.mavenserverz.com","ns4.mavenserverz.com","","","clientTransferProhibited","ok","",""