"num","domain_name","query_time","create_date","update_date","expiry_date","domain_registrar_id","domain_registrar_name","domain_registrar_whois","domain_registrar_url","registrant_name","registrant_company","registrant_address","registrant_city","registrant_state","registrant_zip","registrant_country","registrant_email","registrant_phone","registrant_fax","administrative_name","administrative_company","administrative_address","administrative_city","administrative_state","administrative_zip","administrative_country","administrative_email","administrative_phone","administrative_fax","technical_name","technical_company","technical_address","technical_city","technical_state","technical_zip","technical_country","technical_email","technical_phone","technical_fax","billing_name","billing_company","billing_address","billing_city","billing_state","billing_zip","billing_country","billing_email","billing_phone","billing_fax","name_server_1","name_server_2","name_server_3","name_server_4","domain_status_1","domain_status_2","domain_status_3","domain_status_4"
"1","accionacb.com","2021-03-01 17:02:08","2021-02-27","2021-02-27","2022-02-27","48","eNom, Inc.","whois.enom.com","http://www.enom.com","REDACTED FOR PRIVACY","REDACTED FOR PRIVACY","REDACTED FOR PRIVACY","REDACTED FOR PRIVACY","DF","REDACTED FOR PRIVACY","Venezuela","","REDACTED FOR PRIVACY","REDACTED FOR PRIVACY","REDACTED FOR PRIVACY","REDACTED FOR PRIVACY","REDACTED FOR PRIVACY","REDACTED FOR PRIVACY","REDACTED FOR PRIVACY","REDACTED FOR PRIVACY","REDACTED FOR PRIVACY","","REDACTED FOR PRIVACY","REDACTED FOR PRIVACY","REDACTED FOR PRIVACY","REDACTED FOR PRIVACY","REDACTED FOR PRIVACY","REDACTED FOR PRIVACY","REDACTED FOR PRIVACY","REDACTED FOR PRIVACY","REDACTED FOR PRIVACY","","REDACTED FOR PRIVACY","REDACTED FOR PRIVACY","","","","","","","","","","","dns1.planetahosting.pe","dns2.planetahosting.pe","dns3.planetahosting.pe","dns4.planetahosting.pe","addPeriod","clientTransferProhibited","",""
"2","avivamientoemanuel.com","2021-03-01 16:57:28","2021-02-27","2021-02-27","2022-02-27","955","Launchpad, Inc.","whois.launchpad.com","http://www.launchpad.com","Amilcar Acosta Alexander","None","Nicolas Hurtado Barrios Ciudadela Zona 8 Bloque D Apartamento 2-3","Calabozo","J","2312","Venezuela","pnfaamerica@gmail.com","+58.2468726314","","Amilcar Acosta Alexander","None","Nicolas Hurtado Barrios Ciudadela Zona 8 Bloque D Apartamento 2-3","Calabozo","J","2312","Venezuela","pnfaamerica@gmail.com","+58.2468726314","","Amilcar Acosta Alexander","None","Nicolas Hurtado Barrios Ciudadela Zona 8 Bloque D Apartamento 2-3","Calabozo","J","2312","Venezuela","pnfaamerica@gmail.com","+58.2468726314","","","","","","","","","","","","ns8235.hostgator.com","ns8236.hostgator.com","","","clientTransferProhibited","","",""
"3","barbaramirezz.com","2021-03-01 16:56:37","2021-02-27","2021-02-27","2022-02-27","303","PDR Ltd. d/b/a PublicDomainRegistry.com","whois.publicdomainregistry.com","http://www.publicdomainregistry.com","Daniel Omana","","Av. San Ignacio De Loyola Edificio Milano Piso 3 Oficina 302","Caracas","Distrito Capital","1060","Venezuela","danieleoo@gmail.com","+58.4142674103","","Daniel Omana","","Av. San Ignacio De Loyola Edificio Milano Piso 3 Oficina 302","Caracas","Distrito Capital","1060","Venezuela","danieleoo@gmail.com","+58.4142674103","","Daniel Omana","","Av. San Ignacio De Loyola Edificio Milano Piso 3 Oficina 302","Caracas","Distrito Capital","1060","Venezuela","danieleoo@gmail.com","+58.4142674103","","","","","","","","","","","","ns1.dattacasiquiare.com","ns2.dattacasiquiare.com","","","clientTransferProhibited","","",""
"4","cafededios.com","2021-03-01 14:25:11","2021-02-27","2021-02-27","2022-02-27","886","Domain.com, LLC","whois.domain.com","http://www.domain.com","REDACTED FOR PRIVACY","REDACTED FOR PRIVACY","REDACTED FOR PRIVACY","REDACTED FOR PRIVACY","NA","REDACTED FOR PRIVACY","Venezuela","","REDACTED FOR PRIVACY","REDACTED FOR PRIVACY","REDACTED FOR PRIVACY","REDACTED FOR PRIVACY","REDACTED FOR PRIVACY","REDACTED FOR PRIVACY","REDACTED FOR PRIVACY","REDACTED FOR PRIVACY","REDACTED FOR PRIVACY","","REDACTED FOR PRIVACY","REDACTED FOR PRIVACY","REDACTED FOR PRIVACY","REDACTED FOR PRIVACY","REDACTED FOR PRIVACY","REDACTED FOR PRIVACY","REDACTED FOR PRIVACY","REDACTED FOR PRIVACY","REDACTED FOR PRIVACY","","REDACTED FOR PRIVACY","REDACTED FOR PRIVACY","","","","","","","","","","","ns1.vultr.com","ns2.vultr.com","","","","","",""
"5","cocinandocontigo.com","2021-03-01 17:28:52","2021-02-27","2021-02-27","2022-02-27","303","PDR Ltd. d/b/a PublicDomainRegistry.com","whois.publicdomainregistry.com","http://www.publicdomainregistry.com","Marcos Jimenez","","Oropeza castillo, 77 Ambrosio plaza","Guarenas","Miranda","1220","Venezuela","marcosjimenez300991@gmail.com","+58.04125725242","","Marcos Jimenez","","Oropeza castillo, 77 Ambrosio plaza","Guarenas","Miranda","1220","Venezuela","marcosjimenez300991@gmail.com","+58.04125725242","","Marcos Jimenez","","Oropeza castillo, 77 Ambrosio plaza","Guarenas","Miranda","1220","Venezuela","marcosjimenez300991@gmail.com","+58.04125725242","","","","","","","","","","","","ns44.hostgator.mx","ns45.hostgator.mx","","","clientTransferProhibited","","",""
"6","comprar-seguidoresonline.com","2021-03-01 16:51:58","2021-02-27","2021-02-28","2022-02-27","1479","Namesilo, LLC","whois.namesilo.com","http://www.namesilo.com","Maricarmen rodriguez","","avenida principal de parque valencia edificio cedeno piso 11 apto ph 2","valencia","carabobo","2003","Venezuela","mrdoubront@gmail.com","+58.4244545107","","Maricarmen rodriguez","","avenida principal de parque valencia edificio cedeno piso 11 apto ph 2","valencia","carabobo","2003","Venezuela","mrdoubront@gmail.com","+58.4244545107","","Maricarmen rodriguez","","avenida principal de parque valencia edificio cedeno piso 11 apto ph 2","valencia","carabobo","2003","Venezuela","mrdoubront@gmail.com","+58.4244545107","","","","","","","","","","","","ns5110.banahosting.com","ns5111.banahosting.com","","","clientTransferProhibited","","",""
"7","copiafacil.com","2021-03-01 17:35:16","2021-02-27","2021-02-27","2022-02-27","1647","Hosting Concepts B.V. dba Openprovider","whois.registrar.eu","http://www.openprovider.com","REDACTED FOR PRIVACY","","REDACTED FOR PRIVACY","REDACTED FOR PRIVACY","carabobo","REDACTED FOR PRIVACY","Venezuela","","REDACTED FOR PRIVACY","REDACTED FOR PRIVACY","REDACTED FOR PRIVACY","REDACTED FOR PRIVACY","REDACTED FOR PRIVACY","REDACTED FOR PRIVACY","REDACTED FOR PRIVACY","REDACTED FOR PRIVACY","REDACTED FOR PRIVACY","","REDACTED FOR PRIVACY","REDACTED FOR PRIVACY","REDACTED FOR PRIVACY","REDACTED FOR PRIVACY","REDACTED FOR PRIVACY","REDACTED FOR PRIVACY","REDACTED FOR PRIVACY","REDACTED FOR PRIVACY","REDACTED FOR PRIVACY","","REDACTED FOR PRIVACY","REDACTED FOR PRIVACY","","","","","","","","","","","ns1.fornite.club","ns2.fornite.club","","","clientTransferProhibited","ok","",""
"8","dianagroca.com","2021-03-01 16:48:41","2021-02-27","2021-03-01","2022-02-27","146","GoDaddy.com, LLC","whois.godaddy.com","http://registrar.godaddy.com","","","","","Distrito Capital","","Venezuela","","","","","","","","","","","","","","","","","","","","","","","","","","","","","","","","","","ns1.byet.org","ns2.byet.org","ns50131.webempresa.eu","ns50132.webempresa.eu","clientDeleteProhibited","clientRenewProhibited","clientTransferProhibited","clientUpdateProhibited"
"9","digitallifestyle.xyz","2021-03-01 14:46:32","2021-02-27","2021-02-27","2022-02-27","303","PDR Ltd. d/b/a PublicDomainRegistry.com","whois.publicdomainregistry.com","http://www.publicdomainregistry.com","Not Applicable","Not Applicable","","","Sucre","","Venezuela","","","","","","","","","","","","","","","","","","","","","","","","","","","","","","","","","","ns1.epizy.com","ns2.epizy.com","","","addPeriod","clientTransferProhibited","serverTransferProhibited",""
"10","elcuerpoperfecto.com","2021-03-01 17:49:55","2021-02-27","2021-02-27","2022-02-27","303","PDR Ltd. d/b/a PublicDomainRegistry.com","whois.publicdomainregistry.com","http://www.publicdomainregistry.com","Johnnys Guzman","","Plaza bolivar, 7 Brion","Higuerote","Miranda","1231","Venezuela","johnguzman270475@gmail.com","+58.04121113698","","Johnnys Guzman","","Plaza bolivar, 7 Brion","Higuerote","Miranda","1231","Venezuela","johnguzman270475@gmail.com","+58.04121113698","","Johnnys Guzman","","Plaza bolivar, 7 Brion","Higuerote","Miranda","1231","Venezuela","johnguzman270475@gmail.com","+58.04121113698","","","","","","","","","","","","ns20.hostgator.mx","ns21.hostgator.mx","","","clientTransferProhibited","","",""
"11","horushops.com","2021-03-01 16:37:03","2021-02-27","2021-02-27","2022-02-27","1647","Hosting Concepts B.V. dba Openprovider","whois.registrar.eu","http://www.openprovider.com","REDACTED FOR PRIVACY","Horus shop","REDACTED FOR PRIVACY","REDACTED FOR PRIVACY","Bolivar","REDACTED FOR PRIVACY","Venezuela","","REDACTED FOR PRIVACY","REDACTED FOR PRIVACY","REDACTED FOR PRIVACY","REDACTED FOR PRIVACY","REDACTED FOR PRIVACY","REDACTED FOR PRIVACY","REDACTED FOR PRIVACY","REDACTED FOR PRIVACY","REDACTED FOR PRIVACY","","REDACTED FOR PRIVACY","REDACTED FOR PRIVACY","REDACTED FOR PRIVACY","REDACTED FOR PRIVACY","REDACTED FOR PRIVACY","REDACTED FOR PRIVACY","REDACTED FOR PRIVACY","REDACTED FOR PRIVACY","REDACTED FOR PRIVACY","","REDACTED FOR PRIVACY","REDACTED FOR PRIVACY","","","","","","","","","","","ns1.dns-parking.com","ns2.dns-parking.com","","","clientTransferProhibited","ok","",""
"12","inocodes.com","2021-03-01 17:47:46","2021-02-27","2021-02-27","2022-02-27","69","Tucows Domains Inc.","whois.tucows.com","http://domainhelp.opensrs.net","REDACTED FOR PRIVACY","REDACTED FOR PRIVACY","REDACTED FOR PRIVACY","REDACTED FOR PRIVACY","CA","REDACTED FOR PRIVACY","Venezuela","","REDACTED FOR PRIVACY","REDACTED FOR PRIVACY","REDACTED FOR PRIVACY","REDACTED FOR PRIVACY","REDACTED FOR PRIVACY","REDACTED FOR PRIVACY","REDACTED FOR PRIVACY","REDACTED FOR PRIVACY","REDACTED FOR PRIVACY","","REDACTED FOR PRIVACY","REDACTED FOR PRIVACY","REDACTED FOR PRIVACY","REDACTED FOR PRIVACY","REDACTED FOR PRIVACY","REDACTED FOR PRIVACY","REDACTED FOR PRIVACY","REDACTED FOR PRIVACY","REDACTED FOR PRIVACY","","REDACTED FOR PRIVACY","REDACTED FOR PRIVACY","","","","","","","","","","","ns1.site4now.net","ns2.site4now.net","ns3.site4now.net","","","","",""
"13","jirailand.xyz","2021-03-01 14:48:47","2021-02-27","2021-02-27","2022-02-27","1636","Hostinger, UAB","whois.hostinger.com","http://www.hostinger.com","Animedinho","Animedinho","","","Merida","","Venezuela","","","","","","","","","","","","","","","","","","","","","","","","","","","","","","","","","","ns1.dns-parking.com","ns2.dns-parking.com","","","addPeriod","clientTransferProhibited","serverTransferProhibited",""
"14","kinderradclub.com","2021-03-01 16:34:49","2021-02-27","2021-02-27","2022-02-27","303","PDR Ltd. d/b/a PublicDomainRegistry.com","whois.publicdomainregistry.com","http://www.publicdomainregistry.com","Diego Leon","Diego Leon","Los Palos Grandes -","Caracas","Miranda","0000","Venezuela","leonsdiego@gmail.com","+58.4141311929","","Diego Leon","Diego Leon","Los Palos Grandes -","Caracas","Miranda","0000","Venezuela","leonsdiego@gmail.com","+58.4141311929","","Diego Leon","Diego Leon","Los Palos Grandes -","Caracas","Miranda","0000","Venezuela","leonsdiego@gmail.com","+58.4141311929","","","","","","","","","","","","ns1.hospedaje-uv.net","ns2.hospedaje-uv.net","","","clientTransferProhibited","","",""
"15","kinderradklub.com","2021-03-01 16:34:49","2021-02-27","2021-02-27","2022-02-27","303","PDR Ltd. d/b/a PublicDomainRegistry.com","whois.publicdomainregistry.com","http://www.publicdomainregistry.com","Diego Leon","Diego Leon","Los Palos Grandes -","Caracas","Miranda","0000","Venezuela","leonsdiego@gmail.com","+58.4141311929","","Diego Leon","Diego Leon","Los Palos Grandes -","Caracas","Miranda","0000","Venezuela","leonsdiego@gmail.com","+58.4141311929","","Diego Leon","Diego Leon","Los Palos Grandes -","Caracas","Miranda","0000","Venezuela","leonsdiego@gmail.com","+58.4141311929","","","","","","","","","","","","ns1.facilweb.info","ns2.facilweb.info","","","clientTransferProhibited","","",""
"16","krakasfood.com","2021-03-01 16:33:55","2021-02-26","2021-02-26","2022-02-26","146","GoDaddy.com, LLC","whois.godaddy.com","http://registrar.godaddy.com","","","","","","","Venezuela","","","","","","","","","","","","","","","","","","","","","","","","","","","","","","","","","","ns11.domaincontrol.com","ns12.domaincontrol.com","","","clientDeleteProhibited","clientRenewProhibited","clientTransferProhibited","clientUpdateProhibited"
"17","lacteossanmiguel.com","2021-03-01 14:24:53","2021-02-27","","2022-02-27","839","Realtime Register B.V.","whois.yoursrs.com","http://www.realtimeregister.com","REDACTED FOR PRIVACY","REDACTED FOR PRIVACY","REDACTED FOR PRIVACY","REDACTED FOR PRIVACY","","REDACTED FOR PRIVACY","Venezuela","","REDACTED FOR PRIVACY","REDACTED FOR PRIVACY","REDACTED FOR PRIVACY","REDACTED FOR PRIVACY","REDACTED FOR PRIVACY","REDACTED FOR PRIVACY","REDACTED FOR PRIVACY","REDACTED FOR PRIVACY","REDACTED FOR PRIVACY","","REDACTED FOR PRIVACY","REDACTED FOR PRIVACY","REDACTED FOR PRIVACY","REDACTED FOR PRIVACY","REDACTED FOR PRIVACY","REDACTED FOR PRIVACY","REDACTED FOR PRIVACY","REDACTED FOR PRIVACY","REDACTED FOR PRIVACY","","REDACTED FOR PRIVACY","REDACTED FOR PRIVACY","","","","","","","","","","","ns-ay4p8faygd.dnswnd.eu","ns-d6j77nd6ed.dnswnd.de","ns-juxtljjufd.dnswnd.be","","OK","","",""
"18","lamaquinafm.com","2021-03-01 16:33:19","2021-02-27","2021-02-27","2022-02-27","303","PDR Ltd. d/b/a PublicDomainRegistry.com","whois.publicdomainregistry.com","http://www.publicdomainregistry.com","J.ADAM","1ven","Caracas","Caracas","Miranda","1080","Venezuela","totaltrader2004@yahoo.com","+58.5555555","","J.ADAM","1ven","Caracas","Caracas","Miranda","1080","Venezuela","totaltrader2004@yahoo.com","+58.5555555","","J.ADAM","1ven","Caracas","Caracas","Miranda","1080","Venezuela","totaltrader2004@yahoo.com","+58.5555555","","","","","","","","","","","","arizona1.99usa.com","arizona2.99usa.com","arizona3.99usa.com","arizona4.99usa.com","clientTransferProhibited","","",""
"19","mantenimientoplus.com","2021-03-01 17:23:58","2021-02-27","2021-02-27","2023-02-27","1388","Dattatec.com SRL","whois.dattatec.com","http://www.dattatec.com","jesus","jesus","valencia","valencia","Carabobo","2001","Venezuela","ducrocjesus@hotmail.com","+0.0000000","","jesus","jesus","valencia","valencia","Carabobo","2001","Venezuela","ducrocjesus@hotmail.com","+0.0000000","","jesus","jesus","valencia","valencia","Carabobo","2001","Venezuela","ducrocjesus@hotmail.com","+0.0000000","","","","","","","","","","","","ns1.donweb.cl","ns1.donweb.co","ns1.donweb.mx","ns1.donweb.uy","OK","","",""
"20","micomcommodities.com","2021-03-01 16:27:41","2021-02-27","2021-02-27","2022-02-27","48","eNom, Inc.","whois.enom.com","http://www.enom.com","REDACTED FOR PRIVACY","REDACTED FOR PRIVACY","REDACTED FOR PRIVACY","REDACTED FOR PRIVACY","DF","REDACTED FOR PRIVACY","Venezuela","","REDACTED FOR PRIVACY","REDACTED FOR PRIVACY","REDACTED FOR PRIVACY","REDACTED FOR PRIVACY","REDACTED FOR PRIVACY","REDACTED FOR PRIVACY","REDACTED FOR PRIVACY","REDACTED FOR PRIVACY","REDACTED FOR PRIVACY","","REDACTED FOR PRIVACY","REDACTED FOR PRIVACY","REDACTED FOR PRIVACY","REDACTED FOR PRIVACY","REDACTED FOR PRIVACY","REDACTED FOR PRIVACY","REDACTED FOR PRIVACY","REDACTED FOR PRIVACY","REDACTED FOR PRIVACY","","REDACTED FOR PRIVACY","REDACTED FOR PRIVACY","","","","","","","","","","","dns1.planetahosting.pe","dns2.planetahosting.pe","","","addPeriod","clientTransferProhibited","",""
"21","mundochiquito.com","2021-03-01 14:26:15","2021-02-27","2021-02-27","2022-02-27","146","GoDaddy.com, LLC","whois.godaddy.com","http://registrar.godaddy.com","","","","","Merida","","Venezuela","","","","","","","","","","","","","","","","","","","","","","","","","","","","","","","","","","ns21.domaincontrol.com","ns22.domaincontrol.com","","","clientDeleteProhibited","clientRenewProhibited","clientTransferProhibited","clientUpdateProhibited"
"22","paintingmajestic.com","2021-03-01 16:20:34","2021-02-27","2021-02-27","2022-02-27","1388","Dattatec.com SRL","whois.dattatec.com","http://www.dattatec.com","Lorena Lamedaloloweb","Lorena Lamedaloloweb","Parque Residencial Las Acacias","Maracaibo","Zulia","4004","Venezuela","intermedios487@hotmail.com","+58.+58_ ( 0424","","Lorena Lamedaloloweb","Lorena Lamedaloloweb","Parque Residencial Las Acacias","Maracaibo","Zulia","4004","Venezuela","intermedios487@hotmail.com","+58.+58_ ( 0424","","Lorena Lamedaloloweb","Lorena Lamedaloloweb","Parque Residencial Las Acacias","Maracaibo","Zulia","4004","Venezuela","intermedios487@hotmail.com","+58.+58_ ( 0424","","","","","","","","","","","","ns1.lorenalameda.com","ns2.lorenalameda.com","","","OK","","",""
"23","petersondev.tech","2021-03-01 15:24:10","2021-02-27","","2022-02-27","1913","DOTSERVE INC.","whois.nic.press","http://nic.press","","","","","3608","","Venezuela","","","","","","","","","","","","","","","","","","","","","","","","","","","","","","","","","","cont603385.earth.orderbox-dns.com","cont603385.mars.orderbox-dns.com","cont603385.mercury.orderbox-dns.com","cont603385.venus.orderbox-dns.com","addPeriod","clientTransferProhibited","serverTransferProhibited",""
"24","pronosticos-apuestas.com","2021-03-01 14:22:36","2021-02-27","2021-02-27","2022-02-27","955","Launchpad, Inc.","whois.launchpad.com","http://www.launchpad.com","Alfredo Jose Gil Maita","None","CAracas, edo miranda","caracas","M","1050","Venezuela","gilmaitaalfredojose@gmail.com","+58.4241833848","","Alfredo Jose Gil Maita","None","CAracas, edo miranda","caracas","M","1050","Venezuela","gilmaitaalfredojose@gmail.com","+58.4241833848","","Alfredo Jose Gil Maita","None","CAracas, edo miranda","caracas","M","1050","Venezuela","gilmaitaalfredojose@gmail.com","+58.4241833848","","","","","","","","","","","","ns8085.hostgator.com","ns8086.hostgator.com","","","clientTransferProhibited","","",""
"25","santiagocarlos.com","2021-03-01 16:15:11","2021-02-27","2021-02-27","2022-02-27","303","PDR Ltd. d/b/a PublicDomainRegistry.com","whois.publicdomainregistry.com","http://www.publicdomainregistry.com","Carlos Santiago","DattaHost","Resd. Cardenal Quintero","Merida","Merida","5101","Venezuela","dattahost@gmail.com","+58.4149782664","","Carlos Santiago","DattaHost","Resd. Cardenal Quintero","Merida","Merida","5101","Venezuela","dattahost@gmail.com","+58.4149782664","","Carlos Santiago","DattaHost","Resd. Cardenal Quintero","Merida","Merida","5101","Venezuela","dattahost@gmail.com","+58.4149782664","","","","","","","","","","","","ns1.dattahost.cl","ns2.dattahost.cl","","","clientTransferProhibited","","",""
"26","solucionalaobesidad.com","2021-03-01 17:36:43","2021-02-27","2021-02-27","2022-02-27","303","PDR Ltd. d/b/a PublicDomainRegistry.com","whois.publicdomainregistry.com","http://www.publicdomainregistry.com","Leonardo arias","","Argelia laya, 52 Higuerote","Higuerote","Miranda","1231","Venezuela","leonararias1986@gmail.com","+58.04163166335","","Leonardo arias","","Argelia laya, 52 Higuerote","Higuerote","Miranda","1231","Venezuela","leonararias1986@gmail.com","+58.04163166335","","Leonardo arias","","Argelia laya, 52 Higuerote","Higuerote","Miranda","1231","Venezuela","leonararias1986@gmail.com","+58.04163166335","","","","","","","","","","","","ns18.hostgator.mx","ns19.hostgator.mx","","","clientTransferProhibited","","",""
"27","soogud.com","2021-03-01 17:30:00","2021-02-27","2021-02-27","2022-02-27","69","Tucows Domains Inc.","whois.tucows.com","http://domainhelp.opensrs.net","REDACTED FOR PRIVACY","REDACTED FOR PRIVACY","REDACTED FOR PRIVACY","REDACTED FOR PRIVACY","XX","REDACTED FOR PRIVACY","Venezuela","","REDACTED FOR PRIVACY","REDACTED FOR PRIVACY","REDACTED FOR PRIVACY","REDACTED FOR PRIVACY","REDACTED FOR PRIVACY","REDACTED FOR PRIVACY","REDACTED FOR PRIVACY","REDACTED FOR PRIVACY","REDACTED FOR PRIVACY","","REDACTED FOR PRIVACY","REDACTED FOR PRIVACY","REDACTED FOR PRIVACY","REDACTED FOR PRIVACY","REDACTED FOR PRIVACY","REDACTED FOR PRIVACY","REDACTED FOR PRIVACY","REDACTED FOR PRIVACY","REDACTED FOR PRIVACY","","REDACTED FOR PRIVACY","REDACTED FOR PRIVACY","","","","","","","","","","","ns1.m37.siteground.biz","ns2.m37.siteground.biz","","","clientTransferProhibited","clientUpdateProhibited","",""
"28","sunbayhall.com","2021-03-01 16:10:02","2021-02-26","2021-02-26","2022-02-26","146","GoDaddy.com, LLC","whois.godaddy.com","http://registrar.godaddy.com","","","","","Miranda","","Venezuela","","","","","","","","","","","","","","","","","","","","","","","","","","","","","","","","","","ns11.domaincontrol.com","ns12.domaincontrol.com","","","clientDeleteProhibited","clientRenewProhibited","clientTransferProhibited","clientUpdateProhibited"
"29","ugitag.com","2021-03-01 16:03:44","2021-02-26","2021-02-26","2026-02-26","146","GoDaddy.com, LLC","whois.godaddy.com","http://registrar.godaddy.com","","","","","Miranda","","Venezuela","","","","","","","","","","","","","","","","","","","","","","","","","","","","","","","","","","ns29.domaincontrol.com","ns30.domaincontrol.com","","","clientDeleteProhibited","clientRenewProhibited","clientTransferProhibited","clientUpdateProhibited"
"30","virtudesdelexito.com","2021-03-01 16:01:34","2021-02-27","2021-02-27","2022-02-27","303","PDR Ltd. d/b/a PublicDomainRegistry.com","whois.publicdomainregistry.com","http://www.publicdomainregistry.com","royer fernandez","","clavellinas, 78 Guarenas","Guarenas","Miranda","1220","Venezuela","royerfernan.1991@gmail.com","+58.04125887682","","royer fernandez","","clavellinas, 78 Guarenas","Guarenas","Miranda","1220","Venezuela","royerfernan.1991@gmail.com","+58.04125887682","","royer fernandez","","clavellinas, 78 Guarenas","Guarenas","Miranda","1220","Venezuela","royerfernan.1991@gmail.com","+58.04125887682","","","","","","","","","","","","ns20.hostgator.mx","ns21.hostgator.mx","","","clientTransferProhibited","","",""