"num","domain_name","query_time","create_date","update_date","expiry_date","domain_registrar_id","domain_registrar_name","domain_registrar_whois","domain_registrar_url","registrant_name","registrant_company","registrant_address","registrant_city","registrant_state","registrant_zip","registrant_country","registrant_email","registrant_phone","registrant_fax","administrative_name","administrative_company","administrative_address","administrative_city","administrative_state","administrative_zip","administrative_country","administrative_email","administrative_phone","administrative_fax","technical_name","technical_company","technical_address","technical_city","technical_state","technical_zip","technical_country","technical_email","technical_phone","technical_fax","billing_name","billing_company","billing_address","billing_city","billing_state","billing_zip","billing_country","billing_email","billing_phone","billing_fax","name_server_1","name_server_2","name_server_3","name_server_4","domain_status_1","domain_status_2","domain_status_3","domain_status_4"
"1","armenianwomen.net","2021-03-01 15:44:08","2021-02-26","2021-02-26","2022-02-26","1436","Center of Ukrainian Internet Names dba UKRNAMES","whois.publicinterestregistry.net","http://www.ukrnames.com","Privacy Protection Service","Ukrnames","p.b. 1823","Kharkiv","Kharkivska","61024","Ukraine","abuse@ukrnames.com","+380.577626123","","Privacy Protection Service","Ukrnames","p.b. 1823","Kharkiv","Kharkivska","61024","Ukraine","abuse@ukrnames.com","+380.577626123","","Privacy Protection Service","Ukrnames","p.b. 1823","Kharkiv","Kharkivska","61024","Ukraine","abuse@ukrnames.com","+380.577626123","","","","","","","","","","","","ns1.webzdns.com","ns2.webzdns.com","","","OK","","",""
"2","ebsnuri.com","2021-03-01 17:32:56","2021-02-27","2021-02-27","2022-02-27","1436","Center of Ukrainian Internet Names dba UKRNAMES","whois.publicinterestregistry.net","http://www.ukrnames.com","kim keun soo","mycomp","2-14-5 KABUKI-CHO,SHINJUKU-KU","TOKYO","SHINJUKU-KU","1600021","JAPAN","niceguy@nice.com","+39.1234567","","kim keun soo","mycomp","2-14-5 KABUKI-CHO,SHINJUKU-KU","TOKYO","SHINJUKU-KU","1600021","JAPAN","niceguy@nice.com","+39.1234567","","kim keun soo","mycomp","2-14-5 KABUKI-CHO,SHINJUKU-KU","TOKYO","SHINJUKU-KU","1600021","JAPAN","niceguy@nice.com","+39.1234567","","","","","","","","","","","","eric.ns.cloudflare.com","ophelia.ns.cloudflare.com","","","OK","","",""
"3","plugswap.biz","2021-03-01 14:16:59","2021-02-27","","2022-02-27","1436","Center of Ukrainian Internet Names dba UKRNAMES","whois.publicinterestregistry.net","http://www.ukrnames.com","REDACTED FOR PRIVACY","","REDACTED FOR PRIVACY REDACTED FOR PRIVACY REDACTED FOR PRIVACY","REDACTED FOR PRIVACY","Cherepovets","REDACTED FOR PRIVACY","Russian Federation","","REDACTED FOR PRIVACY","REDACTED FOR PRIVACY","REDACTED FOR PRIVACY","REDACTED FOR PRIVACY","REDACTED FOR PRIVACY REDACTED FOR PRIVACY REDACTED FOR PRIVACY","REDACTED FOR PRIVACY","REDACTED FOR PRIVACY","REDACTED FOR PRIVACY","REDACTED FOR PRIVACY","","REDACTED FOR PRIVACY","REDACTED FOR PRIVACY","REDACTED FOR PRIVACY","REDACTED FOR PRIVACY","REDACTED FOR PRIVACY REDACTED FOR PRIVACY REDACTED FOR PRIVACY","REDACTED FOR PRIVACY","REDACTED FOR PRIVACY","REDACTED FOR PRIVACY","REDACTED FOR PRIVACY","","REDACTED FOR PRIVACY","REDACTED FOR PRIVACY","","","","","","","","","","","ns13.v-sys.org","ns14.v-sys.org","","","addPeriod","ok","",""
"4","poodlo.com","2021-03-01 17:08:59","2021-02-27","2021-02-27","2022-02-27","1436","Center of Ukrainian Internet Names dba UKRNAMES","whois.publicinterestregistry.net","http://www.ukrnames.com","Petro Ladym","","Povitryana 68","Lviv","Lvivska oblast","79052","UKRAINE","petro1468@gmail.com","+380.671827283","","Petro Ladym","","Povitryana 68","Lviv","Lvivska oblast","79052","UKRAINE","petro1468@gmail.com","+380.671827283","","Petro Ladym","","Povitryana 68","Lviv","Lvivska oblast","79052","UKRAINE","petro1468@gmail.com","+380.671827283","","","","","","","","","","","","dns1.hyperhost.ua","dns2.hyperhost.ua","","","Expired","","",""
"5","proflangue.com","2021-03-01 17:19:40","2021-02-27","2021-02-27","2022-02-27","1436","Center of Ukrainian Internet Names dba UKRNAMES","whois.publicinterestregistry.net","http://www.ukrnames.com","Privacy Protection Service","Ukrnames","p.b. 1823","Kharkiv","Kharkivska","61024","Ukraine","abuse@ukrnames.com","+380.577626123","","Privacy Protection Service","Ukrnames","p.b. 1823","Kharkiv","Kharkivska","61024","Ukraine","abuse@ukrnames.com","+380.577626123","","Privacy Protection Service","Ukrnames","p.b. 1823","Kharkiv","Kharkivska","61024","Ukraine","abuse@ukrnames.com","+380.577626123","","","","","","","","","","","","ns1.ukrnames.com","ns2.ukrnames.com","ns3.ukrnames.com","ns4.ukrnames.ua","OK","","",""
"6","severportal.com","2021-03-01 16:14:09","2021-02-27","2021-02-27","2022-02-27","1436","Center of Ukrainian Internet Names dba UKRNAMES","whois.publicinterestregistry.net","http://www.ukrnames.com","Vasyl Dymarev","","Haharina st. 18b","Cherepovets","Cherepovets","630545","RUSSIAN FEDERATION","chrisruder1800@gmail.com","+1.2344567","","Vasyl Dymarev","","Haharina st. 18b","Cherepovets","Cherepovets","630545","RUSSIAN FEDERATION","chrisruder1800@gmail.com","+1.2344567","","Vasyl Dymarev","","Haharina st. 18b","Cherepovets","Cherepovets","630545","RUSSIAN FEDERATION","chrisruder1800@gmail.com","+1.2344567","","","","","","","","","","","","ns11.v-sys.org","ns12.v-sys.org","ns13.v-sys.org","ns14.v-sys.org","OK","","",""