"num","domain_name","query_time","create_date","update_date","expiry_date","domain_registrar_id","domain_registrar_name","domain_registrar_whois","domain_registrar_url","registrant_name","registrant_company","registrant_address","registrant_city","registrant_state","registrant_zip","registrant_country","registrant_email","registrant_phone","registrant_fax","administrative_name","administrative_company","administrative_address","administrative_city","administrative_state","administrative_zip","administrative_country","administrative_email","administrative_phone","administrative_fax","technical_name","technical_company","technical_address","technical_city","technical_state","technical_zip","technical_country","technical_email","technical_phone","technical_fax","billing_name","billing_company","billing_address","billing_city","billing_state","billing_zip","billing_country","billing_email","billing_phone","billing_fax","name_server_1","name_server_2","name_server_3","name_server_4","domain_status_1","domain_status_2","domain_status_3","domain_status_4"
"1","houdao8.com","2021-03-01 17:23:35","2021-02-27","2021-02-28","2022-02-27","2813","Chipshot Domains LLC","whois.chipshotdomainsllc.com","http://www.chipshotdomainsllc.com","zhen guang lin","lin zhen guang","bai yun qu, tian he lu, fu yuan yuan, 3 dong 102","guang zhou shi","guang dong","510400","China","newseo1@protonmail.com","+86.02068185230","+86.02068185230","zhen guang lin","lin zhen guang","bai yun qu, tian he lu, fu yuan yuan, 3 dong 102","guang zhou shi","guang dong","510400","China","newseo1@protonmail.com","+86.02068185230","+86.02068185230","zhen guang lin","lin zhen guang","bai yun qu, tian he lu, fu yuan yuan, 3 dong 102","guang zhou shi","guang dong","510400","China","newseo1@protonmail.com","+86.02068185230","+86.02068185230","","","","","","","","","","","v1.juming-xz.com","v1.xz-juming.com","","","OK","","",""
"2","hualundianlan.com","2021-03-01 17:24:09","2021-02-27","2021-02-28","2022-02-27","2813","Chipshot Domains LLC","whois.chipshotdomainsllc.com","http://www.chipshotdomainsllc.com","chen xi ji","ji chen xi","xu hui qu, xi hai zhen, long an tang 521 hao","shang hai shi","shang hai","200000","China","twtw857857@gmail.com","+86.15654685541","+86.15654685541","chen xi ji","ji chen xi","xu hui qu, xi hai zhen, long an tang 521 hao","shang hai shi","shang hai","200000","China","twtw857857@gmail.com","+86.15654685541","+86.15654685541","chen xi ji","ji chen xi","xu hui qu, xi hai zhen, long an tang 521 hao","shang hai shi","shang hai","200000","China","twtw857857@gmail.com","+86.15654685541","+86.15654685541","","","","","","","","","","","jm1.dns.com","jm2.dns.com","","","OK","","",""
"3","ldgjcc.com","2021-03-01 17:24:14","2021-02-27","2021-02-27","2022-02-27","2813","Chipshot Domains LLC","whois.chipshotdomainsllc.com","http://www.chipshotdomainsllc.com","Domain Administrator","XZ.COM","602, 56 Guanri Road, Software Park II","Xiamen","FUJIAN","361008","China","support@xz.com","+1.865925990220","","Domain Administrator","XZ.COM","602, 56 Guanri Road, Software Park II","Xiamen","FUJIAN","361008","China","support@xz.com","+1.865925990220","","Domain Administrator","XZ.COM","602, 56 Guanri Road, Software Park II","Xiamen","FUJIAN","361008","China","support@xz.com","+1.865925990220","","","","","","","","","","","","v1.juming-xz.com","v1.xz-juming.com","","","OK","","",""
"4","lycyks.com","2021-03-01 17:38:43","2021-02-27","2021-02-28","2022-02-27","2813","Chipshot Domains LLC","whois.chipshotdomainsllc.com","http://www.chipshotdomainsllc.com","yang he","he yang","xi chong xian, xi chong xian, gao yuan zhen, chang","nan chong shi","si chuan","637200","China","24277574@qq.com","+86.13218899409","+86.13218899409","yang he","he yang","xi chong xian, xi chong xian, gao yuan zhen, chang","nan chong shi","si chuan","637200","China","24277574@qq.com","+86.13218899409","+86.13218899409","yang he","he yang","xi chong xian, xi chong xian, gao yuan zhen, chang","nan chong shi","si chuan","637200","China","24277574@qq.com","+86.13218899409","+86.13218899409","","","","","","","","","","","v1.juming-xz.com","v1.xz-juming.com","","","OK","","",""
"5","shengyuanyangsheng.com","2021-03-01 17:26:07","2021-02-27","2021-02-27","2022-02-27","2813","Chipshot Domains LLC","whois.chipshotdomainsllc.com","http://www.chipshotdomainsllc.com","PERFECT PRIVACY, LLC","","5335 Gate Parkway","Jacksonville","FL","32256","United States","1goih4uvkmgijb42auh3b9i1mc@domaindiscreet.com","+1.9027492701","","PERFECT PRIVACY, LLC","","5335 Gate Parkway","Jacksonville","FL","32256","United States","1goih4uvkmgijb42auh3b9i1mc@domaindiscreet.com","+1.9027492701","","PERFECT PRIVACY, LLC","","5335 Gate Parkway","Jacksonville","FL","32256","United States","1goih4uvkmgijb42auh3b9i1mc@domaindiscreet.com","+1.9027492701","","","","","","","","","","","","ns15.above.com","ns16.above.com","","","OK","","",""