"num","domain_name","query_time","create_date","update_date","expiry_date","domain_registrar_id","domain_registrar_name","domain_registrar_whois","domain_registrar_url","registrant_name","registrant_company","registrant_address","registrant_city","registrant_state","registrant_zip","registrant_country","registrant_email","registrant_phone","registrant_fax","administrative_name","administrative_company","administrative_address","administrative_city","administrative_state","administrative_zip","administrative_country","administrative_email","administrative_phone","administrative_fax","technical_name","technical_company","technical_address","technical_city","technical_state","technical_zip","technical_country","technical_email","technical_phone","technical_fax","billing_name","billing_company","billing_address","billing_city","billing_state","billing_zip","billing_country","billing_email","billing_phone","billing_fax","name_server_1","name_server_2","name_server_3","name_server_4","domain_status_1","domain_status_2","domain_status_3","domain_status_4"
"1","beautyfactoryondemand.com","2021-03-01 16:56:19","2021-02-27","2021-02-27","2022-02-27","299","CSC Corporate Domains, Inc.","whois.corporatedomains.com","http://www.cscglobal.com/global/web/csc/digital-brand-services","publicis Groupe SA","Publicis Groupe SA","133 avenue de Champs Elysees","Paris","FR","75008","France","nicadmin@publicis.fr","+33.155845700","+33.155845700","Network Team","Re:sourcesFR","12 rue James WATT SAINT-DENIS","Seine-Saint-Denis","FR","93200","France","nicadmin@publicis.fr","+33.155845700","+33.155845700","Network Team","Re:sourcesFR","12 rue James WATT SAINT-DENIS","Seine-Saint-Denis","FR","93200","France","nicadmin@publicis.fr","+33.155845700","+33.155845700","","","","","","","","","","","ns1.publicisgroupe.com","ns3.publicisgroupe.com","ns5.publicisgroupe.com","","clientTransferProhibited","","",""
"2","bosch-hybrion.net","2021-03-01 15:41:42","2021-02-26","2021-02-26","2022-02-26","299","CSC Corporate Domains, Inc.","whois.corporatedomains.com","http://www.cscglobal.com/global/web/csc/digital-brand-services","Robert Bosch GmbH","Robert Bosch GmbH","Wernerstr 51","Stuttgart","BW","70469","Germany","admin-c@bosch.de","+49.7118110","+49.7118110","Robert Bosch GmbH","Robert Bosch GmbH","Wernerstr 51","Stuttgart","BW","70469","Germany","admin-c@bosch.de","+49.7118110","+49.7118110","Hostmaster Bosch","Robert Bosch GmbH","Wernerstr. 51","Stuttgart","BW","70469","Germany","hostmaster@bosch.de","+49.7118110","+49.7118110","","","","","","","","","","","gwa.fe.bosch.de","gwa2.fe.bosch.de","","","clientTransferProhibited","","",""
"3","bosch-hyion.net","2021-03-01 15:41:47","2021-02-26","2021-02-26","2022-02-26","299","CSC Corporate Domains, Inc.","whois.corporatedomains.com","http://www.cscglobal.com/global/web/csc/digital-brand-services","Robert Bosch GmbH","Robert Bosch GmbH","Wernerstr 51","Stuttgart","BW","70469","Germany","admin-c@bosch.de","+49.7118110","+49.7118110","Robert Bosch GmbH","Robert Bosch GmbH","Wernerstr 51","Stuttgart","BW","70469","Germany","admin-c@bosch.de","+49.7118110","+49.7118110","Hostmaster Bosch","Robert Bosch GmbH","Wernerstr. 51","Stuttgart","BW","70469","Germany","hostmaster@bosch.de","+49.7118110","+49.7118110","","","","","","","","","","","gwa.fe.bosch.de","gwa2.fe.bosch.de","","","clientTransferProhibited","","",""
"4","bosch-hyonia.net","2021-03-01 15:41:52","2021-02-26","2021-02-26","2022-02-26","299","CSC Corporate Domains, Inc.","whois.corporatedomains.com","http://www.cscglobal.com/global/web/csc/digital-brand-services","Robert Bosch GmbH","Robert Bosch GmbH","Wernerstr 51","Stuttgart","BW","70469","Germany","admin-c@bosch.de","+49.7118110","+49.7118110","Robert Bosch GmbH","Robert Bosch GmbH","Wernerstr 51","Stuttgart","BW","70469","Germany","admin-c@bosch.de","+49.7118110","+49.7118110","Hostmaster Bosch","Robert Bosch GmbH","Wernerstr. 51","Stuttgart","BW","70469","Germany","hostmaster@bosch.de","+49.7118110","+49.7118110","","","","","","","","","","","gwa.fe.bosch.de","gwa2.fe.bosch.de","","","clientTransferProhibited","","",""
"5","bosch-hyonity.net","2021-03-01 15:41:48","2021-02-26","2021-02-26","2022-02-26","299","CSC Corporate Domains, Inc.","whois.corporatedomains.com","http://www.cscglobal.com/global/web/csc/digital-brand-services","Robert Bosch GmbH","Robert Bosch GmbH","Wernerstr 51","Stuttgart","BW","70469","Germany","admin-c@bosch.de","+49.7118110","+49.7118110","Robert Bosch GmbH","Robert Bosch GmbH","Wernerstr 51","Stuttgart","BW","70469","Germany","admin-c@bosch.de","+49.7118110","+49.7118110","Hostmaster Bosch","Robert Bosch GmbH","Wernerstr. 51","Stuttgart","BW","70469","Germany","hostmaster@bosch.de","+49.7118110","+49.7118110","","","","","","","","","","","gwa.fe.bosch.de","gwa2.fe.bosch.de","","","clientTransferProhibited","","",""
"6","bosch-hyox.net","2021-03-01 15:41:46","2021-02-26","2021-02-26","2022-02-26","299","CSC Corporate Domains, Inc.","whois.corporatedomains.com","http://www.cscglobal.com/global/web/csc/digital-brand-services","Robert Bosch GmbH","Robert Bosch GmbH","Wernerstr 51","Stuttgart","BW","70469","Germany","admin-c@bosch.de","+49.7118110","+49.7118110","Robert Bosch GmbH","Robert Bosch GmbH","Wernerstr 51","Stuttgart","BW","70469","Germany","admin-c@bosch.de","+49.7118110","+49.7118110","Hostmaster Bosch","Robert Bosch GmbH","Wernerstr. 51","Stuttgart","BW","70469","Germany","hostmaster@bosch.de","+49.7118110","+49.7118110","","","","","","","","","","","gwa.fe.bosch.de","gwa2.fe.bosch.de","","","clientTransferProhibited","","",""
"7","bosch-pyion.net","2021-03-01 15:41:47","2021-02-26","2021-02-26","2022-02-26","299","CSC Corporate Domains, Inc.","whois.corporatedomains.com","http://www.cscglobal.com/global/web/csc/digital-brand-services","Robert Bosch GmbH","Robert Bosch GmbH","Wernerstr 51","Stuttgart","BW","70469","Germany","admin-c@bosch.de","+49.7118110","+49.7118110","Robert Bosch GmbH","Robert Bosch GmbH","Wernerstr 51","Stuttgart","BW","70469","Germany","admin-c@bosch.de","+49.7118110","+49.7118110","Hostmaster Bosch","Robert Bosch GmbH","Wernerstr. 51","Stuttgart","BW","70469","Germany","hostmaster@bosch.de","+49.7118110","+49.7118110","","","","","","","","","","","gwa.fe.bosch.de","gwa2.fe.bosch.de","","","clientTransferProhibited","","",""
"8","brose-sitech.net","2021-03-01 15:41:39","2021-02-26","2021-02-26","2022-02-26","299","CSC Corporate Domains, Inc.","whois.corporatedomains.com","http://www.cscglobal.com/global/web/csc/digital-brand-services","Domain Manager","Brose Fahrzeugteile SE & Co. Kommanditgesellschaft, Coburg","Max-Brose-Strasse 1","Coburg","BY","96450","Germany","dns@brose.com","+49.9561210","+49.9561211429","Domain Manager","Brose Fahrzeugteile SE & Co. Kommanditgesellschaft, Coburg","Max-Brose-Strasse 1","Coburg","BY","96450","Germany","dns@brose.com","+49.9561210","+49.9561211429","DNS Administrator","CSC Corporate Domains, Inc.","251 Little Falls Drive","Wilmington","DE","19808","United States","dns-admin@cscglobal.com","+1.3026365400","+1.3026365454","","","","","","","","","","","dns1.cscdns.net","dns2.cscdns.net","","","clientTransferProhibited","","",""
"9","diagnoseckdnow.net","2021-03-01 15:41:13","2021-02-26","2021-02-26","2022-02-26","299","CSC Corporate Domains, Inc.","whois.corporatedomains.com","http://www.cscglobal.com/global/web/csc/digital-brand-services","Domain Administration","AstraZeneca Pharmaceuticals LP","1800 Concord Pike","Wilmington","DE","19803","United States","domains@astrazeneca.com","+1.3028852677","+1.3028852677","Domain Administration","AstraZeneca Pharmaceuticals LP","1800 Concord Pike","Wilmington","DE","19803","United States","domains@astrazeneca.com","+1.3028852677","+1.3028852677","DNS Administrator","CSC Corporate Domains, Inc.","251 Little Falls Drive","Wilmington","DE","19808","United States","dns-admin@cscglobal.com","+1.3026365400","+1.3026365454","","","","","","","","","","","dns1.cscdns.net","dns2.cscdns.net","","","clientTransferProhibited","","",""
"10","disney-plus.lat","2021-03-01 15:50:03","2021-02-25","2021-02-25","2022-02-25","299","CSC Corporate Domains, Inc.","whois.corporatedomains.com","http://www.cscglobal.com/global/web/csc/digital-brand-services","Disney Enterprises, Inc.; Domain Administrator","Disney Enterprises, Inc.","500 South Buena Vista Street, Mail Code 8029","Burbank","California","91521-8029","United States","corp.dns.domains@disney.com","+1.8182384694","+1.8182384694","Disney Enterprises, Inc.; Domain Administrator","Disney Enterprises, Inc.","500 South Buena Vista Street, Mail Code 8029","Burbank","California","91521-8029","United States","corp.dns.domains@disney.com","+1.8182384694","+1.8182384694","Disney Enterprises, Inc.; Domain Administrator","Disney Enterprises, Inc.","500 South Buena Vista Street, Mail Code 8029","Burbank","California","91521-8029","United States","corp.dns.domains@disney.com","+1.8182384694","+1.8182384694","","","","","","","","","","","dns1.p09.nsone.net","dns2.p09.nsone.net","sdns110.ultradns.biz","sdns110.ultradns.com","addPeriod","clientTransferProhibited","",""
"11","disneyplus.lat","2021-03-01 15:50:03","2021-02-25","2021-02-25","2022-02-25","299","CSC Corporate Domains, Inc.","whois.corporatedomains.com","http://www.cscglobal.com/global/web/csc/digital-brand-services","Disney Enterprises, Inc.; Domain Administrator","Disney Enterprises, Inc.","500 South Buena Vista Street, Mail Code 8029","Burbank","California","91521-8029","United States","corp.dns.domains@disney.com","+1.8182384694","+1.8182384694","Disney Enterprises, Inc.; Domain Administrator","Disney Enterprises, Inc.","500 South Buena Vista Street, Mail Code 8029","Burbank","California","91521-8029","United States","corp.dns.domains@disney.com","+1.8182384694","+1.8182384694","Disney Enterprises, Inc.; Domain Administrator","Disney Enterprises, Inc.","500 South Buena Vista Street, Mail Code 8029","Burbank","California","91521-8029","United States","corp.dns.domains@disney.com","+1.8182384694","+1.8182384694","","","","","","","","","","","dns1.p09.nsone.net","dns2.p09.nsone.net","sdns110.ultradns.biz","sdns110.ultradns.com","addPeriod","clientTransferProhibited","",""
"12","espn-plus.lat","2021-03-01 15:50:09","2021-02-25","2021-02-25","2022-02-25","299","CSC Corporate Domains, Inc.","whois.corporatedomains.com","http://www.cscglobal.com/global/web/csc/digital-brand-services","Disney Enterprises, Inc.; Domain Administrator","Disney Enterprises, Inc.","500 South Buena Vista Street, Mail Code 8029","Burbank","California","91521-8029","United States","corp.dns.domains@disney.com","+1.8182384694","+1.8182384694","Disney Enterprises, Inc.; Domain Administrator","Disney Enterprises, Inc.","500 South Buena Vista Street, Mail Code 8029","Burbank","California","91521-8029","United States","corp.dns.domains@disney.com","+1.8182384694","+1.8182384694","Disney Enterprises, Inc.; Domain Administrator","Disney Enterprises, Inc.","500 South Buena Vista Street, Mail Code 8029","Burbank","California","91521-8029","United States","corp.dns.domains@disney.com","+1.8182384694","+1.8182384694","","","","","","","","","","","dns1.p09.nsone.net","dns2.p09.nsone.net","sdns110.ultradns.biz","sdns110.ultradns.com","addPeriod","clientTransferProhibited","",""
"13","espnplus.lat","2021-03-01 15:50:09","2021-02-25","2021-02-25","2022-02-25","299","CSC Corporate Domains, Inc.","whois.corporatedomains.com","http://www.cscglobal.com/global/web/csc/digital-brand-services","Disney Enterprises, Inc.; Domain Administrator","Disney Enterprises, Inc.","500 South Buena Vista Street, Mail Code 8029","Burbank","California","91521-8029","United States","corp.dns.domains@disney.com","+1.8182384694","+1.8182384694","Disney Enterprises, Inc.; Domain Administrator","Disney Enterprises, Inc.","500 South Buena Vista Street, Mail Code 8029","Burbank","California","91521-8029","United States","corp.dns.domains@disney.com","+1.8182384694","+1.8182384694","Disney Enterprises, Inc.; Domain Administrator","Disney Enterprises, Inc.","500 South Buena Vista Street, Mail Code 8029","Burbank","California","91521-8029","United States","corp.dns.domains@disney.com","+1.8182384694","+1.8182384694","","","","","","","","","","","dns1.p09.nsone.net","dns2.p09.nsone.net","sdns110.ultradns.biz","sdns110.ultradns.com","addPeriod","clientTransferProhibited","",""
"14","hyion.net","2021-03-01 15:40:05","2021-02-26","2021-02-26","2022-02-26","299","CSC Corporate Domains, Inc.","whois.corporatedomains.com","http://www.cscglobal.com/global/web/csc/digital-brand-services","Robert Bosch GmbH","Robert Bosch GmbH","Wernerstr 51","Stuttgart","BW","70469","Germany","admin-c@bosch.de","+49.7118110","+49.7118110","Robert Bosch GmbH","Robert Bosch GmbH","Wernerstr 51","Stuttgart","BW","70469","Germany","admin-c@bosch.de","+49.7118110","+49.7118110","Hostmaster Bosch","Robert Bosch GmbH","Wernerstr. 51","Stuttgart","BW","70469","Germany","hostmaster@bosch.de","+49.7118110","+49.7118110","","","","","","","","","","","gwa.fe.bosch.de","gwa2.fe.bosch.de","","","clientTransferProhibited","","",""
"15","hyonia.net","2021-03-01 15:40:05","2021-02-26","2021-02-26","2022-02-26","299","CSC Corporate Domains, Inc.","whois.corporatedomains.com","http://www.cscglobal.com/global/web/csc/digital-brand-services","Robert Bosch GmbH","Robert Bosch GmbH","Wernerstr 51","Stuttgart","BW","70469","Germany","admin-c@bosch.de","+49.7118110","+49.7118110","Robert Bosch GmbH","Robert Bosch GmbH","Wernerstr 51","Stuttgart","BW","70469","Germany","admin-c@bosch.de","+49.7118110","+49.7118110","Hostmaster Bosch","Robert Bosch GmbH","Wernerstr. 51","Stuttgart","BW","70469","Germany","hostmaster@bosch.de","+49.7118110","+49.7118110","","","","","","","","","","","gwa.fe.bosch.de","gwa2.fe.bosch.de","","","clientTransferProhibited","","",""
"16","hyonity.net","2021-03-01 15:40:10","2021-02-26","2021-02-26","2022-02-26","299","CSC Corporate Domains, Inc.","whois.corporatedomains.com","http://www.cscglobal.com/global/web/csc/digital-brand-services","Robert Bosch GmbH","Robert Bosch GmbH","Wernerstr 51","Stuttgart","BW","70469","Germany","admin-c@bosch.de","+49.7118110","+49.7118110","Robert Bosch GmbH","Robert Bosch GmbH","Wernerstr 51","Stuttgart","BW","70469","Germany","admin-c@bosch.de","+49.7118110","+49.7118110","Hostmaster Bosch","Robert Bosch GmbH","Wernerstr. 51","Stuttgart","BW","70469","Germany","hostmaster@bosch.de","+49.7118110","+49.7118110","","","","","","","","","","","gwa.fe.bosch.de","gwa2.fe.bosch.de","","","clientTransferProhibited","","",""
"17","ifitgame.net","2021-03-01 15:40:06","2021-02-26","2021-02-26","2022-02-26","299","CSC Corporate Domains, Inc.","whois.corporatedomains.com","http://www.cscglobal.com/global/web/csc/digital-brand-services","Domain Administrator","ICON HEALTH & FITNESS, INC.","1500 S. 1000 W.","Logan","UT","84321","United States","domains@iconfitness.com","+1.4357505000","+1.4357505000","Domain Administrator","ICON HEALTH & FITNESS, INC.","1500 S. 1000 W.","Logan","UT","84321","United States","domains@iconfitness.com","+1.4357505000","+1.4357505000","DNS Administrator","CSC Corporate Domains, Inc.","251 Little Falls Drive","Wilmington","DE","19808","United States","dns-admin@cscglobal.com","+1.3026365400","+1.3026365454","","","","","","","","","","","dns1.cscdns.net","dns2.cscdns.net","","","clientTransferProhibited","","",""
"18","ifitgames.net","2021-03-01 15:40:03","2021-02-26","2021-02-26","2022-02-26","299","CSC Corporate Domains, Inc.","whois.corporatedomains.com","http://www.cscglobal.com/global/web/csc/digital-brand-services","Domain Administrator","ICON HEALTH & FITNESS, INC.","1500 S. 1000 W.","Logan","UT","84321","United States","domains@iconfitness.com","+1.4357505000","+1.4357505000","Domain Administrator","ICON HEALTH & FITNESS, INC.","1500 S. 1000 W.","Logan","UT","84321","United States","domains@iconfitness.com","+1.4357505000","+1.4357505000","DNS Administrator","CSC Corporate Domains, Inc.","251 Little Falls Drive","Wilmington","DE","19808","United States","dns-admin@cscglobal.com","+1.3026365400","+1.3026365454","","","","","","","","","","","dns1.cscdns.net","dns2.cscdns.net","","","clientTransferProhibited","","",""
"19","pyion.net","2021-03-01 14:41:37","2021-02-26","2021-02-26","2022-02-26","299","CSC Corporate Domains, Inc.","whois.corporatedomains.com","http://www.cscglobal.com/global/web/csc/digital-brand-services","Robert Bosch GmbH","Robert Bosch GmbH","Wernerstr 51","Stuttgart","BW","70469","Germany","admin-c@bosch.de","+49.7118110","+49.7118110","Robert Bosch GmbH","Robert Bosch GmbH","Wernerstr 51","Stuttgart","BW","70469","Germany","admin-c@bosch.de","+49.7118110","+49.7118110","Hostmaster Bosch","Robert Bosch GmbH","Wernerstr. 51","Stuttgart","BW","70469","Germany","hostmaster@bosch.de","+49.7118110","+49.7118110","","","","","","","","","","","gwa.fe.bosch.de","gwa2.fe.bosch.de","","","clientTransferProhibited","","",""
"20","situnaspasunrolexsarkozy.com","2021-02-25 18:46:11","2021-02-23","2021-02-23","2026-02-23","299","CSC Corporate Domains, Inc.","whois.corporatedomains.com","http://www.cscglobal.com/global/web/csc/digital-brand-services","Domain Administrator","Rolex Watch U.S.A., Inc.","665 Fifth Avenue","New York","NY","10022","United States","rusa@gibney.com","+1.2126885151","+1.2126888315","Domain Administrator","Rolex Watch U.S.A., Inc.","665 Fifth Avenue","New York","NY","10022","United States","rusa@gibney.com","+1.2126885151","+1.2126888315","DNS Administrator","CSC Corporate Domains, Inc.","251 Little Falls Drive","Wilmington","DE","19808","United States","dns-admin@cscglobal.com","+1.3026365400","+1.3026365454","","","","","","","","","","","dns1.cscdns.net","dns2.cscdns.net","","","clientTransferProhibited","","",""
"21","star-plus.lat","2021-03-01 15:50:03","2021-02-25","2021-02-25","2022-02-25","299","CSC Corporate Domains, Inc.","whois.corporatedomains.com","http://www.cscglobal.com/global/web/csc/digital-brand-services","Disney Enterprises, Inc.; Domain Administrator","Disney Enterprises, Inc.","500 South Buena Vista Street, Mail Code 8029","Burbank","California","91521-8029","United States","corp.dns.domains@disney.com","+1.8182384694","+1.8182384694","Disney Enterprises, Inc.; Domain Administrator","Disney Enterprises, Inc.","500 South Buena Vista Street, Mail Code 8029","Burbank","California","91521-8029","United States","corp.dns.domains@disney.com","+1.8182384694","+1.8182384694","Disney Enterprises, Inc.; Domain Administrator","Disney Enterprises, Inc.","500 South Buena Vista Street, Mail Code 8029","Burbank","California","91521-8029","United States","corp.dns.domains@disney.com","+1.8182384694","+1.8182384694","","","","","","","","","","","dns1.p09.nsone.net","dns2.p09.nsone.net","sdns110.ultradns.biz","sdns110.ultradns.com","addPeriod","clientTransferProhibited","",""
"22","starplus.lat","2021-03-01 15:50:04","2021-02-25","2021-02-25","2022-02-25","299","CSC Corporate Domains, Inc.","whois.corporatedomains.com","http://www.cscglobal.com/global/web/csc/digital-brand-services","Disney Enterprises, Inc.; Domain Administrator","Disney Enterprises, Inc.","500 South Buena Vista Street, Mail Code 8029","Burbank","California","91521-8029","United States","corp.dns.domains@disney.com","+1.8182384694","+1.8182384694","Disney Enterprises, Inc.; Domain Administrator","Disney Enterprises, Inc.","500 South Buena Vista Street, Mail Code 8029","Burbank","California","91521-8029","United States","corp.dns.domains@disney.com","+1.8182384694","+1.8182384694","Disney Enterprises, Inc.; Domain Administrator","Disney Enterprises, Inc.","500 South Buena Vista Street, Mail Code 8029","Burbank","California","91521-8029","United States","corp.dns.domains@disney.com","+1.8182384694","+1.8182384694","","","","","","","","","","","dns1.p09.nsone.net","dns2.p09.nsone.net","sdns110.ultradns.biz","sdns110.ultradns.com","addPeriod","clientTransferProhibited","",""
"23","thelearningarena.net","2021-03-01 14:40:42","2021-02-26","2021-02-26","2022-02-26","299","CSC Corporate Domains, Inc.","whois.corporatedomains.com","http://www.cscglobal.com/global/web/csc/digital-brand-services","UK Sport","United Kingdom Sports Council","21 Bloomsbury Street","London","London","WC1B 3HF","United Kingdom","support@uksport.gov.uk","+44.2072115100","+44.2072115100","UK Sport","United Kingdom Sports Council","21 Bloomsbury Street","London","London","WC1B 3HF","United Kingdom","support@uksport.gov.uk","+44.2072115100","+44.2072115100","DNS Admin","CSC Corporate Domains, Inc.","251 Little Falls Drive","Wilmington","DE","19808","United States","dns-admin@cscglobal.com","+1.3026365400","+1.3026365454","","","","","","","","","","","dns1.cscdns.net","dns2.cscdns.net","","","clientTransferProhibited","","",""
"24","tirebuyer.online","2021-03-01 15:34:37","2021-02-26","2021-02-26","2022-02-26","299","CSC Corporate Domains, Inc.","whois.corporatedomains.com","http://www.cscglobal.com/global/web/csc/digital-brand-services","CSC Corporate Domains, Inc.","CSC Corporate Domains, Inc.","","","DE","","United States","","","","","","","","","","","","","","","","","","","","","","","","","","","","","","","","","","ns1.atd-us.com","ns2.atd-us.com","ns3.atd-us.com","ns4.atd-us.com","addPeriod","clientTransferProhibited","serverTransferProhibited",""
"25","tirebuyer.services","2021-03-01 15:30:10","2021-02-26","2021-02-26","2022-02-26","299","CSC Corporate Domains, Inc.","whois.corporatedomains.com","http://www.cscglobal.com/global/web/csc/digital-brand-services","REDACTED FOR PRIVACY","CSC Corporate Domains, Inc.","REDACTED FOR PRIVACY","REDACTED FOR PRIVACY","DE","REDACTED FOR PRIVACY","United States","","REDACTED FOR PRIVACY","REDACTED FOR PRIVACY","","","","","","","","","","","","","","","","","","","","","","","","","","","","","","","","","","","addPeriod","clientTransferProhibited","",""
"26","tirebuyer.site","2021-03-01 15:29:05","2021-02-26","2021-02-26","2022-02-26","299","CSC Corporate Domains, Inc.","whois.corporatedomains.com","http://www.cscglobal.com/global/web/csc/digital-brand-services","CSC Corporate Domains, Inc.","CSC Corporate Domains, Inc.","","","DE","","United States","","","","","","","","","","","","","","","","","","","","","","","","","","","","","","","","","","ns1.atd-us.com","ns2.atd-us.com","ns3.atd-us.com","ns4.atd-us.com","addPeriod","clientTransferProhibited","serverTransferProhibited",""
"27","tirebuyer.store","2021-03-01 15:27:47","2021-02-26","","2022-02-26","299","CSC Corporate Domains, Inc.","whois.corporatedomains.com","http://www.cscglobal.com/global/web/csc/digital-brand-services","CSC Corporate Domains, Inc.","CSC Corporate Domains, Inc.","","","DE","","United States","","","","","","","","","","","","","","DNS Administrator","CSC Corporate Domains, Inc.","251 Little Falls Drive","Wilmington","DE","19808","United States","dns-admin@cscglobal.com","+1.3026365400","+1.3026365454","ccTLD Billing","CSC Corporate Domains, Inc.","251 Little Falls Drive","Wilmington","DE","19808","United States","cctld-billing@cscinfo.com","+1.3026365400","+1.3026365454","ns1.atd-us.com","ns2.atd-us.com","ns3.atd-us.com","ns4.atd-us.com","addPeriod","clientTransferProhibited","serverTransferProhibited",""
"28","tirebuyer.tech","2021-03-01 15:25:15","2021-02-26","2021-02-26","2022-02-26","299","CSC Corporate Domains, Inc.","whois.corporatedomains.com","http://www.cscglobal.com/global/web/csc/digital-brand-services","CSC Corporate Domains, Inc.","CSC Corporate Domains, Inc.","","","DE","","United States","","","","","","","","","","","","","","","","","","","","","","","","","","","","","","","","","","ns1.atd-us.com","ns2.atd-us.com","ns3.atd-us.com","ns4.atd-us.com","addPeriod","clientTransferProhibited","serverTransferProhibited",""
"29","tirebuyer.wiki","2021-03-01 14:51:29","2021-02-26","2021-02-26","2022-02-26","299","CSC Corporate Domains, Inc.","whois.corporatedomains.com","http://www.cscglobal.com/global/web/csc/digital-brand-services","CSC Corporate Domains, Inc.","CSC Corporate Domains, Inc.","","","DE","","United States","","","","","","","","","","","","","","","","","","","","","","","","","","","","","","","","","","ns1.atd-us.com","ns2.atd-us.com","ns3.atd-us.com","ns4.atd-us.com","addPeriod","clientTransferProhibited","serverTransferProhibited",""
"30","viu.insure","2021-03-01 15:50:07","2021-02-26","2021-02-26","2022-02-26","299","CSC Corporate Domains, Inc.","whois.corporatedomains.com","http://www.cscglobal.com/global/web/csc/digital-brand-services","REDACTED FOR PRIVACY","Hub International Limited","REDACTED FOR PRIVACY","REDACTED FOR PRIVACY","IL","REDACTED FOR PRIVACY","United States","","REDACTED FOR PRIVACY","REDACTED FOR PRIVACY","","","","","","","","","","","","","","","","","","","","","","","","","","","","","","","","","","","addPeriod","clientTransferProhibited","",""