"num","domain_name","query_time","create_date","update_date","expiry_date","domain_registrar_id","domain_registrar_name","domain_registrar_whois","domain_registrar_url","registrant_name","registrant_company","registrant_address","registrant_city","registrant_state","registrant_zip","registrant_country","registrant_email","registrant_phone","registrant_fax","administrative_name","administrative_company","administrative_address","administrative_city","administrative_state","administrative_zip","administrative_country","administrative_email","administrative_phone","administrative_fax","technical_name","technical_company","technical_address","technical_city","technical_state","technical_zip","technical_country","technical_email","technical_phone","technical_fax","billing_name","billing_company","billing_address","billing_city","billing_state","billing_zip","billing_country","billing_email","billing_phone","billing_fax","name_server_1","name_server_2","name_server_3","name_server_4","domain_status_1","domain_status_2","domain_status_3","domain_status_4"
"1","888aaa88aa.com","2021-03-01 14:21:02","2021-02-27","2021-02-28","2022-02-27","2233","Desert Sand Domains, LLC","whois.desertsanddomains.com","http://www.desertsanddomains.com","zhong shan zhu","zhu zhong shan","mu dan qu, sha tu zhen, bei song zhuang, xing zhen","he ze shi","shan dong","274000","China","bdht888@126.com","+86.15630143776","+86.15630143776","zhong shan zhu","zhu zhong shan","mu dan qu, sha tu zhen, bei song zhuang, xing zhen","he ze shi","shan dong","274000","China","bdht888@126.com","+86.15630143776","+86.15630143776","zhong shan zhu","zhu zhong shan","mu dan qu, sha tu zhen, bei song zhuang, xing zhen","he ze shi","shan dong","274000","China","bdht888@126.com","+86.15630143776","+86.15630143776","","","","","","","","","","","v1.juming-xz.com","v1.xz-juming.com","","","OK","","",""
"2","didwathens.com","2021-03-01 17:09:12","2021-02-27","2021-02-27","2022-02-27","2233","Desert Sand Domains, LLC","whois.desertsanddomains.com","http://www.desertsanddomains.com","PERFECT PRIVACY, LLC","","5335 Gate Parkway","Jacksonville","FL","32256","United States","3e5r4976kkjte9mcgk9mkdq73n@domaindiscreet.com","+1.9027492701","","PERFECT PRIVACY, LLC","","5335 Gate Parkway","Jacksonville","FL","32256","United States","3e5r4976kkjte9mcgk9mkdq73n@domaindiscreet.com","+1.9027492701","","PERFECT PRIVACY, LLC","","5335 Gate Parkway","Jacksonville","FL","32256","United States","3e5r4976kkjte9mcgk9mkdq73n@domaindiscreet.com","+1.9027492701","","","","","","","","","","","","ns1.dnsnuts.com","ns2.dnsnuts.com","","","OK","","",""
"3","dirtindex.com","2021-03-01 17:47:32","2021-02-27","2021-02-27","2022-02-27","2233","Desert Sand Domains, LLC","whois.desertsanddomains.com","http://www.desertsanddomains.com","PERFECT PRIVACY, LLC","","5335 Gate Parkway","Jacksonville","FL","32256","United States","6ej3qvm4e0h3k8e03fghtc108s@domaindiscreet.com","+1.9027492701","","PERFECT PRIVACY, LLC","","5335 Gate Parkway","Jacksonville","FL","32256","United States","6ej3qvm4e0h3k8e03fghtc108s@domaindiscreet.com","+1.9027492701","","PERFECT PRIVACY, LLC","","5335 Gate Parkway","Jacksonville","FL","32256","United States","6ej3qvm4e0h3k8e03fghtc108s@domaindiscreet.com","+1.9027492701","","","","","","","","","","","","ns15.above.com","ns16.above.com","","","OK","","",""
"4","ghanshyamtech.com","2021-03-01 17:40:56","2021-02-27","2021-02-27","2022-02-27","2233","Desert Sand Domains, LLC","whois.desertsanddomains.com","http://www.desertsanddomains.com","PERFECT PRIVACY, LLC","","5335 Gate Parkway","Jacksonville","FL","32256","United States","6ej3qvm4e0h3k8e03fghtc108s@domaindiscreet.com","+1.9027492701","","PERFECT PRIVACY, LLC","","5335 Gate Parkway","Jacksonville","FL","32256","United States","6ej3qvm4e0h3k8e03fghtc108s@domaindiscreet.com","+1.9027492701","","PERFECT PRIVACY, LLC","","5335 Gate Parkway","Jacksonville","FL","32256","United States","6ej3qvm4e0h3k8e03fghtc108s@domaindiscreet.com","+1.9027492701","","","","","","","","","","","","ns15.above.com","ns16.above.com","","","OK","","",""
"5","knowdough.com","2021-03-01 17:30:47","2021-02-27","2021-03-01","2022-02-27","2233","Desert Sand Domains, LLC","whois.desertsanddomains.com","http://www.desertsanddomains.com","PERFECT PRIVACY, LLC","","5335 Gate Parkway","Jacksonville","FL","32256","United States","93ogcqgk8ki15830eus7da23ft@domaindiscreet.com","+1.9027492701","","PERFECT PRIVACY, LLC","","5335 Gate Parkway","Jacksonville","FL","32256","United States","93ogcqgk8ki15830eus7da23ft@domaindiscreet.com","+1.9027492701","","PERFECT PRIVACY, LLC","","5335 Gate Parkway","Jacksonville","FL","32256","United States","93ogcqgk8ki15830eus7da23ft@domaindiscreet.com","+1.9027492701","","","","","","","","","","","","buy.internettraffic.com","sell.internettraffic.com","","","OK","","",""
"6","maichongjichen.com","2021-03-01 17:39:15","2021-02-27","2021-02-27","2022-02-27","2233","Desert Sand Domains, LLC","whois.desertsanddomains.com","http://www.desertsanddomains.com","Domain Administrator","XZ.COM","602, 56 Guanri Road, Software Park II","Xiamen","FUJIAN","361008","China","support@xz.com","+1.865925990220","","Domain Administrator","XZ.COM","602, 56 Guanri Road, Software Park II","Xiamen","FUJIAN","361008","China","support@xz.com","+1.865925990220","","Domain Administrator","XZ.COM","602, 56 Guanri Road, Software Park II","Xiamen","FUJIAN","361008","China","support@xz.com","+1.865925990220","","","","","","","","","","","","v1.juming-xz.com","v1.xz-juming.com","","","OK","","",""
"7","musicwebdirectory.com","2021-03-01 17:42:25","2021-02-27","2021-02-28","2022-02-27","2233","Desert Sand Domains, LLC","whois.desertsanddomains.com","http://www.desertsanddomains.com","","","","","","","","abuse@web.com","","","Statutory Masking Enabled","Statutory Masking Enabled","Statutory Masking Enabled","Statutory Masking Enabled","Statutory Masking Enabled","Statutory Masking Enabled","Statutory Masking Enabled","abuse@web.com","Statutory Masking Enabled","Statutory Masking Enabled","Statutory Masking Enabled","Statutory Masking Enabled","Statutory Masking Enabled","Statutory Masking Enabled","Statutory Masking Enabled","Statutory Masking Enabled","Statutory Masking Enabled","abuse@web.com","Statutory Masking Enabled","Statutory Masking Enabled","Statutory Masking Enabled","Statutory Masking Enabled","Statutory Masking Enabled","Statutory Masking Enabled","Statutory Masking Enabled","Statutory Masking Enabled","Statutory Masking Enabled","abuse@web.com","Statutory Masking Enabled","Statutory Masking Enabled","ns1387.ztomy.com","ns2387.ztomy.com","","","OK","","",""
"8","mygou1616.com","2021-03-01 17:25:53","2021-02-27","2021-02-27","2022-02-27","2233","Desert Sand Domains, LLC","whois.desertsanddomains.com","http://www.desertsanddomains.com","Domain Administrator","XZ.COM","602, 56 Guanri Road, Software Park II","Xiamen","FUJIAN","361008","China","support@xz.com","+1.865925990220","","Domain Administrator","XZ.COM","602, 56 Guanri Road, Software Park II","Xiamen","FUJIAN","361008","China","support@xz.com","+1.865925990220","","Domain Administrator","XZ.COM","602, 56 Guanri Road, Software Park II","Xiamen","FUJIAN","361008","China","support@xz.com","+1.865925990220","","","","","","","","","","","","v1.juming-xz.com","v1.xz-juming.com","","","OK","","",""
"9","productok.com","2021-03-01 17:46:27","2021-02-27","2021-02-27","2022-02-27","2233","Desert Sand Domains, LLC","whois.desertsanddomains.com","http://www.desertsanddomains.com","PERFECT PRIVACY, LLC","","5335 Gate Parkway","Jacksonville","FL","32256","United States","6ej3qvm4e0h3k8e03fghtc108s@domaindiscreet.com","+1.9027492701","","PERFECT PRIVACY, LLC","","5335 Gate Parkway","Jacksonville","FL","32256","United States","6ej3qvm4e0h3k8e03fghtc108s@domaindiscreet.com","+1.9027492701","","PERFECT PRIVACY, LLC","","5335 Gate Parkway","Jacksonville","FL","32256","United States","6ej3qvm4e0h3k8e03fghtc108s@domaindiscreet.com","+1.9027492701","","","","","","","","","","","","ns15.above.com","ns16.above.com","","","OK","","",""
"10","qsgbtc.com","2021-03-01 17:28:43","2021-02-27","2021-02-28","2022-02-27","2233","Desert Sand Domains, LLC","whois.desertsanddomains.com","http://www.desertsanddomains.com","chao ting xu","xu chao ting","jing yuan xian, gan su sheng jing yuan xian, san t","bai yin shi","gan su","730600","China","agmanila@qq.com","+86.09432021044","+86.09432021044","chao ting xu","xu chao ting","jing yuan xian, gan su sheng jing yuan xian, san t","bai yin shi","gan su","730600","China","agmanila@qq.com","+86.09432021044","+86.09432021044","chao ting xu","xu chao ting","jing yuan xian, gan su sheng jing yuan xian, san t","bai yin shi","gan su","730600","China","agmanila@qq.com","+86.09432021044","+86.09432021044","","","","","","","","","","","v1.juming-xz.com","v1.xz-juming.com","","","OK","","",""
"11","souqt.com","2021-03-01 17:20:43","2021-02-27","2021-02-27","2022-02-27","2233","Desert Sand Domains, LLC","whois.desertsanddomains.com","http://www.desertsanddomains.com","PERFECT PRIVACY, LLC","","5335 Gate Parkway","Jacksonville","FL","32256","United States","6ej3qvm4e0h3k8e03fghtc108s@domaindiscreet.com","+1.9027492701","","PERFECT PRIVACY, LLC","","5335 Gate Parkway","Jacksonville","FL","32256","United States","6ej3qvm4e0h3k8e03fghtc108s@domaindiscreet.com","+1.9027492701","","PERFECT PRIVACY, LLC","","5335 Gate Parkway","Jacksonville","FL","32256","United States","6ej3qvm4e0h3k8e03fghtc108s@domaindiscreet.com","+1.9027492701","","","","","","","","","","","","ns15.above.com","ns16.above.com","","","OK","","",""
"12","szxc355.com","2021-03-01 17:24:57","2021-02-27","2021-02-27","2022-02-27","2233","Desert Sand Domains, LLC","whois.desertsanddomains.com","http://www.desertsanddomains.com","PERFECT PRIVACY, LLC","","5335 Gate Parkway","Jacksonville","FL","32256","United States","6ej3qvm4e0h3k8e03fghtc108s@domaindiscreet.com","+1.9027492701","","PERFECT PRIVACY, LLC","","5335 Gate Parkway","Jacksonville","FL","32256","United States","6ej3qvm4e0h3k8e03fghtc108s@domaindiscreet.com","+1.9027492701","","PERFECT PRIVACY, LLC","","5335 Gate Parkway","Jacksonville","FL","32256","United States","6ej3qvm4e0h3k8e03fghtc108s@domaindiscreet.com","+1.9027492701","","","","","","","","","","","","ns15.above.com","ns16.above.com","","","OK","","",""
"13","thebeautymarkgirls.com","2021-03-01 17:37:10","2021-02-27","2021-02-27","2022-02-27","2233","Desert Sand Domains, LLC","whois.desertsanddomains.com","http://www.desertsanddomains.com","PERFECT PRIVACY, LLC","","5335 Gate Parkway","Jacksonville","FL","32256","United States","6ej3qvm4e0h3k8e03fghtc108s@domaindiscreet.com","+1.9027492701","","PERFECT PRIVACY, LLC","","5335 Gate Parkway","Jacksonville","FL","32256","United States","6ej3qvm4e0h3k8e03fghtc108s@domaindiscreet.com","+1.9027492701","","PERFECT PRIVACY, LLC","","5335 Gate Parkway","Jacksonville","FL","32256","United States","6ej3qvm4e0h3k8e03fghtc108s@domaindiscreet.com","+1.9027492701","","","","","","","","","","","","ns15.above.com","ns16.above.com","","","OK","","",""
"14","whatonlinegames.com","2021-03-01 17:52:14","2021-02-27","2021-02-27","2022-02-27","2233","Desert Sand Domains, LLC","whois.desertsanddomains.com","http://www.desertsanddomains.com","PERFECT PRIVACY, LLC","","5335 Gate Parkway","Jacksonville","FL","32256","United States","6ej3qvm4e0h3k8e03fghtc108s@domaindiscreet.com","+1.9027492701","","PERFECT PRIVACY, LLC","","5335 Gate Parkway","Jacksonville","FL","32256","United States","6ej3qvm4e0h3k8e03fghtc108s@domaindiscreet.com","+1.9027492701","","PERFECT PRIVACY, LLC","","5335 Gate Parkway","Jacksonville","FL","32256","United States","6ej3qvm4e0h3k8e03fghtc108s@domaindiscreet.com","+1.9027492701","","","","","","","","","","","","ns15.above.com","ns16.above.com","","","OK","","",""
"15","wzdhc.com","2021-03-01 17:37:50","2021-02-27","2021-02-28","2022-02-27","2233","Desert Sand Domains, LLC","whois.desertsanddomains.com","http://www.desertsanddomains.com","zhen guang lin","lin zhen guang","bai yun qu, tian he lu, fu yuan yuan, 3 dong 102","guang zhou shi","guang dong","510400","China","newseo1@protonmail.com","+86.02068185230","+86.02068185230","zhen guang lin","lin zhen guang","bai yun qu, tian he lu, fu yuan yuan, 3 dong 102","guang zhou shi","guang dong","510400","China","newseo1@protonmail.com","+86.02068185230","+86.02068185230","zhen guang lin","lin zhen guang","bai yun qu, tian he lu, fu yuan yuan, 3 dong 102","guang zhou shi","guang dong","510400","China","newseo1@protonmail.com","+86.02068185230","+86.02068185230","","","","","","","","","","","v1.juming-xz.com","v1.xz-juming.com","","","OK","","",""