"num","domain_name","query_time","create_date","update_date","expiry_date","domain_registrar_id","domain_registrar_name","domain_registrar_whois","domain_registrar_url","registrant_name","registrant_company","registrant_address","registrant_city","registrant_state","registrant_zip","registrant_country","registrant_email","registrant_phone","registrant_fax","administrative_name","administrative_company","administrative_address","administrative_city","administrative_state","administrative_zip","administrative_country","administrative_email","administrative_phone","administrative_fax","technical_name","technical_company","technical_address","technical_city","technical_state","technical_zip","technical_country","technical_email","technical_phone","technical_fax","billing_name","billing_company","billing_address","billing_city","billing_state","billing_zip","billing_country","billing_email","billing_phone","billing_fax","name_server_1","name_server_2","name_server_3","name_server_4","domain_status_1","domain_status_2","domain_status_3","domain_status_4"
"1","budget-shops.com","2021-03-01 17:50:46","2021-02-27","2021-02-28","2022-02-27","1179","Domainhysteria.com LLC","whois.afilias.info","http://www.networksolutions.com","","","","","","","","abuse@web.com","","","Statutory Masking Enabled","Statutory Masking Enabled","Statutory Masking Enabled","Statutory Masking Enabled","Statutory Masking Enabled","Statutory Masking Enabled","Statutory Masking Enabled","abuse@web.com","Statutory Masking Enabled","Statutory Masking Enabled","Statutory Masking Enabled","Statutory Masking Enabled","Statutory Masking Enabled","Statutory Masking Enabled","Statutory Masking Enabled","Statutory Masking Enabled","Statutory Masking Enabled","abuse@web.com","Statutory Masking Enabled","Statutory Masking Enabled","Statutory Masking Enabled","Statutory Masking Enabled","Statutory Masking Enabled","Statutory Masking Enabled","Statutory Masking Enabled","Statutory Masking Enabled","Statutory Masking Enabled","abuse@web.com","Statutory Masking Enabled","Statutory Masking Enabled","ns1387.ztomy.com","ns2387.ztomy.com","","","OK","","",""
"2","laihuzhu.com","2021-03-01 17:51:10","2021-02-27","2021-02-28","2022-02-27","1179","Domainhysteria.com LLC","whois.afilias.info","http://www.networksolutions.com","chao ting xu","xu chao ting","jing yuan xian, gan su sheng jing yuan xian, san t","bai yin shi","gan su","730600","China","agmanila@qq.com","+86.09432021044","+86.09432021044","chao ting xu","xu chao ting","jing yuan xian, gan su sheng jing yuan xian, san t","bai yin shi","gan su","730600","China","agmanila@qq.com","+86.09432021044","+86.09432021044","chao ting xu","xu chao ting","jing yuan xian, gan su sheng jing yuan xian, san t","bai yin shi","gan su","730600","China","agmanila@qq.com","+86.09432021044","+86.09432021044","","","","","","","","","","","v1.juming-xz.com","v1.xz-juming.com","","","OK","","",""
"3","mli100.com","2021-03-01 17:24:30","2021-02-27","2021-02-28","2022-02-27","1179","Domainhysteria.com LLC","whois.afilias.info","http://www.networksolutions.com","jian kong cui","cui jian kong","qiao dong qu, lao ya zhuang zhen, shang xiao zhan","zhang jia kou shi","he bei","075000","China","xl9599995@163.com","+86.18505518409","+86.18505518409","jian kong cui","cui jian kong","qiao dong qu, lao ya zhuang zhen, shang xiao zhan","zhang jia kou shi","he bei","075000","China","xl9599995@163.com","+86.18505518409","+86.18505518409","jian kong cui","cui jian kong","qiao dong qu, lao ya zhuang zhen, shang xiao zhan","zhang jia kou shi","he bei","075000","China","xl9599995@163.com","+86.18505518409","+86.18505518409","","","","","","","","","","","jm1.dns.com","jm2.dns.com","","","OK","","",""
"4","wacky-packages.info","2021-03-01 15:54:55","2021-02-27","2021-02-28","2022-02-27","1179","Domainhysteria.com LLC","whois.afilias.info","http://www.networksolutions.com","","","","","New South Wales","","Australia","","","","","","","","","","","","","","","","","","","","","","","","","","","","","","","","","","ns63.worldnic.com","ns64.worldnic.com","","","addPeriod","clientTransferProhibited","serverTransferProhibited",""
"5","xssjj.com","2021-03-01 17:39:45","2021-02-27","2021-03-01","2022-02-27","1179","Domainhysteria.com LLC","whois.afilias.info","http://www.networksolutions.com","William Lin","DOTMEDIA","Xi 215, GangBian Cun YongNing Zhen","ShiShi Shi","FuJian Sheng","362700","China","william@dotmedia.com","+86.18659072525","+86.18659072525","William Lin","DOTMEDIA","Xi 215, GangBian Cun YongNing Zhen","ShiShi Shi","FuJian Sheng","362700","China","william@dotmedia.com","+86.18659072525","+86.18659072525","William Lin","DOTMEDIA","Xi 215, GangBian Cun YongNing Zhen","ShiShi Shi","FuJian Sheng","362700","China","william@dotmedia.com","+86.18659072525","+86.18659072525","","","","","","","","","","","v1.juming-xz.com","v1.xz-juming.com","","","OK","","",""
"6","yulongshop.com","2021-03-01 17:30:33","2021-02-27","2021-02-27","2022-02-27","1179","Domainhysteria.com LLC","whois.afilias.info","http://www.networksolutions.com","Domain Administrator","XZ.COM","602, 56 Guanri Road, Software Park II","Xiamen","FUJIAN","361008","China","support@xz.com","+1.865925990220","","Domain Administrator","XZ.COM","602, 56 Guanri Road, Software Park II","Xiamen","FUJIAN","361008","China","support@xz.com","+1.865925990220","","Domain Administrator","XZ.COM","602, 56 Guanri Road, Software Park II","Xiamen","FUJIAN","361008","China","support@xz.com","+1.865925990220","","","","","","","","","","","","v1.juming-xz.com","v1.xz-juming.com","","","OK","","",""