"num","domain_name","query_time","create_date","update_date","expiry_date","domain_registrar_id","domain_registrar_name","domain_registrar_whois","domain_registrar_url","registrant_name","registrant_company","registrant_address","registrant_city","registrant_state","registrant_zip","registrant_country","registrant_email","registrant_phone","registrant_fax","administrative_name","administrative_company","administrative_address","administrative_city","administrative_state","administrative_zip","administrative_country","administrative_email","administrative_phone","administrative_fax","technical_name","technical_company","technical_address","technical_city","technical_state","technical_zip","technical_country","technical_email","technical_phone","technical_fax","billing_name","billing_company","billing_address","billing_city","billing_state","billing_zip","billing_country","billing_email","billing_phone","billing_fax","name_server_1","name_server_2","name_server_3","name_server_4","domain_status_1","domain_status_2","domain_status_3","domain_status_4"
"1","accent-english.com","2021-03-01 17:02:06","2021-02-27","2021-02-27","2022-02-27","1660","Domainshype.com, Inc.","whois.domainshype.com","http://www.domainshype.com","pawan kumar","","PIPER PATI ROAD BUXAR","BUXAR","1715","802101","India","frenchjais@gmail.com","+91.7503361576","","pawan kumar","","PIPER PATI ROAD BUXAR","BUXAR","1715","802101","India","frenchjais@gmail.com","+91.7503361576","","pawan kumar","","PIPER PATI ROAD BUXAR","BUXAR","1715","802101","India","frenchjais@gmail.com","+91.7503361576","","","","","","","","","","","","sns11.hostgator.in","sns12.hostgator.in","","","clientTransferProhibited","","",""
"2","allsecurehostings.com","2021-03-01 17:00:26","2021-02-27","2021-02-27","2022-02-27","1660","Domainshype.com, Inc.","whois.domainshype.com","http://www.domainshype.com","Senthilkumar Kumarasamy","","no 52 first street subramanya nagar k k nagar post","Tiruchirappalli","Tamil Nadu","620021","India","rksaaa2017@gmail.com","+91.9790378464","","Senthilkumar Kumarasamy","","no 52 first street subramanya nagar k k nagar post","Tiruchirappalli","Tamil Nadu","620021","India","rksaaa2017@gmail.com","+91.9790378464","","Senthilkumar Kumarasamy","","no 52 first street subramanya nagar k k nagar post","Tiruchirappalli","Tamil Nadu","620021","India","rksaaa2017@gmail.com","+91.9790378464","","","","","","","","","","","","ns1.plesk-web15.webhostbox.net","ns2.plesk-web15.webhostbox.net","","","clientTransferProhibited","","",""
"3","ashirwaadsolutions.com","2021-03-01 16:58:03","2021-02-27","2021-02-28","2022-02-27","1660","Domainshype.com, Inc.","whois.domainshype.com","http://www.domainshype.com","ashish mishra","","itwa bazar sidhearth nager","lucknow","1741","226010","India","1ashishji1@gmail.com","+91.8528451010","","ashish mishra","","itwa bazar sidhearth nager","lucknow","1741","226010","India","1ashishji1@gmail.com","+91.8528451010","","ashish mishra","","itwa bazar sidhearth nager","lucknow","1741","226010","India","1ashishji1@gmail.com","+91.8528451010","","","","","","","","","","","","cns6009.hostgator.in","cns6010.hostgator.in","","","clientTransferProhibited","","",""
"4","ashiverse.com","2021-03-01 14:22:12","2021-02-27","2021-02-27","2022-02-27","1660","Domainshype.com, Inc.","whois.domainshype.com","http://www.domainshype.com","Domain Admin","Privacy Protect, LLC (PrivacyProtect.org)","10 Corporate Drive","Burlington","MA","01803","United States","contact@privacyprotect.org","+1.8022274003","","Domain Admin","Privacy Protect, LLC (PrivacyProtect.org)","10 Corporate Drive","Burlington","MA","01803","United States","contact@privacyprotect.org","+1.8022274003","","Domain Admin","Privacy Protect, LLC (PrivacyProtect.org)","10 Corporate Drive","Burlington","MA","01803","United States","contact@privacyprotect.org","+1.8022274003","","","","","","","","","","","","sns15.hostgator.in","sns16.hostgator.in","","","clientTransferProhibited","","",""
"5","astalablog.com","2021-03-01 16:57:55","2021-02-27","2021-02-27","2022-02-27","1660","Domainshype.com, Inc.","whois.domainshype.com","http://www.domainshype.com","BIKASH BISTA","","NAXALBARI","SILIGURI","1742","734429","India","astalachettri@gmail.com","+91.9177275301","","BIKASH BISTA","","NAXALBARI","SILIGURI","1742","734429","India","astalachettri@gmail.com","+91.9177275301","","BIKASH BISTA","","NAXALBARI","SILIGURI","1742","734429","India","astalachettri@gmail.com","+91.9177275301","","","","","","","","","","","","sns7.hostgator.in","sns8.hostgator.in","","","clientTransferProhibited","","",""
"6","bireshblog.com","2021-03-01 16:54:49","2021-02-27","2021-02-27","2022-02-27","1660","Domainshype.com, Inc.","whois.domainshype.com","http://www.domainshype.com","Biresh R","","K Thippanapalli","Krishnagiri","Tamil Nadu","635115","India","bireshravi03@gmail.com","+91.9025485471","","Biresh R","","K Thippanapalli","Krishnagiri","Tamil Nadu","635115","India","bireshravi03@gmail.com","+91.9025485471","","Biresh R","","K Thippanapalli","Krishnagiri","Tamil Nadu","635115","India","bireshravi03@gmail.com","+91.9025485471","","","","","","","","","","","","sns23.hostgator.in","sns24.hostgator.in","","","clientTransferProhibited","","",""
"7","bountifulcupboard.com","2021-03-01 17:49:05","2021-02-27","2021-02-27","2022-02-27","1660","Domainshype.com, Inc.","whois.domainshype.com","http://www.domainshype.com","This Domain For Sale Worldwide 339 222 5132","Buydomains.com","738 Main Street, #389","Waltham","Massachusetts","02451","United States","brokerage@buydomains.com","+1.3392225132","7818392801","This Domain For Sale Worldwide 339 222 5132","Buydomains.com","738 Main Street, #389","Waltham","Massachusetts","02451","United States","brokerage@buydomains.com","+1.3392225132","7818392801","This Domain For Sale Worldwide 339 222 5132","Buydomains.com","738 Main Street, #389","Waltham","Massachusetts","02451","United States","brokerage@buydomains.com","+1.3392225132","7818392801","","","","","","","","","","","ns.buydomains.com","this-domain-for-sale.com","","","clientTransferProhibited","","",""
"8","cajeeson.com","2021-03-01 14:28:56","2021-02-27","2021-02-27","2022-02-27","1660","Domainshype.com, Inc.","whois.domainshype.com","http://www.domainshype.com","KKM Team","","Kunnamkulam","Thrissur","Kerala","680503","India","whitespacesson@gmail.com","+91.9496515136","","KKM Team","","Kunnamkulam","Thrissur","Kerala","680503","India","whitespacesson@gmail.com","+91.9496515136","","KKM Team","","Kunnamkulam","Thrissur","Kerala","680503","India","whitespacesson@gmail.com","+91.9496515136","","","","","","","","","","","","ns1.sdin-pp-wb3.webhostbox.net","ns2.sdin-pp-wb3.webhostbox.net","","","clientTransferProhibited","","",""
"9","challasblog.com","2021-03-01 14:27:42","2021-02-27","2021-02-27","2022-02-27","1660","Domainshype.com, Inc.","whois.domainshype.com","http://www.domainshype.com","Ezikel challa","","19  14  190 b old rrpet vijayawada","krishna","Andhra Pradesh","520001","India","ezikel.challa@gmail.com","+91.9505113113","","Ezikel challa","","19  14  190 b old rrpet vijayawada","krishna","Andhra Pradesh","520001","India","ezikel.challa@gmail.com","+91.9505113113","","Ezikel challa","","19  14  190 b old rrpet vijayawada","krishna","Andhra Pradesh","520001","India","ezikel.challa@gmail.com","+91.9505113113","","","","","","","","","","","","sns5.hostgator.in","sns6.hostgator.in","","","clientTransferProhibited","","",""
"10","cleanupworld.com","2021-03-01 17:32:23","2021-02-27","2021-02-27","2022-02-27","1660","Domainshype.com, Inc.","whois.domainshype.com","http://www.domainshype.com","This Domain For Sale Worldwide 339 222 5132","Buydomains.com","738 Main Street, #389","Waltham","Massachusetts","02451","United States","brokerage@buydomains.com","+1.3392225132","7818392801","This Domain For Sale Worldwide 339 222 5132","Buydomains.com","738 Main Street, #389","Waltham","Massachusetts","02451","United States","brokerage@buydomains.com","+1.3392225132","7818392801","This Domain For Sale Worldwide 339 222 5132","Buydomains.com","738 Main Street, #389","Waltham","Massachusetts","02451","United States","brokerage@buydomains.com","+1.3392225132","7818392801","","","","","","","","","","","ns.buydomains.com","this-domain-for-sale.com","","","clientTransferProhibited","","",""
"11","codingaspire.net","2021-03-01 15:41:27","2021-02-26","2021-02-26","2022-02-26","1660","Domainshype.com, Inc.","whois.domainshype.com","http://www.domainshype.com","Amber Chowdhury","","plot no 64 room no 03 gate no 07 malwani","Mumbai","1729","400095","India","amberchowdhury123@gmail.com","+91.8108450140","","Amber Chowdhury","","plot no 64 room no 03 gate no 07 malwani","Mumbai","1729","400095","India","amberchowdhury123@gmail.com","+91.8108450140","","Amber Chowdhury","","plot no 64 room no 03 gate no 07 malwani","Mumbai","1729","400095","India","amberchowdhury123@gmail.com","+91.8108450140","","","","","","","","","","","","ns11.domaincontrol.com","ns12.domaincontrol.com","","","clientTransferProhibited","","",""
"12","dhanashreeblogs.com","2021-03-01 16:48:50","2021-02-27","2021-02-27","2022-02-27","1660","Domainshype.com, Inc.","whois.domainshype.com","http://www.domainshype.com","Dhanashree 006 Gangurde","","Swapnil niwas gothanpur boisar road","Palghar","1729","401404","India","dhanugangurde2001@gmail.com","+91.9834583588","","Dhanashree 006 Gangurde","","Swapnil niwas gothanpur boisar road","Palghar","1729","401404","India","dhanugangurde2001@gmail.com","+91.9834583588","","Dhanashree 006 Gangurde","","Swapnil niwas gothanpur boisar road","Palghar","1729","401404","India","dhanugangurde2001@gmail.com","+91.9834583588","","","","","","","","","","","","sns31.hostgator.in","sns32.hostgator.in","","","clientTransferProhibited","","",""
"13","digitallygroww.com","2021-03-01 16:48:33","2021-02-27","2021-02-27","2022-02-27","1660","Domainshype.com, Inc.","whois.domainshype.com","http://www.domainshype.com","Bidhan gorai","","Tatikhola arrah","Durgapur","West Bengal","713212","India","bidhang03@gmail.com","+91.9614885012","","Bidhan gorai","","Tatikhola arrah","Durgapur","West Bengal","713212","India","bidhang03@gmail.com","+91.9614885012","","Bidhan gorai","","Tatikhola arrah","Durgapur","West Bengal","713212","India","bidhang03@gmail.com","+91.9614885012","","","","","","","","","","","","sns415.hostgator.in","sns416.hostgator.in","","","clientTransferProhibited","","",""
"14","eminentservices.net","2021-03-01 15:43:38","2021-02-26","2021-02-26","2022-02-26","1660","Domainshype.com, Inc.","whois.domainshype.com","http://www.domainshype.com","Zaka Mohammad","","Ok 01","New Delhi","Delhi","110025","India","akamohd@gmail.com","+91.9999999999","","Zaka Mohammad","","Ok 01","New Delhi","Delhi","110025","India","akamohd@gmail.com","+91.9999999999","","Zaka Mohammad","","Ok 01","New Delhi","Delhi","110025","India","akamohd@gmail.com","+91.9999999999","","","","","","","","","","","","dns1.hostgator.in","dns2.hostgator.in","dns3.hostgator.in","dns4.hostgator.in","clientTransferProhibited","","",""
"15","eva-home.net","2021-03-01 15:40:47","2021-02-26","2021-02-26","2022-02-26","1660","Domainshype.com, Inc.","whois.domainshype.com","http://www.domainshype.com","Gochipathala Ashok Kumar","","53","City","4284","500020","India","kumarg.ashok@gmail.com","+91.8179579523","","Gochipathala Ashok Kumar","","53","City","4284","500020","India","kumarg.ashok@gmail.com","+91.8179579523","","Gochipathala Ashok Kumar","","53","City","4284","500020","India","kumarg.ashok@gmail.com","+91.8179579523","","","","","","","","","","","","ns1.plesk-web1.webhostbox.net","ns2.plesk-web1.webhostbox.net","","","clientTransferProhibited","","",""
"16","exclusivemaps.com","2021-03-01 17:19:15","2021-02-27","2021-02-27","2022-02-27","1660","Domainshype.com, Inc.","whois.domainshype.com","http://www.domainshype.com","This Domain For Sale Worldwide 339 222 5132","Buydomains.com","738 Main Street, #389","Waltham","Massachusetts","02451","United States","brokerage@buydomains.com","+1.3392225132","7818392801","This Domain For Sale Worldwide 339 222 5132","Buydomains.com","738 Main Street, #389","Waltham","Massachusetts","02451","United States","brokerage@buydomains.com","+1.3392225132","7818392801","This Domain For Sale Worldwide 339 222 5132","Buydomains.com","738 Main Street, #389","Waltham","Massachusetts","02451","United States","brokerage@buydomains.com","+1.3392225132","7818392801","","","","","","","","","","","ns.buydomains.com","this-domain-for-sale.com","","","clientTransferProhibited","","",""
"17","fibacreation.com","2021-03-01 16:43:58","2021-02-27","2021-02-27","2022-02-27","1660","Domainshype.com, Inc.","whois.domainshype.com","http://www.domainshype.com","ZEBA Khan","","704 block B Jeevan Vihar society","Bhopal","Madhya Pradesh","462003","India","firoz.siddiqui2000@gmail.com","+91.9981047786","","ZEBA Khan","","704 block B Jeevan Vihar society","Bhopal","Madhya Pradesh","462003","India","firoz.siddiqui2000@gmail.com","+91.9981047786","","ZEBA Khan","","704 block B Jeevan Vihar society","Bhopal","Madhya Pradesh","462003","India","firoz.siddiqui2000@gmail.com","+91.9981047786","","","","","","","","","","","","dns1.hostgator.in","dns2.hostgator.in","dns3.hostgator.in","dns4.hostgator.in","clientTransferProhibited","","",""
"18","frogbenchfarms.net","2021-03-01 15:40:37","2021-02-26","2021-02-26","2022-02-26","1660","Domainshype.com, Inc.","whois.domainshype.com","http://www.domainshype.com","salvan niamki","","kamanahali empire hotel","Bangalore","Karnataka","560033","India","salvanniamki45@outlook.com","+91.9986249941","","salvan niamki","","kamanahali empire hotel","Bangalore","Karnataka","560033","India","salvanniamki45@outlook.com","+91.9986249941","","salvan niamki","","kamanahali empire hotel","Bangalore","Karnataka","560033","India","salvanniamki45@outlook.com","+91.9986249941","","","","","","","","","","","","rns17.webhostbox.net","rns18.webhostbox.net","","","clientTransferProhibited","","",""
"19","gatewayofpunjab.com","2021-03-01 17:14:07","2021-02-27","2021-02-27","2022-02-27","1660","Domainshype.com, Inc.","whois.domainshype.com","http://www.domainshype.com","deepak kumar","","A203 Madhur Jeevan Apts Plot 34 Sector 10 Dwarka","New Delhi","Delhi","110075","India","villagereit@gmail.com","+91.9876882080","","deepak kumar","","A203 Madhur Jeevan Apts Plot 34 Sector 10 Dwarka","New Delhi","Delhi","110075","India","villagereit@gmail.com","+91.9876882080","","deepak kumar","","A203 Madhur Jeevan Apts Plot 34 Sector 10 Dwarka","New Delhi","Delhi","110075","India","villagereit@gmail.com","+91.9876882080","","","","","","","","","","","","dns1.hostgator.in","dns2.hostgator.in","dns3.hostgator.in","dns4.hostgator.in","clientTransferProhibited","","",""
"20","glovesoft.com","2021-03-01 17:37:13","2021-02-27","2021-02-27","2022-02-27","1660","Domainshype.com, Inc.","whois.domainshype.com","http://www.domainshype.com","This Domain For Sale Worldwide 339 222 5132","Buydomains.com","738 Main Street, #389","Waltham","Massachusetts","02451","United States","brokerage@buydomains.com","+1.3392225132","7818392801","This Domain For Sale Worldwide 339 222 5132","Buydomains.com","738 Main Street, #389","Waltham","Massachusetts","02451","United States","brokerage@buydomains.com","+1.3392225132","7818392801","This Domain For Sale Worldwide 339 222 5132","Buydomains.com","738 Main Street, #389","Waltham","Massachusetts","02451","United States","brokerage@buydomains.com","+1.3392225132","7818392801","","","","","","","","","","","ns.buydomains.com","this-domain-for-sale.com","","","clientTransferProhibited","","",""
"21","harshablogs.com","2021-03-01 17:44:21","2021-02-27","2021-02-27","2022-02-27","1660","Domainshype.com, Inc.","whois.domainshype.com","http://www.domainshype.com","HARSHA VARDHAN KADALI","","Bhimavaram","Bhimavaram","1712","534201","India","harshavardhankadali123@gmail.com","+91.9603727027","","HARSHA VARDHAN KADALI","","Bhimavaram","Bhimavaram","1712","534201","India","harshavardhankadali123@gmail.com","+91.9603727027","","HARSHA VARDHAN KADALI","","Bhimavaram","Bhimavaram","1712","534201","India","harshavardhankadali123@gmail.com","+91.9603727027","","","","","","","","","","","","sns19.hostgator.in","sns20.hostgator.in","","","clientTransferProhibited","","",""
"22","houseplantheadquarters.com","2021-03-01 17:09:45","2021-02-27","2021-02-27","2022-02-27","1660","Domainshype.com, Inc.","whois.domainshype.com","http://www.domainshype.com","This Domain For Sale Worldwide 339 222 5132","Buydomains.com","738 Main Street, #389","Waltham","Massachusetts","02451","United States","brokerage@buydomains.com","+1.3392225132","7818392801","This Domain For Sale Worldwide 339 222 5132","Buydomains.com","738 Main Street, #389","Waltham","Massachusetts","02451","United States","brokerage@buydomains.com","+1.3392225132","7818392801","This Domain For Sale Worldwide 339 222 5132","Buydomains.com","738 Main Street, #389","Waltham","Massachusetts","02451","United States","brokerage@buydomains.com","+1.3392225132","7818392801","","","","","","","","","","","ns.buydomains.com","this-domain-for-sale.com","","","clientTransferProhibited","","",""
"23","itsurvashi.com","2021-03-01 14:32:38","2021-02-27","2021-02-27","2022-02-27","1660","Domainshype.com, Inc.","whois.domainshype.com","http://www.domainshype.com","Urvashi goyal","","18198 Pratap Bhawan Uttar Ghaseti Ajmer Rajasthan","AJMER","Rajasthan","305001","India","urvashigoyala1@gmail.com","+91.9413994008","","Urvashi goyal","","18198 Pratap Bhawan Uttar Ghaseti Ajmer Rajasthan","AJMER","Rajasthan","305001","India","urvashigoyala1@gmail.com","+91.9413994008","","Urvashi goyal","","18198 Pratap Bhawan Uttar Ghaseti Ajmer Rajasthan","AJMER","Rajasthan","305001","India","urvashigoyala1@gmail.com","+91.9413994008","","","","","","","","","","","","sns35.hostgator.in","sns36.hostgator.in","","","clientTransferProhibited","","",""
"24","kayakbag.com","2021-03-01 17:37:27","2021-02-27","2021-02-27","2022-02-27","1660","Domainshype.com, Inc.","whois.domainshype.com","http://www.domainshype.com","This Domain For Sale Worldwide 339 222 5132","Buydomains.com","738 Main Street, #389","Waltham","Massachusetts","02451","United States","brokerage@buydomains.com","+1.3392225132","7818392801","This Domain For Sale Worldwide 339 222 5132","Buydomains.com","738 Main Street, #389","Waltham","Massachusetts","02451","United States","brokerage@buydomains.com","+1.3392225132","7818392801","This Domain For Sale Worldwide 339 222 5132","Buydomains.com","738 Main Street, #389","Waltham","Massachusetts","02451","United States","brokerage@buydomains.com","+1.3392225132","7818392801","","","","","","","","","","","ns.buydomains.com","this-domain-for-sale.com","","","clientTransferProhibited","","",""
"25","kybnow.com","2021-03-01 16:33:44","2021-02-27","2021-02-27","2022-02-27","1660","Domainshype.com, Inc.","whois.domainshype.com","http://www.domainshype.com","Rohit Raj","","Garnet 103,Green Meadows,Daldal Seoni,Mowa","Raipur","Other","492001","India","wealthsafari.mf@gmail.com","+91.9179088484","","Rohit Raj","","Garnet 103,Green Meadows,Daldal Seoni,Mowa","Raipur","Other","492001","India","wealthsafari.mf@gmail.com","+91.9179088484","","Rohit Raj","","Garnet 103,Green Meadows,Daldal Seoni,Mowa","Raipur","Other","492001","India","wealthsafari.mf@gmail.com","+91.9179088484","","","","","","","","","","","","dns1.hostgator.in","dns2.hostgator.in","dns3.hostgator.in","dns4.hostgator.in","clientTransferProhibited","","",""
"26","lorenesolutions.com","2021-03-01 16:31:02","2021-02-27","2021-02-27","2022-02-27","1660","Domainshype.com, Inc.","whois.domainshype.com","http://www.domainshype.com","LORENE SOLUTIONS","","P1307 SECTOR 46","GURUGRAM","Haryana","122003","India","lorenesolutions@outlook.com","+91.9711921414","","LORENE SOLUTIONS","","P1307 SECTOR 46","GURUGRAM","Haryana","122003","India","lorenesolutions@outlook.com","+91.9711921414","","LORENE SOLUTIONS","","P1307 SECTOR 46","GURUGRAM","Haryana","122003","India","lorenesolutions@outlook.com","+91.9711921414","","","","","","","","","","","","dns1.hostgator.in","dns2.hostgator.in","dns3.hostgator.in","dns4.hostgator.in","clientTransferProhibited","","",""
"27","mathewsint.net","2021-03-01 14:42:29","2021-02-26","2021-02-26","2022-02-26","1660","Domainshype.com, Inc.","whois.domainshype.com","http://www.domainshype.com","Domain Admin","Privacy Protect, LLC (PrivacyProtect.org)","10 Corporate Drive","Burlington","MA","01803","United States","contact@privacyprotect.org","+1.8022274003","","Domain Admin","Privacy Protect, LLC (PrivacyProtect.org)","10 Corporate Drive","Burlington","MA","01803","United States","contact@privacyprotect.org","+1.8022274003","","Domain Admin","Privacy Protect, LLC (PrivacyProtect.org)","10 Corporate Drive","Burlington","MA","01803","United States","contact@privacyprotect.org","+1.8022274003","","","","","","","","","","","","sns37.hostgator.in","sns38.hostgator.in","","","clientTransferProhibited","","",""
"28","maticpolygon.com","2021-03-01 16:29:10","2021-02-27","2021-02-28","2022-02-27","1660","Domainshype.com, Inc.","whois.domainshype.com","http://www.domainshype.com","Naresh Golla","","Infocity Special Economic Zone","hyderabad","Telangana","500081","India","spicynaresh.143@gmail.com","+91.7306625594","","Naresh Golla","","Infocity Special Economic Zone","hyderabad","Telangana","500081","India","spicynaresh.143@gmail.com","+91.7306625594","","Naresh Golla","","Infocity Special Economic Zone","hyderabad","Telangana","500081","India","spicynaresh.143@gmail.com","+91.7306625594","","","","","","","","","","","","dns1.p07.nsone.net","dns2.p07.nsone.net","dns3.p07.nsone.net","dns4.p07.nsone.net","clientTransferProhibited","","",""
"29","mirikapsharahomestay.com","2021-03-01 16:27:20","2021-02-27","2021-02-27","2022-02-27","1660","Domainshype.com, Inc.","whois.domainshype.com","http://www.domainshype.com","Gourav Sen","","Subhashpally","Siliguri","Other","734001","India","gouravsn2@gmail.com","+91.8373058881","","Gourav Sen","","Subhashpally","Siliguri","Other","734001","India","gouravsn2@gmail.com","+91.8373058881","","Gourav Sen","","Subhashpally","Siliguri","Other","734001","India","gouravsn2@gmail.com","+91.8373058881","","","","","","","","","","","","ns1.md-18.webhostbox.net","ns2.md-18.webhostbox.net","","","clientTransferProhibited","","",""
"30","mirikeuphoriahomestay.com","2021-03-01 16:27:20","2021-02-27","2021-02-27","2022-02-27","1660","Domainshype.com, Inc.","whois.domainshype.com","http://www.domainshype.com","Gourav Sen","","Subhashpally","Siliguri","Other","734001","India","gouravsn2@gmail.com","+91.8373058881","","Gourav Sen","","Subhashpally","Siliguri","Other","734001","India","gouravsn2@gmail.com","+91.8373058881","","Gourav Sen","","Subhashpally","Siliguri","Other","734001","India","gouravsn2@gmail.com","+91.8373058881","","","","","","","","","","","","ns1.md-18.webhostbox.net","ns2.md-18.webhostbox.net","","","clientTransferProhibited","","",""
"31","mountmushroom.com","2021-03-01 16:26:27","2021-02-27","2021-02-27","2022-02-27","1660","Domainshype.com, Inc.","whois.domainshype.com","http://www.domainshype.com","Priya kalaiarasan","","No 1e siva sakthi nagar nagalapuram","batlagundu","1739","624202","India","priya.aruna10@gmail.com","+91.9677496056","","Priya kalaiarasan","","No 1e siva sakthi nagar nagalapuram","batlagundu","1739","624202","India","priya.aruna10@gmail.com","+91.9677496056","","Priya kalaiarasan","","No 1e siva sakthi nagar nagalapuram","batlagundu","1739","624202","India","priya.aruna10@gmail.com","+91.9677496056","","","","","","","","","","","","sns17.hostgator.in","sns18.hostgator.in","","","clientTransferProhibited","","",""
"32","mudrafinces.com","2021-03-01 16:26:06","2021-02-27","2021-02-27","2022-02-27","1660","Domainshype.com, Inc.","whois.domainshype.com","http://www.domainshype.com","ramesh kumar","","kolkata","kolkata","West Bengal","700103","India","rkr362316@gmail.com","+91.8963256541","","ramesh kumar","","kolkata","kolkata","West Bengal","700103","India","rkr362316@gmail.com","+91.8963256541","","ramesh kumar","","kolkata","kolkata","West Bengal","700103","India","rkr362316@gmail.com","+91.8963256541","","","","","","","","","","","","sns3.hostgator.in","sns4.hostgator.in","","","clientTransferProhibited","","",""
"33","nihasblog.com","2021-03-01 16:23:34","2021-02-27","2021-02-27","2022-02-27","1660","Domainshype.com, Inc.","whois.domainshype.com","http://www.domainshype.com","divyaniharika putta","","pakabandabazar near little indians school","khammam","4284","507001","India","divyaniharika.putta@gmail.com","+91.8309426343","","divyaniharika putta","","pakabandabazar near little indians school","khammam","4284","507001","India","divyaniharika.putta@gmail.com","+91.8309426343","","divyaniharika putta","","pakabandabazar near little indians school","khammam","4284","507001","India","divyaniharika.putta@gmail.com","+91.8309426343","","","","","","","","","","","","sns15.hostgator.in","sns16.hostgator.in","","","clientTransferProhibited","","",""
"34","originalmotherboard.com","2021-03-01 16:21:06","2021-02-27","2021-02-27","2022-02-27","1660","Domainshype.com, Inc.","whois.domainshype.com","http://www.domainshype.com","mohini enterprises","","d102 hastsal vihar uttam nagar","delhi","Delhi","110059","India","gadgetsadda@gmail.com","+91.9911414143","","mohini enterprises","","d102 hastsal vihar uttam nagar","delhi","Delhi","110059","India","gadgetsadda@gmail.com","+91.9911414143","","mohini enterprises","","d102 hastsal vihar uttam nagar","delhi","Delhi","110059","India","gadgetsadda@gmail.com","+91.9911414143","","","","","","","","","","","","sns31.hostgator.in","sns32.hostgator.in","","","clientTransferProhibited","","",""
"35","osmcargo.com","2021-03-01 17:46:44","2021-02-27","2021-03-01","2022-02-27","1660","Domainshype.com, Inc.","whois.domainshype.com","http://www.domainshype.com","Ginnie Khurana","","karol bagh","new delhi","1719","110005","India","ginnie.associates@gmail.com","+91.9899712774","","Ginnie Khurana","","karol bagh","new delhi","1719","110005","India","ginnie.associates@gmail.com","+91.9899712774","","Ginnie Khurana","","karol bagh","new delhi","1719","110005","India","ginnie.associates@gmail.com","+91.9899712774","","","","","","","","","","","","david.ns.cloudflare.com","wren.ns.cloudflare.com","","","clientTransferProhibited","","",""
"36","painterspantry.com","2021-03-01 14:20:25","2021-02-27","2021-02-27","2022-02-27","1660","Domainshype.com, Inc.","whois.domainshype.com","http://www.domainshype.com","This Domain For Sale Worldwide 339 222 5132","Buydomains.com","738 Main Street, #389","Waltham","Massachusetts","02451","United States","brokerage@buydomains.com","+1.3392225132","7818392801","This Domain For Sale Worldwide 339 222 5132","Buydomains.com","738 Main Street, #389","Waltham","Massachusetts","02451","United States","brokerage@buydomains.com","+1.3392225132","7818392801","This Domain For Sale Worldwide 339 222 5132","Buydomains.com","738 Main Street, #389","Waltham","Massachusetts","02451","United States","brokerage@buydomains.com","+1.3392225132","7818392801","","","","","","","","","","","ns.buydomains.com","this-domain-for-sale.com","","","clientTransferProhibited","","",""
"37","pixelshome.net","2021-03-01 14:41:42","2021-02-26","2021-02-26","2022-02-26","1660","Domainshype.com, Inc.","whois.domainshype.com","http://www.domainshype.com","Money Kumar","","H NO 420/3, PREET GALI, RAGHO MAJRA","Patiala","Other","147001","India","kumarmoney1983@gmail.com","+91.9988151988","","Money Kumar","","H NO 420/3, PREET GALI, RAGHO MAJRA","Patiala","Other","147001","India","kumarmoney1983@gmail.com","+91.9988151988","","Money Kumar","","H NO 420/3, PREET GALI, RAGHO MAJRA","Patiala","Other","147001","India","kumarmoney1983@gmail.com","+91.9988151988","","","","","","","","","","","","sns33.hostgator.in","sns34.hostgator.in","","","clientTransferProhibited","","",""
"38","practicaltrainer.com","2021-03-01 17:47:33","2021-02-27","2021-02-27","2022-02-27","1660","Domainshype.com, Inc.","whois.domainshype.com","http://www.domainshype.com","This Domain For Sale Worldwide 339 222 5132","Buydomains.com","738 Main Street, #389","Waltham","Massachusetts","02451","United States","brokerage@buydomains.com","+1.3392225132","7818392801","This Domain For Sale Worldwide 339 222 5132","Buydomains.com","738 Main Street, #389","Waltham","Massachusetts","02451","United States","brokerage@buydomains.com","+1.3392225132","7818392801","This Domain For Sale Worldwide 339 222 5132","Buydomains.com","738 Main Street, #389","Waltham","Massachusetts","02451","United States","brokerage@buydomains.com","+1.3392225132","7818392801","","","","","","","","","","","ns.buydomains.com","this-domain-for-sale.com","","","clientTransferProhibited","","",""
"39","prettyteenvidds.com","2021-03-01 16:17:55","2021-02-27","2021-02-27","2022-02-27","1660","Domainshype.com, Inc.","whois.domainshype.com","http://www.domainshype.com","robert tabs","","mawprem","shillong","1731","793002","India","robert_thabah@hotmail.com","+91.08017531902","","robert tabs","","mawprem","shillong","1731","793002","India","robert_thabah@hotmail.com","+91.08017531902","","robert tabs","","mawprem","shillong","1731","793002","India","robert_thabah@hotmail.com","+91.08017531902","","","","","","","","","","","","sns5.hostgator.in","sns6.hostgator.in","","","clientTransferProhibited","","",""
"40","remediesofancientblog.com","2021-03-01 14:34:56","2021-02-27","2021-02-27","2022-02-27","1660","Domainshype.com, Inc.","whois.domainshype.com","http://www.domainshype.com","JAY BHANUDAS NIKAM","","durga chaya chawl manorama nagar thane west","thane","1729","400607","India","jaynikam621@gmail.com","+91.7021196422","","JAY BHANUDAS NIKAM","","durga chaya chawl manorama nagar thane west","thane","1729","400607","India","jaynikam621@gmail.com","+91.7021196422","","JAY BHANUDAS NIKAM","","durga chaya chawl manorama nagar thane west","thane","1729","400607","India","jaynikam621@gmail.com","+91.7021196422","","","","","","","","","","","","sns15.hostgator.in","sns16.hostgator.in","","","clientTransferProhibited","","",""
"41","satyasarada.com","2021-03-01 16:14:57","2021-02-27","2021-02-28","2022-02-27","1660","Domainshype.com, Inc.","whois.domainshype.com","http://www.domainshype.com","Valina satyavani","","Nadi veedi k gangavaram","East godavari","Andhra Pradesh","533305","India","valinasatyavani@gmail.com","+91.9676223761","","Valina satyavani","","Nadi veedi k gangavaram","East godavari","Andhra Pradesh","533305","India","valinasatyavani@gmail.com","+91.9676223761","","Valina satyavani","","Nadi veedi k gangavaram","East godavari","Andhra Pradesh","533305","India","valinasatyavani@gmail.com","+91.9676223761","","","","","","","","","","","","sns19.hostgator.in","sns20.hostgator.in","","","clientTransferProhibited","","",""
"42","singalilachamlinghomestay.com","2021-03-01 14:25:46","2021-02-27","2021-02-27","2022-02-27","1660","Domainshype.com, Inc.","whois.domainshype.com","http://www.domainshype.com","Gourav Sen","","Subhashpally","Siliguri","Other","734001","India","gouravsn2@gmail.com","+91.8373058881","","Gourav Sen","","Subhashpally","Siliguri","Other","734001","India","gouravsn2@gmail.com","+91.8373058881","","Gourav Sen","","Subhashpally","Siliguri","Other","734001","India","gouravsn2@gmail.com","+91.8373058881","","","","","","","","","","","","ns1.md-in-82.webhostbox.net","ns2.md-in-82.webhostbox.net","","","clientTransferProhibited","","",""
"43","siyacoatsys.com","2021-03-01 16:12:54","2021-02-27","2021-02-27","2022-02-27","1660","Domainshype.com, Inc.","whois.domainshype.com","http://www.domainshype.com","manoj goel","","Booth no 4 Sector 70  Mohali Punjab","mohali","1736","140307","India","sule.tulshiram@gmail.com","+91.9096880475","","manoj goel","","Booth no 4 Sector 70  Mohali Punjab","mohali","1736","140307","India","sule.tulshiram@gmail.com","+91.9096880475","","manoj goel","","Booth no 4 Sector 70  Mohali Punjab","mohali","1736","140307","India","sule.tulshiram@gmail.com","+91.9096880475","","","","","","","","","","","","dns1.hostgator.in","dns2.hostgator.in","dns3.hostgator.in","dns4.hostgator.in","clientTransferProhibited","","",""
"44","smprevo.com","2021-03-01 16:11:59","2021-02-27","2021-02-27","2022-02-27","1660","Domainshype.com, Inc.","whois.domainshype.com","http://www.domainshype.com","Domain Admin","Privacy Protect, LLC (PrivacyProtect.org)","10 Corporate Drive","Burlington","MA","01803","United States","contact@privacyprotect.org","+1.8022274003","","Domain Admin","Privacy Protect, LLC (PrivacyProtect.org)","10 Corporate Drive","Burlington","MA","01803","United States","contact@privacyprotect.org","+1.8022274003","","Domain Admin","Privacy Protect, LLC (PrivacyProtect.org)","10 Corporate Drive","Burlington","MA","01803","United States","contact@privacyprotect.org","+1.8022274003","","","","","","","","","","","","dns1.hostgator.in","dns2.hostgator.in","dns3.hostgator.in","dns4.hostgator.in","clientTransferProhibited","","",""
"45","sploshpaints.com","2021-03-01 16:11:05","2021-02-27","2021-02-27","2023-02-27","1660","Domainshype.com, Inc.","whois.domainshype.com","http://www.domainshype.com","Domain Admin","Privacy Protect, LLC (PrivacyProtect.org)","10 Corporate Drive","Burlington","MA","01803","United States","contact@privacyprotect.org","+1.8022274003","","Domain Admin","Privacy Protect, LLC (PrivacyProtect.org)","10 Corporate Drive","Burlington","MA","01803","United States","contact@privacyprotect.org","+1.8022274003","","Domain Admin","Privacy Protect, LLC (PrivacyProtect.org)","10 Corporate Drive","Burlington","MA","01803","United States","contact@privacyprotect.org","+1.8022274003","","","","","","","","","","","","dns3.hostgator.in","dns4.hostgator.in","hwp1.hostingraja.org","hwp2.hostingraja.org","clientTransferProhibited","","",""
"46","supremeexport.com","2021-03-01 17:25:58","2021-02-27","2021-02-27","2022-02-27","1660","Domainshype.com, Inc.","whois.domainshype.com","http://www.domainshype.com","This Domain For Sale Worldwide 339 222 5132","Buydomains.com","738 Main Street, #389","Waltham","Massachusetts","02451","United States","brokerage@buydomains.com","+1.3392225132","7818392801","This Domain For Sale Worldwide 339 222 5132","Buydomains.com","738 Main Street, #389","Waltham","Massachusetts","02451","United States","brokerage@buydomains.com","+1.3392225132","7818392801","This Domain For Sale Worldwide 339 222 5132","Buydomains.com","738 Main Street, #389","Waltham","Massachusetts","02451","United States","brokerage@buydomains.com","+1.3392225132","7818392801","","","","","","","","","","","ns.buydomains.com","this-domain-for-sale.com","","","clientTransferProhibited","","",""
"47","thechimingnomad.com","2021-03-01 16:07:37","2021-02-27","2021-02-27","2022-02-27","1660","Domainshype.com, Inc.","whois.domainshype.com","http://www.domainshype.com","Aayush Jha","","25134 tower 10 Mahagun mywoods","GREATER NOIDA","1741","201009","India","aayushjha88@gmail.com","+91.9821861144","","Aayush Jha","","25134 tower 10 Mahagun mywoods","GREATER NOIDA","1741","201009","India","aayushjha88@gmail.com","+91.9821861144","","Aayush Jha","","25134 tower 10 Mahagun mywoods","GREATER NOIDA","1741","201009","India","aayushjha88@gmail.com","+91.9821861144","","","","","","","","","","","","sns11.hostgator.in","sns12.hostgator.in","","","clientTransferProhibited","","",""
"48","theculturalwind.com","2021-03-01 16:07:24","2021-02-27","2021-02-27","2022-02-27","1660","Domainshype.com, Inc.","whois.domainshype.com","http://www.domainshype.com","KAJAL RAWAT","","270 c nyay khand 1st indirapuram","gaziabad","1741","201014","India","rawatkajal885@gmail.com","+91.8527303440","","KAJAL RAWAT","","270 c nyay khand 1st indirapuram","gaziabad","1741","201014","India","rawatkajal885@gmail.com","+91.8527303440","","KAJAL RAWAT","","270 c nyay khand 1st indirapuram","gaziabad","1741","201014","India","rawatkajal885@gmail.com","+91.8527303440","","","","","","","","","","","","sns27.hostgator.in","sns28.hostgator.in","","","clientTransferProhibited","","",""
"49","trackonav.com","2021-03-01 16:04:53","2021-02-27","2021-02-27","2022-02-27","1660","Domainshype.com, Inc.","whois.domainshype.com","http://www.domainshype.com","Himanshu","","H31 govindpuram","Ghaziabad","Uttar Pradesh","201013","India","himanshurana.in@gmail.com","+91.9873967905","","Himanshu","","H31 govindpuram","Ghaziabad","Uttar Pradesh","201013","India","himanshurana.in@gmail.com","+91.9873967905","","Himanshu","","H31 govindpuram","Ghaziabad","Uttar Pradesh","201013","India","himanshurana.in@gmail.com","+91.9873967905","","","","","","","","","","","","dns1.hostgator.in","dns2.hostgator.in","dns3.hostgator.in","dns4.hostgator.in","clientTransferProhibited","","",""
"50","vaishnaviblog.net","2021-03-01 14:40:24","2021-02-26","2021-02-26","2022-02-26","1660","Domainshype.com, Inc.","whois.domainshype.com","http://www.domainshype.com","Domain Admin","Privacy Protect, LLC (PrivacyProtect.org)","10 Corporate Drive","Burlington","MA","01803","United States","contact@privacyprotect.org","+1.8022274003","","Domain Admin","Privacy Protect, LLC (PrivacyProtect.org)","10 Corporate Drive","Burlington","MA","01803","United States","contact@privacyprotect.org","+1.8022274003","","Domain Admin","Privacy Protect, LLC (PrivacyProtect.org)","10 Corporate Drive","Burlington","MA","01803","United States","contact@privacyprotect.org","+1.8022274003","","","","","","","","","","","","dns1.hostgator.in","dns2.hostgator.in","dns3.hostgator.in","dns4.hostgator.in","clientTransferProhibited","","",""
"51","weconected.com","2021-03-01 15:59:41","2021-02-27","2021-02-27","2022-02-27","1660","Domainshype.com, Inc.","whois.domainshype.com","http://www.domainshype.com","Sunny Chawla","","aipl peaceful homes","Gurugram","Haryana","122102","India","help.zaia@gmail.com","+91.9560906462","","Sunny Chawla","","aipl peaceful homes","Gurugram","Haryana","122102","India","help.zaia@gmail.com","+91.9560906462","","Sunny Chawla","","aipl peaceful homes","Gurugram","Haryana","122102","India","help.zaia@gmail.com","+91.9560906462","","","","","","","","","","","","sns415.hostgator.in","sns416.hostgator.in","","","clientTransferProhibited","","",""
"52","worknearghar.com","2021-03-01 14:39:35","2021-02-27","2021-02-27","2022-02-27","1660","Domainshype.com, Inc.","whois.domainshype.com","http://www.domainshype.com","sudhanshu ranjan","","EC 128","ALLAHABAD","Uttar Pradesh","211008","India","sudhanshuranjan1122@gmail.com","+91.8005282881","","sudhanshu ranjan","","EC 128","ALLAHABAD","Uttar Pradesh","211008","India","sudhanshuranjan1122@gmail.com","+91.8005282881","","sudhanshu ranjan","","EC 128","ALLAHABAD","Uttar Pradesh","211008","India","sudhanshuranjan1122@gmail.com","+91.8005282881","","","","","","","","","","","","sns19.hostgator.in","sns20.hostgator.in","","","clientTransferProhibited","","",""
"53","yogamatsales.com","2021-03-01 14:38:04","2021-02-27","2021-02-27","2022-02-27","1660","Domainshype.com, Inc.","whois.domainshype.com","http://www.domainshype.com","KRISHNA KUMAR","","197 62F2  VELLALA STREET AYANAVARAM","Chennai","Tamil Nadu","600023","India","nellikkani@aol.com","+91.8056124039","","KRISHNA KUMAR","","197 62F2  VELLALA STREET AYANAVARAM","Chennai","Tamil Nadu","600023","India","nellikkani@aol.com","+91.8056124039","","KRISHNA KUMAR","","197 62F2  VELLALA STREET AYANAVARAM","Chennai","Tamil Nadu","600023","India","nellikkani@aol.com","+91.8056124039","","","","","","","","","","","","wns15.hostgator.in","wns16.hostgator.in","","","clientTransferProhibited","","",""