"num","domain_name","query_time","create_date","update_date","expiry_date","domain_registrar_id","domain_registrar_name","domain_registrar_whois","domain_registrar_url","registrant_name","registrant_company","registrant_address","registrant_city","registrant_state","registrant_zip","registrant_country","registrant_email","registrant_phone","registrant_fax","administrative_name","administrative_company","administrative_address","administrative_city","administrative_state","administrative_zip","administrative_country","administrative_email","administrative_phone","administrative_fax","technical_name","technical_company","technical_address","technical_city","technical_state","technical_zip","technical_country","technical_email","technical_phone","technical_fax","billing_name","billing_company","billing_address","billing_city","billing_state","billing_zip","billing_country","billing_email","billing_phone","billing_fax","name_server_1","name_server_2","name_server_3","name_server_4","domain_status_1","domain_status_2","domain_status_3","domain_status_4"
"1","aqzyqc.com","2021-03-01 17:49:04","2021-02-27","2021-03-01","2022-02-27","2254","Domain Name Root LLC","whois.domainnameroot.com","http://www.domainnameroot.com","xiao yong ceng","ceng xiao yong","long hui xian, san ge si xiang, sha ping cun","shao yang shi","hu nan","422200","China","pinghuadengzyqp01@gmail.com","+86.13114278192","+86.13114278192","xiao yong ceng","ceng xiao yong","long hui xian, san ge si xiang, sha ping cun","shao yang shi","hu nan","422200","China","pinghuadengzyqp01@gmail.com","+86.13114278192","+86.13114278192","xiao yong ceng","ceng xiao yong","long hui xian, san ge si xiang, sha ping cun","shao yang shi","hu nan","422200","China","pinghuadengzyqp01@gmail.com","+86.13114278192","+86.13114278192","","","","","","","","","","","jm1.dns.com","jm2.dns.com","","","OK","","",""
"2","aywtfs.com","2021-03-01 17:49:02","2021-02-27","2021-02-27","2022-02-27","2254","Domain Name Root LLC","whois.domainnameroot.com","http://www.domainnameroot.com","Domain Administrator","XZ.COM","602, 56 Guanri Road, Software Park II","Xiamen","FUJIAN","361008","China","support@xz.com","+1.865925990220","","Domain Administrator","XZ.COM","602, 56 Guanri Road, Software Park II","Xiamen","FUJIAN","361008","China","support@xz.com","+1.865925990220","","Domain Administrator","XZ.COM","602, 56 Guanri Road, Software Park II","Xiamen","FUJIAN","361008","China","support@xz.com","+1.865925990220","","","","","","","","","","","","v1.juming-xz.com","v1.xz-juming.com","","","OK","","",""
"3","pableft.com","2021-03-01 17:14:08","2021-02-27","2021-02-27","2022-02-27","2254","Domain Name Root LLC","whois.domainnameroot.com","http://www.domainnameroot.com","PERFECT PRIVACY, LLC","","5335 Gate Parkway","Jacksonville","FL","32256","United States","6om7hjsdl8hljaj2qlqaqtg75j@domaindiscreet.com","+1.9027492701","","PERFECT PRIVACY, LLC","","5335 Gate Parkway","Jacksonville","FL","32256","United States","6om7hjsdl8hljaj2qlqaqtg75j@domaindiscreet.com","+1.9027492701","","PERFECT PRIVACY, LLC","","5335 Gate Parkway","Jacksonville","FL","32256","United States","6om7hjsdl8hljaj2qlqaqtg75j@domaindiscreet.com","+1.9027492701","","","","","","","","","","","","ns15.above.com","ns16.above.com","","","OK","","",""
"4","peacon-munich.com","2021-03-01 17:33:14","2021-02-27","2021-02-28","2022-02-27","2254","Domain Name Root LLC","whois.domainnameroot.com","http://www.domainnameroot.com","ming jiao li","li ming jiao","gang kou qu, qi sha zhen, ban liao cun, xi cun zu,","fang cheng gang shi","guang xi","538000","China","seozona2022@gmail.com","+86.13087418819","+86.13087418819","ming jiao li","li ming jiao","gang kou qu, qi sha zhen, ban liao cun, xi cun zu,","fang cheng gang shi","guang xi","538000","China","seozona2022@gmail.com","+86.13087418819","+86.13087418819","ming jiao li","li ming jiao","gang kou qu, qi sha zhen, ban liao cun, xi cun zu,","fang cheng gang shi","guang xi","538000","China","seozona2022@gmail.com","+86.13087418819","+86.13087418819","","","","","","","","","","","jm1.dns.com","jm2.dns.com","","","OK","","",""
"5","soloocio.net","2021-03-01 15:45:42","2021-02-26","2021-02-26","2022-02-26","2254","Domain Name Root LLC","whois.domainnameroot.com","http://www.domainnameroot.com","PERFECT PRIVACY, LLC","","5335 Gate Parkway","Jacksonville","FL","32256","United States","6om7hjsdl8hljaj2qlqaqtg75j@domaindiscreet.com","+1.9027492701","","PERFECT PRIVACY, LLC","","5335 Gate Parkway","Jacksonville","FL","32256","United States","6om7hjsdl8hljaj2qlqaqtg75j@domaindiscreet.com","+1.9027492701","","PERFECT PRIVACY, LLC","","5335 Gate Parkway","Jacksonville","FL","32256","United States","6om7hjsdl8hljaj2qlqaqtg75j@domaindiscreet.com","+1.9027492701","","","","","","","","","","","","ns15.above.com","ns16.above.com","","","OK","","",""
"6","taxtkj.com","2021-03-01 17:49:15","2021-02-27","2021-03-01","2022-02-27","2254","Domain Name Root LLC","whois.domainnameroot.com","http://www.domainnameroot.com","Domain Administrator","DotMedia Limited","301D, 30#1 Guanri Road, Software Park II Siming District","Xiamen","FuJian","361008","China","backorder@dotmedia.com","+86.5925990220","+86.5925022987","Domain Administrator","DotMedia Limited","301D, 30#1 Guanri Road, Software Park II Siming District","Xiamen","FuJian","361008","China","backorder@dotmedia.com","+86.5925990220","+86.5925022987","Domain Administrator","DotMedia Limited","301D, 30#1 Guanri Road, Software Park II Siming District","Xiamen","FuJian","361008","China","backorder@dotmedia.com","+86.5925990220","+86.5925022987","","","","","","","","","","","v1.juming-xz.com","v1.xz-juming.com","","","OK","","",""
"7","tcsockss.com","2021-03-01 17:27:36","2021-02-27","2021-02-28","2022-02-27","2254","Domain Name Root LLC","whois.domainnameroot.com","http://www.domainnameroot.com","ming zhou","zhouming","huaduqu,guangzhou,huadu","guangzhoushi","guangdong","510800","China","13640680708@139.com","+86.13640680708","+86.13640680708","ming zhou","zhouming","huaduqu,guangzhou,huadu","guangzhoushi","guangdong","510800","China","13640680708@139.com","+86.13640680708","+86.13640680708","ming zhou","zhouming","huaduqu,guangzhou,huadu","guangzhoushi","guangdong","510800","China","13640680708@139.com","+86.13640680708","+86.13640680708","","","","","","","","","","","v1.juming-xz.com","v1.xz-juming.com","","","OK","","",""
"8","ueffa.com","2021-03-01 17:43:56","2021-02-27","2021-02-28","2022-02-27","2254","Domain Name Root LLC","whois.domainnameroot.com","http://www.domainnameroot.com","Isaac Goldstein","DOMAIN MAYBE FOR SALE, CHECK AFTERNIC.COM","DOMAIN MAYBE FOR SALE, CHECK AFTERNIC.COM Level 39, One Exchange Square","Hong Kong","HONG KONG","0000","Hong Kong","namejet@isaacgoldstein.com","+420.777866662","","Isaac Goldstein","DOMAIN MAYBE FOR SALE, CHECK AFTERNIC.COM","DOMAIN MAYBE FOR SALE, CHECK AFTERNIC.COM Level 39, One Exchange Square","Hong Kong","HONG KONG","0000","Hong Kong","namejet@isaacgoldstein.com","+420.777866662","","Isaac Goldstein","DOMAIN MAYBE FOR SALE, CHECK AFTERNIC.COM","DOMAIN MAYBE FOR SALE, CHECK AFTERNIC.COM Level 39, One Exchange Square","Hong Kong","HONG KONG","0000","Hong Kong","namejet@isaacgoldstein.com","+420.777866662","","","","","","","","","","","","ns1.mfk1.com","ns2.mfk1.com","","","clientTransferProhibited","","",""
"9","ytlonggao.com","2021-03-01 14:23:30","2021-02-27","2021-03-01","2022-02-27","2254","Domain Name Root LLC","whois.domainnameroot.com","http://www.domainnameroot.com","Domain Administrator","DotMedia Limited","301D, 30#1 Guanri Road, Software Park II Siming District","Xiamen","FuJian","361008","China","backorder@dotmedia.com","+86.5925990220","+86.5925022987","Domain Administrator","DotMedia Limited","301D, 30#1 Guanri Road, Software Park II Siming District","Xiamen","FuJian","361008","China","backorder@dotmedia.com","+86.5925990220","+86.5925022987","Domain Administrator","DotMedia Limited","301D, 30#1 Guanri Road, Software Park II Siming District","Xiamen","FuJian","361008","China","backorder@dotmedia.com","+86.5925990220","+86.5925022987","","","","","","","","","","","v1.juming-xz.com","v1.xz-juming.com","","","OK","","",""