"num","domain_name","query_time","create_date","update_date","expiry_date","domain_registrar_id","domain_registrar_name","domain_registrar_whois","domain_registrar_url","registrant_name","registrant_company","registrant_address","registrant_city","registrant_state","registrant_zip","registrant_country","registrant_email","registrant_phone","registrant_fax","administrative_name","administrative_company","administrative_address","administrative_city","administrative_state","administrative_zip","administrative_country","administrative_email","administrative_phone","administrative_fax","technical_name","technical_company","technical_address","technical_city","technical_state","technical_zip","technical_country","technical_email","technical_phone","technical_fax","billing_name","billing_company","billing_address","billing_city","billing_state","billing_zip","billing_country","billing_email","billing_phone","billing_fax","name_server_1","name_server_2","name_server_3","name_server_4","domain_status_1","domain_status_2","domain_status_3","domain_status_4"
"1","elcedral.com","2021-03-01 17:43:17","2021-02-27","2021-02-27","2022-02-27","1683","DomainLadder LLC","whois.domainladder.com","http://www.domainladder.com","Domain Admin / This Domain is For Sale","HugeDomains.com","2635 Walnut Street","Denver","CO","80205","United States","domains@hugedomains.com","+1.3038930552","","Domain Admin / This Domain is For Sale","HugeDomains.com","2635 Walnut Street","Denver","CO","80205","United States","domains@hugedomains.com","+1.3038930552","","Domain Admin / This Domain is For Sale","HugeDomains.com","2635 Walnut Street","Denver","CO","80205","United States","domains@hugedomains.com","+1.3038930552","","","","","","","","","","","","","","","","clientTransferProhibited","","",""
"2","janeyou.com","2021-03-01 17:44:52","2021-02-27","2021-02-27","2022-02-27","1683","DomainLadder LLC","whois.domainladder.com","http://www.domainladder.com","Private Registration","NameBrightPrivacy.com","2635 Walnut Street","Denver","CO","80205","United States","janeyou.com@namebrightprivacy.com","+1.7204960020","","Private Registration","NameBrightPrivacy.com","2635 Walnut Street","Denver","CO","80205","United States","janeyou.com@namebrightprivacy.com","+1.7204960020","","Private Registration","NameBrightPrivacy.com","2635 Walnut Street","Denver","CO","80205","United States","janeyou.com@namebrightprivacy.com","+1.7204960020","","","","","","","","","","","","","","","","clientTransferProhibited","","",""
"3","kawasimaryokan.com","2021-03-01 17:44:30","2021-02-27","2021-02-27","2022-02-27","1683","DomainLadder LLC","whois.domainladder.com","http://www.domainladder.com","ming jiao li","li ming jiao","gang kou qu, qi sha zhen, ban liao cun, xi cu","fang cheng gang shi","guang xi","538000","China","seozona2022@gmail.com","+86.13087418819","","ming jiao li","li ming jiao","gang kou qu, qi sha zhen, ban liao cun, xi cu","fang cheng gang shi","guang xi","538000","China","seozona2022@gmail.com","+86.13087418819","","ming jiao li","li ming jiao","gang kou qu, qi sha zhen, ban liao cun, xi cu","fang cheng gang shi","guang xi","538000","China","seozona2022@gmail.com","+86.13087418819","","","","","","","","","","","","","","","","clientTransferProhibited","","",""
"4","kdpbm.com","2021-03-01 17:31:42","2021-02-27","2021-02-27","2022-02-27","1683","DomainLadder LLC","whois.domainladder.com","http://www.domainladder.com","Domain Administrator","XZ.COM","602, 56 Guanri Road, Software Park II","Xiamen","Fujian","361000","China","backorder@dotmedia.com","+86.5925922285","","Domain Administrator","XZ.COM","602, 56 Guanri Road, Software Park II","Xiamen","Fujian","361000","China","backorder@dotmedia.com","+86.5925922285","","Domain Administrator","XZ.COM","602, 56 Guanri Road, Software Park II","Xiamen","Fujian","361000","China","backorder@dotmedia.com","+86.5925922285","","","","","","","","","","","","","","","","clientTransferProhibited","","",""
"5","myjdconsulting.com","2021-03-01 17:34:53","2021-02-27","2021-02-27","2022-02-27","1683","DomainLadder LLC","whois.domainladder.com","http://www.domainladder.com","Domain Administrator","","202, 28 Guanri road","Xiamen","Fujian","361008","China","dotmedia3@dotmedia.com","+86.5925990220","","Domain Administrator","","202, 28 Guanri road","Xiamen","Fujian","361008","China","dotmedia3@dotmedia.com","+86.5925990220","","Domain Administrator","","202, 28 Guanri road","Xiamen","Fujian","361008","China","dotmedia3@dotmedia.com","+86.5925990220","","","","","","","","","","","","","","","","clientTransferProhibited","","",""
"6","sgrmahal.com","2021-03-01 17:29:49","2021-02-27","2021-02-28","2022-02-27","1683","DomainLadder LLC","whois.domainladder.com","http://www.domainladder.com","Domain Admin / This Domain is For Sale","HugeDomains.com","2635 Walnut Street","Denver","CO","80205","United States","domains@hugedomains.com","+1.3038930552","","Domain Admin / This Domain is For Sale","HugeDomains.com","2635 Walnut Street","Denver","CO","80205","United States","domains@hugedomains.com","+1.3038930552","","Domain Admin / This Domain is For Sale","HugeDomains.com","2635 Walnut Street","Denver","CO","80205","United States","domains@hugedomains.com","+1.3038930552","","","","","","","","","","","","","","","","clientTransferProhibited","","",""
"7","szfengcheng.com","2021-03-01 17:49:42","2021-02-27","2021-02-27","2022-02-27","1683","DomainLadder LLC","whois.domainladder.com","http://www.domainladder.com","Domain Administrator","XZ.COM","602, 56 Guanri Road, Software Park II","Xiamen","Fujian","361000","China","backorder@dotmedia.com","+86.5925922285","","Domain Administrator","XZ.COM","602, 56 Guanri Road, Software Park II","Xiamen","Fujian","361000","China","backorder@dotmedia.com","+86.5925922285","","Domain Administrator","XZ.COM","602, 56 Guanri Road, Software Park II","Xiamen","Fujian","361000","China","backorder@dotmedia.com","+86.5925922285","","","","","","","","","","","","","","","","clientTransferProhibited","","",""
"8","xjweineng.net","2021-03-01 15:45:35","2021-02-26","2021-02-26","2022-02-26","1683","DomainLadder LLC","whois.domainladder.com","http://www.domainladder.com","jianfeng wu","","hefeishi,luyangqu,caifuguangchangshouzuo,1107hao","hefei","Anhui Sheng","230001","China","admin@juming.com","+86.4009972996","","jianfeng wu","","hefeishi,luyangqu,caifuguangchangshouzuo,1107hao","hefei","Anhui Sheng","230001","China","admin@juming.com","+86.4009972996","","jianfeng wu","","hefeishi,luyangqu,caifuguangchangshouzuo,1107hao","hefei","Anhui Sheng","230001","China","admin@juming.com","+86.4009972996","","","","","","","","","","","","","","","","clientTransferProhibited","","",""