"num","domain_name","query_time","create_date","update_date","expiry_date","domain_registrar_id","domain_registrar_name","domain_registrar_whois","domain_registrar_url","registrant_name","registrant_company","registrant_address","registrant_city","registrant_state","registrant_zip","registrant_country","registrant_email","registrant_phone","registrant_fax","administrative_name","administrative_company","administrative_address","administrative_city","administrative_state","administrative_zip","administrative_country","administrative_email","administrative_phone","administrative_fax","technical_name","technical_company","technical_address","technical_city","technical_state","technical_zip","technical_country","technical_email","technical_phone","technical_fax","billing_name","billing_company","billing_address","billing_city","billing_state","billing_zip","billing_country","billing_email","billing_phone","billing_fax","name_server_1","name_server_2","name_server_3","name_server_4","domain_status_1","domain_status_2","domain_status_3","domain_status_4"
"1","elbertgubbels.com","2021-03-01 17:49:33","2021-02-27","2021-02-27","2022-02-27","2830","Domaincatcher LLC","whois.domaincatcherllc.com","http://www.networksolutions.com","Statutory Masking Enabled","Statutory Masking Enabled","Statutory Masking Enabled","Statutory Masking Enabled","Alpes Maritimes","Statutory Masking Enabled","France","abuse@web.com","Statutory Masking Enabled","Statutory Masking Enabled","Statutory Masking Enabled","Statutory Masking Enabled","Statutory Masking Enabled","Statutory Masking Enabled","Statutory Masking Enabled","Statutory Masking Enabled","Statutory Masking Enabled","abuse@web.com","Statutory Masking Enabled","Statutory Masking Enabled","Statutory Masking Enabled","Statutory Masking Enabled","Statutory Masking Enabled","Statutory Masking Enabled","Statutory Masking Enabled","Statutory Masking Enabled","Statutory Masking Enabled","abuse@web.com","Statutory Masking Enabled","Statutory Masking Enabled","Statutory Masking Enabled","Statutory Masking Enabled","Statutory Masking Enabled","Statutory Masking Enabled","Statutory Masking Enabled","Statutory Masking Enabled","Statutory Masking Enabled","abuse@web.com","Statutory Masking Enabled","Statutory Masking Enabled","ns1.dan.com","ns2.dan.com","","","OK","","",""
"2","jnlexin.com","2021-03-01 17:13:57","2021-02-27","2021-02-27","2022-02-27","2830","Domaincatcher LLC","whois.domaincatcherllc.com","http://www.networksolutions.com","Domain Administrator","XZ.COM","602, 56 Guanri Road, Software Park II","Xiamen","FUJIAN","361008","China","support@xz.com","+1.865925990220","","Domain Administrator","XZ.COM","602, 56 Guanri Road, Software Park II","Xiamen","FUJIAN","361008","China","support@xz.com","+1.865925990220","","Domain Administrator","XZ.COM","602, 56 Guanri Road, Software Park II","Xiamen","FUJIAN","361008","China","support@xz.com","+1.865925990220","","","","","","","","","","","","v1.juming-xz.com","v1.xz-juming.com","","","OK","","",""
"3","juanchacha.com","2021-03-01 14:21:07","2021-02-27","2021-02-28","2022-02-27","2830","Domaincatcher LLC","whois.domaincatcherllc.com","http://www.networksolutions.com","huan huan wang","wang huan huan","da ming xian, he bei sheng, han dan shi, da ming x","han dan shi","he bei","056900","China","31309960@qq.com","+86.03106329999","+86.03106329999","huan huan wang","wang huan huan","da ming xian, he bei sheng, han dan shi, da ming x","han dan shi","he bei","056900","China","31309960@qq.com","+86.03106329999","+86.03106329999","huan huan wang","wang huan huan","da ming xian, he bei sheng, han dan shi, da ming x","han dan shi","he bei","056900","China","31309960@qq.com","+86.03106329999","+86.03106329999","","","","","","","","","","","v1.juming-xz.com","v1.xz-juming.com","","","OK","","",""
"4","qdgdlt.com","2021-03-01 14:18:34","2021-02-27","2021-02-28","2022-02-27","2830","Domaincatcher LLC","whois.domaincatcherllc.com","http://www.networksolutions.com","chao ting xu","xu chao ting","jing yuan xian, gan su sheng jing yuan xian, san t","bai yin shi","gan su","730600","China","agmanila@qq.com","+86.09432021044","+86.09432021044","chao ting xu","xu chao ting","jing yuan xian, gan su sheng jing yuan xian, san t","bai yin shi","gan su","730600","China","agmanila@qq.com","+86.09432021044","+86.09432021044","chao ting xu","xu chao ting","jing yuan xian, gan su sheng jing yuan xian, san t","bai yin shi","gan su","730600","China","agmanila@qq.com","+86.09432021044","+86.09432021044","","","","","","","","","","","v1.juming-xz.com","v1.xz-juming.com","","","OK","","",""
"5","sgf3158.com","2021-03-01 14:23:29","2021-02-27","2021-02-27","2022-02-27","2830","Domaincatcher LLC","whois.domaincatcherllc.com","http://www.networksolutions.com","Domain Administrator","XZ.COM","602, 56 Guanri Road, Software Park II","Xiamen","FUJIAN","361008","China","support@xz.com","+1.865925990220","","Domain Administrator","XZ.COM","602, 56 Guanri Road, Software Park II","Xiamen","FUJIAN","361008","China","support@xz.com","+1.865925990220","","Domain Administrator","XZ.COM","602, 56 Guanri Road, Software Park II","Xiamen","FUJIAN","361008","China","support@xz.com","+1.865925990220","","","","","","","","","","","","v1.juming-xz.com","v1.xz-juming.com","","","OK","","",""
"6","tjjianggutou.com","2021-03-01 17:14:00","2021-02-27","2021-02-27","2022-02-27","2830","Domaincatcher LLC","whois.domaincatcherllc.com","http://www.networksolutions.com","Domain Administrator","XZ.COM","602, 56 Guanri Road, Software Park II","Xiamen","FUJIAN","361008","China","support@xz.com","+1.865925990220","","Domain Administrator","XZ.COM","602, 56 Guanri Road, Software Park II","Xiamen","FUJIAN","361008","China","support@xz.com","+1.865925990220","","Domain Administrator","XZ.COM","602, 56 Guanri Road, Software Park II","Xiamen","FUJIAN","361008","China","support@xz.com","+1.865925990220","","","","","","","","","","","","v1.juming-xz.com","v1.xz-juming.com","","","OK","","",""
"7","truephotograph.com","2021-03-01 17:38:42","2021-02-27","2021-02-27","2022-02-27","2830","Domaincatcher LLC","whois.domaincatcherllc.com","http://www.networksolutions.com","Buy Domains Toll Free 866-822-9073 or 339-222-5132","Buydomains.com","738 Main Street #389","Waltham","MA","02451","United States","brokerage@buydomains.com","+1.7818397993","","Buy Domains Toll Free 866-822-9073 or 339-222-5132","Buydomains.com","738 Main Street #389","Waltham","MA","02451","United States","brokerage@buydomains.com","+1.7818397993","","Buy Domains Toll Free 866-822-9073 or 339-222-5132","Buydomains.com","738 Main Street #389","Waltham","MA","02451","United States","brokerage@buydomains.com","+1.7818397993","","","","","","","","","","","","ns.buydomains.com","ns2.buydomains.com","","","OK","","",""
"8","ycsanding.com","2021-03-01 14:21:06","2021-02-27","2021-02-28","2022-02-27","2830","Domaincatcher LLC","whois.domaincatcherllc.com","http://www.networksolutions.com","yang he","he yang","xi chong xian, xi chong xian, gao yuan zhen, chang","nan chong shi","si chuan","637200","China","24277574@qq.com","+86.13218899409","+86.13218899409","yang he","he yang","xi chong xian, xi chong xian, gao yuan zhen, chang","nan chong shi","si chuan","637200","China","24277574@qq.com","+86.13218899409","+86.13218899409","yang he","he yang","xi chong xian, xi chong xian, gao yuan zhen, chang","nan chong shi","si chuan","637200","China","24277574@qq.com","+86.13218899409","+86.13218899409","","","","","","","","","","","v1.juming-xz.com","v1.xz-juming.com","","","OK","","",""