"num","domain_name","query_time","create_date","update_date","expiry_date","domain_registrar_id","domain_registrar_name","domain_registrar_whois","domain_registrar_url","registrant_name","registrant_company","registrant_address","registrant_city","registrant_state","registrant_zip","registrant_country","registrant_email","registrant_phone","registrant_fax","administrative_name","administrative_company","administrative_address","administrative_city","administrative_state","administrative_zip","administrative_country","administrative_email","administrative_phone","administrative_fax","technical_name","technical_company","technical_address","technical_city","technical_state","technical_zip","technical_country","technical_email","technical_phone","technical_fax","billing_name","billing_company","billing_address","billing_city","billing_state","billing_zip","billing_country","billing_email","billing_phone","billing_fax","name_server_1","name_server_2","name_server_3","name_server_4","domain_status_1","domain_status_2","domain_status_3","domain_status_4"
"1","44sj.com","2021-03-01 14:20:00","2021-02-27","2021-02-27","2022-02-27","1842","DropCatch.com 431 LLC","whois.namebright.com","http://www.dropcatch431.com","Onur Kocayigit","","Mehmetcik m 1308 s no 32","Denizli","Denizli","20100","Turkey","varyemez@gmail.com","+90.5353927579","","Onur Kocayigit","","Mehmetcik m 1308 s no 32","Denizli","Denizli","20100","Turkey","varyemez@gmail.com","+90.5353927579","","Onur Kocayigit","","Mehmetcik m 1308 s no 32","Denizli","Denizli","20100","Turkey","varyemez@gmail.com","+90.5353927579","","","","","","","","","","","","","","","","clientTransferProhibited","","",""
"2","acl888.com","2021-03-01 17:19:23","2021-02-27","2021-02-27","2022-02-27","1842","DropCatch.com 431 LLC","whois.namebright.com","http://www.dropcatch431.com","Domain Admin / This Domain is For Sale","HugeDomains.com","2635 Walnut Street","Denver","CO","80205","United States","domains@hugedomains.com","+1.3038930552","","Domain Admin / This Domain is For Sale","HugeDomains.com","2635 Walnut Street","Denver","CO","80205","United States","domains@hugedomains.com","+1.3038930552","","Domain Admin / This Domain is For Sale","HugeDomains.com","2635 Walnut Street","Denver","CO","80205","United States","domains@hugedomains.com","+1.3038930552","","","","","","","","","","","","","","","","clientTransferProhibited","","",""
"3","jinminwangluo.com","2021-03-01 17:43:25","2021-02-27","2021-02-27","2022-02-27","1842","DropCatch.com 431 LLC","whois.namebright.com","http://www.dropcatch431.com","Domain Administrator","XZ.COM","602, 56 Guanri Road, Software Park II","Xiamen","Fujian","361000","China","backorder@dotmedia.com","+86.5925922285","","Domain Administrator","XZ.COM","602, 56 Guanri Road, Software Park II","Xiamen","Fujian","361000","China","backorder@dotmedia.com","+86.5925922285","","Domain Administrator","XZ.COM","602, 56 Guanri Road, Software Park II","Xiamen","Fujian","361000","China","backorder@dotmedia.com","+86.5925922285","","","","","","","","","","","","","","","","clientTransferProhibited","","",""
"4","jslinbang.com","2021-03-01 17:43:30","2021-02-27","2021-02-27","2022-02-27","1842","DropCatch.com 431 LLC","whois.namebright.com","http://www.dropcatch431.com","Domain Administrator","","202, 28 Guanri road","Xiamen","Fujian","361008","China","dotmedia3@dotmedia.com","+86.5925990220","","Domain Administrator","","202, 28 Guanri road","Xiamen","Fujian","361008","China","dotmedia3@dotmedia.com","+86.5925990220","","Domain Administrator","","202, 28 Guanri road","Xiamen","Fujian","361008","China","dotmedia3@dotmedia.com","+86.5925990220","","","","","","","","","","","","","","","","clientTransferProhibited","","",""
"5","learnhebrewtoday.com","2021-03-01 17:35:12","2021-02-27","2021-02-27","2022-02-27","1842","DropCatch.com 431 LLC","whois.namebright.com","http://www.dropcatch431.com","Domain Admin / This Domain is For Sale","HugeDomains.com","2635 Walnut Street","Denver","CO","80205","United States","domains@hugedomains.com","+1.3038930552","","Domain Admin / This Domain is For Sale","HugeDomains.com","2635 Walnut Street","Denver","CO","80205","United States","domains@hugedomains.com","+1.3038930552","","Domain Admin / This Domain is For Sale","HugeDomains.com","2635 Walnut Street","Denver","CO","80205","United States","domains@hugedomains.com","+1.3038930552","","","","","","","","","","","","","","","","clientTransferProhibited","","",""
"6","nefga.com","2021-03-01 17:52:45","2021-02-27","2021-02-28","2022-02-27","1842","DropCatch.com 431 LLC","whois.namebright.com","http://www.dropcatch431.com","Domain Admin / This Domain is For Sale","HugeDomains.com","2635 Walnut Street","Denver","CO","80205","United States","domains@hugedomains.com","+1.3038930552","","Domain Admin / This Domain is For Sale","HugeDomains.com","2635 Walnut Street","Denver","CO","80205","United States","domains@hugedomains.com","+1.3038930552","","Domain Admin / This Domain is For Sale","HugeDomains.com","2635 Walnut Street","Denver","CO","80205","United States","domains@hugedomains.com","+1.3038930552","","","","","","","","","","","","","","","","clientTransferProhibited","","",""
"7","penisinman.com","2021-03-01 17:41:43","2021-02-27","2021-02-27","2022-02-27","1842","DropCatch.com 431 LLC","whois.namebright.com","http://www.dropcatch431.com","yue fa wang","wang yue fa","jie dong xian, long wei zhen, long zhu cun, l","jie yang shi","guang dong","515500","China","b86313887@126.com","+86.13582171132","","yue fa wang","wang yue fa","jie dong xian, long wei zhen, long zhu cun, l","jie yang shi","guang dong","515500","China","b86313887@126.com","+86.13582171132","","yue fa wang","wang yue fa","jie dong xian, long wei zhen, long zhu cun, l","jie yang shi","guang dong","515500","China","b86313887@126.com","+86.13582171132","","","","","","","","","","","","","","","","clientTransferProhibited","","",""
"8","sewabuswisatamurah.com","2021-03-01 17:47:56","2021-02-27","2021-02-27","2022-02-27","1842","DropCatch.com 431 LLC","whois.namebright.com","http://www.dropcatch431.com","Domain Admin","Domain Privacy Ltd","PO Box 189","Marblehead","MA","01945","United States","whois@x23.com","+1.2532528582","","Domain Admin","Domain Privacy Ltd","PO Box 189","Marblehead","MA","01945","United States","whois@x23.com","+1.2532528582","","Domain Admin","Domain Privacy Ltd","PO Box 189","Marblehead","MA","01945","United States","whois@x23.com","+1.2532528582","","","","","","","","","","","","","","","","clientTransferProhibited","","",""
"9","sharingbuzz.com","2021-03-01 17:19:41","2021-02-27","2021-02-28","2022-02-27","1842","DropCatch.com 431 LLC","whois.namebright.com","http://www.dropcatch431.com","Domain Admin / This Domain is For Sale","HugeDomains.com","2635 Walnut Street","Denver","CO","80205","United States","domains@hugedomains.com","+1.3038930552","","Domain Admin / This Domain is For Sale","HugeDomains.com","2635 Walnut Street","Denver","CO","80205","United States","domains@hugedomains.com","+1.3038930552","","Domain Admin / This Domain is For Sale","HugeDomains.com","2635 Walnut Street","Denver","CO","80205","United States","domains@hugedomains.com","+1.3038930552","","","","","","","","","","","","","","","","clientTransferProhibited","","",""
"10","shwangweiping.com","2021-03-01 17:24:37","2021-02-27","2021-02-27","2022-02-27","1842","DropCatch.com 431 LLC","whois.namebright.com","http://www.dropcatch431.com","Domain Administrator","XZ.COM","602, 56 Guanri Road, Software Park II","Xiamen","Fujian","361000","China","backorder@dotmedia.com","+86.5925922285","","Domain Administrator","XZ.COM","602, 56 Guanri Road, Software Park II","Xiamen","Fujian","361000","China","backorder@dotmedia.com","+86.5925922285","","Domain Administrator","XZ.COM","602, 56 Guanri Road, Software Park II","Xiamen","Fujian","361000","China","backorder@dotmedia.com","+86.5925922285","","","","","","","","","","","","","","","","clientTransferProhibited","","",""
"11","wxzzcn.com","2021-03-01 14:21:06","2021-02-27","2021-02-27","2022-02-27","1842","DropCatch.com 431 LLC","whois.namebright.com","http://www.dropcatch431.com","Domain Administrator","XZ.COM","602, 56 Guanri Road, Software Park II","Xiamen","Fujian","361000","China","backorder@dotmedia.com","+86.5925922285","","Domain Administrator","XZ.COM","602, 56 Guanri Road, Software Park II","Xiamen","Fujian","361000","China","backorder@dotmedia.com","+86.5925922285","","Domain Administrator","XZ.COM","602, 56 Guanri Road, Software Park II","Xiamen","Fujian","361000","China","backorder@dotmedia.com","+86.5925922285","","","","","","","","","","","","","","","","clientTransferProhibited","","",""