"num","domain_name","query_time","create_date","update_date","expiry_date","domain_registrar_id","domain_registrar_name","domain_registrar_whois","domain_registrar_url","registrant_name","registrant_company","registrant_address","registrant_city","registrant_state","registrant_zip","registrant_country","registrant_email","registrant_phone","registrant_fax","administrative_name","administrative_company","administrative_address","administrative_city","administrative_state","administrative_zip","administrative_country","administrative_email","administrative_phone","administrative_fax","technical_name","technical_company","technical_address","technical_city","technical_state","technical_zip","technical_country","technical_email","technical_phone","technical_fax","billing_name","billing_company","billing_address","billing_city","billing_state","billing_zip","billing_country","billing_email","billing_phone","billing_fax","name_server_1","name_server_2","name_server_3","name_server_4","domain_status_1","domain_status_2","domain_status_3","domain_status_4"
"1","bahamabills.com","2021-03-01 14:19:19","2021-02-27","2021-02-28","2022-02-27","2069","DropCatch.com 589 LLC","whois.namebright.com","http://www.dropcatch589.com","Domain Admin / This Domain is For Sale","HugeDomains.com","2635 Walnut Street","Denver","CO","80205","United States","domains@hugedomains.com","+1.3038930552","","Domain Admin / This Domain is For Sale","HugeDomains.com","2635 Walnut Street","Denver","CO","80205","United States","domains@hugedomains.com","+1.3038930552","","Domain Admin / This Domain is For Sale","HugeDomains.com","2635 Walnut Street","Denver","CO","80205","United States","domains@hugedomains.com","+1.3038930552","","","","","","","","","","","","","","","","clientTransferProhibited","","",""
"2","hdjysc.com","2021-03-01 17:26:58","2021-02-27","2021-02-27","2022-02-27","2069","DropCatch.com 589 LLC","whois.namebright.com","http://www.dropcatch589.com","Domain Administrator","XZ.COM","602, 56 Guanri Road, Software Park II","Xiamen","Fujian","361000","China","backorder@dotmedia.com","+86.5925922285","","Domain Administrator","XZ.COM","602, 56 Guanri Road, Software Park II","Xiamen","Fujian","361000","China","backorder@dotmedia.com","+86.5925922285","","Domain Administrator","XZ.COM","602, 56 Guanri Road, Software Park II","Xiamen","Fujian","361000","China","backorder@dotmedia.com","+86.5925922285","","","","","","","","","","","","","","","","clientTransferProhibited","","",""
"3","linyixuanhm.com","2021-03-01 17:26:57","2021-02-27","2021-02-27","2022-02-27","2069","DropCatch.com 589 LLC","whois.namebright.com","http://www.dropcatch589.com","Domain Administrator","XZ.COM","602, 56 Guanri Road, Software Park II","Xiamen","Fujian","361000","China","backorder@dotmedia.com","+86.5925922285","","Domain Administrator","XZ.COM","602, 56 Guanri Road, Software Park II","Xiamen","Fujian","361000","China","backorder@dotmedia.com","+86.5925922285","","Domain Administrator","XZ.COM","602, 56 Guanri Road, Software Park II","Xiamen","Fujian","361000","China","backorder@dotmedia.com","+86.5925922285","","","","","","","","","","","","","","","","clientTransferProhibited","","",""
"4","ngocthanhexpress.com","2021-03-01 17:39:38","2021-02-27","2021-02-27","2022-02-27","2069","DropCatch.com 589 LLC","whois.namebright.com","http://www.dropcatch589.com","Hans Lempka","Alpha Domains","Kemp House, 152-160 City Road","London","ENG","EC1V 2NX","United Kingdom","contact@alphadomains.com","+44.2078560413","","Hans Lempka","Alpha Domains","Kemp House, 152-160 City Road","London","ENG","EC1V 2NX","United Kingdom","contact@alphadomains.com","+44.2078560413","","Hans Lempka","Alpha Domains","Kemp House, 152-160 City Road","London","ENG","EC1V 2NX","United Kingdom","contact@alphadomains.com","+44.2078560413","","","","","","","","","","","","","","","","clientTransferProhibited","","",""
"5","sherrysnyder.com","2021-03-01 17:44:39","2021-02-27","2021-02-27","2022-02-27","2069","DropCatch.com 589 LLC","whois.namebright.com","http://www.dropcatch589.com","Redacted for GDPR privacy","ImpressMedia","Redacted for GDPR privacy","Redacted for GDPR privacy","Zilinsky","Redacted for GDPR privacy","Slovakia","sherrysnyder.com@namebrightprivacy.com","Redacted for GDPR privacy","Redacted for GDPR privacy","Redacted for GDPR privacy","Redacted for GDPR privacy","Redacted for GDPR privacy","Redacted for GDPR privacy","Redacted for GDPR privacy","Redacted for GDPR privacy","Redacted for GDPR privacy","sherrysnyder.com@namebrightprivacy.com","Redacted for GDPR privacy","Redacted for GDPR privacy","Redacted for GDPR privacy","Redacted for GDPR privacy","Redacted for GDPR privacy","Redacted for GDPR privacy","Redacted for GDPR privacy","Redacted for GDPR privacy","Redacted for GDPR privacy","sherrysnyder.com@namebrightprivacy.com","Redacted for GDPR privacy","Redacted for GDPR privacy","","","","","","","","","","","","","","","clientTransferProhibited","","",""