"num","domain_name","query_time","create_date","update_date","expiry_date","domain_registrar_id","domain_registrar_name","domain_registrar_whois","domain_registrar_url","registrant_name","registrant_company","registrant_address","registrant_city","registrant_state","registrant_zip","registrant_country","registrant_email","registrant_phone","registrant_fax","administrative_name","administrative_company","administrative_address","administrative_city","administrative_state","administrative_zip","administrative_country","administrative_email","administrative_phone","administrative_fax","technical_name","technical_company","technical_address","technical_city","technical_state","technical_zip","technical_country","technical_email","technical_phone","technical_fax","billing_name","billing_company","billing_address","billing_city","billing_state","billing_zip","billing_country","billing_email","billing_phone","billing_fax","name_server_1","name_server_2","name_server_3","name_server_4","domain_status_1","domain_status_2","domain_status_3","domain_status_4"
"1","cityloungeprague.com","2021-03-01 14:21:24","2021-02-27","2021-02-27","2022-02-27","2108","DropCatch.com 628 LLC","whois.namebright.com","http://www.dropcatch68.com","Hans Lempka","Alpha Domains","Kemp House, 152-160 City Road","London","ENG","EC1V 2NX","United Kingdom","contact@alphadomains.com","+44.2078560413","","Hans Lempka","Alpha Domains","Kemp House, 152-160 City Road","London","ENG","EC1V 2NX","United Kingdom","contact@alphadomains.com","+44.2078560413","","Hans Lempka","Alpha Domains","Kemp House, 152-160 City Road","London","ENG","EC1V 2NX","United Kingdom","contact@alphadomains.com","+44.2078560413","","","","","","","","","","","","","","","","clientTransferProhibited","","",""
"2","gzzx100.com","2021-03-01 17:47:11","2021-02-27","2021-02-27","2022-02-27","2108","DropCatch.com 628 LLC","whois.namebright.com","http://www.dropcatch68.com","Domain Administrator","","202, 28 Guanri road","Xiamen","Fujian","361008","China","dotmedia3@dotmedia.com","+86.5925990220","","Domain Administrator","","202, 28 Guanri road","Xiamen","Fujian","361008","China","dotmedia3@dotmedia.com","+86.5925990220","","Domain Administrator","","202, 28 Guanri road","Xiamen","Fujian","361008","China","dotmedia3@dotmedia.com","+86.5925990220","","","","","","","","","","","","","","","","clientTransferProhibited","","",""
"3","limonz.com","2021-03-01 17:36:55","2021-02-27","2021-02-28","2022-02-27","2108","DropCatch.com 628 LLC","whois.namebright.com","http://www.dropcatch68.com","Domain Admin / This Domain is For Sale","HugeDomains.com","2635 Walnut Street","Denver","CO","80205","United States","domains@hugedomains.com","+1.3038930552","","Domain Admin / This Domain is For Sale","HugeDomains.com","2635 Walnut Street","Denver","CO","80205","United States","domains@hugedomains.com","+1.3038930552","","Domain Admin / This Domain is For Sale","HugeDomains.com","2635 Walnut Street","Denver","CO","80205","United States","domains@hugedomains.com","+1.3038930552","","","","","","","","","","","","","","","","clientTransferProhibited","","",""
"4","ogamefan.com","2021-03-01 14:22:44","2021-02-27","2021-02-27","2022-02-27","2108","DropCatch.com 628 LLC","whois.namebright.com","http://www.dropcatch68.com","Domain Admin / This Domain is For Sale","HugeDomains.com","2635 Walnut Street","Denver","CO","80205","United States","domains@hugedomains.com","+1.3038930552","","Domain Admin / This Domain is For Sale","HugeDomains.com","2635 Walnut Street","Denver","CO","80205","United States","domains@hugedomains.com","+1.3038930552","","Domain Admin / This Domain is For Sale","HugeDomains.com","2635 Walnut Street","Denver","CO","80205","United States","domains@hugedomains.com","+1.3038930552","","","","","","","","","","","","","","","","clientTransferProhibited","","",""
"5","shangshuyipin.com","2021-03-01 17:43:19","2021-02-27","2021-02-27","2022-02-27","2108","DropCatch.com 628 LLC","whois.namebright.com","http://www.dropcatch68.com","Domain Administrator","XZ.COM","602, 56 Guanri Road, Software Park II","Xiamen","Fujian","361000","China","backorder@dotmedia.com","+86.5925922285","","Domain Administrator","XZ.COM","602, 56 Guanri Road, Software Park II","Xiamen","Fujian","361000","China","backorder@dotmedia.com","+86.5925922285","","Domain Administrator","XZ.COM","602, 56 Guanri Road, Software Park II","Xiamen","Fujian","361000","China","backorder@dotmedia.com","+86.5925922285","","","","","","","","","","","","","","","","clientTransferProhibited","","",""
"6","webdownloadlagu.net","2021-03-01 15:43:48","2021-02-26","2021-02-26","2022-02-26","2108","DropCatch.com 628 LLC","whois.namebright.com","http://www.dropcatch68.com","bing liu","liu bing","tong nan xian, shang he zhen, dao tang cun, 1","chong qing shi","chong qing","402600","China","107829045@qq.com","+86.13434256790","","bing liu","liu bing","tong nan xian, shang he zhen, dao tang cun, 1","chong qing shi","chong qing","402600","China","107829045@qq.com","+86.13434256790","","bing liu","liu bing","tong nan xian, shang he zhen, dao tang cun, 1","chong qing shi","chong qing","402600","China","107829045@qq.com","+86.13434256790","","","","","","","","","","","","","","","","clientTransferProhibited","","",""