"num","domain_name","query_time","create_date","update_date","expiry_date","domain_registrar_id","domain_registrar_name","domain_registrar_whois","domain_registrar_url","registrant_name","registrant_company","registrant_address","registrant_city","registrant_state","registrant_zip","registrant_country","registrant_email","registrant_phone","registrant_fax","administrative_name","administrative_company","administrative_address","administrative_city","administrative_state","administrative_zip","administrative_country","administrative_email","administrative_phone","administrative_fax","technical_name","technical_company","technical_address","technical_city","technical_state","technical_zip","technical_country","technical_email","technical_phone","technical_fax","billing_name","billing_company","billing_address","billing_city","billing_state","billing_zip","billing_country","billing_email","billing_phone","billing_fax","name_server_1","name_server_2","name_server_3","name_server_4","domain_status_1","domain_status_2","domain_status_3","domain_status_4"
"1","bestsoccernews.com","2021-03-01 17:51:05","2021-02-27","2021-02-27","2022-02-27","3271","DropCatch.com 1062 LLC","","","Domain Admin / This Domain is For Sale","HugeDomains.com","2635 Walnut Street","Denver","CO","80205","United States","domains@hugedomains.com","+1.3038930552","","Domain Admin / This Domain is For Sale","HugeDomains.com","2635 Walnut Street","Denver","CO","80205","United States","domains@hugedomains.com","+1.3038930552","","Domain Admin / This Domain is For Sale","HugeDomains.com","2635 Walnut Street","Denver","CO","80205","United States","domains@hugedomains.com","+1.3038930552","","","","","","","","","","","","","","","","clientTransferProhibited","","",""
"2","grassrootswater.com","2021-03-01 14:25:41","2021-02-27","2021-02-28","2022-02-27","3271","DropCatch.com 1062 LLC","","","Domain Admin / This Domain is For Sale","HugeDomains.com","2635 Walnut Street","Denver","CO","80205","United States","domains@hugedomains.com","+1.3038930552","","Domain Admin / This Domain is For Sale","HugeDomains.com","2635 Walnut Street","Denver","CO","80205","United States","domains@hugedomains.com","+1.3038930552","","Domain Admin / This Domain is For Sale","HugeDomains.com","2635 Walnut Street","Denver","CO","80205","United States","domains@hugedomains.com","+1.3038930552","","","","","","","","","","","","","","","","clientTransferProhibited","","",""
"3","jinfenghuangshangcheng.com","2021-03-01 17:44:35","2021-02-27","2021-02-27","2022-02-27","3271","DropCatch.com 1062 LLC","","","jianfeng wu","","hefeishi,luyangqu,caifuguangchangshouzuo,1107hao","hefei","Anhui Sheng","230001","China","admin@juming.com","+86.4009972996","","jianfeng wu","","hefeishi,luyangqu,caifuguangchangshouzuo,1107hao","hefei","Anhui Sheng","230001","China","admin@juming.com","+86.4009972996","","jianfeng wu","","hefeishi,luyangqu,caifuguangchangshouzuo,1107hao","hefei","Anhui Sheng","230001","China","admin@juming.com","+86.4009972996","","","","","","","","","","","","","","","","clientTransferProhibited","","",""
"4","scalyskin.com","2021-03-01 17:35:26","2021-02-27","2021-02-27","2022-02-27","3271","DropCatch.com 1062 LLC","","","This domain was caught by DropCatch.com on behalf of a DropCatch customer","Pending backorder/auction delivery at www.DropCatch.com","2635 Walnut Street","Denver","CO","80205","United States","support@dropcatch.com","+1.3035029098","","This domain was caught by DropCatch.com on behalf of a DropCatch customer","Pending backorder/auction delivery at www.DropCatch.com","2635 Walnut Street","Denver","CO","80205","United States","support@dropcatch.com","+1.3035029098","","This domain was caught by DropCatch.com on behalf of a DropCatch customer","Pending backorder/auction delivery at www.DropCatch.com","2635 Walnut Street","Denver","CO","80205","United States","support@dropcatch.com","+1.3035029098","","","","","","","","","","","","","","","","clientTransferProhibited","","",""
"5","sqbjgg.com","2021-03-01 17:52:09","2021-02-27","2021-02-27","2022-02-27","3271","DropCatch.com 1062 LLC","","","zhong shan zhu","zhu zhong shan","mu dan qu, sha tu zhen, bei song zhuang, xing","he ze shi","shan dong","274000","China","bdht888@126.com","+86.15630143776","","zhong shan zhu","zhu zhong shan","mu dan qu, sha tu zhen, bei song zhuang, xing","he ze shi","shan dong","274000","China","bdht888@126.com","+86.15630143776","","zhong shan zhu","zhu zhong shan","mu dan qu, sha tu zhen, bei song zhuang, xing","he ze shi","shan dong","274000","China","bdht888@126.com","+86.15630143776","","","","","","","","","","","","","","","","clientTransferProhibited","","",""