"num","domain_name","query_time","create_date","update_date","expiry_date","domain_registrar_id","domain_registrar_name","domain_registrar_whois","domain_registrar_url","registrant_name","registrant_company","registrant_address","registrant_city","registrant_state","registrant_zip","registrant_country","registrant_email","registrant_phone","registrant_fax","administrative_name","administrative_company","administrative_address","administrative_city","administrative_state","administrative_zip","administrative_country","administrative_email","administrative_phone","administrative_fax","technical_name","technical_company","technical_address","technical_city","technical_state","technical_zip","technical_country","technical_email","technical_phone","technical_fax","billing_name","billing_company","billing_address","billing_city","billing_state","billing_zip","billing_country","billing_email","billing_phone","billing_fax","name_server_1","name_server_2","name_server_3","name_server_4","domain_status_1","domain_status_2","domain_status_3","domain_status_4"
"1","hbajjt.com","2021-03-01 17:26:03","2021-02-27","2021-02-27","2022-02-27","1999","DropCatch.com 519 LLC","whois.namebright.com","http://www.dropcatch519.com","Domain Administrator","","202, 28 Guanri road","Xiamen","Fujian","361008","China","dotmedia3@dotmedia.com","+86.5925990220","","Domain Administrator","","202, 28 Guanri road","Xiamen","Fujian","361008","China","dotmedia3@dotmedia.com","+86.5925990220","","Domain Administrator","","202, 28 Guanri road","Xiamen","Fujian","361008","China","dotmedia3@dotmedia.com","+86.5925990220","","","","","","","","","","","","","","","","clientTransferProhibited","","",""
"2","shinghinghandbags.com","2021-03-01 17:43:57","2021-02-27","2021-02-27","2022-02-27","1999","DropCatch.com 519 LLC","whois.namebright.com","http://www.dropcatch519.com","Domain Administrator","","202, 28 Guanri road","Xiamen","Fujian","361008","China","dotmedia3@dotmedia.com","+86.5925990220","","Domain Administrator","","202, 28 Guanri road","Xiamen","Fujian","361008","China","dotmedia3@dotmedia.com","+86.5925990220","","Domain Administrator","","202, 28 Guanri road","Xiamen","Fujian","361008","China","dotmedia3@dotmedia.com","+86.5925990220","","","","","","","","","","","","","","","","clientTransferProhibited","","",""
"3","voolee.com","2021-03-01 17:30:42","2021-02-27","2021-02-27","2022-02-27","1999","DropCatch.com 519 LLC","whois.namebright.com","http://www.dropcatch519.com","Private Registration","NameBrightPrivacy.com","2635 Walnut Street","Denver","CO","80205","United States","voolee.com@namebrightprivacy.com","+1.7204960020","","Private Registration","NameBrightPrivacy.com","2635 Walnut Street","Denver","CO","80205","United States","voolee.com@namebrightprivacy.com","+1.7204960020","","Private Registration","NameBrightPrivacy.com","2635 Walnut Street","Denver","CO","80205","United States","voolee.com@namebrightprivacy.com","+1.7204960020","","","","","","","","","","","","","","","","clientTransferProhibited","","",""
"4","xyxiangy.com","2021-03-01 17:24:31","2021-02-27","2021-02-27","2022-02-27","1999","DropCatch.com 519 LLC","whois.namebright.com","http://www.dropcatch519.com","Domain Administrator","XZ.COM","602, 56 Guanri Road, Software Park II","Xiamen","Fujian","361000","China","backorder@dotmedia.com","+86.5925922285","","Domain Administrator","XZ.COM","602, 56 Guanri Road, Software Park II","Xiamen","Fujian","361000","China","backorder@dotmedia.com","+86.5925922285","","Domain Administrator","XZ.COM","602, 56 Guanri Road, Software Park II","Xiamen","Fujian","361000","China","backorder@dotmedia.com","+86.5925922285","","","","","","","","","","","","","","","","clientTransferProhibited","","",""
"5","youej.com","2021-03-01 17:34:50","2021-02-27","2021-02-27","2022-02-27","1999","DropCatch.com 519 LLC","whois.namebright.com","http://www.dropcatch519.com","chao ting xu","xu chao ting","jing yuan xian, gan su sheng jing yuan xian,","bai yin shi","gan su","730600","China","agmanila@qq.com","+86.9432021044","","chao ting xu","xu chao ting","jing yuan xian, gan su sheng jing yuan xian,","bai yin shi","gan su","730600","China","agmanila@qq.com","+86.9432021044","","chao ting xu","xu chao ting","jing yuan xian, gan su sheng jing yuan xian,","bai yin shi","gan su","730600","China","agmanila@qq.com","+86.9432021044","","","","","","","","","","","","","","","","clientTransferProhibited","","",""