"num","domain_name","query_time","create_date","update_date","expiry_date","domain_registrar_id","domain_registrar_name","domain_registrar_whois","domain_registrar_url","registrant_name","registrant_company","registrant_address","registrant_city","registrant_state","registrant_zip","registrant_country","registrant_email","registrant_phone","registrant_fax","administrative_name","administrative_company","administrative_address","administrative_city","administrative_state","administrative_zip","administrative_country","administrative_email","administrative_phone","administrative_fax","technical_name","technical_company","technical_address","technical_city","technical_state","technical_zip","technical_country","technical_email","technical_phone","technical_fax","billing_name","billing_company","billing_address","billing_city","billing_state","billing_zip","billing_country","billing_email","billing_phone","billing_fax","name_server_1","name_server_2","name_server_3","name_server_4","domain_status_1","domain_status_2","domain_status_3","domain_status_4"
"1","dtiris.com","2021-03-01 14:21:56","2021-02-27","2021-02-28","2022-02-27","1994","DropCatch.com 514 LLC","whois.namebright.com","http://www.dropcatch514.com","Domain Admin / This Domain is For Sale","HugeDomains.com","2635 Walnut Street","Denver","CO","80205","United States","domains@hugedomains.com","+1.3038930552","","Domain Admin / This Domain is For Sale","HugeDomains.com","2635 Walnut Street","Denver","CO","80205","United States","domains@hugedomains.com","+1.3038930552","","Domain Admin / This Domain is For Sale","HugeDomains.com","2635 Walnut Street","Denver","CO","80205","United States","domains@hugedomains.com","+1.3038930552","","","","","","","","","","","","","","","","clientTransferProhibited","","",""
"2","fofatu.com","2021-03-01 17:13:19","2021-02-27","2021-02-27","2022-02-27","1994","DropCatch.com 514 LLC","whois.namebright.com","http://www.dropcatch514.com","jianfeng wu","","hefeishi,luyangqu,caifuguangchangshouzuo,1107hao","hefei","Anhui Sheng","230001","China","admin@juming.com","+86.4009972996","","jianfeng wu","","hefeishi,luyangqu,caifuguangchangshouzuo,1107hao","hefei","Anhui Sheng","230001","China","admin@juming.com","+86.4009972996","","jianfeng wu","","hefeishi,luyangqu,caifuguangchangshouzuo,1107hao","hefei","Anhui Sheng","230001","China","admin@juming.com","+86.4009972996","","","","","","","","","","","","","","","","clientTransferProhibited","","",""
"3","glenviewmedical.com","2021-03-01 14:22:48","2021-02-27","2021-02-27","2022-02-27","1994","DropCatch.com 514 LLC","whois.namebright.com","http://www.dropcatch514.com","Gary Willicott","","6 Cord Grass Way, Atlantic Beach","Cape Town","Western Cape","7441","South Africa","gary@thewebgroup.com","+27.726107500","","Gary Willicott","","6 Cord Grass Way, Atlantic Beach","Cape Town","Western Cape","7441","South Africa","gary@thewebgroup.com","+27.726107500","","Gary Willicott","","6 Cord Grass Way, Atlantic Beach","Cape Town","Western Cape","7441","South Africa","gary@thewebgroup.com","+27.726107500","","","","","","","","","","","","","","","","clientTransferProhibited","","",""
"4","neecode.com","2021-03-01 17:32:17","2021-02-27","2021-02-27","2022-02-27","1994","DropCatch.com 514 LLC","whois.namebright.com","http://www.dropcatch514.com","Domain Administrator","XZ.COM","602, 56 Guanri Road, Software Park II","Xiamen","Fujian","361000","China","backorder@dotmedia.com","+86.5925922285","","Domain Administrator","XZ.COM","602, 56 Guanri Road, Software Park II","Xiamen","Fujian","361000","China","backorder@dotmedia.com","+86.5925922285","","Domain Administrator","XZ.COM","602, 56 Guanri Road, Software Park II","Xiamen","Fujian","361000","China","backorder@dotmedia.com","+86.5925922285","","","","","","","","","","","","","","","","clientTransferProhibited","","",""
"5","qzlechuang.com","2021-03-01 17:24:27","2021-02-27","2021-02-27","2022-02-27","1994","DropCatch.com 514 LLC","whois.namebright.com","http://www.dropcatch514.com","Domain Administrator","","202, 28 Guanri road","Xiamen","Fujian","361008","China","dotmedia3@dotmedia.com","+86.5925990220","","Domain Administrator","","202, 28 Guanri road","Xiamen","Fujian","361008","China","dotmedia3@dotmedia.com","+86.5925990220","","Domain Administrator","","202, 28 Guanri road","Xiamen","Fujian","361008","China","dotmedia3@dotmedia.com","+86.5925990220","","","","","","","","","","","","","","","","clientTransferProhibited","","",""
"6","smdie.com","2021-03-01 17:27:24","2021-02-27","2021-02-27","2022-02-27","1994","DropCatch.com 514 LLC","whois.namebright.com","http://www.dropcatch514.com","Domain Admin / This Domain is For Sale","HugeDomains.com","2635 Walnut Street","Denver","CO","80205","United States","domains@hugedomains.com","+1.3038930552","","Domain Admin / This Domain is For Sale","HugeDomains.com","2635 Walnut Street","Denver","CO","80205","United States","domains@hugedomains.com","+1.3038930552","","Domain Admin / This Domain is For Sale","HugeDomains.com","2635 Walnut Street","Denver","CO","80205","United States","domains@hugedomains.com","+1.3038930552","","","","","","","","","","","","","","","","clientTransferProhibited","","",""
"7","voyajna.com","2021-03-01 17:34:59","2021-02-27","2021-02-27","2022-02-27","1994","DropCatch.com 514 LLC","whois.namebright.com","http://www.dropcatch514.com","zhen guang lin","lin zhen guang","bai yun qu, tian he lu, fu yuan yuan, 3 dong","guang zhou shi","guang dong","510400","China","newseo1@protonmail.com","+86.2068185230","","zhen guang lin","lin zhen guang","bai yun qu, tian he lu, fu yuan yuan, 3 dong","guang zhou shi","guang dong","510400","China","newseo1@protonmail.com","+86.2068185230","","zhen guang lin","lin zhen guang","bai yun qu, tian he lu, fu yuan yuan, 3 dong","guang zhou shi","guang dong","510400","China","newseo1@protonmail.com","+86.2068185230","","","","","","","","","","","","","","","","clientTransferProhibited","","",""
"8","wangscloset.com","2021-03-01 14:22:00","2021-02-27","2021-02-27","2022-02-27","1994","DropCatch.com 514 LLC","whois.namebright.com","http://www.dropcatch514.com","Redacted for GDPR privacy","ImpressMedia","Redacted for GDPR privacy","Redacted for GDPR privacy","Zilinsky","Redacted for GDPR privacy","Slovakia","wangscloset.com@namebrightprivacy.com","Redacted for GDPR privacy","Redacted for GDPR privacy","Redacted for GDPR privacy","Redacted for GDPR privacy","Redacted for GDPR privacy","Redacted for GDPR privacy","Redacted for GDPR privacy","Redacted for GDPR privacy","Redacted for GDPR privacy","wangscloset.com@namebrightprivacy.com","Redacted for GDPR privacy","Redacted for GDPR privacy","Redacted for GDPR privacy","Redacted for GDPR privacy","Redacted for GDPR privacy","Redacted for GDPR privacy","Redacted for GDPR privacy","Redacted for GDPR privacy","Redacted for GDPR privacy","wangscloset.com@namebrightprivacy.com","Redacted for GDPR privacy","Redacted for GDPR privacy","","","","","","","","","","","","","","","clientTransferProhibited","","",""