"num","domain_name","query_time","create_date","update_date","expiry_date","domain_registrar_id","domain_registrar_name","domain_registrar_whois","domain_registrar_url","registrant_name","registrant_company","registrant_address","registrant_city","registrant_state","registrant_zip","registrant_country","registrant_email","registrant_phone","registrant_fax","administrative_name","administrative_company","administrative_address","administrative_city","administrative_state","administrative_zip","administrative_country","administrative_email","administrative_phone","administrative_fax","technical_name","technical_company","technical_address","technical_city","technical_state","technical_zip","technical_country","technical_email","technical_phone","technical_fax","billing_name","billing_company","billing_address","billing_city","billing_state","billing_zip","billing_country","billing_email","billing_phone","billing_fax","name_server_1","name_server_2","name_server_3","name_server_4","domain_status_1","domain_status_2","domain_status_3","domain_status_4"
"1","bj301ym.com","2021-03-01 17:24:29","2021-02-27","2021-02-27","2022-02-27","1829","DropCatch.com 418 LLC","whois.namebright.com","http://www.dropcatch418.com","Domain Administrator","XZ.COM","602, 56 Guanri Road, Software Park II","Xiamen","Fujian","361000","China","backorder@dotmedia.com","+86.5925922285","","Domain Administrator","XZ.COM","602, 56 Guanri Road, Software Park II","Xiamen","Fujian","361000","China","backorder@dotmedia.com","+86.5925922285","","Domain Administrator","XZ.COM","602, 56 Guanri Road, Software Park II","Xiamen","Fujian","361000","China","backorder@dotmedia.com","+86.5925922285","","","","","","","","","","","","","","","","clientTransferProhibited","","",""
"2","erdemelektrik.com","2021-03-01 17:52:15","2021-02-27","2021-02-27","2022-02-27","1829","DropCatch.com 418 LLC","whois.namebright.com","http://www.dropcatch418.com","Domain Admin / This Domain is For Sale","HugeDomains.com","2635 Walnut Street","Denver","CO","80205","United States","domains@hugedomains.com","+1.3038930552","","Domain Admin / This Domain is For Sale","HugeDomains.com","2635 Walnut Street","Denver","CO","80205","United States","domains@hugedomains.com","+1.3038930552","","Domain Admin / This Domain is For Sale","HugeDomains.com","2635 Walnut Street","Denver","CO","80205","United States","domains@hugedomains.com","+1.3038930552","","","","","","","","","","","","","","","","clientTransferProhibited","","",""
"3","fjrkn.com","2021-03-01 17:44:08","2021-02-27","2021-02-27","2022-02-27","1829","DropCatch.com 418 LLC","whois.namebright.com","http://www.dropcatch418.com","Domain Administrator","XZ.COM","602, 56 Guanri Road, Software Park II","Xiamen","Fujian","361000","China","backorder@dotmedia.com","+86.5925922285","","Domain Administrator","XZ.COM","602, 56 Guanri Road, Software Park II","Xiamen","Fujian","361000","China","backorder@dotmedia.com","+86.5925922285","","Domain Administrator","XZ.COM","602, 56 Guanri Road, Software Park II","Xiamen","Fujian","361000","China","backorder@dotmedia.com","+86.5925922285","","","","","","","","","","","","","","","","clientTransferProhibited","","",""
"4","heblianke.com","2021-03-01 17:36:12","2021-02-27","2021-02-27","2022-02-27","1829","DropCatch.com 418 LLC","whois.namebright.com","http://www.dropcatch418.com","Domain Administrator","","202, 28 Guanri road","Xiamen","Fujian","361008","China","dotmedia3@dotmedia.com","+86.5925990220","","Domain Administrator","","202, 28 Guanri road","Xiamen","Fujian","361008","China","dotmedia3@dotmedia.com","+86.5925990220","","Domain Administrator","","202, 28 Guanri road","Xiamen","Fujian","361008","China","dotmedia3@dotmedia.com","+86.5925990220","","","","","","","","","","","","","","","","clientTransferProhibited","","",""
"5","littlesproperties.com","2021-03-01 17:10:23","2021-02-27","2021-02-28","2022-02-27","1829","DropCatch.com 418 LLC","whois.namebright.com","http://www.dropcatch418.com","Domain Admin / This Domain is For Sale","HugeDomains.com","2635 Walnut Street","Denver","CO","80205","United States","domains@hugedomains.com","+1.3038930552","","Domain Admin / This Domain is For Sale","HugeDomains.com","2635 Walnut Street","Denver","CO","80205","United States","domains@hugedomains.com","+1.3038930552","","Domain Admin / This Domain is For Sale","HugeDomains.com","2635 Walnut Street","Denver","CO","80205","United States","domains@hugedomains.com","+1.3038930552","","","","","","","","","","","","","","","","clientTransferProhibited","","",""
"6","realoutletstores.com","2021-03-01 17:33:07","2021-02-27","2021-02-27","2022-02-27","1829","DropCatch.com 418 LLC","whois.namebright.com","http://www.dropcatch418.com","yuxia Feng","","henanshengluoyangshixigongqutanggongzhonglu","LuoYangShi","HeNan","471000","China","2963366666@qq.com","+86.15290537163","","yuxia Feng","","henanshengluoyangshixigongqutanggongzhonglu","LuoYangShi","HeNan","471000","China","2963366666@qq.com","+86.15290537163","","yuxia Feng","","henanshengluoyangshixigongqutanggongzhonglu","LuoYangShi","HeNan","471000","China","2963366666@qq.com","+86.15290537163","","","","","","","","","","","","","","","","clientTransferProhibited","","",""