"num","domain_name","query_time","create_date","update_date","expiry_date","domain_registrar_id","domain_registrar_name","domain_registrar_whois","domain_registrar_url","registrant_name","registrant_company","registrant_address","registrant_city","registrant_state","registrant_zip","registrant_country","registrant_email","registrant_phone","registrant_fax","administrative_name","administrative_company","administrative_address","administrative_city","administrative_state","administrative_zip","administrative_country","administrative_email","administrative_phone","administrative_fax","technical_name","technical_company","technical_address","technical_city","technical_state","technical_zip","technical_country","technical_email","technical_phone","technical_fax","billing_name","billing_company","billing_address","billing_city","billing_state","billing_zip","billing_country","billing_email","billing_phone","billing_fax","name_server_1","name_server_2","name_server_3","name_server_4","domain_status_1","domain_status_2","domain_status_3","domain_status_4"
"1","0537che.com","2021-03-01 14:21:20","2021-02-27","2021-02-27","2022-02-27","1668","EastEndDomains, LLC","whois.ripn.net","http://www.networksolutions.com","Jianfeng Wu Juming","","Luyang District, Fortune Plaza No. 1107 First","Hefeishi","ANHUISHENG","230001","China","temp@juming.com","+1.864009972996","","Jianfeng Wu Juming","","Luyang District, Fortune Plaza No. 1107 First","Hefeishi","ANHUISHENG","230001","China","temp@juming.com","+1.864009972996","","Jianfeng Wu Juming","","Luyang District, Fortune Plaza No. 1107 First","Hefeishi","ANHUISHENG","230001","China","temp@juming.com","+1.864009972996","","","","","","","","","","","","v1.juming-xz.com","v1.xz-juming.com","","","OK","","",""
"2","bajupolos.com","2021-03-01 14:18:44","2021-02-27","2021-02-27","2022-02-27","1668","EastEndDomains, LLC","whois.ripn.net","http://www.networksolutions.com","PERFECT PRIVACY, LLC","","5335 Gate Parkway","Jacksonville","FL","32256","United States","ahbr7sspbagajbcr5uc5b9l47a@domaindiscreet.com","+1.9027492701","","PERFECT PRIVACY, LLC","","5335 Gate Parkway","Jacksonville","FL","32256","United States","ahbr7sspbagajbcr5uc5b9l47a@domaindiscreet.com","+1.9027492701","","PERFECT PRIVACY, LLC","","5335 Gate Parkway","Jacksonville","FL","32256","United States","ahbr7sspbagajbcr5uc5b9l47a@domaindiscreet.com","+1.9027492701","","","","","","","","","","","","ns1.undeveloped.com","ns2.undeveloped.com","","","OK","","",""
"3","shangbo927.com","2021-03-01 17:19:23","2021-02-27","2021-02-27","2022-02-27","1668","EastEndDomains, LLC","whois.ripn.net","http://www.networksolutions.com","Domain Administrator","XZ.COM","602, 56 Guanri Road, Software Park II","Xiamen","FUJIAN","361008","China","support@xz.com","+1.865925990220","","Domain Administrator","XZ.COM","602, 56 Guanri Road, Software Park II","Xiamen","FUJIAN","361008","China","support@xz.com","+1.865925990220","","Domain Administrator","XZ.COM","602, 56 Guanri Road, Software Park II","Xiamen","FUJIAN","361008","China","support@xz.com","+1.865925990220","","","","","","","","","","","","v1.juming-xz.com","v1.xz-juming.com","","","OK","","",""
"4","taborcollege.com","2021-03-01 17:42:25","2021-02-27","2021-02-27","2022-02-27","1668","EastEndDomains, LLC","whois.ripn.net","http://www.networksolutions.com","Statutory Masking Enabled","Statutory Masking Enabled","Statutory Masking Enabled","Statutory Masking Enabled","Alpes Maritimes","Statutory Masking Enabled","France","abuse@web.com","Statutory Masking Enabled","Statutory Masking Enabled","Statutory Masking Enabled","Statutory Masking Enabled","Statutory Masking Enabled","Statutory Masking Enabled","Statutory Masking Enabled","Statutory Masking Enabled","Statutory Masking Enabled","abuse@web.com","Statutory Masking Enabled","Statutory Masking Enabled","Statutory Masking Enabled","Statutory Masking Enabled","Statutory Masking Enabled","Statutory Masking Enabled","Statutory Masking Enabled","Statutory Masking Enabled","Statutory Masking Enabled","abuse@web.com","Statutory Masking Enabled","Statutory Masking Enabled","Statutory Masking Enabled","Statutory Masking Enabled","Statutory Masking Enabled","Statutory Masking Enabled","Statutory Masking Enabled","Statutory Masking Enabled","Statutory Masking Enabled","abuse@web.com","Statutory Masking Enabled","Statutory Masking Enabled","ns1.dan.com","ns2.dan.com","","","OK","","",""
"5","vecolove.com","2021-03-01 17:09:01","2021-02-27","2021-02-27","2022-02-27","1668","EastEndDomains, LLC","whois.ripn.net","http://www.networksolutions.com","PERFECT PRIVACY, LLC","","5335 Gate Parkway","Jacksonville","FL","32256","United States","9b8ka9hrgqitkbmunduj9ksdti@domaindiscreet.com","+1.9027492701","","PERFECT PRIVACY, LLC","","5335 Gate Parkway","Jacksonville","FL","32256","United States","9b8ka9hrgqitkbmunduj9ksdti@domaindiscreet.com","+1.9027492701","","PERFECT PRIVACY, LLC","","5335 Gate Parkway","Jacksonville","FL","32256","United States","9b8ka9hrgqitkbmunduj9ksdti@domaindiscreet.com","+1.9027492701","","","","","","","","","","","","ns15.above.com","ns16.above.com","","","OK","","",""
"6","zckaihua.com","2021-03-01 17:08:53","2021-02-27","2021-02-28","2022-02-27","1668","EastEndDomains, LLC","whois.ripn.net","http://www.networksolutions.com","zhong shan zhu","zhu zhong shan","mu dan qu, sha tu zhen, bei song zhuang, xing zhen","he ze shi","shan dong","274000","China","bdht888@126.com","+86.15630143776","+86.15630143776","zhong shan zhu","zhu zhong shan","mu dan qu, sha tu zhen, bei song zhuang, xing zhen","he ze shi","shan dong","274000","China","bdht888@126.com","+86.15630143776","+86.15630143776","zhong shan zhu","zhu zhong shan","mu dan qu, sha tu zhen, bei song zhuang, xing zhen","he ze shi","shan dong","274000","China","bdht888@126.com","+86.15630143776","+86.15630143776","","","","","","","","","","","v1.juming-xz.com","v1.xz-juming.com","","","OK","","",""
"7","zhuolilogo.com","2021-03-01 17:44:11","2021-02-27","2021-02-27","2022-02-27","1668","EastEndDomains, LLC","whois.ripn.net","http://www.networksolutions.com","Domain Administrator","XZ.COM","602, 56 Guanri Road, Software Park II","Xiamen","FUJIAN","361008","China","support@xz.com","+1.865925990220","","Domain Administrator","XZ.COM","602, 56 Guanri Road, Software Park II","Xiamen","FUJIAN","361008","China","support@xz.com","+1.865925990220","","Domain Administrator","XZ.COM","602, 56 Guanri Road, Software Park II","Xiamen","FUJIAN","361008","China","support@xz.com","+1.865925990220","","","","","","","","","","","","v1.juming-xz.com","v1.xz-juming.com","","","OK","","",""