"num","domain_name","query_time","create_date","update_date","expiry_date","domain_registrar_id","domain_registrar_name","domain_registrar_whois","domain_registrar_url","registrant_name","registrant_company","registrant_address","registrant_city","registrant_state","registrant_zip","registrant_country","registrant_email","registrant_phone","registrant_fax","administrative_name","administrative_company","administrative_address","administrative_city","administrative_state","administrative_zip","administrative_country","administrative_email","administrative_phone","administrative_fax","technical_name","technical_company","technical_address","technical_city","technical_state","technical_zip","technical_country","technical_email","technical_phone","technical_fax","billing_name","billing_company","billing_address","billing_city","billing_state","billing_zip","billing_country","billing_email","billing_phone","billing_fax","name_server_1","name_server_2","name_server_3","name_server_4","domain_status_1","domain_status_2","domain_status_3","domain_status_4"
"1","anuncitychaco.com","2021-03-01 16:59:11","2021-02-27","2021-02-27","2022-02-27","1600","Estrategias WebSite S.L.","whois2.virtualname.es","http://www.virtualpyme.com/","Domain Admin","Privacy Protect, LLC (PrivacyProtect.org)","10 Corporate Drive","Burlington","MA","01803","United States","contact@privacyprotect.org","+1.8022274003","","Domain Admin","Privacy Protect, LLC (PrivacyProtect.org)","10 Corporate Drive","Burlington","MA","01803","United States","contact@privacyprotect.org","+1.8022274003","","Domain Admin","Privacy Protect, LLC (PrivacyProtect.org)","10 Corporate Drive","Burlington","MA","01803","United States","contact@privacyprotect.org","+1.8022274003","","","","","","","","","","","","dns1.raiolanetworks.es","dns2.raiolanetworks.es","dns3.raiolanetworks.es","","clientTransferProhibited","","",""
"2","artederespirar.com","2021-03-01 16:58:13","2021-02-27","2021-02-27","2022-02-27","1600","Estrategias WebSite S.L.","whois2.virtualname.es","http://www.virtualpyme.com/","GDPR Masked","GDPR Masked","GDPR Masked","GDPR Masked","Santa Cruz de Tenerife","GDPR Masked","Spain","gdpr-masking@gdpr-masked.com","GDPR Masked","GDPR Masked","GDPR Masked","GDPR Masked","GDPR Masked","GDPR Masked","GDPR Masked","GDPR Masked","GDPR Masked","gdpr-masking@gdpr-masked.com","GDPR Masked","GDPR Masked","GDPR Masked","GDPR Masked","GDPR Masked","GDPR Masked","GDPR Masked","GDPR Masked","GDPR Masked","gdpr-masking@gdpr-masked.com","GDPR Masked","GDPR Masked","","","","","","","","","","","ns1.virtualns.net","ns2.virtualns.net","","","clientTransferProhibited","","",""
"3","belenroel.com","2021-03-01 16:56:07","2021-02-27","2021-02-27","2022-02-27","1600","Estrategias WebSite S.L.","whois2.virtualname.es","http://www.virtualpyme.com/","Domain Admin","Privacy Protect, LLC (PrivacyProtect.org)","10 Corporate Drive","Burlington","MA","01803","United States","contact@privacyprotect.org","+1.8022274003","","Domain Admin","Privacy Protect, LLC (PrivacyProtect.org)","10 Corporate Drive","Burlington","MA","01803","United States","contact@privacyprotect.org","+1.8022274003","","Domain Admin","Privacy Protect, LLC (PrivacyProtect.org)","10 Corporate Drive","Burlington","MA","01803","United States","contact@privacyprotect.org","+1.8022274003","","","","","","","","","","","","dns1.raiolanetworks.es","dns2.raiolanetworks.es","dns3.raiolanetworks.es","","clientTransferProhibited","","",""
"4","bestsolutionsv.com","2021-03-01 16:55:45","2021-02-27","2021-02-27","2022-02-27","1600","Estrategias WebSite S.L.","whois2.virtualname.es","http://www.virtualpyme.com/","Samuel Funes","","Col. ciudad Pacifica 1ra Etapa Pol. B6 #33  San Miguel","San Miguel","San Miguel","3301","El Salvador","frjsamuel@outlook.com","+503.74965903","","Samuel Funes","","Col. ciudad Pacifica 1ra Etapa Pol. B6 #33  San Miguel","San Miguel","San Miguel","3301","El Salvador","frjsamuel@outlook.com","+503.74965903","","Samuel Funes","","Col. ciudad Pacifica 1ra Etapa Pol. B6 #33  San Miguel","San Miguel","San Miguel","3301","El Salvador","frjsamuel@outlook.com","+503.74965903","","","","","","","","","","","","ns1.lucushost.com","ns2.lucushost.com","ns3.lucushost.com","","clientTransferProhibited","","",""
"5","calzonia.com","2021-03-01 14:22:03","2021-02-27","2021-02-27","2022-02-27","1600","Estrategias WebSite S.L.","whois2.virtualname.es","http://www.virtualpyme.com/","GDPR Masked","GDPR Masked","GDPR Masked","GDPR Masked","Pontevedra","GDPR Masked","Spain","gdpr-masking@gdpr-masked.com","GDPR Masked","GDPR Masked","GDPR Masked","GDPR Masked","GDPR Masked","GDPR Masked","GDPR Masked","GDPR Masked","GDPR Masked","gdpr-masking@gdpr-masked.com","GDPR Masked","GDPR Masked","GDPR Masked","GDPR Masked","GDPR Masked","GDPR Masked","GDPR Masked","GDPR Masked","GDPR Masked","gdpr-masking@gdpr-masked.com","GDPR Masked","GDPR Masked","","","","","","","","","","","dns1.raiolanetworks.es","dns2.raiolanetworks.es","dns3.raiolanetworks.es","","clientTransferProhibited","","",""
"6","converxiona.com","2021-03-01 16:51:40","2021-02-27","2021-02-27","2022-02-27","1600","Estrategias WebSite S.L.","whois2.virtualname.es","http://www.virtualpyme.com/","Domain Admin","Privacy Protect, LLC (PrivacyProtect.org)","10 Corporate Drive","Burlington","MA","01803","United States","contact@privacyprotect.org","+1.8022274003","","Domain Admin","Privacy Protect, LLC (PrivacyProtect.org)","10 Corporate Drive","Burlington","MA","01803","United States","contact@privacyprotect.org","+1.8022274003","","Domain Admin","Privacy Protect, LLC (PrivacyProtect.org)","10 Corporate Drive","Burlington","MA","01803","United States","contact@privacyprotect.org","+1.8022274003","","","","","","","","","","","","dns1.raiolanetworks.es","dns2.raiolanetworks.es","dns3.raiolanetworks.es","","clientTransferProhibited","","",""
"7","creandotumundoonline.com","2021-03-01 16:51:15","2021-02-27","2021-02-27","2022-02-27","1600","Estrategias WebSite S.L.","whois2.virtualname.es","http://www.virtualpyme.com/","GDPR Masked","GDPR Masked","GDPR Masked","GDPR Masked","Barcelona","GDPR Masked","Spain","gdpr-masking@gdpr-masked.com","GDPR Masked","GDPR Masked","GDPR Masked","GDPR Masked","GDPR Masked","GDPR Masked","GDPR Masked","GDPR Masked","GDPR Masked","gdpr-masking@gdpr-masked.com","GDPR Masked","GDPR Masked","GDPR Masked","GDPR Masked","GDPR Masked","GDPR Masked","GDPR Masked","GDPR Masked","GDPR Masked","gdpr-masking@gdpr-masked.com","GDPR Masked","GDPR Masked","","","","","","","","","","","dns1.raiolanetworks.es","dns2.raiolanetworks.es","dns3.raiolanetworks.es","","clientTransferProhibited","","",""
"8","danisalazar.com","2021-03-01 17:47:42","2021-02-27","2021-02-27","2022-02-27","1600","Estrategias WebSite S.L.","whois2.virtualname.es","http://www.virtualpyme.com/","GDPR Masked","GDPR Masked","GDPR Masked","GDPR Masked","Malaga","GDPR Masked","Spain","gdpr-masking@gdpr-masked.com","GDPR Masked","GDPR Masked","GDPR Masked","GDPR Masked","GDPR Masked","GDPR Masked","GDPR Masked","GDPR Masked","GDPR Masked","gdpr-masking@gdpr-masked.com","GDPR Masked","GDPR Masked","GDPR Masked","GDPR Masked","GDPR Masked","GDPR Masked","GDPR Masked","GDPR Masked","GDPR Masked","gdpr-masking@gdpr-masked.com","GDPR Masked","GDPR Masked","","","","","","","","","","","dns1.raiolanetworks.es","dns2.raiolanetworks.es","dns3.raiolanetworks.es","","clientTransferProhibited","","",""
"9","debalines.com","2021-03-01 16:49:49","2021-02-27","2021-02-27","2022-02-27","1600","Estrategias WebSite S.L.","whois2.virtualname.es","http://www.virtualpyme.com/","GDPR Masked","GDPR Masked","GDPR Masked","GDPR Masked","Cadiz","GDPR Masked","Spain","gdpr-masking@gdpr-masked.com","GDPR Masked","GDPR Masked","GDPR Masked","GDPR Masked","GDPR Masked","GDPR Masked","GDPR Masked","GDPR Masked","GDPR Masked","gdpr-masking@gdpr-masked.com","GDPR Masked","GDPR Masked","GDPR Masked","GDPR Masked","GDPR Masked","GDPR Masked","GDPR Masked","GDPR Masked","GDPR Masked","gdpr-masking@gdpr-masked.com","GDPR Masked","GDPR Masked","","","","","","","","","","","kareem.ns.cloudflare.com","novalee.ns.cloudflare.com","","","clientTransferProhibited","","",""
"10","elhogardelavoz.com","2021-03-01 16:46:07","2021-02-27","2021-02-27","2022-02-27","1600","Estrategias WebSite S.L.","whois2.virtualname.es","http://www.virtualpyme.com/","GDPR Masked","GDPR Masked","GDPR Masked","GDPR Masked","Barcelona","GDPR Masked","Spain","gdpr-masking@gdpr-masked.com","GDPR Masked","GDPR Masked","GDPR Masked","GDPR Masked","GDPR Masked","GDPR Masked","GDPR Masked","GDPR Masked","GDPR Masked","gdpr-masking@gdpr-masked.com","GDPR Masked","GDPR Masked","GDPR Masked","GDPR Masked","GDPR Masked","GDPR Masked","GDPR Masked","GDPR Masked","GDPR Masked","gdpr-masking@gdpr-masked.com","GDPR Masked","GDPR Masked","","","","","","","","","","","dns1.raiolanetworks.es","dns2.raiolanetworks.es","dns3.raiolanetworks.es","","clientTransferProhibited","","",""
"11","escueladesaludactiva.com","2021-03-01 16:45:16","2021-02-27","2021-02-27","2022-02-27","1600","Estrategias WebSite S.L.","whois2.virtualname.es","http://www.virtualpyme.com/","Domain Admin","Privacy Protect, LLC (PrivacyProtect.org)","10 Corporate Drive","Burlington","MA","01803","United States","contact@privacyprotect.org","+1.8022274003","","Domain Admin","Privacy Protect, LLC (PrivacyProtect.org)","10 Corporate Drive","Burlington","MA","01803","United States","contact@privacyprotect.org","+1.8022274003","","Domain Admin","Privacy Protect, LLC (PrivacyProtect.org)","10 Corporate Drive","Burlington","MA","01803","United States","contact@privacyprotect.org","+1.8022274003","","","","","","","","","","","","art.ns.cloudflare.com","raphaela.ns.cloudflare.com","","","clientTransferProhibited","","",""
"12","fgplive.net","2021-03-01 15:40:36","2021-02-26","2021-02-26","2022-02-26","1600","Estrategias WebSite S.L.","whois2.virtualname.es","http://www.virtualpyme.com/","Domain Admin","Privacy Protect, LLC (PrivacyProtect.org)","10 Corporate Drive","Burlington","MA","01803","United States","contact@privacyprotect.org","+1.8022274003","","Domain Admin","Privacy Protect, LLC (PrivacyProtect.org)","10 Corporate Drive","Burlington","MA","01803","United States","contact@privacyprotect.org","+1.8022274003","","Domain Admin","Privacy Protect, LLC (PrivacyProtect.org)","10 Corporate Drive","Burlington","MA","01803","United States","contact@privacyprotect.org","+1.8022274003","","","","","","","","","","","","dns1.raiolanetworks.es","dns2.raiolanetworks.es","dns3.raiolanetworks.es","","clientTransferProhibited","","",""
"13","gimnasio-fitness.com","2021-03-01 16:41:11","2021-02-27","2021-02-27","2022-02-27","1600","Estrategias WebSite S.L.","whois2.virtualname.es","http://www.virtualpyme.com/","GDPR Masked","GDPR Masked","GDPR Masked","GDPR Masked","SEVILLA","GDPR Masked","Spain","gdpr-masking@gdpr-masked.com","GDPR Masked","GDPR Masked","GDPR Masked","GDPR Masked","GDPR Masked","GDPR Masked","GDPR Masked","GDPR Masked","GDPR Masked","gdpr-masking@gdpr-masked.com","GDPR Masked","GDPR Masked","GDPR Masked","GDPR Masked","GDPR Masked","GDPR Masked","GDPR Masked","GDPR Masked","GDPR Masked","gdpr-masking@gdpr-masked.com","GDPR Masked","GDPR Masked","","","","","","","","","","","dns1.raiolanetworks.es","dns2.raiolanetworks.es","dns3.raiolanetworks.es","","clientTransferProhibited","","",""
"14","librosdebolsa.net","2021-03-01 15:39:41","2021-02-26","2021-02-26","2022-02-26","1600","Estrategias WebSite S.L.","whois2.virtualname.es","http://www.virtualpyme.com/","GDPR Masked","GDPR Masked","GDPR Masked","GDPR Masked","Valencia","GDPR Masked","Spain","gdpr-masking@gdpr-masked.com","GDPR Masked","GDPR Masked","GDPR Masked","GDPR Masked","GDPR Masked","GDPR Masked","GDPR Masked","GDPR Masked","GDPR Masked","gdpr-masking@gdpr-masked.com","GDPR Masked","GDPR Masked","GDPR Masked","GDPR Masked","GDPR Masked","GDPR Masked","GDPR Masked","GDPR Masked","GDPR Masked","gdpr-masking@gdpr-masked.com","GDPR Masked","GDPR Masked","","","","","","","","","","","dns1.raiolanetworks.es","dns2.raiolanetworks.es","dns3.raiolanetworks.es","","clientTransferProhibited","","",""
"15","maternarsinfronteras.com","2021-03-01 16:29:08","2021-02-27","2021-02-27","2022-02-27","1600","Estrategias WebSite S.L.","whois2.virtualname.es","http://www.virtualpyme.com/","Domain Admin","Privacy Protect, LLC (PrivacyProtect.org)","10 Corporate Drive","Burlington","MA","01803","United States","contact@privacyprotect.org","+1.8022274003","","Domain Admin","Privacy Protect, LLC (PrivacyProtect.org)","10 Corporate Drive","Burlington","MA","01803","United States","contact@privacyprotect.org","+1.8022274003","","Domain Admin","Privacy Protect, LLC (PrivacyProtect.org)","10 Corporate Drive","Burlington","MA","01803","United States","contact@privacyprotect.org","+1.8022274003","","","","","","","","","","","","dns1.raiolanetworks.es","dns2.raiolanetworks.es","dns3.raiolanetworks.es","","clientTransferProhibited","","",""
"16","metri-k.com","2021-03-01 17:33:26","2021-02-27","2021-03-01","2022-02-27","1600","Estrategias WebSite S.L.","whois2.virtualname.es","http://www.virtualpyme.com/","GDPR Masked","GDPR Masked","GDPR Masked","GDPR Masked","Valencia","GDPR Masked","Spain","gdpr-masking@gdpr-masked.com","GDPR Masked","GDPR Masked","GDPR Masked","GDPR Masked","GDPR Masked","GDPR Masked","GDPR Masked","GDPR Masked","GDPR Masked","gdpr-masking@gdpr-masked.com","GDPR Masked","GDPR Masked","GDPR Masked","GDPR Masked","GDPR Masked","GDPR Masked","GDPR Masked","GDPR Masked","GDPR Masked","gdpr-masking@gdpr-masked.com","GDPR Masked","GDPR Masked","","","","","","","","","","","dns81.europa3.com","dns82.europa3.com","","","clientTransferProhibited","","",""
"17","mundocamo.com","2021-03-01 16:26:01","2021-02-27","2021-02-27","2022-02-27","1600","Estrategias WebSite S.L.","whois2.virtualname.es","http://www.virtualpyme.com/","GDPR Masked","GDPR Masked","GDPR Masked","GDPR Masked","Cadiz","GDPR Masked","Spain","gdpr-masking@gdpr-masked.com","GDPR Masked","GDPR Masked","GDPR Masked","GDPR Masked","GDPR Masked","GDPR Masked","GDPR Masked","GDPR Masked","GDPR Masked","gdpr-masking@gdpr-masked.com","GDPR Masked","GDPR Masked","GDPR Masked","GDPR Masked","GDPR Masked","GDPR Masked","GDPR Masked","GDPR Masked","GDPR Masked","gdpr-masking@gdpr-masked.com","GDPR Masked","GDPR Masked","","","","","","","","","","","ns1.lucushost.com","ns2.lucushost.com","ns3.lucushost.com","","clientTransferProhibited","","",""
"18","nataliavnc.com","2021-03-01 16:24:38","2021-02-27","2021-02-27","2022-02-27","1600","Estrategias WebSite S.L.","whois2.virtualname.es","http://www.virtualpyme.com/","Domain Admin","Privacy Protect, LLC (PrivacyProtect.org)","10 Corporate Drive","Burlington","MA","01803","United States","contact@privacyprotect.org","+1.8022274003","","Domain Admin","Privacy Protect, LLC (PrivacyProtect.org)","10 Corporate Drive","Burlington","MA","01803","United States","contact@privacyprotect.org","+1.8022274003","","Domain Admin","Privacy Protect, LLC (PrivacyProtect.org)","10 Corporate Drive","Burlington","MA","01803","United States","contact@privacyprotect.org","+1.8022274003","","","","","","","","","","","","dns1.raiolanetworks.es","dns2.raiolanetworks.es","dns3.raiolanetworks.es","","clientTransferProhibited","","",""
"19","natujardin.com","2021-03-01 17:52:10","2021-02-27","2021-02-27","2022-02-27","1600","Estrategias WebSite S.L.","whois2.virtualname.es","http://www.virtualpyme.com/","GDPR Masked","GDPR Masked","GDPR Masked","GDPR Masked","Toledo","GDPR Masked","Spain","gdpr-masking@gdpr-masked.com","GDPR Masked","GDPR Masked","GDPR Masked","GDPR Masked","GDPR Masked","GDPR Masked","GDPR Masked","GDPR Masked","GDPR Masked","gdpr-masking@gdpr-masked.com","GDPR Masked","GDPR Masked","GDPR Masked","GDPR Masked","GDPR Masked","GDPR Masked","GDPR Masked","GDPR Masked","GDPR Masked","gdpr-masking@gdpr-masked.com","GDPR Masked","GDPR Masked","","","","","","","","","","","dns1.raiolanetworks.es","dns2.raiolanetworks.es","dns3.raiolanetworks.es","","clientTransferProhibited","","",""
"20","nutopiaediciones.com","2021-03-01 16:22:52","2021-02-27","2021-02-27","2022-02-27","1600","Estrategias WebSite S.L.","whois2.virtualname.es","http://www.virtualpyme.com/","Domain Admin","Privacy Protect, LLC (PrivacyProtect.org)","10 Corporate Drive","Burlington","MA","01803","United States","contact@privacyprotect.org","+1.8022274003","","Domain Admin","Privacy Protect, LLC (PrivacyProtect.org)","10 Corporate Drive","Burlington","MA","01803","United States","contact@privacyprotect.org","+1.8022274003","","Domain Admin","Privacy Protect, LLC (PrivacyProtect.org)","10 Corporate Drive","Burlington","MA","01803","United States","contact@privacyprotect.org","+1.8022274003","","","","","","","","","","","","dns1.raiolanetworks.es","dns2.raiolanetworks.es","dns3.raiolanetworks.es","","clientTransferProhibited","","",""
"21","reliancegroupsv.com","2021-03-01 14:34:53","2021-02-27","2021-02-27","2022-02-27","1600","Estrategias WebSite S.L.","whois2.virtualname.es","http://www.virtualpyme.com/","Samuel Funes","","Col. ciudad Pacifica 1ra Etapa Pol. B6 #33  San Miguel","San Miguel","San Miguel","3301","El Salvador","frjsamuel@outlook.com","+503.74965903","","Samuel Funes","","Col. ciudad Pacifica 1ra Etapa Pol. B6 #33  San Miguel","San Miguel","San Miguel","3301","El Salvador","frjsamuel@outlook.com","+503.74965903","","Samuel Funes","","Col. ciudad Pacifica 1ra Etapa Pol. B6 #33  San Miguel","San Miguel","San Miguel","3301","El Salvador","frjsamuel@outlook.com","+503.74965903","","","","","","","","","","","","ns1.lucushost.com","ns2.lucushost.com","ns3.lucushost.com","","clientTransferProhibited","","",""
"22","ronaldramirezlegal.com","2021-03-01 16:16:32","2021-02-27","2021-02-27","2022-02-27","1600","Estrategias WebSite S.L.","whois2.virtualname.es","http://www.virtualpyme.com/","Alberto Rojas","","Atenas","Atenas","Alajuela","1000","Costa Rica","betoroja@yahoo.es","+506.87337353","","Alberto Rojas","","Atenas","Atenas","Alajuela","1000","Costa Rica","betoroja@yahoo.es","+506.87337353","","Alberto Rojas","","Atenas","Atenas","Alajuela","1000","Costa Rica","betoroja@yahoo.es","+506.87337353","","","","","","","","","","","","ns1.atwebhost.net","ns2.atwebhost.net","ns3.atwebhost.net","","clientTransferProhibited","","",""
"23","sesnegres.com","2021-03-01 16:14:11","2021-02-27","2021-02-27","2022-02-27","1600","Estrategias WebSite S.L.","whois2.virtualname.es","http://www.virtualpyme.com/","Domain Admin","Privacy Protect, LLC (PrivacyProtect.org)","10 Corporate Drive","Burlington","MA","01803","United States","contact@privacyprotect.org","+1.8022274003","","Domain Admin","Privacy Protect, LLC (PrivacyProtect.org)","10 Corporate Drive","Burlington","MA","01803","United States","contact@privacyprotect.org","+1.8022274003","","Domain Admin","Privacy Protect, LLC (PrivacyProtect.org)","10 Corporate Drive","Burlington","MA","01803","United States","contact@privacyprotect.org","+1.8022274003","","","","","","","","","","","","dns1.raiolanetworks.es","dns2.raiolanetworks.es","dns3.raiolanetworks.es","","clientTransferProhibited","","",""
"24","sevillephotovideoshoot.com","2021-03-01 16:14:14","2021-02-27","2021-02-27","2022-02-27","1600","Estrategias WebSite S.L.","whois2.virtualname.es","http://www.virtualpyme.com/","GDPR Masked","GDPR Masked","GDPR Masked","GDPR Masked","SEVILLA","GDPR Masked","Spain","gdpr-masking@gdpr-masked.com","GDPR Masked","GDPR Masked","GDPR Masked","GDPR Masked","GDPR Masked","GDPR Masked","GDPR Masked","GDPR Masked","GDPR Masked","gdpr-masking@gdpr-masked.com","GDPR Masked","GDPR Masked","GDPR Masked","GDPR Masked","GDPR Masked","GDPR Masked","GDPR Masked","GDPR Masked","GDPR Masked","gdpr-masking@gdpr-masked.com","GDPR Masked","GDPR Masked","","","","","","","","","","","ns1.visualtec.host","ns2.visualtec.host","ns3.visualtec.host","","clientTransferProhibited","","",""
"25","spainwalker.com","2021-03-01 16:11:17","2021-02-27","2021-02-27","2022-02-27","1600","Estrategias WebSite S.L.","whois2.virtualname.es","http://www.virtualpyme.com/","Domain Admin","Privacy Protect, LLC (PrivacyProtect.org)","10 Corporate Drive","Burlington","MA","01803","United States","contact@privacyprotect.org","+1.8022274003","","Domain Admin","Privacy Protect, LLC (PrivacyProtect.org)","10 Corporate Drive","Burlington","MA","01803","United States","contact@privacyprotect.org","+1.8022274003","","Domain Admin","Privacy Protect, LLC (PrivacyProtect.org)","10 Corporate Drive","Burlington","MA","01803","United States","contact@privacyprotect.org","+1.8022274003","","","","","","","","","","","","dns1.raiolanetworks.es","dns2.raiolanetworks.es","dns3.raiolanetworks.es","","clientTransferProhibited","","",""
"26","teamproblo.com","2021-03-01 16:08:33","2021-02-27","2021-02-27","2022-02-27","1600","Estrategias WebSite S.L.","whois2.virtualname.es","http://www.virtualpyme.com/","GDPR Masked","GDPR Masked","GDPR Masked","GDPR Masked","Castellon","GDPR Masked","Spain","gdpr-masking@gdpr-masked.com","GDPR Masked","GDPR Masked","GDPR Masked","GDPR Masked","GDPR Masked","GDPR Masked","GDPR Masked","GDPR Masked","GDPR Masked","gdpr-masking@gdpr-masked.com","GDPR Masked","GDPR Masked","GDPR Masked","GDPR Masked","GDPR Masked","GDPR Masked","GDPR Masked","GDPR Masked","GDPR Masked","gdpr-masking@gdpr-masked.com","GDPR Masked","GDPR Masked","","","","","","","","","","","dns1.raiolanetworks.es","dns2.raiolanetworks.es","dns3.raiolanetworks.es","","clientTransferProhibited","","",""
"27","tortiburguer.com","2021-03-01 17:24:06","2021-02-27","2021-02-27","2022-02-27","1600","Estrategias WebSite S.L.","whois2.virtualname.es","http://www.virtualpyme.com/","GDPR Masked","GDPR Masked","GDPR Masked","GDPR Masked","CANTABRIA","GDPR Masked","Spain","gdpr-masking@gdpr-masked.com","GDPR Masked","GDPR Masked","GDPR Masked","GDPR Masked","GDPR Masked","GDPR Masked","GDPR Masked","GDPR Masked","GDPR Masked","gdpr-masking@gdpr-masked.com","GDPR Masked","GDPR Masked","GDPR Masked","GDPR Masked","GDPR Masked","GDPR Masked","GDPR Masked","GDPR Masked","GDPR Masked","gdpr-masking@gdpr-masked.com","GDPR Masked","GDPR Masked","","","","","","","","","","","dns1.networkisp.com","dns2.networkisp.com","","","clientTransferProhibited","","",""
"28","tuwebencamino.com","2021-03-01 16:03:56","2021-02-27","2021-02-27","2022-02-27","1600","Estrategias WebSite S.L.","whois2.virtualname.es","http://www.virtualpyme.com/","GDPR Masked","GDPR Masked","GDPR Masked","GDPR Masked","Barcelona","GDPR Masked","Spain","gdpr-masking@gdpr-masked.com","GDPR Masked","GDPR Masked","GDPR Masked","GDPR Masked","GDPR Masked","GDPR Masked","GDPR Masked","GDPR Masked","GDPR Masked","gdpr-masking@gdpr-masked.com","GDPR Masked","GDPR Masked","GDPR Masked","GDPR Masked","GDPR Masked","GDPR Masked","GDPR Masked","GDPR Masked","GDPR Masked","gdpr-masking@gdpr-masked.com","GDPR Masked","GDPR Masked","","","","","","","","","","","dns1.raiolanetworks.es","dns2.raiolanetworks.es","dns3.raiolanetworks.es","","clientTransferProhibited","","",""
"29","virtual3d60.com","2021-03-01 16:01:37","2021-02-27","2021-02-27","2022-02-27","1600","Estrategias WebSite S.L.","whois2.virtualname.es","http://www.virtualpyme.com/","GDPR Masked","GDPR Masked","GDPR Masked","GDPR Masked","Navarra","GDPR Masked","Spain","gdpr-masking@gdpr-masked.com","GDPR Masked","GDPR Masked","GDPR Masked","GDPR Masked","GDPR Masked","GDPR Masked","GDPR Masked","GDPR Masked","GDPR Masked","gdpr-masking@gdpr-masked.com","GDPR Masked","GDPR Masked","GDPR Masked","GDPR Masked","GDPR Masked","GDPR Masked","GDPR Masked","GDPR Masked","GDPR Masked","gdpr-masking@gdpr-masked.com","GDPR Masked","GDPR Masked","","","","","","","","","","","dns1.raiolanetworks.es","dns2.raiolanetworks.es","dns3.raiolanetworks.es","","clientTransferProhibited","","",""
"30","vivirfluyendo.com","2021-03-01 17:27:55","2021-02-27","2021-02-27","2022-02-27","1600","Estrategias WebSite S.L.","whois2.virtualname.es","http://www.virtualpyme.com/","GDPR Masked","GDPR Masked","GDPR Masked","GDPR Masked","ALICANTE","GDPR Masked","Spain","gdpr-masking@gdpr-masked.com","GDPR Masked","GDPR Masked","GDPR Masked","GDPR Masked","GDPR Masked","GDPR Masked","GDPR Masked","GDPR Masked","GDPR Masked","gdpr-masking@gdpr-masked.com","GDPR Masked","GDPR Masked","GDPR Masked","GDPR Masked","GDPR Masked","GDPR Masked","GDPR Masked","GDPR Masked","GDPR Masked","gdpr-masking@gdpr-masked.com","GDPR Masked","GDPR Masked","","","","","","","","","","","dns1.raiolanetworks.es","dns2.raiolanetworks.es","dns3.raiolanetworks.es","","clientTransferProhibited","","",""
"31","yutemoda.com","2021-03-01 14:37:38","2021-02-27","2021-02-27","2022-02-27","1600","Estrategias WebSite S.L.","whois2.virtualname.es","http://www.virtualpyme.com/","Domain Admin","Privacy Protect, LLC (PrivacyProtect.org)","10 Corporate Drive","Burlington","MA","01803","United States","contact@privacyprotect.org","+1.8022274003","","Domain Admin","Privacy Protect, LLC (PrivacyProtect.org)","10 Corporate Drive","Burlington","MA","01803","United States","contact@privacyprotect.org","+1.8022274003","","Domain Admin","Privacy Protect, LLC (PrivacyProtect.org)","10 Corporate Drive","Burlington","MA","01803","United States","contact@privacyprotect.org","+1.8022274003","","","","","","","","","","","","dns1.raiolanetworks.es","dns2.raiolanetworks.es","dns3.raiolanetworks.es","","clientTransferProhibited","","",""