"num","domain_name","query_time","create_date","update_date","expiry_date","domain_registrar_id","domain_registrar_name","domain_registrar_whois","domain_registrar_url","registrant_name","registrant_company","registrant_address","registrant_city","registrant_state","registrant_zip","registrant_country","registrant_email","registrant_phone","registrant_fax","administrative_name","administrative_company","administrative_address","administrative_city","administrative_state","administrative_zip","administrative_country","administrative_email","administrative_phone","administrative_fax","technical_name","technical_company","technical_address","technical_city","technical_state","technical_zip","technical_country","technical_email","technical_phone","technical_fax","billing_name","billing_company","billing_address","billing_city","billing_state","billing_zip","billing_country","billing_email","billing_phone","billing_fax","name_server_1","name_server_2","name_server_3","name_server_4","domain_status_1","domain_status_2","domain_status_3","domain_status_4"
"1","020gz86.com","2021-03-01 17:26:00","2021-02-27","2021-02-27","2022-02-27","1902","HazelDomains, Inc.","whois.hazeldomains.com","http://www.hazeldomains.com","xiuping Long","1","123qingwen","BeiJingShi","BeiJing","100000","China","yang351018@163.com","+86.059223010991","","xiuping Long","1","123qingwen","BeiJingShi","BeiJing","100000","China","yang351018@163.com","+86.059223010991","","xiuping Long","1","123qingwen","BeiJingShi","BeiJing","100000","China","yang351018@163.com","+86.059223010991","","","","","","","","","","","","ns1.xz.com","ns2.xz.com","","","clientTransferProhibited","","",""
"2","12580yz.com","2021-03-01 17:44:09","2021-02-27","2021-02-27","2022-02-27","1902","HazelDomains, Inc.","whois.hazeldomains.com","http://www.hazeldomains.com","feitao Fu","","yushanxianlinhuzhenzaoxicunzaoxi29hao","ShangRaoShi","JiangXi","334000","China","nl33388838@gmail.com","+86.17878247562","","feitao Fu","","yushanxianlinhuzhenzaoxicunzaoxi29hao","ShangRaoShi","JiangXi","334000","China","nl33388838@gmail.com","+86.17878247562","","feitao Fu","","yushanxianlinhuzhenzaoxicunzaoxi29hao","ShangRaoShi","JiangXi","334000","China","nl33388838@gmail.com","+86.17878247562","","","","","","","","","","","","ns1.xz.com","ns2.xz.com","","","clientTransferProhibited","","",""
"3","497163.com","2021-03-01 17:20:56","2021-02-27","2021-02-27","2022-02-27","1902","HazelDomains, Inc.","whois.hazeldomains.com","http://www.hazeldomains.com","feitao Fu","","yushanxianlinhuzhenzaoxicunzaoxi29hao","ShangRaoShi","JiangXi","334000","China","nl33388838@gmail.com","+86.17878247562","","feitao Fu","","yushanxianlinhuzhenzaoxicunzaoxi29hao","ShangRaoShi","JiangXi","334000","China","nl33388838@gmail.com","+86.17878247562","","feitao Fu","","yushanxianlinhuzhenzaoxicunzaoxi29hao","ShangRaoShi","JiangXi","334000","China","nl33388838@gmail.com","+86.17878247562","","","","","","","","","","","","ns1.xz.com","ns2.xz.com","","","clientTransferProhibited","","",""
"4","9067k.com","2021-03-01 17:28:07","2021-02-27","2021-02-27","2022-02-27","1902","HazelDomains, Inc.","whois.hazeldomains.com","http://www.hazeldomains.com","feitao Fu","","yushanxianlinhuzhenzaoxicunzaoxi29hao","ShangRaoShi","JiangXi","334000","China","nl33388838@gmail.com","+86.17878247562","","feitao Fu","","yushanxianlinhuzhenzaoxicunzaoxi29hao","ShangRaoShi","JiangXi","334000","China","nl33388838@gmail.com","+86.17878247562","","feitao Fu","","yushanxianlinhuzhenzaoxicunzaoxi29hao","ShangRaoShi","JiangXi","334000","China","nl33388838@gmail.com","+86.17878247562","","","","","","","","","","","","ns1.xz.com","ns2.xz.com","","","clientTransferProhibited","","",""
"5","bmr0.com","2021-03-01 17:09:08","2021-02-27","2021-02-28","2022-02-27","1902","HazelDomains, Inc.","whois.hazeldomains.com","http://www.hazeldomains.com","maodan wu","","sui xi xian han chun zhen guang ming cun qiao t","huai bei shi","an hui","235100","China","2146672737@qq.com","+86.05619535252","+86.05619535252","maodan wu","","sui xi xian han chun zhen guang ming cun qiao t","huai bei shi","an hui","235100","China","2146672737@qq.com","+86.05619535252","+86.05619535252","maodan wu","","sui xi xian han chun zhen guang ming cun qiao t","huai bei shi","an hui","235100","China","2146672737@qq.com","+86.05619535252","+86.05619535252","","","","","","","","","","","jm1.dns.com","jm2.dns.com","","","clientTransferProhibited","","",""
"6","endomedicalgroup.com","2021-03-01 17:50:39","2021-02-27","2021-02-27","2022-02-27","1902","HazelDomains, Inc.","whois.hazeldomains.com","http://www.hazeldomains.com","jue Zhang","","haikoushi longhuaquhaixiudadao59hao","HaiKouShi","HaiNan","570100","China","kk23652kk@gmail.com","+86.13106904157","","jue Zhang","","haikoushi longhuaquhaixiudadao59hao","HaiKouShi","HaiNan","570100","China","kk23652kk@gmail.com","+86.13106904157","","jue Zhang","","haikoushi longhuaquhaixiudadao59hao","HaiKouShi","HaiNan","570100","China","kk23652kk@gmail.com","+86.13106904157","","","","","","","","","","","","ns1.xz.com","ns2.xz.com","","","clientTransferProhibited","","",""
"7","fu606.com","2021-03-01 17:45:04","2021-02-26","2021-03-01","2022-02-26","1902","HazelDomains, Inc.","whois.hazeldomains.com","http://www.hazeldomains.com","xuebin Sun","","louzicun","HaiYangShi","ShanDong","265100","China","sunxuebin158@gmail.com","+86.05925990359","","xuebin Sun","","louzicun","HaiYangShi","ShanDong","265100","China","sunxuebin158@gmail.com","+86.05925990359","","xuebin Sun","","louzicun","HaiYangShi","ShanDong","265100","China","sunxuebin158@gmail.com","+86.05925990359","","","","","","","","","","","","ns1.maff.com","ns2.maff.com","","","clientTransferProhibited","","",""
"8","k8qvod.com","2021-03-01 17:19:11","2021-02-26","2021-03-01","2022-02-26","1902","HazelDomains, Inc.","whois.hazeldomains.com","http://www.hazeldomains.com","xuebin Sun","","louzicun","HaiYangShi","ShanDong","265100","China","sunxuebin158@gmail.com","+86.05925990359","","xuebin Sun","","louzicun","HaiYangShi","ShanDong","265100","China","sunxuebin158@gmail.com","+86.05925990359","","xuebin Sun","","louzicun","HaiYangShi","ShanDong","265100","China","sunxuebin158@gmail.com","+86.05925990359","","","","","","","","","","","","ns1.maff.com","ns2.maff.com","","","clientTransferProhibited","","",""
"9","newlifexsd.net","2021-03-01 15:43:52","2021-02-26","2021-02-27","2022-02-26","1902","HazelDomains, Inc.","whois.hazeldomains.com","http://www.hazeldomains.com","lin Liang","Lin Liang","Feng Huang Da Xia 1002","Bei Jing Shi","Bei Jing","784244","China","linliangemail@qq.com","+86.13510187966","+86.13510187966","lin Liang","Lin Liang","Feng Huang Da Xia 1002","Bei Jing Shi","Bei Jing","784244","China","linliangemail@qq.com","+86.13510187966","+86.13510187966","lin Liang","Lin Liang","Feng Huang Da Xia 1002","Bei Jing Shi","Bei Jing","784244","China","linliangemail@qq.com","+86.13510187966","+86.13510187966","","","","","","","","","","","ns1.zhongjie.com","ns2.zhongjie.com","","","clientTransferProhibited","","",""
"10","pjbcj.com","2021-03-01 17:11:04","2021-02-27","2021-02-27","2022-02-27","1902","HazelDomains, Inc.","whois.hazeldomains.com","http://www.hazeldomains.com","feitao Fu","","yushanxianlinhuzhenzaoxicunzaoxi29hao","ShangRaoShi","JiangXi","334000","China","nl33388838@gmail.com","+86.17878247562","","feitao Fu","","yushanxianlinhuzhenzaoxicunzaoxi29hao","ShangRaoShi","JiangXi","334000","China","nl33388838@gmail.com","+86.17878247562","","feitao Fu","","yushanxianlinhuzhenzaoxicunzaoxi29hao","ShangRaoShi","JiangXi","334000","China","nl33388838@gmail.com","+86.17878247562","","","","","","","","","","","","ns1.xz.com","ns2.xz.com","","","clientTransferProhibited","","",""
"11","qdty56.com","2021-03-01 17:09:22","2021-02-27","2021-02-27","2022-02-27","1902","HazelDomains, Inc.","whois.hazeldomains.com","http://www.hazeldomains.com","feitao Fu","","yushanxianlinhuzhenzaoxicunzaoxi29hao","ShangRaoShi","JiangXi","334000","China","nl33388838@gmail.com","+86.17878247562","","feitao Fu","","yushanxianlinhuzhenzaoxicunzaoxi29hao","ShangRaoShi","JiangXi","334000","China","nl33388838@gmail.com","+86.17878247562","","feitao Fu","","yushanxianlinhuzhenzaoxicunzaoxi29hao","ShangRaoShi","JiangXi","334000","China","nl33388838@gmail.com","+86.17878247562","","","","","","","","","","","","ns1.xz.com","ns2.xz.com","","","clientTransferProhibited","","",""
"12","sun776.com","2021-03-01 17:51:50","2021-02-26","2021-02-27","2022-02-26","1902","HazelDomains, Inc.","whois.hazeldomains.com","http://www.hazeldomains.com","zeyuan Bai","","shanxiyanan","YanAnShi","ShanXi","716000","China","hshggdetww568@163.com","+86.15667596350","","zeyuan Bai","","shanxiyanan","YanAnShi","ShanXi","716000","China","hshggdetww568@163.com","+86.15667596350","","zeyuan Bai","","shanxiyanan","YanAnShi","ShanXi","716000","China","hshggdetww568@163.com","+86.15667596350","","","","","","","","","","","","ns1.xz.com","ns2.xz.com","","","clientTransferProhibited","","",""
"13","sydq8.com","2021-03-01 17:19:09","2021-02-27","2021-02-27","2022-02-27","1902","HazelDomains, Inc.","whois.hazeldomains.com","http://www.hazeldomains.com","hong li","","xing ping shi sang zhen zhu yuan cun 2 zu","xian yang shi","shan xi","713100","China","allentan2021168@gmail.com","+86.15551431276","+86.15551431276","hong li","","xing ping shi sang zhen zhu yuan cun 2 zu","xian yang shi","shan xi","713100","China","allentan2021168@gmail.com","+86.15551431276","+86.15551431276","hong li","","xing ping shi sang zhen zhu yuan cun 2 zu","xian yang shi","shan xi","713100","China","allentan2021168@gmail.com","+86.15551431276","+86.15551431276","","","","","","","","","","","jm1.dns.com","jm2.dns.com","","","clientTransferProhibited","","",""
"14","y2076.com","2021-03-01 17:11:04","2021-02-27","2021-02-27","2022-02-27","1902","HazelDomains, Inc.","whois.hazeldomains.com","http://www.hazeldomains.com","feitao Fu","","yushanxianlinhuzhenzaoxicunzaoxi29hao","ShangRaoShi","JiangXi","334000","China","nl33388838@gmail.com","+86.17878247562","","feitao Fu","","yushanxianlinhuzhenzaoxicunzaoxi29hao","ShangRaoShi","JiangXi","334000","China","nl33388838@gmail.com","+86.17878247562","","feitao Fu","","yushanxianlinhuzhenzaoxicunzaoxi29hao","ShangRaoShi","JiangXi","334000","China","nl33388838@gmail.com","+86.17878247562","","","","","","","","","","","","ns1.xz.com","ns2.xz.com","","","clientTransferProhibited","","",""
"15","yunjianyx.com","2021-03-01 17:19:06","2021-02-26","2021-03-01","2022-02-26","1902","HazelDomains, Inc.","whois.hazeldomains.com","http://www.hazeldomains.com","xuebin Sun","","louzicun","HaiYangShi","ShanDong","265100","China","sunxuebin158@gmail.com","+86.05925990359","","xuebin Sun","","louzicun","HaiYangShi","ShanDong","265100","China","sunxuebin158@gmail.com","+86.05925990359","","xuebin Sun","","louzicun","HaiYangShi","ShanDong","265100","China","sunxuebin158@gmail.com","+86.05925990359","","","","","","","","","","","","ns1.maff.com","ns2.maff.com","","","clientTransferProhibited","","",""
"16","zhaopin53.com","2021-03-01 17:33:27","2021-02-26","2021-03-01","2022-02-26","1902","HazelDomains, Inc.","whois.hazeldomains.com","http://www.hazeldomains.com","xuebin Sun","","louzicun","HaiYangShi","ShanDong","265100","China","sunxuebin158@gmail.com","+86.05925990359","","xuebin Sun","","louzicun","HaiYangShi","ShanDong","265100","China","sunxuebin158@gmail.com","+86.05925990359","","xuebin Sun","","louzicun","HaiYangShi","ShanDong","265100","China","sunxuebin158@gmail.com","+86.05925990359","","","","","","","","","","","","ns1.maff.com","ns2.maff.com","","","clientTransferProhibited","","",""
"17","zhifang88.com","2021-03-01 17:28:45","2021-02-26","2021-03-01","2022-02-26","1902","HazelDomains, Inc.","whois.hazeldomains.com","http://www.hazeldomains.com","xuebin Sun","","louzicun","HaiYangShi","ShanDong","265100","China","sunxuebin158@gmail.com","+86.05925990359","","xuebin Sun","","louzicun","HaiYangShi","ShanDong","265100","China","sunxuebin158@gmail.com","+86.05925990359","","xuebin Sun","","louzicun","HaiYangShi","ShanDong","265100","China","sunxuebin158@gmail.com","+86.05925990359","","","","","","","","","","","","ns1.maff.com","ns2.maff.com","","","clientTransferProhibited","","",""