"num","domain_name","query_time","create_date","update_date","expiry_date","domain_registrar_id","domain_registrar_name","domain_registrar_whois","domain_registrar_url","registrant_name","registrant_company","registrant_address","registrant_city","registrant_state","registrant_zip","registrant_country","registrant_email","registrant_phone","registrant_fax","administrative_name","administrative_company","administrative_address","administrative_city","administrative_state","administrative_zip","administrative_country","administrative_email","administrative_phone","administrative_fax","technical_name","technical_company","technical_address","technical_city","technical_state","technical_zip","technical_country","technical_email","technical_phone","technical_fax","billing_name","billing_company","billing_address","billing_city","billing_state","billing_zip","billing_country","billing_email","billing_phone","billing_fax","name_server_1","name_server_2","name_server_3","name_server_4","domain_status_1","domain_status_2","domain_status_3","domain_status_4"
"1","bellitassol.com","2021-03-01 16:56:03","2021-02-27","2021-02-27","2022-02-27","1086","Marcaria.com International, Inc.","whois.melbourneit.com","http://www.melbourneit.com","GDPR Masked","GDPR Masked","GDPR Masked","GDPR Masked","Lisboa","GDPR Masked","Portugal","gdpr-masking@gdpr-masked.com","GDPR Masked","GDPR Masked","GDPR Masked","GDPR Masked","GDPR Masked","GDPR Masked","GDPR Masked","GDPR Masked","GDPR Masked","gdpr-masking@gdpr-masked.com","GDPR Masked","GDPR Masked","GDPR Masked","GDPR Masked","GDPR Masked","GDPR Masked","GDPR Masked","GDPR Masked","GDPR Masked","gdpr-masking@gdpr-masked.com","GDPR Masked","GDPR Masked","","","","","","","","","","","ns01.trademarkarea.com","ns02.trademarkarea.com","ns03.trademarkarea.com","","clientTransferProhibited","","",""
"2","halitesalt.com","2021-03-01 17:37:38","2021-02-27","2021-02-27","2022-02-27","1086","Marcaria.com International, Inc.","whois.melbourneit.com","http://www.melbourneit.com","Domain Manager","Chile Mineral Company SpA","CUATRO ESQUINAS 751","LA SERENA","COQUIMBO","1721041","Chile","contacto@onecapital.cl","+56.951481318","","Domain Manager","Chile Mineral Company SpA","CUATRO ESQUINAS 751","LA SERENA","COQUIMBO","1721041","Chile","contacto@onecapital.cl","+56.951481318","","Domain Manager","Marcaria.com LLC","8345 NW 66 ST #B1673","Miami","Florida","33195","United States","domains@marcaria.com","+1.3054348621","","","","","","","","","","","","ns6.wixdns.net","ns7.wixdns.net","","","clientTransferProhibited","","",""
"3","objectifsubjectif.com","2021-03-01 16:22:45","2021-02-27","2021-02-27","2022-02-27","1086","Marcaria.com International, Inc.","whois.melbourneit.com","http://www.melbourneit.com","Domain Manager","Luz del Sur","Jose miguel de la barra 450 of 21","Santiago de Chile","Region Metropolitana","8420507","Chile","fotografialuzdelsur@gmail.com","+56.998889904","","Domain Manager","Luz del Sur","Jose miguel de la barra 450 of 21","Santiago de Chile","Region Metropolitana","8420507","Chile","fotografialuzdelsur@gmail.com","+56.998889904","","Domain Manager","Marcaria.com LLC","8345 NW 66 ST #B1673","Miami","Florida","33195","United States","domains@marcaria.com","+1.3054348621","","","","","","","","","","","","ns01.trademarkarea.com","ns02.trademarkarea.com","ns03.trademarkarea.com","","clientTransferProhibited","","",""
"4","pymeranking.com","2021-03-01 14:25:33","2021-02-27","2021-02-27","2022-02-27","1086","Marcaria.com International, Inc.","whois.melbourneit.com","http://www.melbourneit.com","Domain Manager","Intelinet Corp","Avenida Presidente Bulnes 79 75","Santiago","Santiago","8331143","Chile","cne@intelinet.cl","+56.994199443","","Domain Manager","Intelinet Corp","Avenida Presidente Bulnes 79 75","Santiago","Santiago","8331143","Chile","cne@intelinet.cl","+56.994199443","","Domain Manager","Marcaria.com LLC","8345 NW 66 ST #B1673","Miami","Florida","33195","United States","domains@marcaria.com","+1.3054348621","","","","","","","","","","","","ns01.trademarkarea.com","ns02.trademarkarea.com","ns03.trademarkarea.com","","clientTransferProhibited","","",""
"5","rodriguezya.com","2021-03-01 14:24:15","2021-02-27","2021-02-27","2022-02-27","1086","Marcaria.com International, Inc.","whois.melbourneit.com","http://www.melbourneit.com","Domain Manager","Kivaly SA","Misiones 1481 Piso 3","Montevideo","Montevideo","11000","Uruguay","kivalysa@gmail.com","+598.59829154969","","Domain Manager","Kivaly SA","Misiones 1481 Piso 3","Montevideo","Montevideo","11000","Uruguay","kivalysa@gmail.com","+598.59829154969","","Domain Manager","Marcaria.com LLC","8345 NW 66 ST #B1673","Miami","Florida","33195","United States","domains@marcaria.com","+1.3054348621","","","","","","","","","","","","ns1.dnspoint.net","ns2.dnspoint.net","","","clientTransferProhibited","","",""
"6","sagaro.house","2021-03-01 15:55:25","2021-02-26","2021-02-26","2022-02-26","1086","Marcaria.com International, Inc.","whois.melbourneit.com","http://www.melbourneit.com","REDACTED FOR PRIVACY","Marti Vila Valls","REDACTED FOR PRIVACY","REDACTED FOR PRIVACY","Girona","REDACTED FOR PRIVACY","Spain","","REDACTED FOR PRIVACY","REDACTED FOR PRIVACY","","","","","","","","","","","","","","","","","","","","","","","","","","","","","","","","","","","addPeriod","clientTransferProhibited","",""
"7","sagaro.immo","2021-03-01 15:55:12","2021-02-26","2021-02-26","2022-02-26","1086","Marcaria.com International, Inc.","whois.melbourneit.com","http://www.melbourneit.com","REDACTED FOR PRIVACY","Marti Vila Valls","REDACTED FOR PRIVACY","REDACTED FOR PRIVACY","Girona","REDACTED FOR PRIVACY","Spain","","REDACTED FOR PRIVACY","REDACTED FOR PRIVACY","","","","","","","","","","","","","","","","","","","","","","","","","","","","","","","","","","","addPeriod","clientTransferProhibited","",""
"8","sagaro.land","2021-03-01 15:50:09","2021-02-26","2021-02-26","2022-02-26","1086","Marcaria.com International, Inc.","whois.melbourneit.com","http://www.melbourneit.com","REDACTED FOR PRIVACY","Marti Vila Valls","REDACTED FOR PRIVACY","REDACTED FOR PRIVACY","Girona","REDACTED FOR PRIVACY","Spain","","REDACTED FOR PRIVACY","REDACTED FOR PRIVACY","","","","","","","","","","","","","","","","","","","","","","","","","","","","","","","","","","","addPeriod","clientTransferProhibited","",""
"9","sagaro.maison","2021-03-01 15:46:47","2021-02-26","2021-02-26","2022-02-26","1086","Marcaria.com International, Inc.","whois.melbourneit.com","http://www.melbourneit.com","REDACTED FOR PRIVACY","Marti Vila Valls","REDACTED FOR PRIVACY","REDACTED FOR PRIVACY","Girona","REDACTED FOR PRIVACY","Spain","","REDACTED FOR PRIVACY","REDACTED FOR PRIVACY","","","","","","","","","","","","","","","","","","","","","","","","","","","","","","","","","","","addPeriod","clientTransferProhibited","",""
"10","sagaro.place","2021-03-01 15:31:11","2021-02-26","2021-02-26","2022-02-26","1086","Marcaria.com International, Inc.","whois.melbourneit.com","http://www.melbourneit.com","REDACTED FOR PRIVACY","Marti Vila Valls","REDACTED FOR PRIVACY","REDACTED FOR PRIVACY","Girona","REDACTED FOR PRIVACY","Spain","","REDACTED FOR PRIVACY","REDACTED FOR PRIVACY","","","","","","","","","","","","","","","","","","","","","","","","","","","","","","","","","","","addPeriod","clientTransferProhibited","",""
"11","sagaro.properties","2021-03-01 15:31:12","2021-02-26","2021-02-26","2022-02-26","1086","Marcaria.com International, Inc.","whois.melbourneit.com","http://www.melbourneit.com","REDACTED FOR PRIVACY","Marti Vila Valls","REDACTED FOR PRIVACY","REDACTED FOR PRIVACY","Girona","REDACTED FOR PRIVACY","Spain","","REDACTED FOR PRIVACY","REDACTED FOR PRIVACY","","","","","","","","","","","","","","","","","","","","","","","","","","","","","","","","","","","addPeriod","clientTransferProhibited","",""
"12","sagaro.realty","2021-03-01 15:31:09","2021-02-26","2021-02-26","2022-02-26","1086","Marcaria.com International, Inc.","whois.melbourneit.com","http://www.melbourneit.com","","","","","Girona","","Spain","","","","","","","","","","","","","","","","","","","","","","","","","","","","","","","","","","ns01.trademarkarea.com","ns02.trademarkarea.com","ns03.trademarkarea.com","","addPeriod","clientTransferProhibited","serverTransferProhibited",""
"13","sagaro.rent","2021-03-01 15:31:03","2021-02-26","2021-02-26","2022-02-26","1086","Marcaria.com International, Inc.","whois.melbourneit.com","http://www.melbourneit.com","","","","","Girona","","Spain","","","","","","","","","","","","","","","","","","","","","","","","","","","","","","","","","","ns01.trademarkarea.com","ns02.trademarkarea.com","ns03.trademarkarea.com","","addPeriod","clientTransferProhibited","serverTransferProhibited",""
"14","sagaro.rentals","2021-03-01 15:31:03","2021-02-26","2021-02-26","2022-02-26","1086","Marcaria.com International, Inc.","whois.melbourneit.com","http://www.melbourneit.com","REDACTED FOR PRIVACY","Marti Vila Valls","REDACTED FOR PRIVACY","REDACTED FOR PRIVACY","Girona","REDACTED FOR PRIVACY","Spain","","REDACTED FOR PRIVACY","REDACTED FOR PRIVACY","","","","","","","","","","","","","","","","","","","","","","","","","","","","","","","","","","","addPeriod","clientTransferProhibited","",""
"15","sagaro.villas","2021-03-01 14:52:45","2021-02-26","2021-02-26","2022-02-26","1086","Marcaria.com International, Inc.","whois.melbourneit.com","http://www.melbourneit.com","REDACTED FOR PRIVACY","Marti Vila Valls","REDACTED FOR PRIVACY","REDACTED FOR PRIVACY","Girona","REDACTED FOR PRIVACY","Spain","","REDACTED FOR PRIVACY","REDACTED FOR PRIVACY","","","","","","","","","","","","","","","","","","","","","","","","","","","","","","","","","","","addPeriod","clientTransferProhibited","",""
"16","wildbills.international","2021-03-01 15:50:05","2021-02-27","2021-02-27","2022-02-27","1086","Marcaria.com International, Inc.","whois.melbourneit.com","http://www.melbourneit.com","REDACTED FOR PRIVACY","Bluewater, LLC","REDACTED FOR PRIVACY","REDACTED FOR PRIVACY","NJ","REDACTED FOR PRIVACY","United States","","REDACTED FOR PRIVACY","REDACTED FOR PRIVACY","","","","","","","","","","","","","","","","","","","","","","","","","","","","","","","","","","","addPeriod","clientTransferProhibited","",""