"num","domain_name","query_time","create_date","update_date","expiry_date","domain_registrar_id","domain_registrar_name","domain_registrar_whois","domain_registrar_url","registrant_name","registrant_company","registrant_address","registrant_city","registrant_state","registrant_zip","registrant_country","registrant_email","registrant_phone","registrant_fax","administrative_name","administrative_company","administrative_address","administrative_city","administrative_state","administrative_zip","administrative_country","administrative_email","administrative_phone","administrative_fax","technical_name","technical_company","technical_address","technical_city","technical_state","technical_zip","technical_country","technical_email","technical_phone","technical_fax","billing_name","billing_company","billing_address","billing_city","billing_state","billing_zip","billing_country","billing_email","billing_phone","billing_fax","name_server_1","name_server_2","name_server_3","name_server_4","domain_status_1","domain_status_2","domain_status_3","domain_status_4"
"1","adultxpics.com","2021-03-01 14:18:52","2021-02-27","2021-02-27","2022-02-27","1027","NamePal.com #8015","whois.namepal.com","http://namepal.com","PERFECT PRIVACY, LLC","","5335 Gate Parkway","Jacksonville","FL","32256","United States","dtnfrdquduh0cbafioej3nch6d@domaindiscreet.com","+1.9027492701","","PERFECT PRIVACY, LLC","","5335 Gate Parkway","Jacksonville","FL","32256","United States","dtnfrdquduh0cbafioej3nch6d@domaindiscreet.com","+1.9027492701","","PERFECT PRIVACY, LLC","","5335 Gate Parkway","Jacksonville","FL","32256","United States","dtnfrdquduh0cbafioej3nch6d@domaindiscreet.com","+1.9027492701","","","","","","","","","","","","ns15.above.com","ns16.above.com","","","OK","","",""
"2","appwl.com","2021-03-01 17:39:47","2021-02-27","2021-02-27","2022-02-27","1027","NamePal.com #8015","whois.namepal.com","http://namepal.com","PERFECT PRIVACY, LLC","","5335 Gate Parkway","Jacksonville","FL","32256","United States","3ivgrjntc0ivjaupnph8ntpnbi@domaindiscreet.com","+1.9027492701","","PERFECT PRIVACY, LLC","","5335 Gate Parkway","Jacksonville","FL","32256","United States","3ivgrjntc0ivjaupnph8ntpnbi@domaindiscreet.com","+1.9027492701","","PERFECT PRIVACY, LLC","","5335 Gate Parkway","Jacksonville","FL","32256","United States","3ivgrjntc0ivjaupnph8ntpnbi@domaindiscreet.com","+1.9027492701","","","","","","","","","","","","ns1.undeveloped.com","ns2.undeveloped.com","","","OK","","",""
"3","clubbersguideireland.com","2021-03-01 17:30:45","2021-02-27","2021-02-28","2022-02-27","1027","NamePal.com #8015","whois.namepal.com","http://namepal.com","PERFECT PRIVACY, LLC","","5335 Gate Parkway","Jacksonville","FL","32256","United States","bavc3t7pvaif6a1anetj2fsbnk@domaindiscreet.com","+1.9027492701","","PERFECT PRIVACY, LLC","","5335 Gate Parkway","Jacksonville","FL","32256","United States","bavc3t7pvaif6a1anetj2fsbnk@domaindiscreet.com","+1.9027492701","","PERFECT PRIVACY, LLC","","5335 Gate Parkway","Jacksonville","FL","32256","United States","bavc3t7pvaif6a1anetj2fsbnk@domaindiscreet.com","+1.9027492701","","","","","","","","","","","","ns1.interimnameserver.com","ns2.interimnameserver.com","","","OK","","",""
"4","eluyouwo.com","2021-03-01 17:24:17","2021-02-27","2021-02-27","2022-02-27","1027","NamePal.com #8015","whois.namepal.com","http://namepal.com","Domain Administrator","XZ.COM","602, 56 Guanri Road, Software Park II","Xiamen","FUJIAN","361008","China","support@xz.com","+1.865925990220","","Domain Administrator","XZ.COM","602, 56 Guanri Road, Software Park II","Xiamen","FUJIAN","361008","China","support@xz.com","+1.865925990220","","Domain Administrator","XZ.COM","602, 56 Guanri Road, Software Park II","Xiamen","FUJIAN","361008","China","support@xz.com","+1.865925990220","","","","","","","","","","","","v1.juming-xz.com","v1.xz-juming.com","","","OK","","",""
"5","hangzhoupinhui.com","2021-03-01 14:23:26","2021-02-27","2021-02-27","2022-02-27","1027","NamePal.com #8015","whois.namepal.com","http://namepal.com","Domain Administrator","XZ.COM","602, 56 Guanri Road, Software Park II","Xiamen","FUJIAN","361008","China","support@xz.com","+1.865925990220","","Domain Administrator","XZ.COM","602, 56 Guanri Road, Software Park II","Xiamen","FUJIAN","361008","China","support@xz.com","+1.865925990220","","Domain Administrator","XZ.COM","602, 56 Guanri Road, Software Park II","Xiamen","FUJIAN","361008","China","support@xz.com","+1.865925990220","","","","","","","","","","","","v1.juming-xz.com","v1.xz-juming.com","","","OK","","",""
"6","lxybzys.com","2021-03-01 14:23:24","2021-02-27","2021-02-28","2022-02-27","1027","NamePal.com #8015","whois.namepal.com","http://namepal.com","chao ting xu","xu chao ting","jing yuan xian, gan su sheng jing yuan xian, san t","bai yin shi","gan su","730600","China","agmanila@qq.com","+86.09432021044","+86.09432021044","chao ting xu","xu chao ting","jing yuan xian, gan su sheng jing yuan xian, san t","bai yin shi","gan su","730600","China","agmanila@qq.com","+86.09432021044","+86.09432021044","chao ting xu","xu chao ting","jing yuan xian, gan su sheng jing yuan xian, san t","bai yin shi","gan su","730600","China","agmanila@qq.com","+86.09432021044","+86.09432021044","","","","","","","","","","","v1.juming-xz.com","v1.xz-juming.com","","","OK","","",""
"7","profmonitor.com","2021-03-01 17:48:54","2021-02-27","2021-02-28","2022-02-27","1027","NamePal.com #8015","whois.namepal.com","http://namepal.com","PERFECT PRIVACY, LLC","","5335 Gate Parkway","Jacksonville","FL","32256","United States","bavc3t7pvaif6a1anetj2fsbnk@domaindiscreet.com","+1.9027492701","","PERFECT PRIVACY, LLC","","5335 Gate Parkway","Jacksonville","FL","32256","United States","bavc3t7pvaif6a1anetj2fsbnk@domaindiscreet.com","+1.9027492701","","PERFECT PRIVACY, LLC","","5335 Gate Parkway","Jacksonville","FL","32256","United States","bavc3t7pvaif6a1anetj2fsbnk@domaindiscreet.com","+1.9027492701","","","","","","","","","","","","ns1.interimnameserver.com","ns2.interimnameserver.com","","","OK","","",""
"8","qingmeizhuma520.com","2021-03-01 17:40:26","2021-02-27","2021-03-01","2022-02-27","1027","NamePal.com #8015","whois.namepal.com","http://namepal.com","Domain Administrator","DotMedia Limited","301D, 30#1 Guanri Road, Software Park II Siming District","Xiamen","FuJian","361008","China","backorder@dotmedia.com","+86.5925990220","+86.5925022987","Domain Administrator","DotMedia Limited","301D, 30#1 Guanri Road, Software Park II Siming District","Xiamen","FuJian","361008","China","backorder@dotmedia.com","+86.5925990220","+86.5925022987","Domain Administrator","DotMedia Limited","301D, 30#1 Guanri Road, Software Park II Siming District","Xiamen","FuJian","361008","China","backorder@dotmedia.com","+86.5925990220","+86.5925022987","","","","","","","","","","","v1.juming-xz.com","v1.xz-juming.com","","","OK","","",""
"9","sanremomanifestazioni.com","2021-03-01 17:43:06","2021-02-27","2021-02-28","2022-02-27","1027","NamePal.com #8015","whois.namepal.com","http://namepal.com","PERFECT PRIVACY, LLC","","5335 Gate Parkway","Jacksonville","FL","32256","United States","bavc3t7pvaif6a1anetj2fsbnk@domaindiscreet.com","+1.9027492701","","PERFECT PRIVACY, LLC","","5335 Gate Parkway","Jacksonville","FL","32256","United States","bavc3t7pvaif6a1anetj2fsbnk@domaindiscreet.com","+1.9027492701","","PERFECT PRIVACY, LLC","","5335 Gate Parkway","Jacksonville","FL","32256","United States","bavc3t7pvaif6a1anetj2fsbnk@domaindiscreet.com","+1.9027492701","","","","","","","","","","","","ns1.interimnameserver.com","ns2.interimnameserver.com","","","OK","","",""
"10","yh7200.com","2021-03-01 17:41:26","2021-02-27","2021-02-28","2022-02-27","1027","NamePal.com #8015","whois.namepal.com","http://namepal.com","jian kong cui","cui jian kong","qiao dong qu, lao ya zhuang zhen, shang xiao zhan","zhang jia kou shi","he bei","075000","China","xl9599995@163.com","+86.18505518409","+86.18505518409","jian kong cui","cui jian kong","qiao dong qu, lao ya zhuang zhen, shang xiao zhan","zhang jia kou shi","he bei","075000","China","xl9599995@163.com","+86.18505518409","+86.18505518409","jian kong cui","cui jian kong","qiao dong qu, lao ya zhuang zhen, shang xiao zhan","zhang jia kou shi","he bei","075000","China","xl9599995@163.com","+86.18505518409","+86.18505518409","","","","","","","","","","","jm1.dns.com","jm2.dns.com","","","OK","","",""
"11","zglwsyjc.com","2021-03-01 14:23:34","2021-02-27","2021-03-01","2022-02-27","1027","NamePal.com #8015","whois.namepal.com","http://namepal.com","Domain Administrator","DotMedia Limited","301D, 30#1 Guanri Road, Software Park II Siming District","Xiamen","FuJian","361008","China","backorder@dotmedia.com","+86.5925990220","+86.5925022987","Domain Administrator","DotMedia Limited","301D, 30#1 Guanri Road, Software Park II Siming District","Xiamen","FuJian","361008","China","backorder@dotmedia.com","+86.5925990220","+86.5925022987","Domain Administrator","DotMedia Limited","301D, 30#1 Guanri Road, Software Park II Siming District","Xiamen","FuJian","361008","China","backorder@dotmedia.com","+86.5925990220","+86.5925022987","","","","","","","","","","","v1.juming-xz.com","v1.xz-juming.com","","","OK","","",""
"12","zjkangbaisui.com","2021-03-01 17:39:52","2021-02-27","2021-02-27","2022-02-27","1027","NamePal.com #8015","whois.namepal.com","http://namepal.com","Domain Administrator","XZ.COM","602, 56 Guanri Road, Software Park II","Xiamen","FUJIAN","361008","China","support@xz.com","+1.865925990220","","Domain Administrator","XZ.COM","602, 56 Guanri Road, Software Park II","Xiamen","FUJIAN","361008","China","support@xz.com","+1.865925990220","","Domain Administrator","XZ.COM","602, 56 Guanri Road, Software Park II","Xiamen","FUJIAN","361008","China","support@xz.com","+1.865925990220","","","","","","","","","","","","v1.juming-xz.com","v1.xz-juming.com","","","OK","","",""