"num","domain_name","query_time","create_date","update_date","expiry_date","domain_registrar_id","domain_registrar_name","domain_registrar_whois","domain_registrar_url","registrant_name","registrant_company","registrant_address","registrant_city","registrant_state","registrant_zip","registrant_country","registrant_email","registrant_phone","registrant_fax","administrative_name","administrative_company","administrative_address","administrative_city","administrative_state","administrative_zip","administrative_country","administrative_email","administrative_phone","administrative_fax","technical_name","technical_company","technical_address","technical_city","technical_state","technical_zip","technical_country","technical_email","technical_phone","technical_fax","billing_name","billing_company","billing_address","billing_city","billing_state","billing_zip","billing_country","billing_email","billing_phone","billing_fax","name_server_1","name_server_2","name_server_3","name_server_4","domain_status_1","domain_status_2","domain_status_3","domain_status_4"
"1","bjhhch.com","2021-03-01 17:49:00","2021-02-27","2021-02-27","2022-02-27","1026","NamePal.com #8014","whois.yourjungle.com","http://secure.bellnames.com","Jianfeng Wu Juming","","Luyang District, Fortune Plaza No. 1107 First","Hefeishi","ANHUISHENG","230001","China","temp@juming.com","+1.864009972996","","Jianfeng Wu Juming","","Luyang District, Fortune Plaza No. 1107 First","Hefeishi","ANHUISHENG","230001","China","temp@juming.com","+1.864009972996","","Jianfeng Wu Juming","","Luyang District, Fortune Plaza No. 1107 First","Hefeishi","ANHUISHENG","230001","China","temp@juming.com","+1.864009972996","","","","","","","","","","","","v1.juming-xz.com","v1.xz-juming.com","","","OK","","",""
"2","campeondelsiglo.com","2021-03-01 14:19:53","2021-02-27","2021-02-27","2022-02-27","1026","NamePal.com #8014","whois.yourjungle.com","http://secure.bellnames.com","PERFECT PRIVACY, LLC","","5335 Gate Parkway","Jacksonville","FL","32256","United States","3dfl7jfhtcg08aj5vjkd1r6gt0@domaindiscreet.com","+1.9027492701","","PERFECT PRIVACY, LLC","","5335 Gate Parkway","Jacksonville","FL","32256","United States","3dfl7jfhtcg08aj5vjkd1r6gt0@domaindiscreet.com","+1.9027492701","","PERFECT PRIVACY, LLC","","5335 Gate Parkway","Jacksonville","FL","32256","United States","3dfl7jfhtcg08aj5vjkd1r6gt0@domaindiscreet.com","+1.9027492701","","","","","","","","","","","","ns15.above.com","ns16.above.com","","","OK","","",""
"3","chilege.com","2021-03-01 17:34:17","2021-02-27","2021-02-27","2022-02-27","1026","NamePal.com #8014","whois.yourjungle.com","http://secure.bellnames.com","Domain Administrator","XZ.COM","602, 56 Guanri Road, Software Park II","Xiamen","FUJIAN","361008","China","support@xz.com","+1.865925990220","","Domain Administrator","XZ.COM","602, 56 Guanri Road, Software Park II","Xiamen","FUJIAN","361008","China","support@xz.com","+1.865925990220","","Domain Administrator","XZ.COM","602, 56 Guanri Road, Software Park II","Xiamen","FUJIAN","361008","China","support@xz.com","+1.865925990220","","","","","","","","","","","","v1.juming-xz.com","v1.xz-juming.com","","","OK","","",""
"4","irantomcrm.com","2021-03-01 17:14:39","2021-02-27","2021-02-27","2022-02-27","1026","NamePal.com #8014","whois.yourjungle.com","http://secure.bellnames.com","PERFECT PRIVACY, LLC","","5335 Gate Parkway","Jacksonville","FL","32256","United States","3dfl7jfhtcg08aj5vjkd1r6gt0@domaindiscreet.com","+1.9027492701","","PERFECT PRIVACY, LLC","","5335 Gate Parkway","Jacksonville","FL","32256","United States","3dfl7jfhtcg08aj5vjkd1r6gt0@domaindiscreet.com","+1.9027492701","","PERFECT PRIVACY, LLC","","5335 Gate Parkway","Jacksonville","FL","32256","United States","3dfl7jfhtcg08aj5vjkd1r6gt0@domaindiscreet.com","+1.9027492701","","","","","","","","","","","","ns15.above.com","ns16.above.com","","","OK","","",""
"5","oc-servo.com","2021-03-01 17:41:25","2021-02-27","2021-02-27","2022-02-27","1026","NamePal.com #8014","whois.yourjungle.com","http://secure.bellnames.com","Jianfeng Wu Juming","","Luyang District, Fortune Plaza No. 1107 First","Hefeishi","ANHUISHENG","230001","China","temp@juming.com","+1.864009972996","","Jianfeng Wu Juming","","Luyang District, Fortune Plaza No. 1107 First","Hefeishi","ANHUISHENG","230001","China","temp@juming.com","+1.864009972996","","Jianfeng Wu Juming","","Luyang District, Fortune Plaza No. 1107 First","Hefeishi","ANHUISHENG","230001","China","temp@juming.com","+1.864009972996","","","","","","","","","","","","v1.juming-xz.com","v1.xz-juming.com","","","OK","","",""
"6","profimoda.com","2021-03-01 17:48:49","2021-02-27","2021-02-27","2022-02-27","1026","NamePal.com #8014","whois.yourjungle.com","http://secure.bellnames.com","Statutory Masking Enabled","Statutory Masking Enabled","Statutory Masking Enabled","Statutory Masking Enabled","Alpes Maritimes","Statutory Masking Enabled","France","abuse@web.com","Statutory Masking Enabled","Statutory Masking Enabled","Statutory Masking Enabled","Statutory Masking Enabled","Statutory Masking Enabled","Statutory Masking Enabled","Statutory Masking Enabled","Statutory Masking Enabled","Statutory Masking Enabled","abuse@web.com","Statutory Masking Enabled","Statutory Masking Enabled","Statutory Masking Enabled","Statutory Masking Enabled","Statutory Masking Enabled","Statutory Masking Enabled","Statutory Masking Enabled","Statutory Masking Enabled","Statutory Masking Enabled","abuse@web.com","Statutory Masking Enabled","Statutory Masking Enabled","Statutory Masking Enabled","Statutory Masking Enabled","Statutory Masking Enabled","Statutory Masking Enabled","Statutory Masking Enabled","Statutory Masking Enabled","Statutory Masking Enabled","abuse@web.com","Statutory Masking Enabled","Statutory Masking Enabled","ns1.dan.com","ns2.dan.com","","","OK","","",""
"7","tsf-team.com","2021-03-01 14:19:55","2021-02-27","2021-03-01","2022-02-27","1026","NamePal.com #8014","whois.yourjungle.com","http://secure.bellnames.com","yong bo tan","tan yong bo","gang bei qu, zhong li xiang, chen xuan cun, chen c","gui gang shi","guang xi","537100","China","gzseoxin@gmail.com","+86.17557093671","+86.17557093671","yong bo tan","tan yong bo","gang bei qu, zhong li xiang, chen xuan cun, chen c","gui gang shi","guang xi","537100","China","gzseoxin@gmail.com","+86.17557093671","+86.17557093671","yong bo tan","tan yong bo","gang bei qu, zhong li xiang, chen xuan cun, chen c","gui gang shi","guang xi","537100","China","gzseoxin@gmail.com","+86.17557093671","+86.17557093671","","","","","","","","","","","jm1.dns.com","jm2.dns.com","","","OK","","",""
"8","waimaolai.com","2021-03-01 17:24:18","2021-02-27","2021-03-01","2022-02-27","1026","NamePal.com #8014","whois.yourjungle.com","http://secure.bellnames.com","Domain Administrator","DotMedia Limited","301D, 30#1 Guanri Road, Software Park II Siming District","Xiamen","FuJian","361008","China","backorder@dotmedia.com","+86.5925990220","+86.5925022987","Domain Administrator","DotMedia Limited","301D, 30#1 Guanri Road, Software Park II Siming District","Xiamen","FuJian","361008","China","backorder@dotmedia.com","+86.5925990220","+86.5925022987","Domain Administrator","DotMedia Limited","301D, 30#1 Guanri Road, Software Park II Siming District","Xiamen","FuJian","361008","China","backorder@dotmedia.com","+86.5925990220","+86.5925022987","","","","","","","","","","","v1.juming-xz.com","v1.xz-juming.com","","","OK","","",""
"9","zdfqz.com","2021-03-01 17:24:31","2021-02-27","2021-03-01","2022-02-27","1026","NamePal.com #8014","whois.yourjungle.com","http://secure.bellnames.com","Domain Administrator","DotMedia Limited","301D, 30#1 Guanri Road, Software Park II Siming District","Xiamen","FuJian","361008","China","backorder@dotmedia.com","+86.5925990220","+86.5925022987","Domain Administrator","DotMedia Limited","301D, 30#1 Guanri Road, Software Park II Siming District","Xiamen","FuJian","361008","China","backorder@dotmedia.com","+86.5925990220","+86.5925022987","Domain Administrator","DotMedia Limited","301D, 30#1 Guanri Road, Software Park II Siming District","Xiamen","FuJian","361008","China","backorder@dotmedia.com","+86.5925990220","+86.5925022987","","","","","","","","","","","v1.juming-xz.com","v1.xz-juming.com","","","OK","","",""