"num","domain_name","query_time","create_date","update_date","expiry_date","domain_registrar_id","domain_registrar_name","domain_registrar_whois","domain_registrar_url","registrant_name","registrant_company","registrant_address","registrant_city","registrant_state","registrant_zip","registrant_country","registrant_email","registrant_phone","registrant_fax","administrative_name","administrative_company","administrative_address","administrative_city","administrative_state","administrative_zip","administrative_country","administrative_email","administrative_phone","administrative_fax","technical_name","technical_company","technical_address","technical_city","technical_state","technical_zip","technical_country","technical_email","technical_phone","technical_fax","billing_name","billing_company","billing_address","billing_city","billing_state","billing_zip","billing_country","billing_email","billing_phone","billing_fax","name_server_1","name_server_2","name_server_3","name_server_4","domain_status_1","domain_status_2","domain_status_3","domain_status_4"
"1","1314s.com","2021-03-01 14:17:41","2021-02-27","2021-02-28","2022-02-27","1022","NamePal.com #8010","whois.namepal.com","http://namepal.com","huan huan wang","wang huan huan","da ming xian, he bei sheng, han dan shi, da ming x","han dan shi","he bei","056900","China","31309960@qq.com","+86.03106329999","+86.03106329999","huan huan wang","wang huan huan","da ming xian, he bei sheng, han dan shi, da ming x","han dan shi","he bei","056900","China","31309960@qq.com","+86.03106329999","+86.03106329999","huan huan wang","wang huan huan","da ming xian, he bei sheng, han dan shi, da ming x","han dan shi","he bei","056900","China","31309960@qq.com","+86.03106329999","+86.03106329999","","","","","","","","","","","v1.juming-xz.com","v1.xz-juming.com","","","OK","","",""
"2","apartmentpropertiesbd.com","2021-03-01 14:17:44","2021-02-27","2021-02-27","2022-02-27","1022","NamePal.com #8010","whois.namepal.com","http://namepal.com","PERFECT PRIVACY, LLC","","5335 Gate Parkway","Jacksonville","FL","32256","United States","7gapjsjsnchroah1lr21mgmgjf@domaindiscreet.com","+1.9027492701","","PERFECT PRIVACY, LLC","","5335 Gate Parkway","Jacksonville","FL","32256","United States","7gapjsjsnchroah1lr21mgmgjf@domaindiscreet.com","+1.9027492701","","PERFECT PRIVACY, LLC","","5335 Gate Parkway","Jacksonville","FL","32256","United States","7gapjsjsnchroah1lr21mgmgjf@domaindiscreet.com","+1.9027492701","","","","","","","","","","","","ns15.above.com","ns16.above.com","","","OK","","",""
"3","bccypx.com","2021-03-01 17:48:55","2021-02-27","2021-03-01","2022-02-27","1022","NamePal.com #8010","whois.namepal.com","http://namepal.com","Domain Administrator","DotMedia Limited","301D, 30#1 Guanri Road, Software Park II Siming District","Xiamen","FuJian","361008","China","backorder@dotmedia.com","+86.5925990220","+86.5925022987","Domain Administrator","DotMedia Limited","301D, 30#1 Guanri Road, Software Park II Siming District","Xiamen","FuJian","361008","China","backorder@dotmedia.com","+86.5925990220","+86.5925022987","Domain Administrator","DotMedia Limited","301D, 30#1 Guanri Road, Software Park II Siming District","Xiamen","FuJian","361008","China","backorder@dotmedia.com","+86.5925990220","+86.5925022987","","","","","","","","","","","v1.juming-xz.com","v1.xz-juming.com","","","OK","","",""
"4","dztlhq.com","2021-03-01 17:49:05","2021-02-27","2021-02-28","2022-02-27","1022","NamePal.com #8010","whois.namepal.com","http://namepal.com","chao ting xu","xu chao ting","jing yuan xian, gan su sheng jing yuan xian, san t","bai yin shi","gan su","730600","China","agmanila@qq.com","+86.09432021044","+86.09432021044","chao ting xu","xu chao ting","jing yuan xian, gan su sheng jing yuan xian, san t","bai yin shi","gan su","730600","China","agmanila@qq.com","+86.09432021044","+86.09432021044","chao ting xu","xu chao ting","jing yuan xian, gan su sheng jing yuan xian, san t","bai yin shi","gan su","730600","China","agmanila@qq.com","+86.09432021044","+86.09432021044","","","","","","","","","","","v1.juming-xz.com","v1.xz-juming.com","","","OK","","",""
"5","mzlsy888.com","2021-03-01 17:34:50","2021-02-27","2021-02-27","2022-02-27","1022","NamePal.com #8010","whois.namepal.com","http://namepal.com","Domain Administrator","XZ.COM","602, 56 Guanri Road, Software Park II","Xiamen","FUJIAN","361008","China","support@xz.com","+1.865925990220","","Domain Administrator","XZ.COM","602, 56 Guanri Road, Software Park II","Xiamen","FUJIAN","361008","China","support@xz.com","+1.865925990220","","Domain Administrator","XZ.COM","602, 56 Guanri Road, Software Park II","Xiamen","FUJIAN","361008","China","support@xz.com","+1.865925990220","","","","","","","","","","","","v1.juming-xz.com","v1.xz-juming.com","","","OK","","",""
"6","playandbreak.com","2021-03-01 17:10:17","2021-02-27","2021-02-27","2022-02-27","1022","NamePal.com #8010","whois.namepal.com","http://namepal.com","PERFECT PRIVACY, LLC","","5335 Gate Parkway","Jacksonville","FL","32256","United States","7gapjsjsnchroah1lr21mgmgjf@domaindiscreet.com","+1.9027492701","","PERFECT PRIVACY, LLC","","5335 Gate Parkway","Jacksonville","FL","32256","United States","7gapjsjsnchroah1lr21mgmgjf@domaindiscreet.com","+1.9027492701","","PERFECT PRIVACY, LLC","","5335 Gate Parkway","Jacksonville","FL","32256","United States","7gapjsjsnchroah1lr21mgmgjf@domaindiscreet.com","+1.9027492701","","","","","","","","","","","","ns15.above.com","ns16.above.com","","","OK","","",""