"num","domain_name","query_time","create_date","update_date","expiry_date","domain_registrar_id","domain_registrar_name","domain_registrar_whois","domain_registrar_url","registrant_name","registrant_company","registrant_address","registrant_city","registrant_state","registrant_zip","registrant_country","registrant_email","registrant_phone","registrant_fax","administrative_name","administrative_company","administrative_address","administrative_city","administrative_state","administrative_zip","administrative_country","administrative_email","administrative_phone","administrative_fax","technical_name","technical_company","technical_address","technical_city","technical_state","technical_zip","technical_country","technical_email","technical_phone","technical_fax","billing_name","billing_company","billing_address","billing_city","billing_state","billing_zip","billing_country","billing_email","billing_phone","billing_fax","name_server_1","name_server_2","name_server_3","name_server_4","domain_status_1","domain_status_2","domain_status_3","domain_status_4"
"1","areavipdoprazer.com","2021-03-01 17:09:45","2021-02-27","2021-02-27","2022-02-27","755","Name Nelly Corporation","whois.namenelly.com","http://www.namenelly.com","PERFECT PRIVACY, LLC","","5335 Gate Parkway","Jacksonville","FL","32256","United States","1d6v07uod8ii79rhhgbvvcdd3m@domaindiscreet.com","+1.9027492701","","PERFECT PRIVACY, LLC","","5335 Gate Parkway","Jacksonville","FL","32256","United States","1d6v07uod8ii79rhhgbvvcdd3m@domaindiscreet.com","+1.9027492701","","PERFECT PRIVACY, LLC","","5335 Gate Parkway","Jacksonville","FL","32256","United States","1d6v07uod8ii79rhhgbvvcdd3m@domaindiscreet.com","+1.9027492701","","","","","","","","","","","","ns15.above.com","ns16.above.com","","","OK","","",""
"2","bonus-click.com","2021-03-01 17:51:14","2021-02-27","2021-02-27","2022-02-27","755","Name Nelly Corporation","whois.namenelly.com","http://www.namenelly.com","PERFECT PRIVACY, LLC","","5335 Gate Parkway","Jacksonville","FL","32256","United States","1d6v07uod8ii79rhhgbvvcdd3m@domaindiscreet.com","+1.9027492701","","PERFECT PRIVACY, LLC","","5335 Gate Parkway","Jacksonville","FL","32256","United States","1d6v07uod8ii79rhhgbvvcdd3m@domaindiscreet.com","+1.9027492701","","PERFECT PRIVACY, LLC","","5335 Gate Parkway","Jacksonville","FL","32256","United States","1d6v07uod8ii79rhhgbvvcdd3m@domaindiscreet.com","+1.9027492701","","","","","","","","","","","","ns15.above.com","ns16.above.com","","","OK","","",""
"3","creativehomewares.com","2021-03-01 17:38:13","2021-02-27","2021-02-27","2022-02-27","755","Name Nelly Corporation","whois.namenelly.com","http://www.namenelly.com","PERFECT PRIVACY, LLC","","5335 Gate Parkway","Jacksonville","FL","32256","United States","1d6v07uod8ii79rhhgbvvcdd3m@domaindiscreet.com","+1.9027492701","","PERFECT PRIVACY, LLC","","5335 Gate Parkway","Jacksonville","FL","32256","United States","1d6v07uod8ii79rhhgbvvcdd3m@domaindiscreet.com","+1.9027492701","","PERFECT PRIVACY, LLC","","5335 Gate Parkway","Jacksonville","FL","32256","United States","1d6v07uod8ii79rhhgbvvcdd3m@domaindiscreet.com","+1.9027492701","","","","","","","","","","","","ns15.above.com","ns16.above.com","","","OK","","",""
"4","creditriskanalysis.com","2021-03-01 17:52:34","2021-02-27","2021-03-01","2022-02-27","755","Name Nelly Corporation","whois.namenelly.com","http://www.namenelly.com","PERFECT PRIVACY, LLC","","5335 Gate Parkway","Jacksonville","FL","32256","United States","fm1ghhdr3shc88na6m2rcaat4d@domaindiscreet.com","+1.9027492701","","PERFECT PRIVACY, LLC","","5335 Gate Parkway","Jacksonville","FL","32256","United States","fm1ghhdr3shc88na6m2rcaat4d@domaindiscreet.com","+1.9027492701","","PERFECT PRIVACY, LLC","","5335 Gate Parkway","Jacksonville","FL","32256","United States","fm1ghhdr3shc88na6m2rcaat4d@domaindiscreet.com","+1.9027492701","","","","","","","","","","","","buy.internettraffic.com","sell.internettraffic.com","","","OK","","",""
"5","gypdcn.com","2021-03-01 17:28:38","2021-02-27","2021-02-27","2022-02-27","755","Name Nelly Corporation","whois.namenelly.com","http://www.namenelly.com","Jianfeng Wu Juming","","Luyang District, Fortune Plaza No. 1107 First","Hefeishi","ANHUISHENG","230001","China","temp@juming.com","+1.864009972996","","Jianfeng Wu Juming","","Luyang District, Fortune Plaza No. 1107 First","Hefeishi","ANHUISHENG","230001","China","temp@juming.com","+1.864009972996","","Jianfeng Wu Juming","","Luyang District, Fortune Plaza No. 1107 First","Hefeishi","ANHUISHENG","230001","China","temp@juming.com","+1.864009972996","","","","","","","","","","","","v1.juming-xz.com","v1.xz-juming.com","","","OK","","",""
"6","xunda-sx.com","2021-03-01 17:09:06","2021-02-27","2021-03-01","2022-02-27","755","Name Nelly Corporation","whois.namenelly.com","http://www.namenelly.com","Domain Administrator","DotMedia Limited","301D, 30#1 Guanri Road, Software Park II Siming District","Xiamen","FuJian","361008","China","backorder@dotmedia.com","+86.5925990220","+86.5925022987","Domain Administrator","DotMedia Limited","301D, 30#1 Guanri Road, Software Park II Siming District","Xiamen","FuJian","361008","China","backorder@dotmedia.com","+86.5925990220","+86.5925022987","Domain Administrator","DotMedia Limited","301D, 30#1 Guanri Road, Software Park II Siming District","Xiamen","FuJian","361008","China","backorder@dotmedia.com","+86.5925990220","+86.5925022987","","","","","","","","","","","v1.juming-xz.com","v1.xz-juming.com","","","OK","","",""