"num","domain_name","query_time","create_date","update_date","expiry_date","domain_registrar_id","domain_registrar_name","domain_registrar_whois","domain_registrar_url","registrant_name","registrant_company","registrant_address","registrant_city","registrant_state","registrant_zip","registrant_country","registrant_email","registrant_phone","registrant_fax","administrative_name","administrative_company","administrative_address","administrative_city","administrative_state","administrative_zip","administrative_country","administrative_email","administrative_phone","administrative_fax","technical_name","technical_company","technical_address","technical_city","technical_state","technical_zip","technical_country","technical_email","technical_phone","technical_fax","billing_name","billing_company","billing_address","billing_city","billing_state","billing_zip","billing_country","billing_email","billing_phone","billing_fax","name_server_1","name_server_2","name_server_3","name_server_4","domain_status_1","domain_status_2","domain_status_3","domain_status_4"
"1","acardamper.xyz","2021-03-01 14:50:10","2021-02-27","","2022-02-27","1454","Nics Telekomünikasyon Ticaret Ltd. Şti.","whois.nicproxy.com","http://www.nicproxy.com","Temp Organization","Temp Organization","","","Temp State","","Turkey","","","","","","","","","","","","","","","","","","","","","","","","","","","","","","","","","","ns1.natrohost.com","ns2.natrohost.com","","","addPeriod","serverTransferProhibited","",""
"2","acilkargom.xyz","2021-03-01 14:49:49","2021-02-27","","2022-02-27","1454","Nics Telekomünikasyon Ticaret Ltd. Şti.","whois.nicproxy.com","http://www.nicproxy.com","Temp Organization","Temp Organization","","","Temp State","","Turkey","","","","","","","","","","","","","","","","","","","","","","","","","","","","","","","","","","ns1.natrohost.com","ns2.natrohost.com","","","addPeriod","serverTransferProhibited","",""
"3","adanamerkezservis.xyz","2021-03-01 14:49:44","2021-02-27","","2022-02-27","1454","Nics Telekomünikasyon Ticaret Ltd. Şti.","whois.nicproxy.com","http://www.nicproxy.com","Temp Organization","Temp Organization","","","Temp State","","Turkey","","","","","","","","","","","","","","","","","","","","","","","","","","","","","","","","","","ns1.internetbilisim.net","ns2.internetbilisim.net","","","addPeriod","serverTransferProhibited","",""
"4","afernaglobal.xyz","2021-03-01 14:49:48","2021-02-27","","2022-02-27","1454","Nics Telekomünikasyon Ticaret Ltd. Şti.","whois.nicproxy.com","http://www.nicproxy.com","Temp Organization","Temp Organization","","","Temp State","","Turkey","","","","","","","","","","","","","","","","","","","","","","","","","","","","","","","","","","ns1.natrohost.com","ns2.natrohost.com","","","addPeriod","serverTransferProhibited","",""
"5","afiyefood.xyz","2021-03-01 14:49:43","2021-02-27","","2022-02-27","1454","Nics Telekomünikasyon Ticaret Ltd. Şti.","whois.nicproxy.com","http://www.nicproxy.com","Temp Organization","Temp Organization","","","Temp State","","Turkey","","","","","","","","","","","","","","","","","","","","","","","","","","","","","","","","","","ns1.natrohost.com","ns2.natrohost.com","","","addPeriod","serverTransferProhibited","",""
"6","ahmetoguzcaymaz.online","2021-03-01 15:39:17","2021-02-26","","2022-02-26","1454","Nics Telekomünikasyon Ticaret Ltd. Şti.","whois.nicproxy.com","http://www.nicproxy.com","Temp Organization","Temp Organization","","","Temp State","","Turkey","","","","","","","","","","","","","","","","","","","","","","","","","","","","","","","","","","ns1.natrohost.com","ns2.natrohost.com","","","addPeriod","serverTransferProhibited","",""
"7","aifashop.online","2021-03-01 15:38:14","2021-02-26","","2022-02-26","1454","Nics Telekomünikasyon Ticaret Ltd. Şti.","whois.nicproxy.com","http://www.nicproxy.com","Temp Organization","Temp Organization","","","Temp State","","Turkey","","","","","","","","","","","","","","","","","","","","","","","","","","","","","","","","","","ns1.natrohost.com","ns2.natrohost.com","","","addPeriod","serverTransferProhibited","",""
"8","aifatech.online","2021-03-01 15:38:14","2021-02-26","","2022-02-26","1454","Nics Telekomünikasyon Ticaret Ltd. Şti.","whois.nicproxy.com","http://www.nicproxy.com","Temp Organization","Temp Organization","","","Temp State","","Turkey","","","","","","","","","","","","","","","","","","","","","","","","","","","","","","","","","","ns1.natrohost.com","ns2.natrohost.com","","","addPeriod","serverTransferProhibited","",""
"9","aikiteknoloji.xyz","2021-03-01 14:49:43","2021-02-27","","2022-02-27","1454","Nics Telekomünikasyon Ticaret Ltd. Şti.","whois.nicproxy.com","http://www.nicproxy.com","Temp Organization","Temp Organization","","","Temp State","","Turkey","","","","","","","","","","","","","","","","","","","","","","","","","","","","","","","","","","ns1.natrohost.com","ns2.natrohost.com","","","addPeriod","serverTransferProhibited","",""
"10","aktifyonga.online","2021-03-01 15:38:09","2021-02-26","","2022-02-26","1454","Nics Telekomünikasyon Ticaret Ltd. Şti.","whois.nicproxy.com","http://www.nicproxy.com","Temp Organization","Temp Organization","","","Temp State","","Turkey","","","","","","","","","","","","","","","","","","","","","","","","","","","","","","","","","","ns1.bwbilisim.com","ns2.bwbilisim.com","","","addPeriod","serverTransferProhibited","",""
"11","alamuttanpensilvanyaya.xyz","2021-03-01 14:49:42","2021-02-27","","2022-02-27","1454","Nics Telekomünikasyon Ticaret Ltd. Şti.","whois.nicproxy.com","http://www.nicproxy.com","Temp Organization","Temp Organization","","","Temp State","","Turkey","","","","","","","","","","","","","","","","","","","","","","","","","","","","","","","","","","ns1.turkmultimedia.com","ns2.turkmultimedia.com","","","addPeriod","serverTransferProhibited","",""
"12","albeyazilim.site","2021-03-01 15:29:57","2021-02-26","2021-02-26","2022-02-26","1454","Nics Telekomünikasyon Ticaret Ltd. Şti.","whois.nicproxy.com","http://www.nicproxy.com","Temp Organization","Temp Organization","","","Temp State","","Turkey","","","","","","","","","","","","","","","","","","","","","","","","","","","","","","","","","","ns1.natrohost.com","ns2.natrohost.com","","","addPeriod","serverTransferProhibited","",""
"13","alemgift.xyz","2021-03-01 14:49:47","2021-02-27","","2022-02-27","1454","Nics Telekomünikasyon Ticaret Ltd. Şti.","whois.nicproxy.com","http://www.nicproxy.com","Temp Organization","Temp Organization","","","Temp State","","Turkey","","","","","","","","","","","","","","","","","","","","","","","","","","","","","","","","","","ns1.natrohost.com","ns2.natrohost.com","","","addPeriod","serverTransferProhibited","",""
"14","alinmisinsaat.online","2021-03-01 15:39:21","2021-02-26","","2022-02-26","1454","Nics Telekomünikasyon Ticaret Ltd. Şti.","whois.nicproxy.com","http://www.nicproxy.com","Temp Organization","Temp Organization","","","Temp State","","Turkey","","","","","","","","","","","","","","","","","","","","","","","","","","","","","","","","","","ns1.natrohost.com","ns2.natrohost.com","","","addPeriod","serverTransferProhibited","",""
"15","alisverisineniyisi.site","2021-03-01 15:29:52","2021-02-26","2021-02-26","2022-02-26","1454","Nics Telekomünikasyon Ticaret Ltd. Şti.","whois.nicproxy.com","http://www.nicproxy.com","Temp Organization","Temp Organization","","","Temp State","","Turkey","","","","","","","","","","","","","","","","","","","","","","","","","","","","","","","","","","ns1.natrohost.com","ns2.natrohost.com","","","addPeriod","serverTransferProhibited","",""
"16","altmisdakika.xyz","2021-03-01 14:49:41","2021-02-27","","2022-02-27","1454","Nics Telekomünikasyon Ticaret Ltd. Şti.","whois.nicproxy.com","http://www.nicproxy.com","Temp Organization","Temp Organization","","","Temp State","","Turkey","","","","","","","","","","","","","","","","","","","","","","","","","","","","","","","","","","ns1.natrohost.com","ns2.natrohost.com","","","addPeriod","serverTransferProhibited","",""
"17","altunblog.xyz","2021-03-01 14:49:41","2021-02-27","2021-02-27","2022-02-27","1454","Nics Telekomünikasyon Ticaret Ltd. Şti.","whois.nicproxy.com","http://www.nicproxy.com","Temp Organization","Temp Organization","","","Temp State","","Turkey","","","","","","","","","","","","","","","","","","","","","","","","","","","","","","","","","","ns1.natrohost.com","ns2.natrohost.com","","","addPeriod","clientTransferProhibited","serverTransferProhibited",""
"18","anaokulucantasi.xyz","2021-03-01 14:49:45","2021-02-27","","2022-02-27","1454","Nics Telekomünikasyon Ticaret Ltd. Şti.","whois.nicproxy.com","http://www.nicproxy.com","Temp Organization","Temp Organization","","","Temp State","","Turkey","","","","","","","","","","","","","","","","","","","","","","","","","","","","","","","","","","ns1.natrohost.com","ns2.natrohost.com","","","addPeriod","serverTransferProhibited","",""
"19","ancabu.xyz","2021-03-01 14:49:40","2021-02-27","","2022-02-27","1454","Nics Telekomünikasyon Ticaret Ltd. Şti.","whois.nicproxy.com","http://www.nicproxy.com","Temp Organization","Temp Organization","","","Temp State","","Turkey","","","","","","","","","","","","","","","","","","","","","","","","","","","","","","","","","","ns1.natrohost.com","ns2.natrohost.com","","","addPeriod","serverTransferProhibited","",""
"20","angelicesthetic.xyz","2021-03-01 14:49:45","2021-02-27","","2022-02-27","1454","Nics Telekomünikasyon Ticaret Ltd. Şti.","whois.nicproxy.com","http://www.nicproxy.com","Temp Organization","Temp Organization","","","Temp State","","Turkey","","","","","","","","","","","","","","","","","","","","","","","","","","","","","","","","","","ns1.natrohost.com","ns2.natrohost.com","","","addPeriod","serverTransferProhibited","",""
"21","arkadaslar.online","2021-03-01 15:38:10","2021-02-26","2021-02-26","2022-02-26","1454","Nics Telekomünikasyon Ticaret Ltd. Şti.","whois.nicproxy.com","http://www.nicproxy.com","Temp Organization","Temp Organization","","","Temp State","","Turkey","","","","","","","","","","","","","","","","","","","","","","","","","","","","","","","","","","ns1.natrohost.com","ns2.natrohost.com","","","addPeriod","serverTransferProhibited","",""
"22","armanlighting.online","2021-03-01 15:38:05","2021-02-26","","2022-02-26","1454","Nics Telekomünikasyon Ticaret Ltd. Şti.","whois.nicproxy.com","http://www.nicproxy.com","Temp Organization","Temp Organization","","","Temp State","","Turkey","","","","","","","","","","","","","","","","","","","","","","","","","","","","","","","","","","ns1.natrohost.com","ns2.natrohost.com","","","addPeriod","serverTransferProhibited","",""
"23","art-design.store","2021-03-01 15:27:48","2021-02-26","2021-02-27","2022-02-26","1454","Nics Telekomünikasyon Ticaret Ltd. Şti.","whois.nicproxy.com","http://www.nicproxy.com","Temp Organization","Temp Organization","","","Temp State","","Turkey","","","","","","","","","","","","","","","","","","","","","","","","","","","","","","","","","","ns1.natrohost.com","ns2.natrohost.com","","","addPeriod","serverTransferProhibited","",""
"24","ayyildiz-yapi.xyz","2021-03-01 14:49:34","2021-02-27","","2022-02-27","1454","Nics Telekomünikasyon Ticaret Ltd. Şti.","whois.nicproxy.com","http://www.nicproxy.com","Temp Organization","Temp Organization","","","Temp State","","Turkey","","","","","","","","","","","","","","","","","","","","","","","","","","","","","","","","","","ns1.natrohost.com","ns2.natrohost.com","","","addPeriod","serverTransferProhibited","",""
"25","ayzergunay.xyz","2021-03-01 14:49:34","2021-02-27","","2022-02-27","1454","Nics Telekomünikasyon Ticaret Ltd. Şti.","whois.nicproxy.com","http://www.nicproxy.com","Temp Organization","Temp Organization","","","Temp State","","Turkey","","","","","","","","","","","","","","","","","","","","","","","","","","","","","","","","","","ns1.natrohost.com","ns2.natrohost.com","","","addPeriod","serverTransferProhibited","",""
"26","babilhali.online","2021-03-01 15:38:03","2021-02-26","","2022-02-26","1454","Nics Telekomünikasyon Ticaret Ltd. Şti.","whois.nicproxy.com","http://www.nicproxy.com","Temp Organization","Temp Organization","","","Temp State","","Turkey","","","","","","","","","","","","","","","","","","","","","","","","","","","","","","","","","","ns1.natrohost.com","ns2.natrohost.com","","","addPeriod","serverTransferProhibited","",""
"27","baharaturfadan.xyz","2021-03-01 14:49:38","2021-02-27","2021-02-27","2022-02-27","1454","Nics Telekomünikasyon Ticaret Ltd. Şti.","whois.nicproxy.com","http://www.nicproxy.com","Temp Organization","Temp Organization","","","Temp State","","Turkey","","","","","","","","","","","","","","","","","","","","","","","","","","","","","","","","","","mary.ns.cloudflare.com","todd.ns.cloudflare.com","","","addPeriod","serverTransferProhibited","",""
"28","baskentuydu.online","2021-03-01 15:38:03","2021-02-26","","2022-02-26","1454","Nics Telekomünikasyon Ticaret Ltd. Şti.","whois.nicproxy.com","http://www.nicproxy.com","Temp Organization","Temp Organization","","","Temp State","","Turkey","","","","","","","","","","","","","","","","","","","","","","","","","","","","","","","","","","ns1.natrohost.com","ns2.natrohost.com","","","addPeriod","serverTransferProhibited","",""
"29","batucloud.xyz","2021-03-01 14:49:37","2021-02-27","","2022-02-27","1454","Nics Telekomünikasyon Ticaret Ltd. Şti.","whois.nicproxy.com","http://www.nicproxy.com","Temp Organization","Temp Organization","","","Temp State","","Turkey","","","","","","","","","","","","","","","","","","","","","","","","","","","","","","","","","","ns1.natrohost.com","ns2.natrohost.com","","","addPeriod","serverTransferProhibited","",""
"30","bebekutusu.online","2021-03-01 15:39:21","2021-02-26","","2022-02-26","1454","Nics Telekomünikasyon Ticaret Ltd. Şti.","whois.nicproxy.com","http://www.nicproxy.com","Temp Organization","Temp Organization","","","Temp State","","Turkey","","","","","","","","","","","","","","","","","","","","","","","","","","","","","","","","","","ns1.natrohost.com","ns2.natrohost.com","","","addPeriod","serverTransferProhibited","",""
"31","besamakine.online","2021-03-01 15:38:01","2021-02-26","","2022-02-26","1454","Nics Telekomünikasyon Ticaret Ltd. Şti.","whois.nicproxy.com","http://www.nicproxy.com","Temp Organization","Temp Organization","","","Temp State","","Turkey","","","","","","","","","","","","","","","","","","","","","","","","","","","","","","","","","","ns1.natrohost.com","ns2.natrohost.com","","","addPeriod","serverTransferProhibited","",""
"32","beyazesyayetkiliteknikservisi.xyz","2021-03-01 14:49:35","2021-02-27","","2022-02-27","1454","Nics Telekomünikasyon Ticaret Ltd. Şti.","whois.nicproxy.com","http://www.nicproxy.com","Suleyman Gul","Suleyman Gul","","","Alanya","","Turkey","","","","","","","","","","","","","","","","","","","","","","","","","","","","","","","","","","ns1.natrohost.com","ns2.natrohost.com","","","addPeriod","serverTransferProhibited","",""
"33","beyazitshop.xyz","2021-03-01 14:49:35","2021-02-27","","2022-02-27","1454","Nics Telekomünikasyon Ticaret Ltd. Şti.","whois.nicproxy.com","http://www.nicproxy.com","Temp Organization","Temp Organization","","","Temp State","","Turkey","","","","","","","","","","","","","","","","","","","","","","","","","","","","","","","","","","ns1.natrohost.com","ns2.natrohost.com","","","addPeriod","serverTransferProhibited","",""
"34","beylikduzutedarik.xyz","2021-03-01 14:49:35","2021-02-27","","2022-02-27","1454","Nics Telekomünikasyon Ticaret Ltd. Şti.","whois.nicproxy.com","http://www.nicproxy.com","Temp Organization","Temp Organization","","","Temp State","","Turkey","","","","","","","","","","","","","","","","","","","","","","","","","","","","","","","","","","ns1.natrohost.com","ns2.natrohost.com","","","addPeriod","serverTransferProhibited","",""
"35","birebir-egitim.online","2021-03-01 15:38:05","2021-02-26","","2022-02-26","1454","Nics Telekomünikasyon Ticaret Ltd. Şti.","whois.nicproxy.com","http://www.nicproxy.com","Temp Organization","Temp Organization","","","Temp State","","Turkey","","","","","","","","","","","","","","","","","","","","","","","","","","","","","","","","","","ns1.natrohost.com","ns2.natrohost.com","","","addPeriod","serverTransferProhibited","",""
"36","bixiblog.xyz","2021-03-01 14:49:34","2021-02-27","","2022-02-27","1454","Nics Telekomünikasyon Ticaret Ltd. Şti.","whois.nicproxy.com","http://www.nicproxy.com","Temp Organization","Temp Organization","","","Temp State","","Turkey","","","","","","","","","","","","","","","","","","","","","","","","","","","","","","","","","","ns1.natrohost.com","ns2.natrohost.com","","","addPeriod","serverTransferProhibited","",""
"37","bizdeniste.xyz","2021-03-01 14:49:29","2021-02-27","","2022-02-27","1454","Nics Telekomünikasyon Ticaret Ltd. Şti.","whois.nicproxy.com","http://www.nicproxy.com","Temp Organization","Temp Organization","","","Temp State","","Turkey","","","","","","","","","","","","","","","","","","","","","","","","","","","","","","","","","","ns1.natrohost.com","ns2.natrohost.com","","","addPeriod","serverTransferProhibited","",""
"38","bizegelsen.xyz","2021-03-01 14:49:34","2021-02-27","","2022-02-27","1454","Nics Telekomünikasyon Ticaret Ltd. Şti.","whois.nicproxy.com","http://www.nicproxy.com","Temp Organization","Temp Organization","","","Temp State","","Turkey","","","","","","","","","","","","","","","","","","","","","","","","","","","","","","","","","","ns1.natrohost.com","ns2.natrohost.com","","","addPeriod","serverTransferProhibited","",""
"39","bostaninefendileri.xyz","2021-03-01 14:49:33","2021-02-27","","2022-02-27","1454","Nics Telekomünikasyon Ticaret Ltd. Şti.","whois.nicproxy.com","http://www.nicproxy.com","Temp Organization","Temp Organization","","","Temp State","","Turkey","","","","","","","","","","","","","","","","","","","","","","","","","","","","","","","","","","ns1.natrohost.com","ns2.natrohost.com","","","addPeriod","serverTransferProhibited","",""
"40","bostaninsultanlari.xyz","2021-03-01 14:49:33","2021-02-27","","2022-02-27","1454","Nics Telekomünikasyon Ticaret Ltd. Şti.","whois.nicproxy.com","http://www.nicproxy.com","Temp Organization","Temp Organization","","","Temp State","","Turkey","","","","","","","","","","","","","","","","","","","","","","","","","","","","","","","","","","ns1.natrohost.com","ns2.natrohost.com","","","addPeriod","serverTransferProhibited","",""
"41","boyalikhotel.xyz","2021-03-01 14:49:32","2021-02-27","","2022-02-27","1454","Nics Telekomünikasyon Ticaret Ltd. Şti.","whois.nicproxy.com","http://www.nicproxy.com","Temp Organization","Temp Organization","","","Temp State","","Turkey","","","","","","","","","","","","","","","","","","","","","","","","","","","","","","","","","","ns1.natrohost.com","ns2.natrohost.com","","","addPeriod","serverTransferProhibited","",""
"42","boyasanati.xyz","2021-03-01 14:49:32","2021-02-27","","2022-02-27","1454","Nics Telekomünikasyon Ticaret Ltd. Şti.","whois.nicproxy.com","http://www.nicproxy.com","Temp Organization","Temp Organization","","","Temp State","","Turkey","","","","","","","","","","","","","","","","","","","","","","","","","","","","","","","","","","ns1.natrohost.com","ns2.natrohost.com","","","addPeriod","serverTransferProhibited","",""
"43","bozdogankalip.xyz","2021-03-01 14:49:32","2021-02-27","","2022-02-27","1454","Nics Telekomünikasyon Ticaret Ltd. Şti.","whois.nicproxy.com","http://www.nicproxy.com","Temp Organization","Temp Organization","","","Temp State","","Turkey","","","","","","","","","","","","","","","","","","","","","","","","","","","","","","","","","","ns1.natrohost.com","ns2.natrohost.com","","","addPeriod","serverTransferProhibited","",""
"44","bozdoganplastik.xyz","2021-03-01 14:49:32","2021-02-27","","2022-02-27","1454","Nics Telekomünikasyon Ticaret Ltd. Şti.","whois.nicproxy.com","http://www.nicproxy.com","Temp Organization","Temp Organization","","","Temp State","","Turkey","","","","","","","","","","","","","","","","","","","","","","","","","","","","","","","","","","ns1.natrohost.com","ns2.natrohost.com","","","addPeriod","serverTransferProhibited","",""
"45","brazeesanjor.xyz","2021-03-01 14:49:32","2021-02-27","","2022-02-27","1454","Nics Telekomünikasyon Ticaret Ltd. Şti.","whois.nicproxy.com","http://www.nicproxy.com","Temp Organization","Temp Organization","","","Temp State","","Turkey","","","","","","","","","","","","","","","","","","","","","","","","","","","","","","","","","","ns1.natrohost.com","ns2.natrohost.com","","","addPeriod","serverTransferProhibited","",""
"46","buaajans.xyz","2021-03-01 14:49:31","2021-02-27","","2022-02-27","1454","Nics Telekomünikasyon Ticaret Ltd. Şti.","whois.nicproxy.com","http://www.nicproxy.com","Temp Organization","Temp Organization","","","Temp State","","Turkey","","","","","","","","","","","","","","","","","","","","","","","","","","","","","","","","","","ns1.natrohost.com","ns2.natrohost.com","","","addPeriod","serverTransferProhibited","",""
"47","burgerankara.xyz","2021-03-01 14:49:26","2021-02-27","","2022-02-27","1454","Nics Telekomünikasyon Ticaret Ltd. Şti.","whois.nicproxy.com","http://www.nicproxy.com","Ozgurcem Akkoc","Ozgurcem Akkoc","","","Ankra","","Turkey","","","","","","","","","","","","","","","","","","","","","","","","","","","","","","","","","","ns1.natrohost.com","ns2.natrohost.com","","","addPeriod","serverTransferProhibited","",""
"48","canlegal.info","2021-03-01 15:52:53","2021-02-27","2021-02-27","2022-02-27","1454","Nics Telekomünikasyon Ticaret Ltd. Şti.","whois.nicproxy.com","http://www.nicproxy.com","Temp Organization","Temp Organization","","","Temp State","","Turkey","","","","","","","","","","","","","","","","","","","","","","","","","","","","","","","","","","ns1.natrohost.com","ns2.natrohost.com","","","addPeriod","serverTransferProhibited","",""
"49","capamedya.online","2021-03-01 15:37:56","2021-02-26","","2022-02-26","1454","Nics Telekomünikasyon Ticaret Ltd. Şti.","whois.nicproxy.com","http://www.nicproxy.com","Hasan Capa / Capa Medya","Hasan Capa / Capa Medya","","","Karatay","","Turkey","","","","","","","","","","","","","","","","","","","","","","","","","","","","","","","","","","ns1.natrohost.com","ns2.natrohost.com","","","addPeriod","serverTransferProhibited","",""
"50","cesurservis.online","2021-03-01 15:37:54","2021-02-26","","2022-02-26","1454","Nics Telekomünikasyon Ticaret Ltd. Şti.","whois.nicproxy.com","http://www.nicproxy.com","Temp Organization","Temp Organization","","","Temp State","","Turkey","","","","","","","","","","","","","","","","","","","","","","","","","","","","","","","","","","res10.natrohost.com","res9.natrohost.com","","","addPeriod","serverTransferProhibited","",""
"51","charmiuki.xyz","2021-03-01 14:49:28","2021-02-27","","2022-02-27","1454","Nics Telekomünikasyon Ticaret Ltd. Şti.","whois.nicproxy.com","http://www.nicproxy.com","Temp Organization","Temp Organization","","","Temp State","","Turkey","","","","","","","","","","","","","","","","","","","","","","","","","","","","","","","","","","ns1.natrohost.com","ns2.natrohost.com","","","addPeriod","serverTransferProhibited","",""
"52","clasuniforma.xyz","2021-03-01 14:49:21","2021-02-27","","2022-02-27","1454","Nics Telekomünikasyon Ticaret Ltd. Şti.","whois.nicproxy.com","http://www.nicproxy.com","Temp Organization","Temp Organization","","","Temp State","","Turkey","","","","","","","","","","","","","","","","","","","","","","","","","","","","","","","","","","ns1.natrohost.com","ns2.natrohost.com","","","addPeriod","serverTransferProhibited","",""
"53","clawstyles.xyz","2021-03-01 14:49:21","2021-02-27","","2022-02-27","1454","Nics Telekomünikasyon Ticaret Ltd. Şti.","whois.nicproxy.com","http://www.nicproxy.com","Temp Organization","Temp Organization","","","Temp State","","Turkey","","","","","","","","","","","","","","","","","","","","","","","","","","","","","","","","","","ns1.natrohost.com","ns2.natrohost.com","","","addPeriod","serverTransferProhibited","",""
"54","coin365day.online","2021-03-01 15:37:53","2021-02-26","","2022-02-26","1454","Nics Telekomünikasyon Ticaret Ltd. Şti.","whois.nicproxy.com","http://www.nicproxy.com","Temp Organization","Temp Organization","","","Temp State","","Turkey","","","","","","","","","","","","","","","","","","","","","","","","","","","","","","","","","","ns1.natrohost.com","ns2.natrohost.com","","","addPeriod","serverTransferProhibited","",""
"55","cryptomoviearts.xyz","2021-03-01 14:49:23","2021-02-27","2021-02-27","2022-02-27","1454","Nics Telekomünikasyon Ticaret Ltd. Şti.","whois.nicproxy.com","http://www.nicproxy.com","Temp Organization","Temp Organization","","","Temp State","","Turkey","","","","","","","","","","","","","","","","","","","","","","","","","","","","","","","","","","ns1.natrohost.com","ns2.natrohost.com","","","addPeriod","serverTransferProhibited","",""
"56","deepwaycosmetic.online","2021-03-01 15:37:49","2021-02-26","","2022-02-26","1454","Nics Telekomünikasyon Ticaret Ltd. Şti.","whois.nicproxy.com","http://www.nicproxy.com","Temp Organization","Temp Organization","","","Temp State","","Turkey","","","","","","","","","","","","","","","","","","","","","","","","","","","","","","","","","","ns1.natrohost.com","ns2.natrohost.com","","","addPeriod","serverTransferProhibited","",""
"57","degirmenlikiziksatis.online","2021-03-01 15:37:48","2021-02-26","2021-02-26","2022-02-26","1454","Nics Telekomünikasyon Ticaret Ltd. Şti.","whois.nicproxy.com","http://www.nicproxy.com","Temp Organization","Temp Organization","","","Temp State","","Turkey","","","","","","","","","","","","","","","","","","","","","","","","","","","","","","","","","","ns1.natrohost.com","ns2.natrohost.com","","","addPeriod","serverTransferProhibited","",""
"58","degirmensofrasi.online","2021-03-01 15:37:48","2021-02-26","","2022-02-26","1454","Nics Telekomünikasyon Ticaret Ltd. Şti.","whois.nicproxy.com","http://www.nicproxy.com","Temp Organization","Temp Organization","","","Temp State","","Turkey","","","","","","","","","","","","","","","","","","","","","","","","","","","","","","","","","","ns1.natrohost.com","ns2.natrohost.com","","","addPeriod","serverTransferProhibited","",""
"59","dincakademi.xyz","2021-03-01 14:49:19","2021-02-27","","2022-02-27","1454","Nics Telekomünikasyon Ticaret Ltd. Şti.","whois.nicproxy.com","http://www.nicproxy.com","Temp Organization","Temp Organization","","","Temp State","","Turkey","","","","","","","","","","","","","","","","","","","","","","","","","","","","","","","","","","ns1.natrohost.com","ns2.natrohost.com","","","addPeriod","serverTransferProhibited","",""
"60","doluambar.xyz","2021-03-01 14:49:19","2021-02-27","2021-02-27","2022-02-27","1454","Nics Telekomünikasyon Ticaret Ltd. Şti.","whois.nicproxy.com","http://www.nicproxy.com","Temp Organization","Temp Organization","","","Temp State","","Turkey","","","","","","","","","","","","","","","","","","","","","","","","","","","","","","","","","","ns5.teknofirst.com","ns6.teknofirst.com","","","addPeriod","serverTransferProhibited","",""
"61","drmehmetavci.xyz","2021-03-01 14:49:13","2021-02-27","2021-02-27","2022-02-27","1454","Nics Telekomünikasyon Ticaret Ltd. Şti.","whois.nicproxy.com","http://www.nicproxy.com","Temp Organization","Temp Organization","","","Temp State","","Turkey","","","","","","","","","","","","","","","","","","","","","","","","","","","","","","","","","","ns1.natrohost.com","ns2.natrohost.com","","","addPeriod","serverTransferProhibited","",""
"62","dscturkiye.online","2021-03-01 15:39:20","2021-02-26","","2022-02-26","1454","Nics Telekomünikasyon Ticaret Ltd. Şti.","whois.nicproxy.com","http://www.nicproxy.com","Temp Organization","Temp Organization","","","Temp State","","Turkey","","","","","","","","","","","","","","","","","","","","","","","","","","","","","","","","","","ns1.natrohost.com","ns2.natrohost.com","","","addPeriod","serverTransferProhibited","",""
"63","dugunekibim.xyz","2021-03-01 14:49:17","2021-02-27","","2022-02-27","1454","Nics Telekomünikasyon Ticaret Ltd. Şti.","whois.nicproxy.com","http://www.nicproxy.com","Temp Organization","Temp Organization","","","Temp State","","Turkey","","","","","","","","","","","","","","","","","","","","","","","","","","","","","","","","","","ns1.natrohost.com","ns2.natrohost.com","","","addPeriod","serverTransferProhibited","",""
"64","dural-as.xyz","2021-03-01 14:49:17","2021-02-27","","2022-02-27","1454","Nics Telekomünikasyon Ticaret Ltd. Şti.","whois.nicproxy.com","http://www.nicproxy.com","Temp Organization","Temp Organization","","","Temp State","","Turkey","","","","","","","","","","","","","","","","","","","","","","","","","","","","","","","","","","ns1.natrohost.com","ns2.natrohost.com","","","addPeriod","serverTransferProhibited","",""
"65","dzglaser.xyz","2021-03-01 14:49:12","2021-02-27","","2022-02-27","1454","Nics Telekomünikasyon Ticaret Ltd. Şti.","whois.nicproxy.com","http://www.nicproxy.com","Temp Organization","Temp Organization","","","Temp State","","Turkey","","","","","","","","","","","","","","","","","","","","","","","","","","","","","","","","","","ns1.natrohost.com","ns2.natrohost.com","","","addPeriod","serverTransferProhibited","",""
"66","ebrulitekstil.online","2021-03-01 15:37:44","2021-02-26","","2022-02-26","1454","Nics Telekomünikasyon Ticaret Ltd. Şti.","whois.nicproxy.com","http://www.nicproxy.com","Temp Organization","Temp Organization","","","Temp State","","Turkey","","","","","","","","","","","","","","","","","","","","","","","","","","","","","","","","","","ns1.natrohost.com","ns2.natrohost.com","","","addPeriod","serverTransferProhibited","",""
"67","edabijuteri.online","2021-03-01 15:37:49","2021-02-26","","2022-02-26","1454","Nics Telekomünikasyon Ticaret Ltd. Şti.","whois.nicproxy.com","http://www.nicproxy.com","Temp Organization","Temp Organization","","","Temp State","","Turkey","","","","","","","","","","","","","","","","","","","","","","","","","","","","","","","","","","ns1.natrohost.com","ns2.natrohost.com","","","addPeriod","serverTransferProhibited","",""
"68","egasis.online","2021-03-01 15:37:48","2021-02-26","","2022-02-26","1454","Nics Telekomünikasyon Ticaret Ltd. Şti.","whois.nicproxy.com","http://www.nicproxy.com","Temp Organization","Temp Organization","","","Temp State","","Turkey","","","","","","","","","","","","","","","","","","","","","","","","","","","","","","","","","","ns1.egasishost.com","ns2.egasishost.com","","","addPeriod","serverTransferProhibited","",""
"69","el-ay.xyz","2021-03-01 14:49:15","2021-02-27","","2022-02-27","1454","Nics Telekomünikasyon Ticaret Ltd. Şti.","whois.nicproxy.com","http://www.nicproxy.com","Temp Organization","Temp Organization","","","Temp State","","Turkey","","","","","","","","","","","","","","","","","","","","","","","","","","","","","","","","","","ns1.natrohost.com","ns2.natrohost.com","","","addPeriod","serverTransferProhibited","",""
"70","elektriklivinckumandasi.xyz","2021-03-01 14:49:10","2021-02-27","2021-02-27","2022-02-27","1454","Nics Telekomünikasyon Ticaret Ltd. Şti.","whois.nicproxy.com","http://www.nicproxy.com","Temp Organization","Temp Organization","","","Temp State","","Turkey","","","","","","","","","","","","","","","","","","","","","","","","","","","","","","","","","","ns1.natrohost.com","ns2.natrohost.com","","","addPeriod","clientTransferProhibited","serverTransferProhibited",""
"71","enhesapli.xyz","2021-03-01 14:49:09","2021-02-27","","2022-02-27","1454","Nics Telekomünikasyon Ticaret Ltd. Şti.","whois.nicproxy.com","http://www.nicproxy.com","Temp Organization","Temp Organization","","","Temp State","","Turkey","","","","","","","","","","","","","","","","","","","","","","","","","","","","","","","","","","ns1.natrohost.com","ns2.natrohost.com","","","addPeriod","serverTransferProhibited","",""
"72","ersav.online","2021-03-01 15:37:47","2021-02-26","","2022-02-26","1454","Nics Telekomünikasyon Ticaret Ltd. Şti.","whois.nicproxy.com","http://www.nicproxy.com","Temp Organization","Temp Organization","","","Temp State","","Turkey","","","","","","","","","","","","","","","","","","","","","","","","","","","","","","","","","","ns1.natrohost.com","ns2.natrohost.com","","","addPeriod","serverTransferProhibited","",""
"73","erzurumenerji.xyz","2021-03-01 14:46:04","2021-02-27","2021-03-01","2022-02-27","1454","Nics Telekomünikasyon Ticaret Ltd. Şti.","whois.nicproxy.com","http://www.nicproxy.com","Temp Organization","Temp Organization","","","Temp State","","Turkey","","","","","","","","","","","","","","","","","","","","","","","","","","","","","","","","","","ns1.erzurumenerji.xyz","ns2.erzurumenerji.xyz","","","addPeriod","serverTransferProhibited","",""
"74","evafal.xyz","2021-03-01 14:49:13","2021-02-27","","2022-02-27","1454","Nics Telekomünikasyon Ticaret Ltd. Şti.","whois.nicproxy.com","http://www.nicproxy.com","Temp Organization","Temp Organization","","","Temp State","","Turkey","","","","","","","","","","","","","","","","","","","","","","","","","","","","","","","","","","ns1.natrohost.com","ns2.natrohost.com","","","addPeriod","serverTransferProhibited","",""
"75","eviniyarat.online","2021-03-01 15:37:46","2021-02-26","","2022-02-26","1454","Nics Telekomünikasyon Ticaret Ltd. Şti.","whois.nicproxy.com","http://www.nicproxy.com","Temp Organization","Temp Organization","","","Temp State","","Turkey","","","","","","","","","","","","","","","","","","","","","","","","","","","","","","","","","","ns1.natrohost.com","ns2.natrohost.com","","","addPeriod","serverTransferProhibited","",""
"76","farkliatlar.xyz","2021-03-01 14:49:05","2021-02-27","","2022-02-27","1454","Nics Telekomünikasyon Ticaret Ltd. Şti.","whois.nicproxy.com","http://www.nicproxy.com","Temp Organization","Temp Organization","","","Temp State","","Turkey","","","","","","","","","","","","","","","","","","","","","","","","","","","","","","","","","","ns1.natrohost.com","ns2.natrohost.com","","","addPeriod","serverTransferProhibited","",""
"77","fatihyildirim.site","2021-03-01 15:29:43","2021-02-26","2021-02-26","2022-02-26","1454","Nics Telekomünikasyon Ticaret Ltd. Şti.","whois.nicproxy.com","http://www.nicproxy.com","Temp Organization","Temp Organization","","","Temp State","","Turkey","","","","","","","","","","","","","","","","","","","","","","","","","","","","","","","","","","ns1.natrohost.com","ns2.natrohost.com","","","addPeriod","serverTransferProhibited","",""
"78","favoritel.online","2021-03-01 15:37:39","2021-02-26","","2022-02-26","1454","Nics Telekomünikasyon Ticaret Ltd. Şti.","whois.nicproxy.com","http://www.nicproxy.com","Temp Organization","Temp Organization","","","Temp State","","Turkey","","","","","","","","","","","","","","","","","","","","","","","","","","","","","","","","","","ns1.natrohost.com","ns2.natrohost.com","","","addPeriod","serverTransferProhibited","",""
"79","fethiyekvkk.xyz","2021-03-01 14:49:04","2021-02-27","","2022-02-27","1454","Nics Telekomünikasyon Ticaret Ltd. Şti.","whois.nicproxy.com","http://www.nicproxy.com","Temp Organization","Temp Organization","","","Temp State","","Turkey","","","","","","","","","","","","","","","","","","","","","","","","","","","","","","","","","","ns1.natrohost.com","ns2.natrohost.com","","","addPeriod","serverTransferProhibited","",""
"80","fiberliyoruz.online","2021-03-01 15:37:44","2021-02-26","","2022-02-26","1454","Nics Telekomünikasyon Ticaret Ltd. Şti.","whois.nicproxy.com","http://www.nicproxy.com","Temp Organization","Temp Organization","","","Temp State","","Turkey","","","","","","","","","","","","","","","","","","","","","","","","","","","","","","","","","","ns1.natrohost.com","ns2.natrohost.com","","","addPeriod","serverTransferProhibited","",""
"81","firathaninsaat.xyz","2021-03-01 14:46:20","2021-02-27","","2022-02-27","1454","Nics Telekomünikasyon Ticaret Ltd. Şti.","whois.nicproxy.com","http://www.nicproxy.com","Temp Organization","Temp Organization","","","Temp State","","Turkey","","","","","","","","","","","","","","","","","","","","","","","","","","","","","","","","","","ns1.netpabilisim.com","ns2.netpabilisim.com","","","addPeriod","serverTransferProhibited","",""
"82","flywithturkishairlines.online","2021-03-01 15:37:43","2021-02-26","","2022-02-26","1454","Nics Telekomünikasyon Ticaret Ltd. Şti.","whois.nicproxy.com","http://www.nicproxy.com","Temp Organization","Temp Organization","","","Temp State","","Turkey","","","","","","","","","","","","","","","","","","","","","","","","","","","","","","","","","","ns1.natrohost.com","ns2.natrohost.com","","","addPeriod","serverTransferProhibited","",""
"83","galdubai.xyz","2021-03-01 14:49:05","2021-02-27","","2022-02-27","1454","Nics Telekomünikasyon Ticaret Ltd. Şti.","whois.nicproxy.com","http://www.nicproxy.com","Temp Organization","Temp Organization","","","Temp State","","Turkey","","","","","","","","","","","","","","","","","","","","","","","","","","","","","","","","","","ns1.natrohost.com","ns2.natrohost.com","","","addPeriod","serverTransferProhibited","",""
"84","galrestaurant.xyz","2021-03-01 14:49:00","2021-02-27","","2022-02-27","1454","Nics Telekomünikasyon Ticaret Ltd. Şti.","whois.nicproxy.com","http://www.nicproxy.com","Temp Organization","Temp Organization","","","Temp State","","Turkey","","","","","","","","","","","","","","","","","","","","","","","","","","","","","","","","","","ns1.natrohost.com","ns2.natrohost.com","","","addPeriod","serverTransferProhibited","",""
"85","galrestaurants.xyz","2021-03-01 14:49:05","2021-02-27","","2022-02-27","1454","Nics Telekomünikasyon Ticaret Ltd. Şti.","whois.nicproxy.com","http://www.nicproxy.com","Temp Organization","Temp Organization","","","Temp State","","Turkey","","","","","","","","","","","","","","","","","","","","","","","","","","","","","","","","","","ns1.natrohost.com","ns2.natrohost.com","","","addPeriod","serverTransferProhibited","",""
"86","garajboom.online","2021-03-01 15:37:36","2021-02-26","2021-02-26","2022-02-26","1454","Nics Telekomünikasyon Ticaret Ltd. Şti.","whois.nicproxy.com","http://www.nicproxy.com","Temp Organization","Temp Organization","","","Temp State","","Turkey","","","","","","","","","","","","","","","","","","","","","","","","","","","","","","","","","","ns1.natrohost.com","ns2.natrohost.com","","","addPeriod","serverTransferProhibited","",""
"87","gisscollection.xyz","2021-03-01 14:48:58","2021-02-27","","2022-02-27","1454","Nics Telekomünikasyon Ticaret Ltd. Şti.","whois.nicproxy.com","http://www.nicproxy.com","Temp Organization","Temp Organization","","","Temp State","","Turkey","","","","","","","","","","","","","","","","","","","","","","","","","","","","","","","","","","ns1.natrohost.com","ns2.natrohost.com","","","addPeriod","serverTransferProhibited","",""
"88","google-reklam-ajansi.xyz","2021-03-01 14:48:58","2021-02-27","2021-02-27","2022-02-27","1454","Nics Telekomünikasyon Ticaret Ltd. Şti.","whois.nicproxy.com","http://www.nicproxy.com","Temp Organization","Temp Organization","","","Temp State","","Turkey","","","","","","","","","","","","","","","","","","","","","","","","","","","","","","","","","","ns1.natrohost.com","ns2.natrohost.com","","","addPeriod","serverTransferProhibited","",""
"89","goturkiye.info","2021-03-01 15:52:46","2021-02-27","2021-02-27","2022-02-27","1454","Nics Telekomünikasyon Ticaret Ltd. Şti.","whois.nicproxy.com","http://www.nicproxy.com","Mahmut  Tezcan","Mahmut  Tezcan","","","Besiktas","","Turkey","","","","","","","","","","","","","","","","","","","","","","","","","","","","","","","","","","ns1.natrohost.com","ns2.natrohost.com","","","addPeriod","serverTransferProhibited","",""
"90","gulkuyumcusu.xyz","2021-03-01 14:49:01","2021-02-27","","2022-02-27","1454","Nics Telekomünikasyon Ticaret Ltd. Şti.","whois.nicproxy.com","http://www.nicproxy.com","Temp Organization","Temp Organization","","","Temp State","","Turkey","","","","","","","","","","","","","","","","","","","","","","","","","","","","","","","","","","ns1.natrohost.com","ns2.natrohost.com","","","addPeriod","serverTransferProhibited","",""
"91","hakansahin.art","2021-03-01 14:15:12","2021-02-26","2021-02-28","2022-02-26","1454","Nics Telekomünikasyon Ticaret Ltd. Şti.","whois.nicproxy.com","http://www.nicproxy.com","Temp Organization","Temp Organization","","","Temp State","","Turkey","","","","","","","","","","","","","","","","","","","","","","","","","","","","","","","","","","imani.ns.cloudflare.com","martin.ns.cloudflare.com","","","addPeriod","serverTransferProhibited","",""
"92","hanielmedia.xyz","2021-03-01 14:46:00","2021-02-27","","2022-02-27","1454","Nics Telekomünikasyon Ticaret Ltd. Şti.","whois.nicproxy.com","http://www.nicproxy.com","Temp Organization","Temp Organization","","","Temp State","","Turkey","","","","","","","","","","","","","","","","","","","","","","","","","","","","","","","","","","ns1.natrohost.com","ns2.natrohost.com","","","addPeriod","serverTransferProhibited","",""
"93","hardtopbimini.xyz","2021-03-01 14:49:00","2021-02-27","","2022-02-27","1454","Nics Telekomünikasyon Ticaret Ltd. Şti.","whois.nicproxy.com","http://www.nicproxy.com","Temp Organization","Temp Organization","","","Temp State","","Turkey","","","","","","","","","","","","","","","","","","","","","","","","","","","","","","","","","","ns1.natrohost.com","ns2.natrohost.com","","","addPeriod","serverTransferProhibited","",""
"94","harmonystyleman.xyz","2021-03-01 14:48:55","2021-02-27","","2022-02-27","1454","Nics Telekomünikasyon Ticaret Ltd. Şti.","whois.nicproxy.com","http://www.nicproxy.com","Temp Organization","Temp Organization","","","Temp State","","Turkey","","","","","","","","","","","","","","","","","","","","","","","","","","","","","","","","","","ns1.natrohost.com","ns2.natrohost.com","","","addPeriod","serverTransferProhibited","",""
"95","haydialisveriszamani.xyz","2021-03-01 14:48:59","2021-02-27","","2022-02-27","1454","Nics Telekomünikasyon Ticaret Ltd. Şti.","whois.nicproxy.com","http://www.nicproxy.com","Temp Organization","Temp Organization","","","Temp State","","Turkey","","","","","","","","","","","","","","","","","","","","","","","","","","","","","","","","","","ns1.natrohost.com","ns2.natrohost.com","","","addPeriod","serverTransferProhibited","",""
"96","hemsutluhemtatli.xyz","2021-03-01 14:48:53","2021-02-27","","2022-02-27","1454","Nics Telekomünikasyon Ticaret Ltd. Şti.","whois.nicproxy.com","http://www.nicproxy.com","Temp Organization","Temp Organization","","","Temp State","","Turkey","","","","","","","","","","","","","","","","","","","","","","","","","","","","","","","","","","ns1.natrohost.com","ns2.natrohost.com","","","addPeriod","serverTransferProhibited","",""
"97","henafood.xyz","2021-03-01 14:48:53","2021-02-27","","2022-02-27","1454","Nics Telekomünikasyon Ticaret Ltd. Şti.","whois.nicproxy.com","http://www.nicproxy.com","Temp Organization","Temp Organization","","","Temp State","","Turkey","","","","","","","","","","","","","","","","","","","","","","","","","","","","","","","","","","ns1.natrohost.com","ns2.natrohost.com","","","addPeriod","serverTransferProhibited","",""
"98","hepsibaharda.xyz","2021-03-01 14:48:53","2021-02-27","","2022-02-27","1454","Nics Telekomünikasyon Ticaret Ltd. Şti.","whois.nicproxy.com","http://www.nicproxy.com","Temp Organization","Temp Organization","","","Temp State","","Turkey","","","","","","","","","","","","","","","","","","","","","","","","","","","","","","","","","","ns1.natrohost.com","ns2.natrohost.com","","","addPeriod","serverTransferProhibited","",""
"99","heristediginde.xyz","2021-03-01 14:48:53","2021-02-27","","2022-02-27","1454","Nics Telekomünikasyon Ticaret Ltd. Şti.","whois.nicproxy.com","http://www.nicproxy.com","Temp Organization","Temp Organization","","","Temp State","","Turkey","","","","","","","","","","","","","","","","","","","","","","","","","","","","","","","","","","ns1.natrohost.com","ns2.natrohost.com","","","addPeriod","serverTransferProhibited","",""
"100","highpeakbooks.online","2021-03-01 15:37:30","2021-02-26","","2022-02-26","1454","Nics Telekomünikasyon Ticaret Ltd. Şti.","whois.nicproxy.com","http://www.nicproxy.com","Temp Organization","Temp Organization","","","Temp State","","Turkey","","","","","","","","","","","","","","","","","","","","","","","","","","","","","","","","","","ns1.natrohost.com","ns2.natrohost.com","","","addPeriod","serverTransferProhibited","",""
"101","hizmethaliyikamafabrikasi.xyz","2021-03-01 14:48:51","2021-02-27","","2022-02-27","1454","Nics Telekomünikasyon Ticaret Ltd. Şti.","whois.nicproxy.com","http://www.nicproxy.com","Temp Organization","Temp Organization","","","Temp State","","Turkey","","","","","","","","","","","","","","","","","","","","","","","","","","","","","","","","","","ns1.natrohost.com","ns2.natrohost.com","","","addPeriod","serverTransferProhibited","",""
"102","homespie.online","2021-03-01 15:37:30","2021-02-26","","2022-02-26","1454","Nics Telekomünikasyon Ticaret Ltd. Şti.","whois.nicproxy.com","http://www.nicproxy.com","Temp Organization","Temp Organization","","","Temp State","","Turkey","","","","","","","","","","","","","","","","","","","","","","","","","","","","","","","","","","ns1.natrohost.com","ns2.natrohost.com","","","addPeriod","serverTransferProhibited","",""
"103","hommbitkiselgiris.xyz","2021-03-01 14:48:52","2021-02-27","","2022-02-27","1454","Nics Telekomünikasyon Ticaret Ltd. Şti.","whois.nicproxy.com","http://www.nicproxy.com","Temp Organization","Temp Organization","","","Temp State","","Turkey","","","","","","","","","","","","","","","","","","","","","","","","","","","","","","","","","","ns1.natrohost.com","ns2.natrohost.com","","","addPeriod","serverTransferProhibited","",""
"104","hommgiris.xyz","2021-03-01 14:48:56","2021-02-27","","2022-02-27","1454","Nics Telekomünikasyon Ticaret Ltd. Şti.","whois.nicproxy.com","http://www.nicproxy.com","Temp Organization","Temp Organization","","","Temp State","","Turkey","","","","","","","","","","","","","","","","","","","","","","","","","","","","","","","","","","ns1.natrohost.com","ns2.natrohost.com","","","addPeriod","serverTransferProhibited","",""
"105","icedesign.site","2021-03-01 15:29:38","2021-02-26","2021-02-27","2022-02-26","1454","Nics Telekomünikasyon Ticaret Ltd. Şti.","whois.nicproxy.com","http://www.nicproxy.com","Temp Organization","Temp Organization","","","Temp State","","Turkey","","","","","","","","","","","","","","","","","","","","","","","","","","","","","","","","","","ns1.natrohost.com","ns2.natrohost.com","","","addPeriod","serverTransferProhibited","",""
"106","ideenweb.online","2021-03-01 15:37:27","2021-02-26","","2022-02-26","1454","Nics Telekomünikasyon Ticaret Ltd. Şti.","whois.nicproxy.com","http://www.nicproxy.com","Temp Organization","Temp Organization","","","Temp State","","Turkey","","","","","","","","","","","","","","","","","","","","","","","","","","","","","","","","","","ns1.natrohost.com","ns2.natrohost.com","","","addPeriod","serverTransferProhibited","",""
"107","ihaleisi.xyz","2021-03-01 14:48:52","2021-02-27","","2022-02-27","1454","Nics Telekomünikasyon Ticaret Ltd. Şti.","whois.nicproxy.com","http://www.nicproxy.com","Temp Organization","Temp Organization","","","Temp State","","Turkey","","","","","","","","","","","","","","","","","","","","","","","","","","","","","","","","","","ns1.natrohost.com","ns2.natrohost.com","","","addPeriod","serverTransferProhibited","",""
"108","imesgayrimenkul.xyz","2021-03-01 14:48:47","2021-02-27","","2022-02-27","1454","Nics Telekomünikasyon Ticaret Ltd. Şti.","whois.nicproxy.com","http://www.nicproxy.com","Temp Organization","Temp Organization","","","Temp State","","Turkey","","","","","","","","","","","","","","","","","","","","","","","","","","","","","","","","","","ns1.natrohost.com","ns2.natrohost.com","","","addPeriod","serverTransferProhibited","",""
"109","inukraine.online","2021-03-01 15:37:26","2021-02-26","","2022-02-26","1454","Nics Telekomünikasyon Ticaret Ltd. Şti.","whois.nicproxy.com","http://www.nicproxy.com","Temp Organization","Temp Organization","","","Temp State","","Turkey","","","","","","","","","","","","","","","","","","","","","","","","","","","","","","","","","","ns1.natrohost.com","ns2.natrohost.com","","","addPeriod","serverTransferProhibited","",""
"110","ipeksaraykaraca.xyz","2021-03-01 14:48:52","2021-02-27","","2022-02-27","1454","Nics Telekomünikasyon Ticaret Ltd. Şti.","whois.nicproxy.com","http://www.nicproxy.com","Temp Organization","Temp Organization","","","Temp State","","Turkey","","","","","","","","","","","","","","","","","","","","","","","","","","","","","","","","","","ns1.natrohost.com","ns2.natrohost.com","","","addPeriod","serverTransferProhibited","",""
"111","istanbuldemokrateczacilar.xyz","2021-03-01 14:48:51","2021-02-27","","2022-02-27","1454","Nics Telekomünikasyon Ticaret Ltd. Şti.","whois.nicproxy.com","http://www.nicproxy.com","Temp Organization","Temp Organization","","","Temp State","","Turkey","","","","","","","","","","","","","","","","","","","","","","","","","","","","","","","","","","ns1.natrohost.com","ns2.natrohost.com","","","addPeriod","serverTransferProhibited","",""
"112","istanbuldemokrateczacilarbirligi.xyz","2021-03-01 14:48:46","2021-02-27","","2022-02-27","1454","Nics Telekomünikasyon Ticaret Ltd. Şti.","whois.nicproxy.com","http://www.nicproxy.com","Temp Organization","Temp Organization","","","Temp State","","Turkey","","","","","","","","","","","","","","","","","","","","","","","","","","","","","","","","","","ns1.natrohost.com","ns2.natrohost.com","","","addPeriod","serverTransferProhibited","",""
"113","istanbuldemokrateczacilarhareketi.xyz","2021-03-01 14:48:46","2021-02-27","","2022-02-27","1454","Nics Telekomünikasyon Ticaret Ltd. Şti.","whois.nicproxy.com","http://www.nicproxy.com","Temp Organization","Temp Organization","","","Temp State","","Turkey","","","","","","","","","","","","","","","","","","","","","","","","","","","","","","","","","","ns1.natrohost.com","ns2.natrohost.com","","","addPeriod","serverTransferProhibited","",""
"114","istanbulperauniversitesi.online","2021-03-01 15:37:31","2021-02-26","","2022-02-26","1454","Nics Telekomünikasyon Ticaret Ltd. Şti.","whois.nicproxy.com","http://www.nicproxy.com","Temp Organization","Temp Organization","","","Temp State","","Turkey","","","","","","","","","","","","","","","","","","","","","","","","","","","","","","","","","","ns1.natrohost.com","ns2.natrohost.com","","","addPeriod","serverTransferProhibited","",""
"115","iyiguntarimgida.xyz","2021-03-01 14:48:46","2021-02-27","","2022-02-27","1454","Nics Telekomünikasyon Ticaret Ltd. Şti.","whois.nicproxy.com","http://www.nicproxy.com","Temp Organization","Temp Organization","","","Temp State","","Turkey","","","","","","","","","","","","","","","","","","","","","","","","","","","","","","","","","","ns1.natrohost.com","ns2.natrohost.com","","","addPeriod","serverTransferProhibited","",""
"116","joulegroupco.xyz","2021-03-01 14:48:42","2021-02-27","","2022-02-27","1454","Nics Telekomünikasyon Ticaret Ltd. Şti.","whois.nicproxy.com","http://www.nicproxy.com","Temp Organization","Temp Organization","","","Temp State","","Turkey","","","","","","","","","","","","","","","","","","","","","","","","","","","","","","","","","","ns1.natrohost.com","ns2.natrohost.com","","","addPeriod","serverTransferProhibited","",""
"117","kabaktanisler.xyz","2021-03-01 14:48:41","2021-02-27","","2022-02-27","1454","Nics Telekomünikasyon Ticaret Ltd. Şti.","whois.nicproxy.com","http://www.nicproxy.com","Temp Organization","Temp Organization","","","Temp State","","Turkey","","","","","","","","","","","","","","","","","","","","","","","","","","","","","","","","","","ns1.natrohost.com","ns2.natrohost.com","","","addPeriod","serverTransferProhibited","",""
"118","kapimagelsinereglim.xyz","2021-03-01 14:46:11","2021-02-27","","2022-02-27","1454","Nics Telekomünikasyon Ticaret Ltd. Şti.","whois.nicproxy.com","http://www.nicproxy.com","Samet  Yasar Baytar","Samet  Yasar Baytar","","","Merkez","","Turkey","","","","","","","","","","","","","","","","","","","","","","","","","","","","","","","","","","ns1.natrohost.com","ns2.natrohost.com","","","addPeriod","serverTransferProhibited","",""
"119","karnaswinery.online","2021-03-01 15:37:25","2021-02-27","","2022-02-27","1454","Nics Telekomünikasyon Ticaret Ltd. Şti.","whois.nicproxy.com","http://www.nicproxy.com","Temp Organization","Temp Organization","","","Temp State","","Turkey","","","","","","","","","","","","","","","","","","","","","","","","","","","","","","","","","","ns1.natrohost.com","ns2.natrohost.com","","","addPeriod","serverTransferProhibited","",""
"120","kavanozonline.xyz","2021-03-01 14:48:41","2021-02-27","","2022-02-27","1454","Nics Telekomünikasyon Ticaret Ltd. Şti.","whois.nicproxy.com","http://www.nicproxy.com","Temp Organization","Temp Organization","","","Temp State","","Turkey","","","","","","","","","","","","","","","","","","","","","","","","","","","","","","","","","","ns1.natrohost.com","ns2.natrohost.com","","","addPeriod","serverTransferProhibited","",""
"121","kodurgu.xyz","2021-03-01 14:48:44","2021-02-27","","2022-02-27","1454","Nics Telekomünikasyon Ticaret Ltd. Şti.","whois.nicproxy.com","http://www.nicproxy.com","Temp Organization","Temp Organization","","","Temp State","","Turkey","","","","","","","","","","","","","","","","","","","","","","","","","","","","","","","","","","ns1.natrohost.com","ns2.natrohost.com","","","addPeriod","serverTransferProhibited","",""
"122","kozmetik.center","2021-03-01 14:16:52","2021-02-27","2021-02-28","2022-02-27","1454","Nics Telekomünikasyon Ticaret Ltd. Şti.","whois.nicproxy.com","http://www.nicproxy.com","REDACTED FOR PRIVACY","Temp Organization","REDACTED FOR PRIVACY","REDACTED FOR PRIVACY","Temp State","REDACTED FOR PRIVACY","Turkey","","REDACTED FOR PRIVACY","REDACTED FOR PRIVACY","","","","","","","","","","","","","","","","","","","","","","","","","","","","","","","","","","","addPeriod","","",""
"123","kozmikmabet.xyz","2021-03-01 14:48:44","2021-02-27","","2022-02-27","1454","Nics Telekomünikasyon Ticaret Ltd. Şti.","whois.nicproxy.com","http://www.nicproxy.com","Temp Organization","Temp Organization","","","Temp State","","Turkey","","","","","","","","","","","","","","","","","","","","","","","","","","","","","","","","","","ns1.natrohost.com","ns2.natrohost.com","","","addPeriod","serverTransferProhibited","",""
"124","kraftlon.online","2021-03-01 15:36:58","2021-02-26","","2022-02-26","1454","Nics Telekomünikasyon Ticaret Ltd. Şti.","whois.nicproxy.com","http://www.nicproxy.com","Temp Organization","Temp Organization","","","Temp State","","Turkey","","","","","","","","","","","","","","","","","","","","","","","","","","","","","","","","","","ns1.natrohost.com","ns2.natrohost.com","","","addPeriod","serverTransferProhibited","",""
"125","krescantasi.xyz","2021-03-01 14:48:43","2021-02-27","","2022-02-27","1454","Nics Telekomünikasyon Ticaret Ltd. Şti.","whois.nicproxy.com","http://www.nicproxy.com","Temp Organization","Temp Organization","","","Temp State","","Turkey","","","","","","","","","","","","","","","","","","","","","","","","","","","","","","","","","","ns1.natrohost.com","ns2.natrohost.com","","","addPeriod","serverTransferProhibited","",""
"126","kubaorganizemat.xyz","2021-03-01 14:48:43","2021-02-27","","2022-02-27","1454","Nics Telekomünikasyon Ticaret Ltd. Şti.","whois.nicproxy.com","http://www.nicproxy.com","Temp Organization","Temp Organization","","","Temp State","","Turkey","","","","","","","","","","","","","","","","","","","","","","","","","","","","","","","","","","ns1.natrohost.com","ns2.natrohost.com","","","addPeriod","serverTransferProhibited","",""
"127","kulacasalca.xyz","2021-03-01 14:48:42","2021-02-27","","2022-02-27","1454","Nics Telekomünikasyon Ticaret Ltd. Şti.","whois.nicproxy.com","http://www.nicproxy.com","Temp Organization","Temp Organization","","","Temp State","","Turkey","","","","","","","","","","","","","","","","","","","","","","","","","","","","","","","","","","ns1.natrohost.com","ns2.natrohost.com","","","addPeriod","serverTransferProhibited","",""
"128","kyniskapp.online","2021-03-01 15:36:57","2021-02-26","","2022-02-26","1454","Nics Telekomünikasyon Ticaret Ltd. Şti.","whois.nicproxy.com","http://www.nicproxy.com","Temp Organization","Temp Organization","","","Temp State","","Turkey","","","","","","","","","","","","","","","","","","","","","","","","","","","","","","","","","","ns1.natrohost.com","ns2.natrohost.com","","","addPeriod","serverTransferProhibited","",""
"129","ladonnaestetik.online","2021-03-01 15:36:57","2021-02-26","","2022-02-26","1454","Nics Telekomünikasyon Ticaret Ltd. Şti.","whois.nicproxy.com","http://www.nicproxy.com","Temp Organization","Temp Organization","","","Temp State","","Turkey","","","","","","","","","","","","","","","","","","","","","","","","","","","","","","","","","","ns1.natrohost.com","ns2.natrohost.com","","","addPeriod","serverTransferProhibited","",""
"130","lamerceramics.xyz","2021-03-01 14:48:41","2021-02-27","","2022-02-27","1454","Nics Telekomünikasyon Ticaret Ltd. Şti.","whois.nicproxy.com","http://www.nicproxy.com","Temp Organization","Temp Organization","","","Temp State","","Turkey","","","","","","","","","","","","","","","","","","","","","","","","","","","","","","","","","","ns1.natrohost.com","ns2.natrohost.com","","","addPeriod","serverTransferProhibited","",""
"131","lastiklevha.online","2021-03-01 15:36:56","2021-02-26","","2022-02-26","1454","Nics Telekomünikasyon Ticaret Ltd. Şti.","whois.nicproxy.com","http://www.nicproxy.com","Temp Organization","Temp Organization","","","Temp State","","Turkey","","","","","","","","","","","","","","","","","","","","","","","","","","","","","","","","","","ns1.natrohost.com","ns2.natrohost.com","","","addPeriod","serverTransferProhibited","",""
"132","lcvmailing.xyz","2021-03-01 14:48:35","2021-02-27","","2022-02-27","1454","Nics Telekomünikasyon Ticaret Ltd. Şti.","whois.nicproxy.com","http://www.nicproxy.com","Temp Organization","Temp Organization","","","Temp State","","Turkey","","","","","","","","","","","","","","","","","","","","","","","","","","","","","","","","","","ns1.uk3.siteground.eu","ns2.uk3.siteground.eu","","","addPeriod","serverTransferProhibited","",""
"133","lehimliesanjor.xyz","2021-03-01 14:48:39","2021-02-27","2021-02-27","2022-02-27","1454","Nics Telekomünikasyon Ticaret Ltd. Şti.","whois.nicproxy.com","http://www.nicproxy.com","Temp Organization","Temp Organization","","","Temp State","","Turkey","","","","","","","","","","","","","","","","","","","","","","","","","","","","","","","","","","ns1.natrohost.com","ns2.natrohost.com","","","addPeriod","serverTransferProhibited","",""
"134","lehimliplakaliesanjor.xyz","2021-03-01 14:48:35","2021-02-27","","2022-02-27","1454","Nics Telekomünikasyon Ticaret Ltd. Şti.","whois.nicproxy.com","http://www.nicproxy.com","Temp Organization","Temp Organization","","","Temp State","","Turkey","","","","","","","","","","","","","","","","","","","","","","","","","","","","","","","","","","ns1.natrohost.com","ns2.natrohost.com","","","addPeriod","serverTransferProhibited","",""
"135","lezizkahve.xyz","2021-03-01 14:48:35","2021-02-27","","2022-02-27","1454","Nics Telekomünikasyon Ticaret Ltd. Şti.","whois.nicproxy.com","http://www.nicproxy.com","Temp Organization","Temp Organization","","","Temp State","","Turkey","","","","","","","","","","","","","","","","","","","","","","","","","","","","","","","","","","ns1.natrohost.com","ns2.natrohost.com","","","addPeriod","serverTransferProhibited","",""
"136","lisepdr.xyz","2021-03-01 14:48:35","2021-02-27","","2022-02-27","1454","Nics Telekomünikasyon Ticaret Ltd. Şti.","whois.nicproxy.com","http://www.nicproxy.com","Temp Organization","Temp Organization","","","Temp State","","Turkey","","","","","","","","","","","","","","","","","","","","","","","","","","","","","","","","","","ns1.natrohost.com","ns2.natrohost.com","","","addPeriod","serverTransferProhibited","",""
"137","lojistikdagitim.xyz","2021-03-01 14:48:13","2021-02-27","","2022-02-27","1454","Nics Telekomünikasyon Ticaret Ltd. Şti.","whois.nicproxy.com","http://www.nicproxy.com","Temp Organization","Temp Organization","","","Temp State","","Turkey","","","","","","","","","","","","","","","","","","","","","","","","","","","","","","","","","","ns1.natrohost.com","ns2.natrohost.com","","","addPeriod","serverTransferProhibited","",""
"138","makromutabakat.online","2021-03-01 15:36:51","2021-02-26","","2022-02-26","1454","Nics Telekomünikasyon Ticaret Ltd. Şti.","whois.nicproxy.com","http://www.nicproxy.com","Temp Organization","Temp Organization","","","Temp State","","Turkey","","","","","","","","","","","","","","","","","","","","","","","","","","","","","","","","","","ns1.natrohost.com","ns2.natrohost.com","","","addPeriod","serverTransferProhibited","",""
"139","manuscripter.online","2021-03-01 15:36:56","2021-02-26","","2022-02-26","1454","Nics Telekomünikasyon Ticaret Ltd. Şti.","whois.nicproxy.com","http://www.nicproxy.com","Temp Organization","Temp Organization","","","Temp State","","Turkey","","","","","","","","","","","","","","","","","","","","","","","","","","","","","","","","","","ns1.natrohost.com","ns2.natrohost.com","","","addPeriod","serverTransferProhibited","",""
"140","masalkovani.xyz","2021-03-01 14:48:14","2021-02-27","","2022-02-27","1454","Nics Telekomünikasyon Ticaret Ltd. Şti.","whois.nicproxy.com","http://www.nicproxy.com","Temp Organization","Temp Organization","","","Temp State","","Turkey","","","","","","","","","","","","","","","","","","","","","","","","","","","","","","","","","","ns1.natrohost.com","ns2.natrohost.com","","","addPeriod","serverTransferProhibited","",""
"141","maxoptik.xyz","2021-03-01 14:48:09","2021-02-27","","2022-02-27","1454","Nics Telekomünikasyon Ticaret Ltd. Şti.","whois.nicproxy.com","http://www.nicproxy.com","Temp Organization","Temp Organization","","","Temp State","","Turkey","","","","","","","","","","","","","","","","","","","","","","","","","","","","","","","","","","ns1.natrohost.com","ns2.natrohost.com","","","addPeriod","serverTransferProhibited","",""
"142","mehmetseker.site","2021-03-01 15:29:25","2021-02-26","","2022-02-26","1454","Nics Telekomünikasyon Ticaret Ltd. Şti.","whois.nicproxy.com","http://www.nicproxy.com","Temp Organization","Temp Organization","","","Temp State","","Turkey","","","","","","","","","","","","","","","","","","","","","","","","","","","","","","","","","","ns1.natrohost.com","ns2.natrohost.com","","","addPeriod","serverTransferProhibited","",""
"143","mevlanafilo.online","2021-03-01 15:36:54","2021-02-26","","2022-02-26","1454","Nics Telekomünikasyon Ticaret Ltd. Şti.","whois.nicproxy.com","http://www.nicproxy.com","Temp Organization","Temp Organization","","","Temp State","","Turkey","","","","","","","","","","","","","","","","","","","","","","","","","","","","","","","","","","ns1.natrohost.com","ns2.natrohost.com","","","addPeriod","serverTransferProhibited","",""
"144","mikrobiyomveprobiyotikler.biz","2021-03-01 14:16:57","2021-02-27","","2022-02-27","1454","Nics Telekomünikasyon Ticaret Ltd. Şti.","whois.nicproxy.com","http://www.nicproxy.com","REDACTED FOR PRIVACY","Temp Organization","REDACTED FOR PRIVACY REDACTED FOR PRIVACY REDACTED FOR PRIVACY","REDACTED FOR PRIVACY","Temp State","REDACTED FOR PRIVACY","Turkey","","REDACTED FOR PRIVACY","REDACTED FOR PRIVACY","REDACTED FOR PRIVACY","REDACTED FOR PRIVACY","REDACTED FOR PRIVACY REDACTED FOR PRIVACY REDACTED FOR PRIVACY","REDACTED FOR PRIVACY","REDACTED FOR PRIVACY","REDACTED FOR PRIVACY","REDACTED FOR PRIVACY","","REDACTED FOR PRIVACY","REDACTED FOR PRIVACY","REDACTED FOR PRIVACY","REDACTED FOR PRIVACY","REDACTED FOR PRIVACY REDACTED FOR PRIVACY REDACTED FOR PRIVACY","REDACTED FOR PRIVACY","REDACTED FOR PRIVACY","REDACTED FOR PRIVACY","REDACTED FOR PRIVACY","","REDACTED FOR PRIVACY","REDACTED FOR PRIVACY","","","","","","","","","","","ns1.natrohost.com","ns2.natrohost.com","","","addPeriod","ok","",""
"145","mikrobiyomveprobiyotikler.xyz","2021-03-01 14:48:09","2021-02-27","","2022-02-27","1454","Nics Telekomünikasyon Ticaret Ltd. Şti.","whois.nicproxy.com","http://www.nicproxy.com","Temp Organization","Temp Organization","","","Temp State","","Turkey","","","","","","","","","","","","","","","","","","","","","","","","","","","","","","","","","","ns1.natrohost.com","ns2.natrohost.com","","","addPeriod","serverTransferProhibited","",""
"146","minesguzelliksalonu.xyz","2021-03-01 14:48:13","2021-02-27","","2022-02-27","1454","Nics Telekomünikasyon Ticaret Ltd. Şti.","whois.nicproxy.com","http://www.nicproxy.com","Temp Organization","Temp Organization","","","Temp State","","Turkey","","","","","","","","","","","","","","","","","","","","","","","","","","","","","","","","","","ns1.natrohost.com","ns2.natrohost.com","","","addPeriod","serverTransferProhibited","",""
"147","miniwoody.xyz","2021-03-01 14:48:08","2021-02-27","","2022-02-27","1454","Nics Telekomünikasyon Ticaret Ltd. Şti.","whois.nicproxy.com","http://www.nicproxy.com","Temp Organization","Temp Organization","","","Temp State","","Turkey","","","","","","","","","","","","","","","","","","","","","","","","","","","","","","","","","","ns1.natrohost.com","ns2.natrohost.com","","","addPeriod","serverTransferProhibited","",""
"148","mistasarimlar.online","2021-03-01 15:36:47","2021-02-26","","2022-02-26","1454","Nics Telekomünikasyon Ticaret Ltd. Şti.","whois.nicproxy.com","http://www.nicproxy.com","Temp Organization","Temp Organization","","","Temp State","","Turkey","","","","","","","","","","","","","","","","","","","","","","","","","","","","","","","","","","ns1.natrohost.com","ns2.natrohost.com","","","addPeriod","serverTransferProhibited","",""
"149","mobilistadam.xyz","2021-03-01 14:48:11","2021-02-27","","2022-02-27","1454","Nics Telekomünikasyon Ticaret Ltd. Şti.","whois.nicproxy.com","http://www.nicproxy.com","Temp Organization","Temp Organization","","","Temp State","","Turkey","","","","","","","","","","","","","","","","","","","","","","","","","","","","","","","","","","ns1.natrohost.com","ns2.natrohost.com","","","addPeriod","serverTransferProhibited","",""
"150","murmaksanmakina.xyz","2021-03-01 14:48:08","2021-02-27","","2022-02-27","1454","Nics Telekomünikasyon Ticaret Ltd. Şti.","whois.nicproxy.com","http://www.nicproxy.com","Temp Organization","Temp Organization","","","Temp State","","Turkey","","","","","","","","","","","","","","","","","","","","","","","","","","","","","","","","","","ns1.natrohost.com","ns2.natrohost.com","","","addPeriod","serverTransferProhibited","",""
"151","musiconeworld.online","2021-03-01 15:36:50","2021-02-26","","2022-02-26","1454","Nics Telekomünikasyon Ticaret Ltd. Şti.","whois.nicproxy.com","http://www.nicproxy.com","Temp Organization","Temp Organization","","","Temp State","","Turkey","","","","","","","","","","","","","","","","","","","","","","","","","","","","","","","","","","ns1.natrohost.com","ns2.natrohost.com","","","addPeriod","serverTransferProhibited","",""
"152","musicsivas.xyz","2021-03-01 14:48:03","2021-02-27","","2022-02-27","1454","Nics Telekomünikasyon Ticaret Ltd. Şti.","whois.nicproxy.com","http://www.nicproxy.com","Temp Organization","Temp Organization","","","Temp State","","Turkey","","","","","","","","","","","","","","","","","","","","","","","","","","","","","","","","","","ns1.turkveri.net","ns2.turkveri.net","","","addPeriod","serverTransferProhibited","",""
"153","nanekids.xyz","2021-03-01 14:48:06","2021-02-27","","2022-02-27","1454","Nics Telekomünikasyon Ticaret Ltd. Şti.","whois.nicproxy.com","http://www.nicproxy.com","Temp Organization","Temp Organization","","","Temp State","","Turkey","","","","","","","","","","","","","","","","","","","","","","","","","","","","","","","","","","ns1.natrohost.com","ns2.natrohost.com","","","addPeriod","serverTransferProhibited","",""
"154","nanosticplasma.xyz","2021-03-01 14:48:01","2021-02-27","","2022-02-27","1454","Nics Telekomünikasyon Ticaret Ltd. Şti.","whois.nicproxy.com","http://www.nicproxy.com","GORKEM GURDOGAN","GORKEM GURDOGAN","","","BEYOGLU","","Turkey","","","","","","","","","","","","","","","","","","","","","","","","","","","","","","","","","","ns1.natrohost.com","ns2.natrohost.com","","","addPeriod","serverTransferProhibited","",""
"155","nevihal.xyz","2021-03-01 14:48:05","2021-02-27","","2022-02-27","1454","Nics Telekomünikasyon Ticaret Ltd. Şti.","whois.nicproxy.com","http://www.nicproxy.com","Temp Organization","Temp Organization","","","Temp State","","Turkey","","","","","","","","","","","","","","","","","","","","","","","","","","","","","","","","","","ns1.natrohost.com","ns2.natrohost.com","","","addPeriod","serverTransferProhibited","",""
"156","newjobeurope.online","2021-03-01 15:36:42","2021-02-26","","2022-02-26","1454","Nics Telekomünikasyon Ticaret Ltd. Şti.","whois.nicproxy.com","http://www.nicproxy.com","Temp Organization","Temp Organization","","","Temp State","","Turkey","","","","","","","","","","","","","","","","","","","","","","","","","","","","","","","","","","ns1.natrohost.com","ns2.natrohost.com","","","addPeriod","serverTransferProhibited","",""
"157","nftturk.xyz","2021-03-01 14:47:59","2021-02-27","","2022-02-27","1454","Nics Telekomünikasyon Ticaret Ltd. Şti.","whois.nicproxy.com","http://www.nicproxy.com","MEHMET HAKAN GOKDOGAN","MEHMET HAKAN GOKDOGAN","","","MERKEZ","","Turkey","","","","","","","","","","","","","","","","","","","","","","","","","","","","","","","","","","ns1.natrohost.com","ns2.natrohost.com","","","addPeriod","serverTransferProhibited","",""
"158","nfturk.xyz","2021-03-01 14:47:59","2021-02-27","","2022-02-27","1454","Nics Telekomünikasyon Ticaret Ltd. Şti.","whois.nicproxy.com","http://www.nicproxy.com","MEHMET HAKAN GOKDOGAN","MEHMET HAKAN GOKDOGAN","","","MERKEZ","","Turkey","","","","","","","","","","","","","","","","","","","","","","","","","","","","","","","","","","ns1.natrohost.com","ns2.natrohost.com","","","addPeriod","serverTransferProhibited","",""
"159","nidaelektronikticaret.xyz","2021-03-01 14:48:04","2021-02-27","","2022-02-27","1454","Nics Telekomünikasyon Ticaret Ltd. Şti.","whois.nicproxy.com","http://www.nicproxy.com","Temp Organization","Temp Organization","","","Temp State","","Turkey","","","","","","","","","","","","","","","","","","","","","","","","","","","","","","","","","","ns1.natrohost.com","ns2.natrohost.com","","","addPeriod","serverTransferProhibited","",""
"160","niyekine.xyz","2021-03-01 14:48:03","2021-02-27","","2022-02-27","1454","Nics Telekomünikasyon Ticaret Ltd. Şti.","whois.nicproxy.com","http://www.nicproxy.com","Temp Organization","Temp Organization","","","Temp State","","Turkey","","","","","","","","","","","","","","","","","","","","","","","","","","","","","","","","","","ns1.natrohost.com","ns2.natrohost.com","","","addPeriod","serverTransferProhibited","",""
"161","noralterapi.online","2021-03-01 15:36:41","2021-02-26","","2022-02-26","1454","Nics Telekomünikasyon Ticaret Ltd. Şti.","whois.nicproxy.com","http://www.nicproxy.com","Temp Organization","Temp Organization","","","Temp State","","Turkey","","","","","","","","","","","","","","","","","","","","","","","","","","","","","","","","","","ns1.karipsis.com","ns2.karipsis.com","","","addPeriod","serverTransferProhibited","",""
"162","nyza.store","2021-03-01 15:25:55","2021-02-26","","2023-02-26","1454","Nics Telekomünikasyon Ticaret Ltd. Şti.","whois.nicproxy.com","http://www.nicproxy.com","Temp Organization","Temp Organization","","","Temp State","","Turkey","","","","","","","","","","","","","","","","","","","","","","","","","","","","","","","","","","ns1.natrohost.com","ns2.natrohost.com","","","addPeriod","serverTransferProhibited","",""
"163","ofx99.xyz","2021-03-01 14:48:01","2021-02-27","","2022-02-27","1454","Nics Telekomünikasyon Ticaret Ltd. Şti.","whois.nicproxy.com","http://www.nicproxy.com","MURAT  MEVLUT GULLU","MURAT  MEVLUT GULLU","","","SELCUKLU","","Turkey","","","","","","","","","","","","","","","","","","","","","","","","","","","","","","","","","","ns1.natrohost.com","ns2.natrohost.com","","","addPeriod","serverTransferProhibited","",""
"164","ofxsistem.xyz","2021-03-01 14:47:56","2021-02-27","","2022-02-27","1454","Nics Telekomünikasyon Ticaret Ltd. Şti.","whois.nicproxy.com","http://www.nicproxy.com","MURAT  MEVLUT GULLU","MURAT  MEVLUT GULLU","","","SELCUKLU","","Turkey","","","","","","","","","","","","","","","","","","","","","","","","","","","","","","","","","","ns1.natrohost.com","ns2.natrohost.com","","","addPeriod","serverTransferProhibited","",""
"165","ofxsystem.xyz","2021-03-01 14:47:56","2021-02-27","","2022-02-27","1454","Nics Telekomünikasyon Ticaret Ltd. Şti.","whois.nicproxy.com","http://www.nicproxy.com","MURAT  MEVLUT GULLU","MURAT  MEVLUT GULLU","","","SELCUKLU","","Turkey","","","","","","","","","","","","","","","","","","","","","","","","","","","","","","","","","","ns1.natrohost.com","ns2.natrohost.com","","","addPeriod","serverTransferProhibited","",""
"166","ofxteknoloji.xyz","2021-03-01 14:48:01","2021-02-27","","2022-02-27","1454","Nics Telekomünikasyon Ticaret Ltd. Şti.","whois.nicproxy.com","http://www.nicproxy.com","MURAT  MEVLUT GULLU","MURAT  MEVLUT GULLU","","","SELCUKLU","","Turkey","","","","","","","","","","","","","","","","","","","","","","","","","","","","","","","","","","ns1.natrohost.com","ns2.natrohost.com","","","addPeriod","serverTransferProhibited","",""
"167","olyogurme.xyz","2021-03-01 14:48:01","2021-02-27","","2022-02-27","1454","Nics Telekomünikasyon Ticaret Ltd. Şti.","whois.nicproxy.com","http://www.nicproxy.com","Temp Organization","Temp Organization","","","Temp State","","Turkey","","","","","","","","","","","","","","","","","","","","","","","","","","","","","","","","","","ns1.natrohost.com","ns2.natrohost.com","","","addPeriod","serverTransferProhibited","",""
"168","opsin.tech","2021-03-01 15:25:25","2021-02-26","","2022-02-26","1454","Nics Telekomünikasyon Ticaret Ltd. Şti.","whois.nicproxy.com","http://www.nicproxy.com","Temp Organization","Temp Organization","","","Temp State","","Turkey","","","","","","","","","","","","","","","","","","","","","","","","","","","","","","","","","","ns1.natrohost.com","ns2.natrohost.com","","","addPeriod","serverTransferProhibited","",""
"169","opusvinc.online","2021-03-01 15:36:38","2021-02-26","","2022-02-26","1454","Nics Telekomünikasyon Ticaret Ltd. Şti.","whois.nicproxy.com","http://www.nicproxy.com","Temp Organization","Temp Organization","","","Temp State","","Turkey","","","","","","","","","","","","","","","","","","","","","","","","","","","","","","","","","","ns1.natrohost.com","ns2.natrohost.com","","","addPeriod","serverTransferProhibited","",""
"170","ozelegitimverehabilitasyon.online","2021-03-01 15:36:43","2021-02-26","","2022-02-26","1454","Nics Telekomünikasyon Ticaret Ltd. Şti.","whois.nicproxy.com","http://www.nicproxy.com","Temp Organization","Temp Organization","","","Temp State","","Turkey","","","","","","","","","","","","","","","","","","","","","","","","","","","","","","","","","","nsl5.hosthane.com","nsl6.hosthane.com","","","addPeriod","serverTransferProhibited","",""
"171","ozerhelva.xyz","2021-03-01 14:47:59","2021-02-27","","2022-02-27","1454","Nics Telekomünikasyon Ticaret Ltd. Şti.","whois.nicproxy.com","http://www.nicproxy.com","Temp Organization","Temp Organization","","","Temp State","","Turkey","","","","","","","","","","","","","","","","","","","","","","","","","","","","","","","","","","ns1.natrohost.com","ns2.natrohost.com","","","addPeriod","serverTransferProhibited","",""
"172","ozerlokum.xyz","2021-03-01 14:47:54","2021-02-27","","2022-02-27","1454","Nics Telekomünikasyon Ticaret Ltd. Şti.","whois.nicproxy.com","http://www.nicproxy.com","Temp Organization","Temp Organization","","","Temp State","","Turkey","","","","","","","","","","","","","","","","","","","","","","","","","","","","","","","","","","ns1.natrohost.com","ns2.natrohost.com","","","addPeriod","serverTransferProhibited","",""
"173","ozerlokumlari.xyz","2021-03-01 14:47:59","2021-02-27","","2022-02-27","1454","Nics Telekomünikasyon Ticaret Ltd. Şti.","whois.nicproxy.com","http://www.nicproxy.com","Temp Organization","Temp Organization","","","Temp State","","Turkey","","","","","","","","","","","","","","","","","","","","","","","","","","","","","","","","","","ns1.natrohost.com","ns2.natrohost.com","","","addPeriod","serverTransferProhibited","",""
"174","ozturkalper.online","2021-03-01 15:36:38","2021-02-26","","2022-02-26","1454","Nics Telekomünikasyon Ticaret Ltd. Şti.","whois.nicproxy.com","http://www.nicproxy.com","Temp Organization","Temp Organization","","","Temp State","","Turkey","","","","","","","","","","","","","","","","","","","","","","","","","","","","","","","","","","ns1.natrohost.com","ns2.natrohost.com","","","addPeriod","serverTransferProhibited","",""
"175","pepekelektromarket.online","2021-03-01 15:36:35","2021-02-26","2021-02-26","2022-02-26","1454","Nics Telekomünikasyon Ticaret Ltd. Şti.","whois.nicproxy.com","http://www.nicproxy.com","Temp Organization","Temp Organization","","","Temp State","","Turkey","","","","","","","","","","","","","","","","","","","","","","","","","","","","","","","","","","ns1.natrohost.com","ns2.natrohost.com","","","addPeriod","serverTransferProhibited","",""
"176","perdecesitleri.xyz","2021-03-01 14:46:20","2021-02-27","2021-02-27","2022-02-27","1454","Nics Telekomünikasyon Ticaret Ltd. Şti.","whois.nicproxy.com","http://www.nicproxy.com","Temp Organization","Temp Organization","","","Temp State","","Turkey","","","","","","","","","","","","","","","","","","","","","","","","","","","","","","","","","","ns1.natrohost.com","ns2.natrohost.com","","","addPeriod","serverTransferProhibited","",""
"177","pestil.xyz","2021-03-01 14:46:21","2021-02-27","","2022-02-27","1454","Nics Telekomünikasyon Ticaret Ltd. Şti.","whois.nicproxy.com","http://www.nicproxy.com","Temp Organization","Temp Organization","","","Temp State","","Turkey","","","","","","","","","","","","","","","","","","","","","","","","","","","","","","","","","","ns1.natrohost.com","ns2.natrohost.com","","","addPeriod","serverTransferProhibited","",""
"178","pharmex-hp.online","2021-03-01 15:36:36","2021-02-26","","2022-02-26","1454","Nics Telekomünikasyon Ticaret Ltd. Şti.","whois.nicproxy.com","http://www.nicproxy.com","Temp Organization","Temp Organization","","","Temp State","","Turkey","","","","","","","","","","","","","","","","","","","","","","","","","","","","","","","","","","ns1.natrohost.com","ns2.natrohost.com","","","addPeriod","serverTransferProhibited","",""
"179","platomobil.site","2021-03-01 15:29:22","2021-02-26","","2022-02-26","1454","Nics Telekomünikasyon Ticaret Ltd. Şti.","whois.nicproxy.com","http://www.nicproxy.com","Temp Organization","Temp Organization","","","Temp State","","Turkey","","","","","","","","","","","","","","","","","","","","","","","","","","","","","","","","","","ns1.natrohost.com","ns2.natrohost.com","","","addPeriod","serverTransferProhibited","",""
"180","policeteklif.online","2021-03-01 15:36:38","2021-02-27","","2022-02-27","1454","Nics Telekomünikasyon Ticaret Ltd. Şti.","whois.nicproxy.com","http://www.nicproxy.com","MEHMET HAKAN GOKDOGAN","MEHMET HAKAN GOKDOGAN","","","MERKEZ","","Turkey","","","","","","","","","","","","","","","","","","","","","","","","","","","","","","","","","","ns1.natrohost.com","ns2.natrohost.com","","","addPeriod","serverTransferProhibited","",""
"181","pomzadunyasi.xyz","2021-03-01 14:47:51","2021-02-27","","2022-02-27","1454","Nics Telekomünikasyon Ticaret Ltd. Şti.","whois.nicproxy.com","http://www.nicproxy.com","Temp Organization","Temp Organization","","","Temp State","","Turkey","","","","","","","","","","","","","","","","","","","","","","","","","","","","","","","","","","ns1.natrohost.com","ns2.natrohost.com","","","addPeriod","serverTransferProhibited","",""
"182","puqqi.online","2021-03-01 15:36:35","2021-02-26","","2022-02-26","1454","Nics Telekomünikasyon Ticaret Ltd. Şti.","whois.nicproxy.com","http://www.nicproxy.com","Temp Organization","Temp Organization","","","Temp State","","Turkey","","","","","","","","","","","","","","","","","","","","","","","","","","","","","","","","","","weu.domainhizmetleri.net","wtr.domainhizmetleri.net","","","addPeriod","serverTransferProhibited","",""
"183","ralila.online","2021-03-01 15:36:29","2021-02-26","","2022-02-26","1454","Nics Telekomünikasyon Ticaret Ltd. Şti.","whois.nicproxy.com","http://www.nicproxy.com","Temp Organization","Temp Organization","","","Temp State","","Turkey","","","","","","","","","","","","","","","","","","","","","","","","","","","","","","","","","","ns1.natrohost.com","ns2.natrohost.com","","","addPeriod","serverTransferProhibited","",""
"184","redandblue.store","2021-03-01 15:25:51","2021-02-26","","2022-02-26","1454","Nics Telekomünikasyon Ticaret Ltd. Şti.","whois.nicproxy.com","http://www.nicproxy.com","Temp Organization","Temp Organization","","","Temp State","","Turkey","","","","","","","","","","","","","","","","","","","","","","","","","","","","","","","","","","ns1.natrohost.com","ns2.natrohost.com","","","addPeriod","serverTransferProhibited","",""
"185","rikajewelry.xyz","2021-03-01 14:47:49","2021-02-27","","2022-02-27","1454","Nics Telekomünikasyon Ticaret Ltd. Şti.","whois.nicproxy.com","http://www.nicproxy.com","Temp Organization","Temp Organization","","","Temp State","","Turkey","","","","","","","","","","","","","","","","","","","","","","","","","","","","","","","","","","ns1.natrohost.com","ns2.natrohost.com","","","addPeriod","serverTransferProhibited","",""
"186","roketyazilim.xyz","2021-03-01 14:47:48","2021-02-27","","2022-02-27","1454","Nics Telekomünikasyon Ticaret Ltd. Şti.","whois.nicproxy.com","http://www.nicproxy.com","Temp Organization","Temp Organization","","","Temp State","","Turkey","","","","","","","","","","","","","","","","","","","","","","","","","","","","","","","","","","ns1.natrohost.com","ns2.natrohost.com","","","addPeriod","serverTransferProhibited","",""
"187","rxmuadil.xyz","2021-03-01 14:47:43","2021-02-27","2021-03-01","2022-02-27","1454","Nics Telekomünikasyon Ticaret Ltd. Şti.","whois.nicproxy.com","http://www.nicproxy.com","Temp Organization","Temp Organization","","","Temp State","","Turkey","","","","","","","","","","","","","","","","","","","","","","","","","","","","","","","","","","ns1.natrohost.com","ns2.natrohost.com","","","addPeriod","serverTransferProhibited","",""
"188","safirsuite.xyz","2021-03-01 14:47:42","2021-02-27","","2022-02-27","1454","Nics Telekomünikasyon Ticaret Ltd. Şti.","whois.nicproxy.com","http://www.nicproxy.com","Temp Organization","Temp Organization","","","Temp State","","Turkey","","","","","","","","","","","","","","","","","","","","","","","","","","","","","","","","","","ns1.natrohost.com","ns2.natrohost.com","","","addPeriod","serverTransferProhibited","",""
"189","sahinkeskin.xyz","2021-03-01 14:47:47","2021-02-27","","2022-02-27","1454","Nics Telekomünikasyon Ticaret Ltd. Şti.","whois.nicproxy.com","http://www.nicproxy.com","Onur Uskuplu","Onur Uskuplu","","","Kucukcekmece","","Turkey","","","","","","","","","","","","","","","","","","","","","","","","","","","","","","","","","","ns1.natrohost.com","ns2.natrohost.com","","","addPeriod","serverTransferProhibited","",""
"190","sakligolsu.xyz","2021-03-01 14:47:43","2021-02-27","","2022-02-27","1454","Nics Telekomünikasyon Ticaret Ltd. Şti.","whois.nicproxy.com","http://www.nicproxy.com","Temp Organization","Temp Organization","","","Temp State","","Turkey","","","","","","","","","","","","","","","","","","","","","","","","","","","","","","","","","","ns1.natrohost.com","ns2.natrohost.com","","","addPeriod","serverTransferProhibited","",""
"191","sanalberber.online","2021-03-01 15:34:49","2021-02-26","","2022-02-26","1454","Nics Telekomünikasyon Ticaret Ltd. Şti.","whois.nicproxy.com","http://www.nicproxy.com","Temp Organization","Temp Organization","","","Temp State","","Turkey","","","","","","","","","","","","","","","","","","","","","","","","","","","","","","","","","","ns1.natrohost.com","ns2.natrohost.com","","","addPeriod","serverTransferProhibited","",""
"192","saysturkey.xyz","2021-03-01 14:47:46","2021-02-27","","2022-02-27","1454","Nics Telekomünikasyon Ticaret Ltd. Şti.","whois.nicproxy.com","http://www.nicproxy.com","","","","","Bayrampasa","","Turkey","","","","","","","","","","","","","","","","","","","","","","","","","","","","","","","","","","ns1.natrohost.com","ns2.natrohost.com","","","addPeriod","serverTransferProhibited","",""
"193","sertyureklojistik.xyz","2021-03-01 14:45:58","2021-02-27","","2022-02-27","1454","Nics Telekomünikasyon Ticaret Ltd. Şti.","whois.nicproxy.com","http://www.nicproxy.com","Temp Organization","Temp Organization","","","Temp State","","Turkey","","","","","","","","","","","","","","","","","","","","","","","","","","","","","","","","","","ns1.natrohost.com","ns2.natrohost.com","","","addPeriod","serverTransferProhibited","",""
"194","shoeandschuh.xyz","2021-03-01 14:47:42","2021-02-27","","2022-02-27","1454","Nics Telekomünikasyon Ticaret Ltd. Şti.","whois.nicproxy.com","http://www.nicproxy.com","Temp Organization","Temp Organization","","","Temp State","","Turkey","","","","","","","","","","","","","","","","","","","","","","","","","","","","","","","","","","ns1.natrohost.com","ns2.natrohost.com","","","addPeriod","serverTransferProhibited","",""
"195","sicaakgeceleer.xyz","2021-03-01 14:47:40","2021-02-27","2021-02-27","2022-02-27","1454","Nics Telekomünikasyon Ticaret Ltd. Şti.","whois.nicproxy.com","http://www.nicproxy.com","Temp Organization","Temp Organization","","","Temp State","","Turkey","","","","","","","","","","","","","","","","","","","","","","","","","","","","","","","","","","ns1.natrohost.com","ns2.natrohost.com","","","addPeriod","serverTransferProhibited","",""
"196","sifirikincielyazici.xyz","2021-03-01 14:47:37","2021-02-27","","2022-02-27","1454","Nics Telekomünikasyon Ticaret Ltd. Şti.","whois.nicproxy.com","http://www.nicproxy.com","Temp Organization","Temp Organization","","","Temp State","","Turkey","","","","","","","","","","","","","","","","","","","","","","","","","","","","","","","","","","ns1.natrohost.com","ns2.natrohost.com","","","addPeriod","serverTransferProhibited","",""
"197","sigortaeskisehir.xyz","2021-03-01 14:47:42","2021-02-27","","2022-02-27","1454","Nics Telekomünikasyon Ticaret Ltd. Şti.","whois.nicproxy.com","http://www.nicproxy.com","Temp Organization","Temp Organization","","","Temp State","","Turkey","","","","","","","","","","","","","","","","","","","","","","","","","","","","","","","","","","ns1.natrohost.com","ns2.natrohost.com","","","addPeriod","serverTransferProhibited","",""
"198","sivastattoodovme.online","2021-03-01 15:34:41","2021-02-26","","2022-02-26","1454","Nics Telekomünikasyon Ticaret Ltd. Şti.","whois.nicproxy.com","http://www.nicproxy.com","Temp Organization","Temp Organization","","","Temp State","","Turkey","","","","","","","","","","","","","","","","","","","","","","","","","","","","","","","","","","ns1.natrohost.com","ns2.natrohost.com","","","addPeriod","serverTransferProhibited","",""
"199","sosyal-medya-uzmani.xyz","2021-03-01 14:47:34","2021-02-27","","2022-02-27","1454","Nics Telekomünikasyon Ticaret Ltd. Şti.","whois.nicproxy.com","http://www.nicproxy.com","Temp Organization","Temp Organization","","","Temp State","","Turkey","","","","","","","","","","","","","","","","","","","","","","","","","","","","","","","","","","ns1.natrohost.com","ns2.natrohost.com","","","addPeriod","serverTransferProhibited","",""
"200","stategayrimenkulyildizkent.site","2021-03-01 15:29:14","2021-02-26","","2022-02-26","1454","Nics Telekomünikasyon Ticaret Ltd. Şti.","whois.nicproxy.com","http://www.nicproxy.com","Temp Organization","Temp Organization","","","Temp State","","Turkey","","","","","","","","","","","","","","","","","","","","","","","","","","","","","","","","","","ns1.natrohost.com","ns2.natrohost.com","","","addPeriod","serverTransferProhibited","",""
"201","stxuni.xyz","2021-03-01 14:47:36","2021-02-27","","2022-02-27","1454","Nics Telekomünikasyon Ticaret Ltd. Şti.","whois.nicproxy.com","http://www.nicproxy.com","Temp Organization","Temp Organization","","","Temp State","","Turkey","","","","","","","","","","","","","","","","","","","","","","","","","","","","","","","","","","ns1.natrohost.com","ns2.natrohost.com","","","addPeriod","serverTransferProhibited","",""
"202","tarihimercandonercisi.xyz","2021-03-01 14:47:34","2021-02-27","","2022-02-27","1454","Nics Telekomünikasyon Ticaret Ltd. Şti.","whois.nicproxy.com","http://www.nicproxy.com","Temp Organization","Temp Organization","","","Temp State","","Turkey","","","","","","","","","","","","","","","","","","","","","","","","","","","","","","","","","","ns1.natrohost.com","ns2.natrohost.com","","","addPeriod","serverTransferProhibited","",""
"203","tatdur.xyz","2021-03-01 14:47:34","2021-02-27","","2022-02-27","1454","Nics Telekomünikasyon Ticaret Ltd. Şti.","whois.nicproxy.com","http://www.nicproxy.com","Temp Organization","Temp Organization","","","Temp State","","Turkey","","","","","","","","","","","","","","","","","","","","","","","","","","","","","","","","","","ns1.natrohost.com","ns2.natrohost.com","","","addPeriod","serverTransferProhibited","",""
"204","tazeyerim.xyz","2021-03-01 14:47:29","2021-02-27","","2022-02-27","1454","Nics Telekomünikasyon Ticaret Ltd. Şti.","whois.nicproxy.com","http://www.nicproxy.com","Temp Organization","Temp Organization","","","Temp State","","Turkey","","","","","","","","","","","","","","","","","","","","","","","","","","","","","","","","","","ns1.natrohost.com","ns2.natrohost.com","","","addPeriod","serverTransferProhibited","",""
"205","tesbihborsa.xyz","2021-03-01 14:47:33","2021-02-27","","2022-02-27","1454","Nics Telekomünikasyon Ticaret Ltd. Şti.","whois.nicproxy.com","http://www.nicproxy.com","Temp Organization","Temp Organization","","","Temp State","","Turkey","","","","","","","","","","","","","","","","","","","","","","","","","","","","","","","","","","ns1.natrohost.com","ns2.natrohost.com","","","addPeriod","serverTransferProhibited","",""
"206","tilkicikresidencebodrum.xyz","2021-03-01 14:47:27","2021-02-27","","2022-02-27","1454","Nics Telekomünikasyon Ticaret Ltd. Şti.","whois.nicproxy.com","http://www.nicproxy.com","Temp Organization","Temp Organization","","","Temp State","","Turkey","","","","","","","","","","","","","","","","","","","","","","","","","","","","","","","","","","ns1.natrohost.com","ns2.natrohost.com","","","addPeriod","serverTransferProhibited","",""
"207","tourofalanya.xyz","2021-03-01 14:47:31","2021-02-27","","2022-02-27","1454","Nics Telekomünikasyon Ticaret Ltd. Şti.","whois.nicproxy.com","http://www.nicproxy.com","Temp Organization","Temp Organization","","","Temp State","","Turkey","","","","","","","","","","","","","","","","","","","","","","","","","","","","","","","","","","ns1.natrohost.com","ns2.natrohost.com","","","addPeriod","serverTransferProhibited","",""
"208","trendyolders.xyz","2021-03-01 14:47:30","2021-02-27","","2022-02-27","1454","Nics Telekomünikasyon Ticaret Ltd. Şti.","whois.nicproxy.com","http://www.nicproxy.com","Temp Organization","Temp Organization","","","Temp State","","Turkey","","","","","","","","","","","","","","","","","","","","","","","","","","","","","","","","","","ns1.natrohost.com","ns2.natrohost.com","","","addPeriod","serverTransferProhibited","",""
"209","tugbahakyemez.xyz","2021-03-01 14:47:24","2021-02-27","","2022-02-27","1454","Nics Telekomünikasyon Ticaret Ltd. Şti.","whois.nicproxy.com","http://www.nicproxy.com","Temp Organization","Temp Organization","","","Temp State","","Turkey","","","","","","","","","","","","","","","","","","","","","","","","","","","","","","","","","","ns1.natrohost.com","ns2.natrohost.com","","","addPeriod","serverTransferProhibited","",""
"210","turkcekitapal.xyz","2021-03-01 14:47:24","2021-02-27","","2022-02-27","1454","Nics Telekomünikasyon Ticaret Ltd. Şti.","whois.nicproxy.com","http://www.nicproxy.com","Temp Organization","Temp Organization","","","Temp State","","Turkey","","","","","","","","","","","","","","","","","","","","","","","","","","","","","","","","","","ns1.mikronhost.com","ns2.mikronhost.com","","","addPeriod","serverTransferProhibited","",""
"211","turkey2world.xyz","2021-03-01 14:47:28","2021-02-27","","2022-02-27","1454","Nics Telekomünikasyon Ticaret Ltd. Şti.","whois.nicproxy.com","http://www.nicproxy.com","Temp Organization","Temp Organization","","","Temp State","","Turkey","","","","","","","","","","","","","","","","","","","","","","","","","","","","","","","","","","ns1.natrohost.com","ns2.natrohost.com","","","addPeriod","serverTransferProhibited","",""
"212","ulutekin.online","2021-03-01 15:34:28","2021-02-26","","2022-02-26","1454","Nics Telekomünikasyon Ticaret Ltd. Şti.","whois.nicproxy.com","http://www.nicproxy.com","Temp Organization","Temp Organization","","","Temp State","","Turkey","","","","","","","","","","","","","","","","","","","","","","","","","","","","","","","","","","ns1.natrohost.com","ns2.natrohost.com","","","addPeriod","serverTransferProhibited","",""
"213","unveryapi.online","2021-03-01 15:34:27","2021-02-26","","2022-02-26","1454","Nics Telekomünikasyon Ticaret Ltd. Şti.","whois.nicproxy.com","http://www.nicproxy.com","Temp Organization","Temp Organization","","","Temp State","","Turkey","","","","","","","","","","","","","","","","","","","","","","","","","","","","","","","","","","ns1.natrohost.com","ns2.natrohost.com","","","addPeriod","serverTransferProhibited","",""
"214","uvchava.xyz","2021-03-01 14:47:20","2021-02-27","","2022-02-27","1454","Nics Telekomünikasyon Ticaret Ltd. Şti.","whois.nicproxy.com","http://www.nicproxy.com","Temp Organization","Temp Organization","","","Temp State","","Turkey","","","","","","","","","","","","","","","","","","","","","","","","","","","","","","","","","","ns1.natrohost.com","ns2.natrohost.com","","","addPeriod","serverTransferProhibited","",""
"215","uvcluft.xyz","2021-03-01 14:47:20","2021-02-27","","2022-02-27","1454","Nics Telekomünikasyon Ticaret Ltd. Şti.","whois.nicproxy.com","http://www.nicproxy.com","Temp Organization","Temp Organization","","","Temp State","","Turkey","","","","","","","","","","","","","","","","","","","","","","","","","","","","","","","","","","ns1.natrohost.com","ns2.natrohost.com","","","addPeriod","serverTransferProhibited","",""
"216","vega-projects.online","2021-03-01 15:34:26","2021-02-26","","2022-02-26","1454","Nics Telekomünikasyon Ticaret Ltd. Şti.","whois.nicproxy.com","http://www.nicproxy.com","Temp Organization","Temp Organization","","","Temp State","","Turkey","","","","","","","","","","","","","","","","","","","","","","","","","","","","","","","","","","ns1.natrohost.com","ns2.natrohost.com","","","addPeriod","serverTransferProhibited","",""
"217","villasaraycesme.xyz","2021-03-01 14:47:25","2021-02-27","","2022-02-27","1454","Nics Telekomünikasyon Ticaret Ltd. Şti.","whois.nicproxy.com","http://www.nicproxy.com","Temp Organization","Temp Organization","","","Temp State","","Turkey","","","","","","","","","","","","","","","","","","","","","","","","","","","","","","","","","","ns1.natrohost.com","ns2.natrohost.com","","","addPeriod","serverTransferProhibited","",""
"218","voipenter.xyz","2021-03-01 14:47:24","2021-02-27","","2022-02-27","1454","Nics Telekomünikasyon Ticaret Ltd. Şti.","whois.nicproxy.com","http://www.nicproxy.com","Temp Organization","Temp Organization","","","Temp State","","Turkey","","","","","","","","","","","","","","","","","","","","","","","","","","","","","","","","","","ns1.natrohost.com","ns2.natrohost.com","","","addPeriod","serverTransferProhibited","",""
"219","web-sitesi-kurma.xyz","2021-03-01 14:47:17","2021-02-27","","2022-02-27","1454","Nics Telekomünikasyon Ticaret Ltd. Şti.","whois.nicproxy.com","http://www.nicproxy.com","Temp Organization","Temp Organization","","","Temp State","","Turkey","","","","","","","","","","","","","","","","","","","","","","","","","","","","","","","","","","ns1.natrohost.com","ns2.natrohost.com","","","addPeriod","serverTransferProhibited","",""
"220","yaraticiuretim.xyz","2021-03-01 14:47:08","2021-02-27","","2022-02-27","1454","Nics Telekomünikasyon Ticaret Ltd. Şti.","whois.nicproxy.com","http://www.nicproxy.com","Temp Organization","Temp Organization","","","Temp State","","Turkey","","","","","","","","","","","","","","","","","","","","","","","","","","","","","","","","","","ns1.natrohost.com","ns2.natrohost.com","","","addPeriod","serverTransferProhibited","",""
"221","yenimodacips.xyz","2021-03-01 14:47:13","2021-02-27","","2022-02-27","1454","Nics Telekomünikasyon Ticaret Ltd. Şti.","whois.nicproxy.com","http://www.nicproxy.com","Temp Organization","Temp Organization","","","Temp State","","Turkey","","","","","","","","","","","","","","","","","","","","","","","","","","","","","","","","","","ns1.natrohost.com","ns2.natrohost.com","","","addPeriod","serverTransferProhibited","",""
"222","zehraceyiz.site","2021-03-01 15:28:14","2021-02-26","2021-03-01","2022-02-26","1454","Nics Telekomünikasyon Ticaret Ltd. Şti.","whois.nicproxy.com","http://www.nicproxy.com","Zehra Ceyiz","Zehra Ceyiz","","","Izmit","","Turkey","","","","","","","","","","","","","","","","","","","","","","","","","","","","","","","","","","ns1.natrohost.com","ns2.natrohost.com","","","addPeriod","clientTransferProhibited","serverTransferProhibited",""
"223","zogroup.site","2021-03-01 15:28:18","2021-02-26","2021-02-26","2022-02-26","1454","Nics Telekomünikasyon Ticaret Ltd. Şti.","whois.nicproxy.com","http://www.nicproxy.com","Temp Organization","Temp Organization","","","Temp State","","Turkey","","","","","","","","","","","","","","","","","","","","","","","","","","","","","","","","","","ns1.veridyen.com","ns2.veridyen.com","","","addPeriod","serverTransferProhibited","",""