"num","domain_name","query_time","create_date","update_date","expiry_date","domain_registrar_id","domain_registrar_name","domain_registrar_whois","domain_registrar_url","registrant_name","registrant_company","registrant_address","registrant_city","registrant_state","registrant_zip","registrant_country","registrant_email","registrant_phone","registrant_fax","administrative_name","administrative_company","administrative_address","administrative_city","administrative_state","administrative_zip","administrative_country","administrative_email","administrative_phone","administrative_fax","technical_name","technical_company","technical_address","technical_city","technical_state","technical_zip","technical_country","technical_email","technical_phone","technical_fax","billing_name","billing_company","billing_address","billing_city","billing_state","billing_zip","billing_country","billing_email","billing_phone","billing_fax","name_server_1","name_server_2","name_server_3","name_server_4","domain_status_1","domain_status_2","domain_status_3","domain_status_4"
"1","atikusec.com","2021-03-01 16:57:48","2021-02-27","2021-02-27","2022-02-27","1666","OpenTLD B.V.","http://www.freenom.com/whois","http://www.freenom.com/","REDACTED FOR PRIVACY","REDACTED FOR PRIVACY","REDACTED FOR PRIVACY","REDACTED FOR PRIVACY","NL-NH","REDACTED FOR PRIVACY","Netherlands","","REDACTED FOR PRIVACY","","REDACTED FOR PRIVACY","REDACTED FOR PRIVACY","REDACTED FOR PRIVACY","REDACTED FOR PRIVACY","REDACTED FOR PRIVACY","REDACTED FOR PRIVACY","REDACTED FOR PRIVACY","","REDACTED FOR PRIVACY","+31.20.5315721","REDACTED FOR PRIVACY","REDACTED FOR PRIVACY","REDACTED FOR PRIVACY","REDACTED FOR PRIVACY","REDACTED FOR PRIVACY","REDACTED FOR PRIVACY","REDACTED FOR PRIVACY","","REDACTED FOR PRIVACY","","","","","","","","","","","","ns01.freenom.com","ns02.freenom.com","ns03.freenom.com","ns04.freenom.com","clientTransferProhibited","","",""
"2","byeed.com","2021-03-01 14:25:53","2021-02-27","2021-02-28","2024-02-27","1666","OpenTLD B.V.","http://www.freenom.com/whois","http://www.freenom.com/","REDACTED FOR PRIVACY","REDACTED FOR PRIVACY","REDACTED FOR PRIVACY","REDACTED FOR PRIVACY","NL-NH","REDACTED FOR PRIVACY","Netherlands","","REDACTED FOR PRIVACY","","REDACTED FOR PRIVACY","REDACTED FOR PRIVACY","REDACTED FOR PRIVACY","REDACTED FOR PRIVACY","REDACTED FOR PRIVACY","REDACTED FOR PRIVACY","REDACTED FOR PRIVACY","","REDACTED FOR PRIVACY","+31.20.5315721","REDACTED FOR PRIVACY","REDACTED FOR PRIVACY","REDACTED FOR PRIVACY","REDACTED FOR PRIVACY","REDACTED FOR PRIVACY","REDACTED FOR PRIVACY","REDACTED FOR PRIVACY","","REDACTED FOR PRIVACY","","","","","","","","","","","","ns01.freenom.com","ns02.freenom.com","ns03.freenom.com","ns04.freenom.com","clientTransferProhibited","","",""
"3","daftarsyarikat.net","2021-03-01 15:44:41","2021-02-26","2021-02-26","2022-02-26","1666","OpenTLD B.V.","http://www.freenom.com/whois","http://www.freenom.com/","REDACTED FOR PRIVACY","REDACTED FOR PRIVACY","REDACTED FOR PRIVACY","REDACTED FOR PRIVACY","","REDACTED FOR PRIVACY","Malaysia","","REDACTED FOR PRIVACY","","REDACTED FOR PRIVACY","REDACTED FOR PRIVACY","REDACTED FOR PRIVACY","REDACTED FOR PRIVACY","REDACTED FOR PRIVACY","REDACTED FOR PRIVACY","REDACTED FOR PRIVACY","","REDACTED FOR PRIVACY","","REDACTED FOR PRIVACY","REDACTED FOR PRIVACY","REDACTED FOR PRIVACY","REDACTED FOR PRIVACY","REDACTED FOR PRIVACY","REDACTED FOR PRIVACY","REDACTED FOR PRIVACY","","REDACTED FOR PRIVACY","","","","","","","","","","","","ns1.richscents2u.com","ns2.richscents2u.com","","","clientTransferProhibited","","",""
"4","daviewales.com","2021-03-01 16:50:04","2021-02-27","2021-02-27","2022-02-27","1666","OpenTLD B.V.","http://www.freenom.com/whois","http://www.freenom.com/","REDACTED FOR PRIVACY","REDACTED FOR PRIVACY","REDACTED FOR PRIVACY","REDACTED FOR PRIVACY","NL-NH","REDACTED FOR PRIVACY","Netherlands","","REDACTED FOR PRIVACY","","REDACTED FOR PRIVACY","REDACTED FOR PRIVACY","REDACTED FOR PRIVACY","REDACTED FOR PRIVACY","REDACTED FOR PRIVACY","REDACTED FOR PRIVACY","REDACTED FOR PRIVACY","","REDACTED FOR PRIVACY","+31.20.5315721","REDACTED FOR PRIVACY","REDACTED FOR PRIVACY","REDACTED FOR PRIVACY","REDACTED FOR PRIVACY","REDACTED FOR PRIVACY","REDACTED FOR PRIVACY","REDACTED FOR PRIVACY","","REDACTED FOR PRIVACY","","","","","","","","","","","","andy.ns.cloudflare.com","lara.ns.cloudflare.com","","","clientTransferProhibited","","",""
"5","eth2.tax","2021-03-01 15:25:29","2021-02-26","2021-02-26","2022-02-26","1666","OpenTLD B.V.","http://www.freenom.com/whois","http://www.freenom.com/","REDACTED FOR PRIVACY","Stichting OpenTLD WHOIS Proxy","REDACTED FOR PRIVACY","REDACTED FOR PRIVACY","NL-NH","REDACTED FOR PRIVACY","Netherlands","","REDACTED FOR PRIVACY","REDACTED FOR PRIVACY","","","","","","","","","","","","","","","","","","","","","","","","","","","","","","","","","","","addPeriod","clientTransferProhibited","",""
"6","freevine.net","2021-03-01 15:40:31","2021-02-26","2021-02-26","2022-02-26","1666","OpenTLD B.V.","http://www.freenom.com/whois","http://www.freenom.com/","REDACTED FOR PRIVACY","REDACTED FOR PRIVACY","REDACTED FOR PRIVACY","REDACTED FOR PRIVACY","NL-NH","REDACTED FOR PRIVACY","Netherlands","","REDACTED FOR PRIVACY","","REDACTED FOR PRIVACY","REDACTED FOR PRIVACY","REDACTED FOR PRIVACY","REDACTED FOR PRIVACY","REDACTED FOR PRIVACY","REDACTED FOR PRIVACY","REDACTED FOR PRIVACY","","REDACTED FOR PRIVACY","+31.20.5315721","REDACTED FOR PRIVACY","REDACTED FOR PRIVACY","REDACTED FOR PRIVACY","REDACTED FOR PRIVACY","REDACTED FOR PRIVACY","REDACTED FOR PRIVACY","REDACTED FOR PRIVACY","","REDACTED FOR PRIVACY","","","","","","","","","","","","ns01.freenom.com","ns02.freenom.com","ns03.freenom.com","ns04.freenom.com","clientTransferProhibited","","",""
"7","gatimetradicionale.net","2021-03-01 15:40:29","2021-02-26","2021-02-27","2022-02-26","1666","OpenTLD B.V.","http://www.freenom.com/whois","http://www.freenom.com/","REDACTED FOR PRIVACY","REDACTED FOR PRIVACY","REDACTED FOR PRIVACY","REDACTED FOR PRIVACY","NL-NH","REDACTED FOR PRIVACY","Netherlands","","REDACTED FOR PRIVACY","","REDACTED FOR PRIVACY","REDACTED FOR PRIVACY","REDACTED FOR PRIVACY","REDACTED FOR PRIVACY","REDACTED FOR PRIVACY","REDACTED FOR PRIVACY","REDACTED FOR PRIVACY","","REDACTED FOR PRIVACY","+31.20.5315721","REDACTED FOR PRIVACY","REDACTED FOR PRIVACY","REDACTED FOR PRIVACY","REDACTED FOR PRIVACY","REDACTED FOR PRIVACY","REDACTED FOR PRIVACY","REDACTED FOR PRIVACY","","REDACTED FOR PRIVACY","","","","","","","","","","","","ns0.wixdns.net","ns1.wixdns.net","","","OK","","",""
"8","hazteunsitio.net","2021-03-01 15:40:20","2021-02-26","2021-02-26","2022-02-26","1666","OpenTLD B.V.","http://www.freenom.com/whois","http://www.freenom.com/","REDACTED FOR PRIVACY","REDACTED FOR PRIVACY","REDACTED FOR PRIVACY","REDACTED FOR PRIVACY","NL-NH","REDACTED FOR PRIVACY","Netherlands","","REDACTED FOR PRIVACY","","REDACTED FOR PRIVACY","REDACTED FOR PRIVACY","REDACTED FOR PRIVACY","REDACTED FOR PRIVACY","REDACTED FOR PRIVACY","REDACTED FOR PRIVACY","REDACTED FOR PRIVACY","","REDACTED FOR PRIVACY","+31.20.5315721","REDACTED FOR PRIVACY","REDACTED FOR PRIVACY","REDACTED FOR PRIVACY","REDACTED FOR PRIVACY","REDACTED FOR PRIVACY","REDACTED FOR PRIVACY","REDACTED FOR PRIVACY","","REDACTED FOR PRIVACY","","","","","","","","","","","","ns1.hazteunsitio.net","ns2.hazteunsitio.net","","","clientTransferProhibited","","",""
"9","helderhrintrujo.com","2021-03-01 16:38:23","2021-02-27","2021-02-27","2022-02-27","1666","OpenTLD B.V.","http://www.freenom.com/whois","http://www.freenom.com/","REDACTED FOR PRIVACY","REDACTED FOR PRIVACY","REDACTED FOR PRIVACY","REDACTED FOR PRIVACY","NL-NH","REDACTED FOR PRIVACY","Netherlands","","REDACTED FOR PRIVACY","","REDACTED FOR PRIVACY","REDACTED FOR PRIVACY","REDACTED FOR PRIVACY","REDACTED FOR PRIVACY","REDACTED FOR PRIVACY","REDACTED FOR PRIVACY","REDACTED FOR PRIVACY","","REDACTED FOR PRIVACY","+31.20.5315721","REDACTED FOR PRIVACY","REDACTED FOR PRIVACY","REDACTED FOR PRIVACY","REDACTED FOR PRIVACY","REDACTED FOR PRIVACY","REDACTED FOR PRIVACY","REDACTED FOR PRIVACY","","REDACTED FOR PRIVACY","","","","","","","","","","","","ishaan.ns.cloudflare.com","noor.ns.cloudflare.com","","","clientTransferProhibited","","",""
"10","herfareshare.com","2021-03-01 16:38:25","2021-02-27","2021-02-27","2022-02-27","1666","OpenTLD B.V.","http://www.freenom.com/whois","http://www.freenom.com/","REDACTED FOR PRIVACY","REDACTED FOR PRIVACY","REDACTED FOR PRIVACY","REDACTED FOR PRIVACY","NL-NH","REDACTED FOR PRIVACY","Netherlands","","REDACTED FOR PRIVACY","","REDACTED FOR PRIVACY","REDACTED FOR PRIVACY","REDACTED FOR PRIVACY","REDACTED FOR PRIVACY","REDACTED FOR PRIVACY","REDACTED FOR PRIVACY","REDACTED FOR PRIVACY","","REDACTED FOR PRIVACY","+31.20.5315721","REDACTED FOR PRIVACY","REDACTED FOR PRIVACY","REDACTED FOR PRIVACY","REDACTED FOR PRIVACY","REDACTED FOR PRIVACY","REDACTED FOR PRIVACY","REDACTED FOR PRIVACY","","REDACTED FOR PRIVACY","","","","","","","","","","","","ns10.wixdns.net","ns11.wixdns.net","","","clientTransferProhibited","","",""
"11","javiermontadj.net","2021-03-01 15:39:53","2021-02-26","2021-03-01","2022-02-26","1666","OpenTLD B.V.","http://www.freenom.com/whois","http://www.freenom.com/","REDACTED FOR PRIVACY","REDACTED FOR PRIVACY","REDACTED FOR PRIVACY","REDACTED FOR PRIVACY","NL-NH","REDACTED FOR PRIVACY","Netherlands","","REDACTED FOR PRIVACY","","REDACTED FOR PRIVACY","REDACTED FOR PRIVACY","REDACTED FOR PRIVACY","REDACTED FOR PRIVACY","REDACTED FOR PRIVACY","REDACTED FOR PRIVACY","REDACTED FOR PRIVACY","","REDACTED FOR PRIVACY","+31.20.5315721","REDACTED FOR PRIVACY","REDACTED FOR PRIVACY","REDACTED FOR PRIVACY","REDACTED FOR PRIVACY","REDACTED FOR PRIVACY","REDACTED FOR PRIVACY","REDACTED FOR PRIVACY","","REDACTED FOR PRIVACY","","","","","","","","","","","","ns01.freenom.com","ns02.freenom.com","ns03.freenom.com","ns04.freenom.com","clientTransferProhibited","","",""
"12","leinanetwork.com","2021-03-01 16:32:40","2021-02-27","2021-02-27","2022-02-27","1666","OpenTLD B.V.","http://www.freenom.com/whois","http://www.freenom.com/","REDACTED FOR PRIVACY","REDACTED FOR PRIVACY","REDACTED FOR PRIVACY","REDACTED FOR PRIVACY","NL-NH","REDACTED FOR PRIVACY","Netherlands","","REDACTED FOR PRIVACY","","REDACTED FOR PRIVACY","REDACTED FOR PRIVACY","REDACTED FOR PRIVACY","REDACTED FOR PRIVACY","REDACTED FOR PRIVACY","REDACTED FOR PRIVACY","REDACTED FOR PRIVACY","","REDACTED FOR PRIVACY","+31.20.5315721","REDACTED FOR PRIVACY","REDACTED FOR PRIVACY","REDACTED FOR PRIVACY","REDACTED FOR PRIVACY","REDACTED FOR PRIVACY","REDACTED FOR PRIVACY","REDACTED FOR PRIVACY","","REDACTED FOR PRIVACY","","","","","","","","","","","","beth.ns.cloudflare.com","leif.ns.cloudflare.com","","","clientTransferProhibited","","",""
"13","luxurygk.com","2021-03-01 16:30:19","2021-02-27","2021-02-27","2022-02-27","1666","OpenTLD B.V.","http://www.freenom.com/whois","http://www.freenom.com/","REDACTED FOR PRIVACY","REDACTED FOR PRIVACY","REDACTED FOR PRIVACY","REDACTED FOR PRIVACY","NL-NH","REDACTED FOR PRIVACY","Netherlands","","REDACTED FOR PRIVACY","","REDACTED FOR PRIVACY","REDACTED FOR PRIVACY","REDACTED FOR PRIVACY","REDACTED FOR PRIVACY","REDACTED FOR PRIVACY","REDACTED FOR PRIVACY","REDACTED FOR PRIVACY","","REDACTED FOR PRIVACY","+31.20.5315721","REDACTED FOR PRIVACY","REDACTED FOR PRIVACY","REDACTED FOR PRIVACY","REDACTED FOR PRIVACY","REDACTED FOR PRIVACY","REDACTED FOR PRIVACY","REDACTED FOR PRIVACY","","REDACTED FOR PRIVACY","","","","","","","","","","","","ns01.freenom.com","ns02.freenom.com","ns03.freenom.com","ns04.freenom.com","clientTransferProhibited","","",""
"14","manolou.company","2021-03-01 14:37:05","2021-02-27","2021-02-27","2023-02-27","1666","OpenTLD B.V.","http://www.freenom.com/whois","http://www.freenom.com/","REDACTED FOR PRIVACY","Stichting OpenTLD WHOIS Proxy","REDACTED FOR PRIVACY","REDACTED FOR PRIVACY","NL-NH","REDACTED FOR PRIVACY","Netherlands","","REDACTED FOR PRIVACY","REDACTED FOR PRIVACY","","","","","","","","","","","","","","","","","","","","","","","","","","","","","","","","","","","addPeriod","clientTransferProhibited","",""
"15","morias2.com","2021-03-01 16:26:32","2021-02-27","2021-02-27","2022-02-27","1666","OpenTLD B.V.","http://www.freenom.com/whois","http://www.freenom.com/","REDACTED FOR PRIVACY","REDACTED FOR PRIVACY","REDACTED FOR PRIVACY","REDACTED FOR PRIVACY","NL-NH","REDACTED FOR PRIVACY","Netherlands","","REDACTED FOR PRIVACY","","REDACTED FOR PRIVACY","REDACTED FOR PRIVACY","REDACTED FOR PRIVACY","REDACTED FOR PRIVACY","REDACTED FOR PRIVACY","REDACTED FOR PRIVACY","REDACTED FOR PRIVACY","","REDACTED FOR PRIVACY","+31.20.5315721","REDACTED FOR PRIVACY","REDACTED FOR PRIVACY","REDACTED FOR PRIVACY","REDACTED FOR PRIVACY","REDACTED FOR PRIVACY","REDACTED FOR PRIVACY","REDACTED FOR PRIVACY","","REDACTED FOR PRIVACY","","","","","","","","","","","","ns1.mezuhost.org","ns2.mezuhost.org","","","clientTransferProhibited","","",""
"16","novanetmc.com","2021-03-01 16:23:00","2021-02-27","2021-02-27","2022-02-27","1666","OpenTLD B.V.","http://www.freenom.com/whois","http://www.freenom.com/","REDACTED FOR PRIVACY","REDACTED FOR PRIVACY","REDACTED FOR PRIVACY","REDACTED FOR PRIVACY","US-NY","REDACTED FOR PRIVACY","United States","","REDACTED FOR PRIVACY","","REDACTED FOR PRIVACY","REDACTED FOR PRIVACY","REDACTED FOR PRIVACY","REDACTED FOR PRIVACY","REDACTED FOR PRIVACY","REDACTED FOR PRIVACY","REDACTED FOR PRIVACY","","REDACTED FOR PRIVACY","","REDACTED FOR PRIVACY","REDACTED FOR PRIVACY","REDACTED FOR PRIVACY","REDACTED FOR PRIVACY","REDACTED FOR PRIVACY","REDACTED FOR PRIVACY","REDACTED FOR PRIVACY","","REDACTED FOR PRIVACY","","","","","","","","","","","","chad.ns.cloudflare.com","sreeni.ns.cloudflare.com","","","clientTransferProhibited","","",""
"17","octomoodo.com","2021-03-01 16:22:39","2021-02-27","2021-02-27","2022-02-27","1666","OpenTLD B.V.","http://www.freenom.com/whois","http://www.freenom.com/","REDACTED FOR PRIVACY","REDACTED FOR PRIVACY","REDACTED FOR PRIVACY","REDACTED FOR PRIVACY","NL-NH","REDACTED FOR PRIVACY","Netherlands","","REDACTED FOR PRIVACY","","REDACTED FOR PRIVACY","REDACTED FOR PRIVACY","REDACTED FOR PRIVACY","REDACTED FOR PRIVACY","REDACTED FOR PRIVACY","REDACTED FOR PRIVACY","REDACTED FOR PRIVACY","","REDACTED FOR PRIVACY","+31.20.5315721","REDACTED FOR PRIVACY","REDACTED FOR PRIVACY","REDACTED FOR PRIVACY","REDACTED FOR PRIVACY","REDACTED FOR PRIVACY","REDACTED FOR PRIVACY","REDACTED FOR PRIVACY","","REDACTED FOR PRIVACY","","","","","","","","","","","","ns01.freenom.com","ns02.freenom.com","ns03.freenom.com","ns04.freenom.com","clientTransferProhibited","","",""
"18","pixtocks.com","2021-03-01 16:19:13","2021-02-27","2021-02-27","2022-02-27","1666","OpenTLD B.V.","http://www.freenom.com/whois","http://www.freenom.com/","REDACTED FOR PRIVACY","REDACTED FOR PRIVACY","REDACTED FOR PRIVACY","REDACTED FOR PRIVACY","Kinhsasa","REDACTED FOR PRIVACY","Congo, Democratic Republic","","REDACTED FOR PRIVACY","","REDACTED FOR PRIVACY","REDACTED FOR PRIVACY","REDACTED FOR PRIVACY","REDACTED FOR PRIVACY","REDACTED FOR PRIVACY","REDACTED FOR PRIVACY","REDACTED FOR PRIVACY","","REDACTED FOR PRIVACY","","REDACTED FOR PRIVACY","REDACTED FOR PRIVACY","REDACTED FOR PRIVACY","REDACTED FOR PRIVACY","REDACTED FOR PRIVACY","REDACTED FOR PRIVACY","REDACTED FOR PRIVACY","","REDACTED FOR PRIVACY","","","","","","","","","","","","ns1.nitrowebhost.co.uk","ns2.nitrowebhost.co.uk","","","clientTransferProhibited","","",""
"19","pytnapomosht.net","2021-03-01 15:44:33","2021-02-26","2021-02-26","2022-02-26","1666","OpenTLD B.V.","http://www.freenom.com/whois","http://www.freenom.com/","REDACTED FOR PRIVACY","REDACTED FOR PRIVACY","REDACTED FOR PRIVACY","REDACTED FOR PRIVACY","NL-NH","REDACTED FOR PRIVACY","Netherlands","","REDACTED FOR PRIVACY","","REDACTED FOR PRIVACY","REDACTED FOR PRIVACY","REDACTED FOR PRIVACY","REDACTED FOR PRIVACY","REDACTED FOR PRIVACY","REDACTED FOR PRIVACY","REDACTED FOR PRIVACY","","REDACTED FOR PRIVACY","+31.20.5315721","REDACTED FOR PRIVACY","REDACTED FOR PRIVACY","REDACTED FOR PRIVACY","REDACTED FOR PRIVACY","REDACTED FOR PRIVACY","REDACTED FOR PRIVACY","REDACTED FOR PRIVACY","","REDACTED FOR PRIVACY","","","","","","","","","","","","ns01.freenom.com","ns02.freenom.com","ns03.freenom.com","ns04.freenom.com","clientTransferProhibited","","",""
"20","selinfotobaski.com","2021-03-01 16:14:28","2021-02-27","2021-02-27","2022-02-27","1666","OpenTLD B.V.","http://www.freenom.com/whois","http://www.freenom.com/","REDACTED FOR PRIVACY","REDACTED FOR PRIVACY","REDACTED FOR PRIVACY","REDACTED FOR PRIVACY","NL-NH","REDACTED FOR PRIVACY","Netherlands","","REDACTED FOR PRIVACY","","REDACTED FOR PRIVACY","REDACTED FOR PRIVACY","REDACTED FOR PRIVACY","REDACTED FOR PRIVACY","REDACTED FOR PRIVACY","REDACTED FOR PRIVACY","REDACTED FOR PRIVACY","","REDACTED FOR PRIVACY","+31.20.5315721","REDACTED FOR PRIVACY","REDACTED FOR PRIVACY","REDACTED FOR PRIVACY","REDACTED FOR PRIVACY","REDACTED FOR PRIVACY","REDACTED FOR PRIVACY","REDACTED FOR PRIVACY","","REDACTED FOR PRIVACY","","","","","","","","","","","","ns01.freenom.com","ns02.freenom.com","ns03.freenom.com","ns04.freenom.com","clientTransferProhibited","","",""
"21","slumbersmp.com","2021-03-01 16:12:11","2021-02-27","2021-02-27","2022-02-27","1666","OpenTLD B.V.","http://www.freenom.com/whois","http://www.freenom.com/","REDACTED FOR PRIVACY","REDACTED FOR PRIVACY","REDACTED FOR PRIVACY","REDACTED FOR PRIVACY","NL-NH","REDACTED FOR PRIVACY","Netherlands","","REDACTED FOR PRIVACY","","REDACTED FOR PRIVACY","REDACTED FOR PRIVACY","REDACTED FOR PRIVACY","REDACTED FOR PRIVACY","REDACTED FOR PRIVACY","REDACTED FOR PRIVACY","REDACTED FOR PRIVACY","","REDACTED FOR PRIVACY","+31.20.5315721","REDACTED FOR PRIVACY","REDACTED FOR PRIVACY","REDACTED FOR PRIVACY","REDACTED FOR PRIVACY","REDACTED FOR PRIVACY","REDACTED FOR PRIVACY","REDACTED FOR PRIVACY","","REDACTED FOR PRIVACY","","","","","","","","","","","","braden.ns.cloudflare.com","desi.ns.cloudflare.com","","","clientTransferProhibited","","",""
"22","srvrsecure.com","2021-03-01 16:10:59","2021-02-27","2021-03-01","2022-02-27","1666","OpenTLD B.V.","http://www.freenom.com/whois","http://www.freenom.com/","REDACTED FOR PRIVACY","REDACTED FOR PRIVACY","REDACTED FOR PRIVACY","REDACTED FOR PRIVACY","NG-FC","REDACTED FOR PRIVACY","Nigeria","","REDACTED FOR PRIVACY","","REDACTED FOR PRIVACY","REDACTED FOR PRIVACY","REDACTED FOR PRIVACY","REDACTED FOR PRIVACY","REDACTED FOR PRIVACY","REDACTED FOR PRIVACY","REDACTED FOR PRIVACY","","REDACTED FOR PRIVACY","","REDACTED FOR PRIVACY","REDACTED FOR PRIVACY","REDACTED FOR PRIVACY","REDACTED FOR PRIVACY","REDACTED FOR PRIVACY","REDACTED FOR PRIVACY","REDACTED FOR PRIVACY","","REDACTED FOR PRIVACY","","","","","","","","","","","","ns01.freenom.com","ns02.freenom.com","ns03.freenom.com","ns04.freenom.com","clientTransferProhibited","","",""
"23","superdijital.com","2021-03-01 17:38:30","2021-02-27","2021-02-27","2022-02-27","1666","OpenTLD B.V.","http://www.freenom.com/whois","http://www.freenom.com/","REDACTED FOR PRIVACY","REDACTED FOR PRIVACY","REDACTED FOR PRIVACY","REDACTED FOR PRIVACY","NL-NH","REDACTED FOR PRIVACY","Netherlands","","REDACTED FOR PRIVACY","","REDACTED FOR PRIVACY","REDACTED FOR PRIVACY","REDACTED FOR PRIVACY","REDACTED FOR PRIVACY","REDACTED FOR PRIVACY","REDACTED FOR PRIVACY","REDACTED FOR PRIVACY","","REDACTED FOR PRIVACY","+31.20.5315721","REDACTED FOR PRIVACY","REDACTED FOR PRIVACY","REDACTED FOR PRIVACY","REDACTED FOR PRIVACY","REDACTED FOR PRIVACY","REDACTED FOR PRIVACY","REDACTED FOR PRIVACY","","REDACTED FOR PRIVACY","","","","","","","","","","","","ns1.odeaweb.com","ns2.odeaweb.com","","","clientTransferProhibited","","",""
"24","supervik.com","2021-03-01 16:09:53","2021-02-27","2021-03-01","2022-02-27","1666","OpenTLD B.V.","http://www.freenom.com/whois","http://www.freenom.com/","REDACTED FOR PRIVACY","REDACTED FOR PRIVACY","REDACTED FOR PRIVACY","REDACTED FOR PRIVACY","Chhattisgarh","REDACTED FOR PRIVACY","India","","REDACTED FOR PRIVACY","","REDACTED FOR PRIVACY","REDACTED FOR PRIVACY","REDACTED FOR PRIVACY","REDACTED FOR PRIVACY","REDACTED FOR PRIVACY","REDACTED FOR PRIVACY","REDACTED FOR PRIVACY","","REDACTED FOR PRIVACY","","REDACTED FOR PRIVACY","REDACTED FOR PRIVACY","REDACTED FOR PRIVACY","REDACTED FOR PRIVACY","REDACTED FOR PRIVACY","REDACTED FOR PRIVACY","REDACTED FOR PRIVACY","","REDACTED FOR PRIVACY","","","","","","","","","","","","alina.ns.cloudflare.com","rocco.ns.cloudflare.com","","","clientTransferProhibited","","",""
"25","tropicalmente.com","2021-03-01 17:14:55","2021-02-27","2021-02-27","2022-02-27","1666","OpenTLD B.V.","http://www.freenom.com/whois","http://www.freenom.com/","REDACTED FOR PRIVACY","REDACTED FOR PRIVACY","REDACTED FOR PRIVACY","REDACTED FOR PRIVACY","NL-NH","REDACTED FOR PRIVACY","Netherlands","","REDACTED FOR PRIVACY","","REDACTED FOR PRIVACY","REDACTED FOR PRIVACY","REDACTED FOR PRIVACY","REDACTED FOR PRIVACY","REDACTED FOR PRIVACY","REDACTED FOR PRIVACY","REDACTED FOR PRIVACY","","REDACTED FOR PRIVACY","+31.20.5315721","REDACTED FOR PRIVACY","REDACTED FOR PRIVACY","REDACTED FOR PRIVACY","REDACTED FOR PRIVACY","REDACTED FOR PRIVACY","REDACTED FOR PRIVACY","REDACTED FOR PRIVACY","","REDACTED FOR PRIVACY","","","","","","","","","","","","ns1.hospedajeydominios.com","ns2.hospedajeydominios.com","ns3.hospedajeydominios.com","","clientTransferProhibited","","",""
"26","types-en.com","2021-03-01 16:03:50","2021-02-27","2021-02-27","2022-02-27","1666","OpenTLD B.V.","http://www.freenom.com/whois","http://www.freenom.com/","REDACTED FOR PRIVACY","REDACTED FOR PRIVACY","REDACTED FOR PRIVACY","REDACTED FOR PRIVACY","Lutfen Seciniz","REDACTED FOR PRIVACY","Turkey","","REDACTED FOR PRIVACY","","REDACTED FOR PRIVACY","REDACTED FOR PRIVACY","REDACTED FOR PRIVACY","REDACTED FOR PRIVACY","REDACTED FOR PRIVACY","REDACTED FOR PRIVACY","REDACTED FOR PRIVACY","","REDACTED FOR PRIVACY","","REDACTED FOR PRIVACY","REDACTED FOR PRIVACY","REDACTED FOR PRIVACY","REDACTED FOR PRIVACY","REDACTED FOR PRIVACY","REDACTED FOR PRIVACY","REDACTED FOR PRIVACY","","REDACTED FOR PRIVACY","","","","","","","","","","","","cp3.hostapot.com","cp4.hostapot.com","","","clientTransferProhibited","","",""
"27","ulusalfilm.net","2021-03-01 15:43:58","2021-02-26","2021-02-27","2022-02-26","1666","OpenTLD B.V.","http://www.freenom.com/whois","http://www.freenom.com/","REDACTED FOR PRIVACY","REDACTED FOR PRIVACY","REDACTED FOR PRIVACY","REDACTED FOR PRIVACY","NL-NH","REDACTED FOR PRIVACY","Netherlands","","REDACTED FOR PRIVACY","","REDACTED FOR PRIVACY","REDACTED FOR PRIVACY","REDACTED FOR PRIVACY","REDACTED FOR PRIVACY","REDACTED FOR PRIVACY","REDACTED FOR PRIVACY","REDACTED FOR PRIVACY","","REDACTED FOR PRIVACY","+31.20.5315721","REDACTED FOR PRIVACY","REDACTED FOR PRIVACY","REDACTED FOR PRIVACY","REDACTED FOR PRIVACY","REDACTED FOR PRIVACY","REDACTED FOR PRIVACY","REDACTED FOR PRIVACY","","REDACTED FOR PRIVACY","","","","","","","","","","","","dns2028a.trouble-free.net","dns2028b.trouble-free.net","","","clientTransferProhibited","","",""
"28","uysaltasarim.com","2021-03-01 16:02:35","2021-02-27","2021-02-27","2022-02-27","1666","OpenTLD B.V.","http://www.freenom.com/whois","http://www.freenom.com/","REDACTED FOR PRIVACY","REDACTED FOR PRIVACY","REDACTED FOR PRIVACY","REDACTED FOR PRIVACY","Mentese","REDACTED FOR PRIVACY","Turkey","","REDACTED FOR PRIVACY","","REDACTED FOR PRIVACY","REDACTED FOR PRIVACY","REDACTED FOR PRIVACY","REDACTED FOR PRIVACY","REDACTED FOR PRIVACY","REDACTED FOR PRIVACY","REDACTED FOR PRIVACY","","REDACTED FOR PRIVACY","","REDACTED FOR PRIVACY","REDACTED FOR PRIVACY","REDACTED FOR PRIVACY","REDACTED FOR PRIVACY","REDACTED FOR PRIVACY","REDACTED FOR PRIVACY","REDACTED FOR PRIVACY","","REDACTED FOR PRIVACY","","","","","","","","","","","","ns1.yoncu.com","ns2.yoncu.com","","","clientTransferProhibited","","",""
"29","violetazekovic.com","2021-03-01 16:01:46","2021-02-27","2021-02-27","2022-02-27","1666","OpenTLD B.V.","http://www.freenom.com/whois","http://www.freenom.com/","REDACTED FOR PRIVACY","REDACTED FOR PRIVACY","REDACTED FOR PRIVACY","REDACTED FOR PRIVACY","NL-NH","REDACTED FOR PRIVACY","Netherlands","","REDACTED FOR PRIVACY","","REDACTED FOR PRIVACY","REDACTED FOR PRIVACY","REDACTED FOR PRIVACY","REDACTED FOR PRIVACY","REDACTED FOR PRIVACY","REDACTED FOR PRIVACY","REDACTED FOR PRIVACY","","REDACTED FOR PRIVACY","+31.20.5315721","REDACTED FOR PRIVACY","REDACTED FOR PRIVACY","REDACTED FOR PRIVACY","REDACTED FOR PRIVACY","REDACTED FOR PRIVACY","REDACTED FOR PRIVACY","REDACTED FOR PRIVACY","","REDACTED FOR PRIVACY","","","","","","","","","","","","ns1.stackdns.com","ns2.stackdns.com","","","clientTransferProhibited","","",""
"30","volamtriky.net","2021-03-01 14:40:23","2021-02-26","2021-02-26","2022-02-26","1666","OpenTLD B.V.","http://www.freenom.com/whois","http://www.freenom.com/","REDACTED FOR PRIVACY","REDACTED FOR PRIVACY","REDACTED FOR PRIVACY","REDACTED FOR PRIVACY","NL-NH","REDACTED FOR PRIVACY","Netherlands","","REDACTED FOR PRIVACY","","REDACTED FOR PRIVACY","REDACTED FOR PRIVACY","REDACTED FOR PRIVACY","REDACTED FOR PRIVACY","REDACTED FOR PRIVACY","REDACTED FOR PRIVACY","REDACTED FOR PRIVACY","","REDACTED FOR PRIVACY","+31.20.5315721","REDACTED FOR PRIVACY","REDACTED FOR PRIVACY","REDACTED FOR PRIVACY","REDACTED FOR PRIVACY","REDACTED FOR PRIVACY","REDACTED FOR PRIVACY","REDACTED FOR PRIVACY","","REDACTED FOR PRIVACY","","","","","","","","","","","","irma.ns.cloudflare.com","owen.ns.cloudflare.com","","","clientTransferProhibited","","",""
"31","webvoserver.com","2021-03-01 15:59:36","2021-02-27","2021-02-27","2022-02-27","1666","OpenTLD B.V.","http://www.freenom.com/whois","http://www.freenom.com/","REDACTED FOR PRIVACY","REDACTED FOR PRIVACY","REDACTED FOR PRIVACY","REDACTED FOR PRIVACY","Kucukcekmece","REDACTED FOR PRIVACY","Turkey","","REDACTED FOR PRIVACY","","REDACTED FOR PRIVACY","REDACTED FOR PRIVACY","REDACTED FOR PRIVACY","REDACTED FOR PRIVACY","REDACTED FOR PRIVACY","REDACTED FOR PRIVACY","REDACTED FOR PRIVACY","","REDACTED FOR PRIVACY","","REDACTED FOR PRIVACY","REDACTED FOR PRIVACY","REDACTED FOR PRIVACY","REDACTED FOR PRIVACY","REDACTED FOR PRIVACY","REDACTED FOR PRIVACY","REDACTED FOR PRIVACY","","REDACTED FOR PRIVACY","","","","","","","","","","","","ns1.iyibirhost.com","ns2.iyibirhost.com","","","clientTransferProhibited","","",""
"32","wlermedia.com","2021-03-01 15:58:55","2021-02-27","2021-02-27","2022-02-27","1666","OpenTLD B.V.","http://www.freenom.com/whois","http://www.freenom.com/","REDACTED FOR PRIVACY","REDACTED FOR PRIVACY","REDACTED FOR PRIVACY","REDACTED FOR PRIVACY","NL-NH","REDACTED FOR PRIVACY","Netherlands","","REDACTED FOR PRIVACY","","REDACTED FOR PRIVACY","REDACTED FOR PRIVACY","REDACTED FOR PRIVACY","REDACTED FOR PRIVACY","REDACTED FOR PRIVACY","REDACTED FOR PRIVACY","REDACTED FOR PRIVACY","","REDACTED FOR PRIVACY","+31.20.5315721","REDACTED FOR PRIVACY","REDACTED FOR PRIVACY","REDACTED FOR PRIVACY","REDACTED FOR PRIVACY","REDACTED FOR PRIVACY","REDACTED FOR PRIVACY","REDACTED FOR PRIVACY","","REDACTED FOR PRIVACY","","","","","","","","","","","","ns1.genchost.com","ns2.genchost.com","","","clientTransferProhibited","","",""
"33","xzhentai.net","2021-03-01 15:38:57","2021-02-26","2021-02-26","2022-02-26","1666","OpenTLD B.V.","http://www.freenom.com/whois","http://www.freenom.com/","REDACTED FOR PRIVACY","REDACTED FOR PRIVACY","REDACTED FOR PRIVACY","REDACTED FOR PRIVACY","NL-NH","REDACTED FOR PRIVACY","Netherlands","","REDACTED FOR PRIVACY","","REDACTED FOR PRIVACY","REDACTED FOR PRIVACY","REDACTED FOR PRIVACY","REDACTED FOR PRIVACY","REDACTED FOR PRIVACY","REDACTED FOR PRIVACY","REDACTED FOR PRIVACY","","REDACTED FOR PRIVACY","+31.20.5315721","REDACTED FOR PRIVACY","REDACTED FOR PRIVACY","REDACTED FOR PRIVACY","REDACTED FOR PRIVACY","REDACTED FOR PRIVACY","REDACTED FOR PRIVACY","REDACTED FOR PRIVACY","","REDACTED FOR PRIVACY","","","","","","","","","","","","ns01.freenom.com","ns02.freenom.com","ns03.freenom.com","ns04.freenom.com","clientTransferProhibited","","",""