"num","domain_name","query_time","create_date","update_date","expiry_date","domain_registrar_id","domain_registrar_name","domain_registrar_whois","domain_registrar_url","registrant_name","registrant_company","registrant_address","registrant_city","registrant_state","registrant_zip","registrant_country","registrant_email","registrant_phone","registrant_fax","administrative_name","administrative_company","administrative_address","administrative_city","administrative_state","administrative_zip","administrative_country","administrative_email","administrative_phone","administrative_fax","technical_name","technical_company","technical_address","technical_city","technical_state","technical_zip","technical_country","technical_email","technical_phone","technical_fax","billing_name","billing_company","billing_address","billing_city","billing_state","billing_zip","billing_country","billing_email","billing_phone","billing_fax","name_server_1","name_server_2","name_server_3","name_server_4","domain_status_1","domain_status_2","domain_status_3","domain_status_4"
"1","10steps-english.online","2021-03-01 15:38:18","2021-02-26","","2022-02-26","3246","Reliable Software, Ltd.","","","Contact Privacy","Contact Privacy","","","","","Belarus","","","","","","","","","","","","","","","","","","","","","","","","","","","","","","","","","","ns1.hoster.by","ns2.hoster.by","","","addPeriod","serverTransferProhibited","",""
"2","beltopcompany.com","2021-03-01 16:56:05","2021-02-27","2021-02-27","2022-02-27","3246","Reliable Software, Ltd.","","","Customer 532333","","UL. ARANSKAYA, D. 8, BLOK 1, 4 ETAZH","G. MINSK","","220006","Belarus","beltopcompany.com@whois.hoster.by","+375.172395702","+375.172395720","Customer 532333","","UL. ARANSKAYA, D. 8, BLOK 1, 4 ETAZH","G. MINSK","","220006","Belarus","beltopcompany.com@whois.hoster.by","+375.172395702","+375.172395720","SERGEY POVALISHEV","RELIABLE SOFTWARE LTD","UL. ARANSKAYA, D. 8, BLOK 1, 4 ETAZH","MINSK","","220006","Belarus","info@hoster.by","+375.172395702","","","","","","","","","","","","ns1.hoster.by","ns2.hoster.by","","","OK","","",""
"3","disa-galactic-shop.online","2021-03-01 15:37:52","2021-02-26","2021-02-26","2022-02-26","3246","Reliable Software, Ltd.","","","Contact Privacy","Contact Privacy","","","","","Belarus","","","","","","","","","","","","","","","","","","","","","","","","","","","","","","","","","","u1.hoster.by","u2.hoster.by","","","addPeriod","serverTransferProhibited","",""
"4","epigalgeo.site","2021-03-01 15:29:39","2021-02-26","","2022-02-26","3246","Reliable Software, Ltd.","","","Chastnoe predpriyatie 'GalGeo'","Chastnoe predpriyatie 'GalGeo'","","","","","Belarus","","","","","","","","","","","","","","","","","","","","","","","","","","","","","","","","","","ns1.hoster.by","ns2.hoster.by","","","addPeriod","serverTransferProhibited","",""
"5","kedr.online","2021-03-01 15:38:26","2021-02-26","","2022-02-26","3246","Reliable Software, Ltd.","","","Contact Privacy","Contact Privacy","","","","","Belarus","","","","","","","","","","","","","","","","","","","","","","","","","","","","","","","","","","ns1.hoster.by","ns2.hoster.by","","","addPeriod","serverTransferProhibited","",""
"6","pyslar.com","2021-03-01 14:36:20","2021-02-27","2021-02-27","2022-02-27","3246","Reliable Software, Ltd.","","","Customer 532334","","UL. ARANSKAYA, D. 8, BLOK 1, 4 ETAZH","G. MINSK","","220006","Belarus","pyslar.com@whois.hoster.by","+375.172395702","+375.172395720","Customer 532334","","UL. ARANSKAYA, D. 8, BLOK 1, 4 ETAZH","G. MINSK","","220006","Belarus","pyslar.com@whois.hoster.by","+375.172395702","+375.172395720","SERGEY POVALISHEV","RELIABLE SOFTWARE LTD","UL. ARANSKAYA, D. 8, BLOK 1, 4 ETAZH","MINSK","","220006","Belarus","info@hoster.by","+375.172395702","","","","","","","","","","","","ns1.hoster.by","ns2.hoster.by","","","OK","","",""
"7","sch120.online","2021-03-01 15:34:44","2021-02-26","2021-02-26","2022-02-26","3246","Reliable Software, Ltd.","","","Contact Privacy","Contact Privacy","","","","","Belarus","","","","","","","","","","","","","","","","","","","","","","","","","","","","","","","","","","ns1.ruvds.com","ns2.ruvds.com","","","addPeriod","serverTransferProhibited","",""
"8","skupkavolos.com","2021-03-01 17:31:17","2021-02-27","2021-02-27","2022-02-27","3246","Reliable Software, Ltd.","","","Customer 532357","","UL. ARANSKAYA, D. 8, BLOK 1, 4 ETAZH","G. MINSK","","220006","Belarus","skupkavolos.com@whois.hoster.by","+375.172395702","+375.172395720","Customer 532357","","UL. ARANSKAYA, D. 8, BLOK 1, 4 ETAZH","G. MINSK","","220006","Belarus","skupkavolos.com@whois.hoster.by","+375.172395702","+375.172395720","SERGEY POVALISHEV","RELIABLE SOFTWARE LTD","UL. ARANSKAYA, D. 8, BLOK 1, 4 ETAZH","MINSK","","220006","Belarus","info@hoster.by","+375.172395702","","","","","","","","","","","","ns1.hoster.by","ns2.hoster.by","","","OK","","",""
"9","ugrade.online","2021-03-01 15:34:29","2021-02-26","","2022-02-26","3246","Reliable Software, Ltd.","","","","","","","Brestskaya Oblast","","Belarus","","","","","","","","","","","","","","","","","","","","","","","","","","","","","","","","","","ns1.hoster.by","ns2.hoster.by","","","addPeriod","serverTransferProhibited","",""
"10","xn--80aai3br.net","2021-03-01 14:40:03","2021-02-26","2021-02-26","2022-02-26","3246","Reliable Software, Ltd.","","","MAKOVSKAYA IRINA IVANOVNA","OOO 'TENTLYUKSPRO'","UL. PRITYCKOGO, D. 156, OFIS 11","G. MINSK","","220017","Belarus","tentlux.by@yandex.ru","+375.296525511","","MAKOVSKAYA IRINA IVANOVNA","OOO 'TENTLYUKSPRO'","UL. PRITYCKOGO, D. 156, OFIS 11","G. MINSK","","220017","Belarus","tentlux.by@yandex.ru","+375.296525511","","SERGEY POVALISHEV","RELIABLE SOFTWARE LTD","UL. ARANSKAYA, D. 8, BLOK 1, 4 ETAZH","MINSK","","220006","Belarus","info@hoster.by","+375.172395702","","","","","","","","","","","","ns1.hoster.by","ns2.hoster.by","","","OK","","",""
"11","zafu.store","2021-03-01 15:27:50","2021-02-26","","2022-02-26","3246","Reliable Software, Ltd.","","","","","","","Vitebskaya oblast","","Belarus","","","","","","","","","","","","","","","","","","","","","","","","","","","","","","","","","","ns1.hoster.by","ns2.hoster.by","","","addPeriod","serverTransferProhibited","",""