"num","domain_name","query_time","create_date","update_date","expiry_date","domain_registrar_id","domain_registrar_name","domain_registrar_whois","domain_registrar_url","registrant_name","registrant_company","registrant_address","registrant_city","registrant_state","registrant_zip","registrant_country","registrant_email","registrant_phone","registrant_fax","administrative_name","administrative_company","administrative_address","administrative_city","administrative_state","administrative_zip","administrative_country","administrative_email","administrative_phone","administrative_fax","technical_name","technical_company","technical_address","technical_city","technical_state","technical_zip","technical_country","technical_email","technical_phone","technical_fax","billing_name","billing_company","billing_address","billing_city","billing_state","billing_zip","billing_country","billing_email","billing_phone","billing_fax","name_server_1","name_server_2","name_server_3","name_server_4","domain_status_1","domain_status_2","domain_status_3","domain_status_4"
"1","divstarproject.com","2021-03-01 17:09:10","2021-02-27","2021-02-27","2022-02-27","2247","SliceofHeaven Domains, LLC","whois.sliceofheavendomains.com","http://www.sliceofheavendomains.com","PERFECT PRIVACY, LLC","","5335 Gate Parkway","Jacksonville","FL","32256","United States","cm6roatd00i0b8fmglf8nm8f5r@domaindiscreet.com","+1.9027492701","","PERFECT PRIVACY, LLC","","5335 Gate Parkway","Jacksonville","FL","32256","United States","cm6roatd00i0b8fmglf8nm8f5r@domaindiscreet.com","+1.9027492701","","PERFECT PRIVACY, LLC","","5335 Gate Parkway","Jacksonville","FL","32256","United States","cm6roatd00i0b8fmglf8nm8f5r@domaindiscreet.com","+1.9027492701","","","","","","","","","","","","ns15.above.com","ns16.above.com","","","OK","","",""
"2","lanhuiguan.com","2021-03-01 17:47:04","2021-02-27","2021-02-27","2022-02-27","2247","SliceofHeaven Domains, LLC","whois.sliceofheavendomains.com","http://www.sliceofheavendomains.com","Domain Administrator","XZ.COM","602, 56 Guanri Road, Software Park II","Xiamen","FUJIAN","361008","China","support@xz.com","+1.865925990220","","Domain Administrator","XZ.COM","602, 56 Guanri Road, Software Park II","Xiamen","FUJIAN","361008","China","support@xz.com","+1.865925990220","","Domain Administrator","XZ.COM","602, 56 Guanri Road, Software Park II","Xiamen","FUJIAN","361008","China","support@xz.com","+1.865925990220","","","","","","","","","","","","v1.juming-xz.com","v1.xz-juming.com","","","OK","","",""
"3","ngban.com","2021-03-01 17:36:25","2021-02-27","2021-02-27","2022-02-27","2247","SliceofHeaven Domains, LLC","whois.sliceofheavendomains.com","http://www.sliceofheavendomains.com","PERFECT PRIVACY, LLC","","5335 Gate Parkway","Jacksonville","FL","32256","United States","0nb5mphm6oiokatrl66dgd4h9q@domaindiscreet.com","+1.9027492701","","PERFECT PRIVACY, LLC","","5335 Gate Parkway","Jacksonville","FL","32256","United States","0nb5mphm6oiokatrl66dgd4h9q@domaindiscreet.com","+1.9027492701","","PERFECT PRIVACY, LLC","","5335 Gate Parkway","Jacksonville","FL","32256","United States","0nb5mphm6oiokatrl66dgd4h9q@domaindiscreet.com","+1.9027492701","","","","","","","","","","","","ns1.dan.com","ns2.dan.com","","","OK","","",""
"4","nuoerbeisi.com","2021-03-01 17:52:38","2021-02-27","2021-02-27","2022-02-27","2247","SliceofHeaven Domains, LLC","whois.sliceofheavendomains.com","http://www.sliceofheavendomains.com","lian xin zhou","","NO.18 CENTRE STREET, SAI YING P OFFICE 3A-9, 12/F, KAISER CENTRE","Hong Kong","HONG KONG","999077","Hong Kong","privacyprotectionabuse@gmail.com","+852.59386627","","lian xin zhou","","NO.18 CENTRE STREET, SAI YING P OFFICE 3A-9, 12/F, KAISER CENTRE","Hong Kong","HONG KONG","999077","Hong Kong","privacyprotectionabuse@gmail.com","+852.59386627","","lian xin zhou","","NO.18 CENTRE STREET, SAI YING P OFFICE 3A-9, 12/F, KAISER CENTRE","Hong Kong","HONG KONG","999077","Hong Kong","privacyprotectionabuse@gmail.com","+852.59386627","","","","","","","","","","","","v1.juming-xz.com","v1.xz-juming.com","","","OK","","",""
"5","qclgg.com","2021-03-01 17:30:45","2021-02-27","2021-03-01","2022-02-27","2247","SliceofHeaven Domains, LLC","whois.sliceofheavendomains.com","http://www.sliceofheavendomains.com","Domain Administrator","DotMedia Limited","301D, 30#1 Guanri Road, Software Park II Siming District","Xiamen","FuJian","361008","China","backorder@dotmedia.com","+86.5925990220","+86.5925022987","Domain Administrator","DotMedia Limited","301D, 30#1 Guanri Road, Software Park II Siming District","Xiamen","FuJian","361008","China","backorder@dotmedia.com","+86.5925990220","+86.5925022987","Domain Administrator","DotMedia Limited","301D, 30#1 Guanri Road, Software Park II Siming District","Xiamen","FuJian","361008","China","backorder@dotmedia.com","+86.5925990220","+86.5925022987","","","","","","","","","","","v1.juming-xz.com","v1.xz-juming.com","","","OK","","",""
"6","scjdcj.com","2021-03-01 17:26:42","2021-02-27","2021-02-27","2022-02-27","2247","SliceofHeaven Domains, LLC","whois.sliceofheavendomains.com","http://www.sliceofheavendomains.com","Domain Administrator","XZ.COM","602, 56 Guanri Road, Software Park II","Xiamen","FUJIAN","361008","China","support@xz.com","+1.865925990220","","Domain Administrator","XZ.COM","602, 56 Guanri Road, Software Park II","Xiamen","FUJIAN","361008","China","support@xz.com","+1.865925990220","","Domain Administrator","XZ.COM","602, 56 Guanri Road, Software Park II","Xiamen","FUJIAN","361008","China","support@xz.com","+1.865925990220","","","","","","","","","","","","v1.juming-xz.com","v1.xz-juming.com","","","OK","","",""
"7","yxggg.com","2021-03-01 14:21:22","2021-02-27","2021-02-27","2022-02-27","2247","SliceofHeaven Domains, LLC","whois.sliceofheavendomains.com","http://www.sliceofheavendomains.com","lian xin zhou","","NO.18 CENTRE STREET, SAI YING P OFFICE 3A-9, 12/F, KAISER CENTRE","Hong Kong","HONG KONG","999077","Hong Kong","privacyprotectionabuse@gmail.com","+852.59386627","","lian xin zhou","","NO.18 CENTRE STREET, SAI YING P OFFICE 3A-9, 12/F, KAISER CENTRE","Hong Kong","HONG KONG","999077","Hong Kong","privacyprotectionabuse@gmail.com","+852.59386627","","lian xin zhou","","NO.18 CENTRE STREET, SAI YING P OFFICE 3A-9, 12/F, KAISER CENTRE","Hong Kong","HONG KONG","999077","Hong Kong","privacyprotectionabuse@gmail.com","+852.59386627","","","","","","","","","","","","v1.juming-xz.com","v1.xz-juming.com","","","OK","","",""