"num","domain_name","query_time","create_date","update_date","expiry_date","domain_registrar_id","domain_registrar_name","domain_registrar_whois","domain_registrar_url","registrant_name","registrant_company","registrant_address","registrant_city","registrant_state","registrant_zip","registrant_country","registrant_email","registrant_phone","registrant_fax","administrative_name","administrative_company","administrative_address","administrative_city","administrative_state","administrative_zip","administrative_country","administrative_email","administrative_phone","administrative_fax","technical_name","technical_company","technical_address","technical_city","technical_state","technical_zip","technical_country","technical_email","technical_phone","technical_fax","billing_name","billing_company","billing_address","billing_city","billing_state","billing_zip","billing_country","billing_email","billing_phone","billing_fax","name_server_1","name_server_2","name_server_3","name_server_4","domain_status_1","domain_status_2","domain_status_3","domain_status_4"
"1","bigpicturefranchising.com","2021-03-01 17:14:32","2021-02-27","2021-02-27","2022-02-27","2892","Top Level Domains LLC","whois.topleveldomainsllc.com","http://www.tlh.ro","Statutory Masking Enabled","Statutory Masking Enabled","Statutory Masking Enabled","Statutory Masking Enabled","Alpes Maritimes","Statutory Masking Enabled","France","abuse@web.com","Statutory Masking Enabled","Statutory Masking Enabled","Statutory Masking Enabled","Statutory Masking Enabled","Statutory Masking Enabled","Statutory Masking Enabled","Statutory Masking Enabled","Statutory Masking Enabled","Statutory Masking Enabled","abuse@web.com","Statutory Masking Enabled","Statutory Masking Enabled","Statutory Masking Enabled","Statutory Masking Enabled","Statutory Masking Enabled","Statutory Masking Enabled","Statutory Masking Enabled","Statutory Masking Enabled","Statutory Masking Enabled","abuse@web.com","Statutory Masking Enabled","Statutory Masking Enabled","Statutory Masking Enabled","Statutory Masking Enabled","Statutory Masking Enabled","Statutory Masking Enabled","Statutory Masking Enabled","Statutory Masking Enabled","Statutory Masking Enabled","abuse@web.com","Statutory Masking Enabled","Statutory Masking Enabled","ns1.dan.com","ns2.dan.com","","","OK","","",""
"2","dzhetu.com","2021-03-01 14:23:26","2021-02-27","2021-02-27","2022-02-27","2892","Top Level Domains LLC","whois.topleveldomainsllc.com","http://www.tlh.ro","Domain Administrator","XZ.COM","602, 56 Guanri Road, Software Park II","Xiamen","FUJIAN","361008","China","support@xz.com","+1.865925990220","","Domain Administrator","XZ.COM","602, 56 Guanri Road, Software Park II","Xiamen","FUJIAN","361008","China","support@xz.com","+1.865925990220","","Domain Administrator","XZ.COM","602, 56 Guanri Road, Software Park II","Xiamen","FUJIAN","361008","China","support@xz.com","+1.865925990220","","","","","","","","","","","","v1.juming-xz.com","v1.xz-juming.com","","","OK","","",""
"3","fudao800.com","2021-03-01 17:24:37","2021-02-27","2021-02-27","2022-02-27","2892","Top Level Domains LLC","whois.topleveldomainsllc.com","http://www.tlh.ro","Domain Administrator","XZ.COM","602, 56 Guanri Road, Software Park II","Xiamen","FUJIAN","361008","China","support@xz.com","+1.865925990220","","Domain Administrator","XZ.COM","602, 56 Guanri Road, Software Park II","Xiamen","FUJIAN","361008","China","support@xz.com","+1.865925990220","","Domain Administrator","XZ.COM","602, 56 Guanri Road, Software Park II","Xiamen","FUJIAN","361008","China","support@xz.com","+1.865925990220","","","","","","","","","","","","v1.juming-xz.com","v1.xz-juming.com","","","OK","","",""
"4","holdyourdream.com","2021-03-01 17:25:01","2021-02-27","2021-02-28","2022-02-27","2892","Top Level Domains LLC","whois.topleveldomainsllc.com","http://www.tlh.ro","bin yu","yu bin","da ying xian, peng lai zhen, gao tong cun, 4 she,","sui ning shi","si chuan","629300","China","yb889999@gmail.com","+86.15694604742","+86.15694604742","bin yu","yu bin","da ying xian, peng lai zhen, gao tong cun, 4 she,","sui ning shi","si chuan","629300","China","yb889999@gmail.com","+86.15694604742","+86.15694604742","bin yu","yu bin","da ying xian, peng lai zhen, gao tong cun, 4 she,","sui ning shi","si chuan","629300","China","yb889999@gmail.com","+86.15694604742","+86.15694604742","","","","","","","","","","","v1.juming-xz.com","v1.xz-juming.com","","","OK","","",""
"5","hoodienow.com","2021-03-01 17:51:56","2021-02-27","2021-02-27","2022-02-27","2892","Top Level Domains LLC","whois.topleveldomainsllc.com","http://www.tlh.ro","PERFECT PRIVACY, LLC","","5335 Gate Parkway","Jacksonville","FL","32256","United States","1k4lndmrhmhqlbcgc72q57lf2a@domaindiscreet.com","+1.9027492701","","PERFECT PRIVACY, LLC","","5335 Gate Parkway","Jacksonville","FL","32256","United States","1k4lndmrhmhqlbcgc72q57lf2a@domaindiscreet.com","+1.9027492701","","PERFECT PRIVACY, LLC","","5335 Gate Parkway","Jacksonville","FL","32256","United States","1k4lndmrhmhqlbcgc72q57lf2a@domaindiscreet.com","+1.9027492701","","","","","","","","","","","","ns15.above.com","ns16.above.com","","","OK","","",""
"6","mjbreadaz.com","2021-03-01 17:28:52","2021-02-27","2021-02-27","2022-02-27","2892","Top Level Domains LLC","whois.topleveldomainsllc.com","http://www.tlh.ro","Jianfeng Wu Juming","","Luyang District, Fortune Plaza No. 1107 First","Hefeishi","ANHUISHENG","230001","China","temp@juming.com","+1.864009972996","","Jianfeng Wu Juming","","Luyang District, Fortune Plaza No. 1107 First","Hefeishi","ANHUISHENG","230001","China","temp@juming.com","+1.864009972996","","Jianfeng Wu Juming","","Luyang District, Fortune Plaza No. 1107 First","Hefeishi","ANHUISHENG","230001","China","temp@juming.com","+1.864009972996","","","","","","","","","","","","v1.juming-xz.com","v1.xz-juming.com","","","OK","","",""
"7","msjgyb.com","2021-03-01 17:26:05","2021-02-27","2021-02-27","2022-02-27","2892","Top Level Domains LLC","whois.topleveldomainsllc.com","http://www.tlh.ro","Domain Administrator","XZ.COM","602, 56 Guanri Road, Software Park II","Xiamen","FUJIAN","361008","China","support@xz.com","+1.865925990220","","Domain Administrator","XZ.COM","602, 56 Guanri Road, Software Park II","Xiamen","FUJIAN","361008","China","support@xz.com","+1.865925990220","","Domain Administrator","XZ.COM","602, 56 Guanri Road, Software Park II","Xiamen","FUJIAN","361008","China","support@xz.com","+1.865925990220","","","","","","","","","","","","v1.juming-xz.com","v1.xz-juming.com","","","OK","","",""
"8","noscouturieres.com","2021-03-01 17:37:21","2021-02-27","2021-02-28","2022-02-27","2892","Top Level Domains LLC","whois.topleveldomainsllc.com","http://www.tlh.ro","PERFECT PRIVACY, LLC","","5335 Gate Parkway","Jacksonville","FL","32256","United States","7tjq2akf5sgsm85lplcm1lmkun@domaindiscreet.com","+1.9027492701","","PERFECT PRIVACY, LLC","","5335 Gate Parkway","Jacksonville","FL","32256","United States","7tjq2akf5sgsm85lplcm1lmkun@domaindiscreet.com","+1.9027492701","","PERFECT PRIVACY, LLC","","5335 Gate Parkway","Jacksonville","FL","32256","United States","7tjq2akf5sgsm85lplcm1lmkun@domaindiscreet.com","+1.9027492701","","","","","","","","","","","","ns1.interimnameserver.com","ns2.interimnameserver.com","","","OK","","",""
"9","sharingyoochun.net","2021-03-01 15:45:40","2021-02-26","2021-02-26","2022-02-26","2892","Top Level Domains LLC","whois.topleveldomainsllc.com","http://www.tlh.ro","PERFECT PRIVACY, LLC","","5335 Gate Parkway","Jacksonville","FL","32256","United States","1k4lndmrhmhqlbcgc72q57lf2a@domaindiscreet.com","+1.9027492701","","PERFECT PRIVACY, LLC","","5335 Gate Parkway","Jacksonville","FL","32256","United States","1k4lndmrhmhqlbcgc72q57lf2a@domaindiscreet.com","+1.9027492701","","PERFECT PRIVACY, LLC","","5335 Gate Parkway","Jacksonville","FL","32256","United States","1k4lndmrhmhqlbcgc72q57lf2a@domaindiscreet.com","+1.9027492701","","","","","","","","","","","","ns15.above.com","ns16.above.com","","","OK","","",""
"10","vapor-cloud.com","2021-03-01 17:38:34","2021-02-27","2021-02-27","2022-02-27","2892","Top Level Domains LLC","whois.topleveldomainsllc.com","http://www.tlh.ro","Statutory Masking Enabled","Statutory Masking Enabled","Statutory Masking Enabled","Statutory Masking Enabled","Alpes Maritimes","Statutory Masking Enabled","France","abuse@web.com","Statutory Masking Enabled","Statutory Masking Enabled","Statutory Masking Enabled","Statutory Masking Enabled","Statutory Masking Enabled","Statutory Masking Enabled","Statutory Masking Enabled","Statutory Masking Enabled","Statutory Masking Enabled","abuse@web.com","Statutory Masking Enabled","Statutory Masking Enabled","Statutory Masking Enabled","Statutory Masking Enabled","Statutory Masking Enabled","Statutory Masking Enabled","Statutory Masking Enabled","Statutory Masking Enabled","Statutory Masking Enabled","abuse@web.com","Statutory Masking Enabled","Statutory Masking Enabled","Statutory Masking Enabled","Statutory Masking Enabled","Statutory Masking Enabled","Statutory Masking Enabled","Statutory Masking Enabled","Statutory Masking Enabled","Statutory Masking Enabled","abuse@web.com","Statutory Masking Enabled","Statutory Masking Enabled","ns1.dan.com","ns2.dan.com","","","OK","","",""
"11","xjcrxx.net","2021-03-01 15:45:53","2021-02-26","2021-02-27","2022-02-26","2892","Top Level Domains LLC","whois.topleveldomainsllc.com","http://www.tlh.ro","xiao yong ceng","ceng xiao yong","long hui xian, san ge si xiang, sha ping cun","shao yang shi","hu nan","422200","China","pinghuadengzyqp01@gmail.com","+86.13114278192","+86.13114278192","xiao yong ceng","ceng xiao yong","long hui xian, san ge si xiang, sha ping cun","shao yang shi","hu nan","422200","China","pinghuadengzyqp01@gmail.com","+86.13114278192","+86.13114278192","xiao yong ceng","ceng xiao yong","long hui xian, san ge si xiang, sha ping cun","shao yang shi","hu nan","422200","China","pinghuadengzyqp01@gmail.com","+86.13114278192","+86.13114278192","","","","","","","","","","","jm1.dns.com","jm2.dns.com","","","OK","","",""