"num","domain_name","query_time","create_date","update_date","expiry_date","domain_registrar_id","domain_registrar_name","domain_registrar_whois","domain_registrar_url","registrant_name","registrant_company","registrant_address","registrant_city","registrant_state","registrant_zip","registrant_country","registrant_email","registrant_phone","registrant_fax","administrative_name","administrative_company","administrative_address","administrative_city","administrative_state","administrative_zip","administrative_country","administrative_email","administrative_phone","administrative_fax","technical_name","technical_company","technical_address","technical_city","technical_state","technical_zip","technical_country","technical_email","technical_phone","technical_fax","billing_name","billing_company","billing_address","billing_city","billing_state","billing_zip","billing_country","billing_email","billing_phone","billing_fax","name_server_1","name_server_2","name_server_3","name_server_4","domain_status_1","domain_status_2","domain_status_3","domain_status_4"
"1","1oglncreateupgdevefapp1e.com","2021-03-01 17:56:13","2021-03-01","2021-03-01","2022-03-01","3817","Wix.com Ltd.","","","","","","","","","","","","","","","","","","","","","","","","","","","","","","","","","","","","","","","","","","","ns6.wixdns.net","ns7.wixdns.net","","","clientTransferProhibited","clientUpdateProhibited","",""
"2","apple-eraeawt56.com","2021-03-01 19:03:29","2021-03-01","2021-03-01","2022-03-01","3817","Wix.com Ltd.","","","","","","","","","","","","","","","","","","","","","","","","","","","","","","","","","","","","","","","","","","","ns8.wixdns.net","ns9.wixdns.net","","","clientTransferProhibited","clientUpdateProhibited","",""
"3","apple6677agsga.com","2021-03-01 13:38:16","2021-03-01","2021-03-01","2022-03-01","3817","Wix.com Ltd.","","","","","","","","","","","","","","","","","","","","","","","","","","","","","","","","","","","","","","","","","","","ns8.wixdns.net","ns9.wixdns.net","","","clientTransferProhibited","clientUpdateProhibited","",""
"4","apple8899ahsa.com","2021-03-01 14:05:49","2021-03-01","2021-03-01","2022-03-01","3817","Wix.com Ltd.","","","","","","","","","","","","","","","","","","","","","","","","","","","","","","","","","","","","","","","","","","","ns8.wixdns.net","ns9.wixdns.net","","","clientTransferProhibited","clientUpdateProhibited","",""
"5","apple899uayshay.com","2021-03-01 18:19:30","2021-03-01","2021-03-01","2022-03-01","3817","Wix.com Ltd.","","","","","","","","","","","","","","","","","","","","","","","","","","","","","","","","","","","","","","","","","","","ns8.wixdns.net","ns9.wixdns.net","","","clientTransferProhibited","clientUpdateProhibited","",""
"6","awcdenver.com","2021-03-01 18:09:38","2021-03-01","2021-03-01","2022-03-01","3817","Wix.com Ltd.","","","","","","","","","","","","","","","","","","","","","","","","","","","","","","","","","","","","","","","","","","","ns14.wixdns.net","ns15.wixdns.net","","","clientTransferProhibited","clientUpdateProhibited","",""
"7","juekislwoeaws.com","2021-03-01 16:15:57","2021-03-01","2021-03-01","2022-03-01","3817","Wix.com Ltd.","","","","","","","","","","","","","","","","","","","","","","","","","","","","","","","","","","","","","","","","","","","ns6.wixdns.net","ns7.wixdns.net","","","clientTransferProhibited","clientUpdateProhibited","",""
"8","kieujsiawpolei.com","2021-03-01 18:21:00","2021-03-01","2021-03-01","2022-03-01","3817","Wix.com Ltd.","","","","","","","","","","","","","","","","","","","","","","","","","","","","","","","","","","","","","","","","","","","ns6.wixdns.net","ns7.wixdns.net","","","clientTransferProhibited","clientUpdateProhibited","",""
"9","milestonelearn.com","2021-03-01 13:01:35","2021-03-01","2021-03-01","2022-03-01","3817","Wix.com Ltd.","","","","","","","","","","","","","","","","","","","","","","","","","","","","","","","","","","","","","","","","","","","ns2.wixdns.net","ns3.wixdns.net","","","clientTransferProhibited","clientUpdateProhibited","",""
"10","thisiscaliber.com","2021-03-01 17:36:30","2021-02-24","2021-02-25","2022-02-24","3817","Wix.com Ltd.","","","","","","","","","","","","","","","","","","","","","","","","","","","","","","","","","","","","","","","","","","","ns8.wixdns.net","ns9.wixdns.net","","","clientTransferProhibited","clientUpdateProhibited","",""
"11","wsedrfgtazxcv.com","2021-03-01 17:17:26","2021-03-01","2021-03-01","2022-03-01","3817","Wix.com Ltd.","","","","","","","","","","","","","","","","","","","","","","","","","","","","","","","","","","","","","","","","","","","ns6.wixdns.net","ns7.wixdns.net","","","clientTransferProhibited","clientUpdateProhibited","",""
"12","z4dfgdf01.com","2021-03-01 19:30:57","2021-03-01","2021-03-01","2022-03-01","3817","Wix.com Ltd.","","","","","","","","","","","","","","","","","","","","","","","","","","","","","","","","","","","","","","","","","","","ns0.wixdns.net","ns1.wixdns.net","","","clientTransferProhibited","clientUpdateProhibited","",""