"num","domain_name","query_time","create_date","update_date","expiry_date","domain_registrar_id","domain_registrar_name","domain_registrar_whois","domain_registrar_url","registrant_name","registrant_company","registrant_address","registrant_city","registrant_state","registrant_zip","registrant_country","registrant_email","registrant_phone","registrant_fax","administrative_name","administrative_company","administrative_address","administrative_city","administrative_state","administrative_zip","administrative_country","administrative_email","administrative_phone","administrative_fax","technical_name","technical_company","technical_address","technical_city","technical_state","technical_zip","technical_country","technical_email","technical_phone","technical_fax","billing_name","billing_company","billing_address","billing_city","billing_state","billing_zip","billing_country","billing_email","billing_phone","billing_fax","name_server_1","name_server_2","name_server_3","name_server_4","domain_status_1","domain_status_2","domain_status_3","domain_status_4"
"1","52nft.com","2021-03-01 17:04:14","2021-02-20","2021-02-20","2022-02-20","420","HiChina Zhicheng Technology Limited","grs-whois.hichina.com","http://www.net.cn","","","","","BEIJING","","China","","","","","","","","","","","","","","","","","","","","","","","","","","","","","","","","","","dns19.hichina.com","dns20.hichina.com","","","OK","","",""
"2","abstradingqatar.com","2021-03-01 09:12:07","2021-02-20","2021-02-20","2022-02-20","146","GoDaddy.com, LLC","whois.godaddy.com","http://registrar.godaddy.com","Software","Software","","","Tamil Nadu","","India","","","","","","","","","","","","","","","","","","","","","","","","","","","","","","","","","","ns1.sh001.webhostbox.net","ns2.sh001.webhostbox.net","","","clientDeleteProhibited","clientRenewProhibited","clientTransferProhibited","clientUpdateProhibited"
"3","accentureworks.com","2021-03-01 17:20:24","2021-02-20","","2022-02-20","1068","NameCheap, Inc.","whois.namecheap.com","http://www.namecheap.com","WhoisGuard Protected","WhoisGuard, Inc.","P.O. Box 0823-03411","Panama","Panama","","Panama","c691c1de7c0b4eabb058ac4d764c261d.protect@whoisguard.com","+507.8365503","+51.17057182","WhoisGuard Protected","WhoisGuard, Inc.","P.O. Box 0823-03411","Panama","Panama","","Panama","c691c1de7c0b4eabb058ac4d764c261d.protect@whoisguard.com","+507.8365503","+51.17057182","WhoisGuard Protected","WhoisGuard, Inc.","P.O. Box 0823-03411","Panama","Panama","","Panama","c691c1de7c0b4eabb058ac4d764c261d.protect@whoisguard.com","+507.8365503","+51.17057182","","","","","","","","","","","dns1.registrar-servers.com","dns2.registrar-servers.com","","","addPeriod","clientTransferProhibited","",""
"4","asbudget.com","2021-03-01 16:58:10","2021-02-20","2021-02-27","2022-02-20","1505","Gransy s.r.o. d/b/a subreg.cz","whois.regtons.com","http://regtons.com","Not Disclosed Not Disclosed","","Not Disclosed","Not Disclosed","","Not Disclosed","Slovenia","webproxy@whoisprotection.domains","Not Disclosed","Not Disclosed","Not Disclosed Not Disclosed","","Not Disclosed","Not Disclosed","Not Disclosed","Not Disclosed","Not Disclosed","webproxy@whoisprotection.domains","Not Disclosed","Not Disclosed","Not Disclosed Not Disclosed","","Not Disclosed","Not Disclosed","Not Disclosed","Not Disclosed","Not Disclosed","webproxy@whoisprotection.domains","Not Disclosed","Not Disclosed","","","","","","","","","","","freedns1.neoserv.si","freedns2.neoserv.si","freedns3.neoserv.si","freedns4.neoserv.si","clientTransferProhibited","","",""
"5","beijingddqc.com","2021-03-01 14:18:30","2021-02-20","2021-02-27","2022-02-20","","","","","REDACTED FOR PRIVACY","REDACTED FOR PRIVACY","REDACTED FOR PRIVACY","REDACTED FOR PRIVACY","REDACTED FOR PRIVACY","REDACTED FOR PRIVACY","REDACTED FOR PRIVACY","","REDACTED FOR PRIVACY","REDACTED FOR PRIVACY","","","","","","","","","","","","","","","","","","","","","","","","","","","","","","","jm1.dns.com","jm2.dns.com","","","OK","","",""
"6","chicatoys.com","2021-03-01 12:30:38","2021-02-20","2021-02-20","2022-02-20","69","Tucows Domains Inc.","whois.tucows.com","http://domainhelp.opensrs.net","Contact Privacy Inc. Customer 0160919690","Contact Privacy Inc. Customer 0160919690","96 Mowat Ave","Toronto","ON","M6K 3M1","Canada","chicatoys.com@contactprivacy.com","+1.4165385457","","Contact Privacy Inc. Customer 0160919690","Contact Privacy Inc. Customer 0160919690","96 Mowat Ave","Toronto","ON","M6K 3M1","Canada","chicatoys.com@contactprivacy.com","+1.4165385457","","Contact Privacy Inc. Customer 0160919690","Contact Privacy Inc. Customer 0160919690","96 Mowat Ave","Toronto","ON","M6K 3M1","Canada","chicatoys.com@contactprivacy.com","+1.4165385457","","","","","","","","","","","","ns-cloud-a1.googledomains.com","ns-cloud-a2.googledomains.com","ns-cloud-a3.googledomains.com","ns-cloud-a4.googledomains.com","clientTransferProhibited","clientUpdateProhibited","",""
"7","coinprofit.run","2021-03-01 15:30:11","2021-02-20","2021-02-26","2022-02-20","1599","Alibaba Cloud Computing Ltd. d/b/a HiChina (www.net.cn)","http://whois.hichina.com/","http://www.net.cn","REDACTED FOR PRIVACY","wu jun jun","REDACTED FOR PRIVACY","REDACTED FOR PRIVACY","fu jian","REDACTED FOR PRIVACY","China","","REDACTED FOR PRIVACY","REDACTED FOR PRIVACY","","","","","","","","","","","","","","","","","","","","","","","","","","","","","","","","","","","OK","","",""
"8","cookwithalocal.net","2021-03-01 15:44:42","2021-02-20","2021-02-26","2022-02-20","303","PDR Ltd. d/b/a PublicDomainRegistry.com","whois.publicdomainregistry.com","http://www.publicdomainregistry.com","GDPR Masked","GDPR Masked","GDPR Masked","GDPR Masked","Gorzaw","GDPR Masked","Poland","gdpr-masking@gdpr-masked.com","GDPR Masked","GDPR Masked","GDPR Masked","GDPR Masked","GDPR Masked","GDPR Masked","GDPR Masked","GDPR Masked","GDPR Masked","gdpr-masking@gdpr-masked.com","GDPR Masked","GDPR Masked","GDPR Masked","GDPR Masked","GDPR Masked","GDPR Masked","GDPR Masked","GDPR Masked","GDPR Masked","gdpr-masking@gdpr-masked.com","GDPR Masked","GDPR Masked","","","","","","","","","","","arya.ns.cloudflare.com","vicky.ns.cloudflare.com","","","clientTransferProhibited","","",""
"9","hkheyisheng.com","2021-03-01 17:33:19","2021-02-20","2021-02-27","2022-02-20","","","","","REDACTED FOR PRIVACY","REDACTED FOR PRIVACY","REDACTED FOR PRIVACY","REDACTED FOR PRIVACY","REDACTED FOR PRIVACY","REDACTED FOR PRIVACY","REDACTED FOR PRIVACY","","REDACTED FOR PRIVACY","REDACTED FOR PRIVACY","","","","","","","","","","","","","","","","","","","","","","","","","","","","","","","jm1.dns.com","jm2.dns.com","","","OK","","",""
"10","internationalmonetaryfundimfloa.com","2021-03-01 22:54:17","2021-02-20","","2022-02-20","1068","NameCheap, Inc.","whois.namecheap.com","http://www.namecheap.com","WhoisGuard Protected","WhoisGuard, Inc.","P.O. Box 0823-03411","Panama","Panama","","Panama","c9c83730832b43cf959c9acb803e3e9f.protect@whoisguard.com","+507.8365503","+51.17057182","WhoisGuard Protected","WhoisGuard, Inc.","P.O. Box 0823-03411","Panama","Panama","","Panama","c9c83730832b43cf959c9acb803e3e9f.protect@whoisguard.com","+507.8365503","+51.17057182","WhoisGuard Protected","WhoisGuard, Inc.","P.O. Box 0823-03411","Panama","Panama","","Panama","c9c83730832b43cf959c9acb803e3e9f.protect@whoisguard.com","+507.8365503","+51.17057182","","","","","","","","","","","dns1.namecheaphosting.com","dns2.namecheaphosting.com","","","clientTransferProhibited","","",""
"11","internationalmonetaryfunduganda.com","2021-03-01 23:00:17","2021-02-20","","2022-02-20","1068","NameCheap, Inc.","whois.namecheap.com","http://www.namecheap.com","WhoisGuard Protected","WhoisGuard, Inc.","P.O. Box 0823-03411","Panama","Panama","","Panama","02235ed8cedc4e9f94af152ef7316e20.protect@whoisguard.com","+507.8365503","+51.17057182","WhoisGuard Protected","WhoisGuard, Inc.","P.O. Box 0823-03411","Panama","Panama","","Panama","02235ed8cedc4e9f94af152ef7316e20.protect@whoisguard.com","+507.8365503","+51.17057182","WhoisGuard Protected","WhoisGuard, Inc.","P.O. Box 0823-03411","Panama","Panama","","Panama","02235ed8cedc4e9f94af152ef7316e20.protect@whoisguard.com","+507.8365503","+51.17057182","","","","","","","","","","","dns1.namecheaphosting.com","dns2.namecheaphosting.com","","","clientTransferProhibited","","",""
"12","monsterenergy.us","2021-03-01 15:05:22","2021-02-20","2021-02-25","2022-02-20","472","Dynadot, LLC","whois.dynadot.com","http://www.dynadot.com","web admin","","Downtown Travis","Austin","TX","73301","United States","dnsdomains@yahoo.com","+1.0000000","","web admin","","Downtown Travis","Austin","TX","73301","United States","dnsdomains@yahoo.com","+1.0000000","","web admin","","Downtown Travis","Austin","TX","73301","United States","dnsdomains@yahoo.com","+1.0000000","","","","","","","","","","","","ns1.dan.com","ns2.dan.com","","","clientTransferProhibited","","",""
"13","moovve.com","2021-03-01 17:40:16","2021-02-20","2021-02-27","2022-02-20","420","HiChina Zhicheng Technology Limited","grs-whois.hichina.com","http://www.net.cn","","","","","he nan","","China","","","","","","","","","","","","","","","","","","","","","","","","","","","","","","","","","","dns1.hichina.com","dns2.hichina.com","","","OK","","",""
"14","sd-cluster.com","2021-03-01 17:04:08","2021-02-20","2021-02-27","2022-02-20","120","Xin Net Technology Corporation","whois.paycenter.com.cn","http://www.xinnet.com","REDACTED FOR PRIVACY","REDACTED FOR PRIVACY","REDACTED FOR PRIVACY","","BJ","REDACTED FOR PRIVACY","China","","REDACTED FOR PRIVACY","REDACTED FOR PRIVACY","REDACTED FOR PRIVACY","REDACTED FOR PRIVACY","REDACTED FOR PRIVACY","REDACTED FOR PRIVACY","REDACTED FOR PRIVACY","REDACTED FOR PRIVACY","REDACTED FOR PRIVACY","","REDACTED FOR PRIVACY","REDACTED FOR PRIVACY","REDACTED FOR PRIVACY","REDACTED FOR PRIVACY","REDACTED FOR PRIVACY","REDACTED FOR PRIVACY","REDACTED FOR PRIVACY","","REDACTED FOR PRIVACY","","REDACTED FOR PRIVACY","REDACTED FOR PRIVACY","","","","","","","","","","","ns1.huaweicloud-dns.cn","ns1.huaweicloud-dns.com","","","OK","","",""
"15","sd-naas.com","2021-03-01 17:04:08","2021-02-20","2021-02-27","2022-02-20","120","Xin Net Technology Corporation","whois.paycenter.com.cn","http://www.xinnet.com","REDACTED FOR PRIVACY","REDACTED FOR PRIVACY","REDACTED FOR PRIVACY","","BJ","REDACTED FOR PRIVACY","China","","REDACTED FOR PRIVACY","REDACTED FOR PRIVACY","REDACTED FOR PRIVACY","REDACTED FOR PRIVACY","REDACTED FOR PRIVACY","REDACTED FOR PRIVACY","REDACTED FOR PRIVACY","REDACTED FOR PRIVACY","REDACTED FOR PRIVACY","","REDACTED FOR PRIVACY","REDACTED FOR PRIVACY","REDACTED FOR PRIVACY","REDACTED FOR PRIVACY","REDACTED FOR PRIVACY","REDACTED FOR PRIVACY","REDACTED FOR PRIVACY","","REDACTED FOR PRIVACY","","REDACTED FOR PRIVACY","REDACTED FOR PRIVACY","","","","","","","","","","","ns1.huaweicloud-dns.cn","ns1.huaweicloud-dns.com","","","OK","","",""
"16","std-pack.com","2021-03-01 16:10:41","2021-02-20","2021-02-27","2022-02-20","48","eNom, Inc.","whois.enom.com","http://www.enom.com","REDACTED FOR PRIVACY","REDACTED FOR PRIVACY","REDACTED FOR PRIVACY","REDACTED FOR PRIVACY","REDACTED FOR PRIVACY","REDACTED FOR PRIVACY","Egypt","","REDACTED FOR PRIVACY","REDACTED FOR PRIVACY","REDACTED FOR PRIVACY","REDACTED FOR PRIVACY","REDACTED FOR PRIVACY","REDACTED FOR PRIVACY","REDACTED FOR PRIVACY","REDACTED FOR PRIVACY","REDACTED FOR PRIVACY","","REDACTED FOR PRIVACY","REDACTED FOR PRIVACY","REDACTED FOR PRIVACY","REDACTED FOR PRIVACY","REDACTED FOR PRIVACY","REDACTED FOR PRIVACY","REDACTED FOR PRIVACY","REDACTED FOR PRIVACY","REDACTED FOR PRIVACY","","REDACTED FOR PRIVACY","REDACTED FOR PRIVACY","","","","","","","","","","","ns10.link.net","ns11.link.net","ns12.link.net","","clientTransferProhibited","","",""
"17","stmqkqs.com","2021-03-01 17:04:14","2021-02-20","2021-02-27","2022-02-20","120","Xin Net Technology Corporation","whois.paycenter.com.cn","http://www.xinnet.com","REDACTED FOR PRIVACY","REDACTED FOR PRIVACY","REDACTED FOR PRIVACY","","BJ","REDACTED FOR PRIVACY","China","","REDACTED FOR PRIVACY","REDACTED FOR PRIVACY","REDACTED FOR PRIVACY","REDACTED FOR PRIVACY","REDACTED FOR PRIVACY","REDACTED FOR PRIVACY","REDACTED FOR PRIVACY","REDACTED FOR PRIVACY","REDACTED FOR PRIVACY","","REDACTED FOR PRIVACY","REDACTED FOR PRIVACY","REDACTED FOR PRIVACY","REDACTED FOR PRIVACY","REDACTED FOR PRIVACY","REDACTED FOR PRIVACY","REDACTED FOR PRIVACY","","REDACTED FOR PRIVACY","","REDACTED FOR PRIVACY","REDACTED FOR PRIVACY","","","","","","","","","","","ns1.bdydns.cn","ns2.bdydns.cn","","","serverhold","","",""
"18","supirius.com","2021-03-01 16:09:58","2021-02-20","2021-02-27","2022-02-20","1505","Gransy s.r.o. d/b/a subreg.cz","whois.regtons.com","http://regtons.com","Not Disclosed Not Disclosed","","Not Disclosed","Not Disclosed","","Not Disclosed","Slovenia","webproxy@whoisprotection.domains","Not Disclosed","Not Disclosed","Not Disclosed Not Disclosed","","Not Disclosed","Not Disclosed","Not Disclosed","Not Disclosed","Not Disclosed","webproxy@whoisprotection.domains","Not Disclosed","Not Disclosed","Not Disclosed Not Disclosed","","Not Disclosed","Not Disclosed","Not Disclosed","Not Disclosed","Not Disclosed","webproxy@whoisprotection.domains","Not Disclosed","Not Disclosed","","","","","","","","","","","freedns1.neoserv.si","freedns2.neoserv.si","freedns3.neoserv.si","freedns4.neoserv.si","clientTransferProhibited","","",""