"num","domain_name","query_time","create_date","update_date","expiry_date","domain_registrar_id","domain_registrar_name","domain_registrar_whois","domain_registrar_url","registrant_name","registrant_company","registrant_address","registrant_city","registrant_state","registrant_zip","registrant_country","registrant_email","registrant_phone","registrant_fax","administrative_name","administrative_company","administrative_address","administrative_city","administrative_state","administrative_zip","administrative_country","administrative_email","administrative_phone","administrative_fax","technical_name","technical_company","technical_address","technical_city","technical_state","technical_zip","technical_country","technical_email","technical_phone","technical_fax","billing_name","billing_company","billing_address","billing_city","billing_state","billing_zip","billing_country","billing_email","billing_phone","billing_fax","name_server_1","name_server_2","name_server_3","name_server_4","domain_status_1","domain_status_2","domain_status_3","domain_status_4"
"1","2140.ink","2021-03-01 15:50:14","2021-02-22","2021-02-28","2022-02-22","1697","DNSPod, Inc.","whois.dnspod.com","http:// www.dnspod.cn","Jin Hai Luo","Jin Hai Luo","","","bei jing shi","","China","","","","","","","","","","","","","","","","","","","","","","","","","","","","","","","","","","alma.dnspod.net","isabel.dnspod.net","","","serverHold","serverTransferProhibited","",""
"2","2140.love","2021-03-01 15:46:53","2021-02-22","2021-02-28","2022-02-22","1697","DNSPod, Inc.","whois.dnspod.com","http:// www.dnspod.cn","Jin Hai Luo","Jin Hai Luo","","","bei jing shi","","China","","","","","","","","","","","","","","","","","","","","","","","","","","","","","","","","","","alma.dnspod.net","isabel.dnspod.net","","","serverHold","serverTransferProhibited","",""
"3","510studio.design","2021-03-01 15:57:15","2021-02-22","2021-02-28","2022-02-22","1697","DNSPod, Inc.","whois.dnspod.com","http:// www.dnspod.cn","zhaoxuehan","zhaoxuehan","","","jiang su sheng","","China","","","","","","","","","","","","","","","","","","","","","","","","","","","","","","","","","","bonus.dnspod.net","stephanie.dnspod.net","","","serverHold","serverTransferProhibited","",""
"4","atlantagov.us","2021-03-01 19:44:42","2021-02-22","2021-02-27","2022-02-22","303","PDR Ltd. d/b/a PublicDomainRegistry.com","whois.publicdomainregistry.com","http://www.publicdomainregistry.com","Maurice Donald","Integrated Automation","1290 Terra Bella Ave","Mountain View","CA","94043","United States","emjmetals02@gmail.com","+1.2132055942","","Maurice Donald","Integrated Automation","1290 Terra Bella Ave","Mountain View","CA","94043","United States","emjmetals02@gmail.com","+1.2132055942","","Maurice Donald","Integrated Automation","1290 Terra Bella Ave","Mountain View","CA","94043","United States","emjmetals02@gmail.com","+1.2132055942","","","","","","","","","","","","earth.monovm.com","mars.monovm.com","mercury.monovm.com","venus.monovm.com","clientTransferProhibited","","",""
"5","cardsend.top","2021-03-01 15:23:56","2021-02-22","2021-02-22","2022-02-22","1479","Namesilo, LLC","whois.namesilo.com","http://www.namesilo.com","REDACTED FOR PRIVACY","See PrivacyGuardian.org","REDACTED FOR PRIVACY","REDACTED FOR PRIVACY","AZ","REDACTED FOR PRIVACY","United States","","REDACTED FOR PRIVACY","REDACTED FOR PRIVACY","REDACTED FOR PRIVACY","REDACTED FOR PRIVACY","REDACTED FOR PRIVACY","REDACTED FOR PRIVACY","REDACTED FOR PRIVACY","REDACTED FOR PRIVACY","REDACTED FOR PRIVACY","","REDACTED FOR PRIVACY","REDACTED FOR PRIVACY","REDACTED FOR PRIVACY","REDACTED FOR PRIVACY","REDACTED FOR PRIVACY","REDACTED FOR PRIVACY","REDACTED FOR PRIVACY","REDACTED FOR PRIVACY","REDACTED FOR PRIVACY","","REDACTED FOR PRIVACY","REDACTED FOR PRIVACY","","","","","","","","","","","chip.ns.cloudflare.com","frida.ns.cloudflare.com","","","clientTransferProhibited","","",""
"6","cognatedigitalsolutions.com","2021-02-24 17:41:11","2021-02-22","2021-02-22","2022-02-22","472","Dynadot, LLC","whois.dynadot.com","http://www.dynadot.com","Super Privacy Service LTD c/o Dynadot","","PO Box 701","San Mateo","California","94401","United States","cognatedigitalsolutions.com@superprivacyservice.com","+1.6505854708","","Super Privacy Service LTD c/o Dynadot","","PO Box 701","San Mateo","California","94401","United States","cognatedigitalsolutions.com@superprivacyservice.com","+1.6505854708","","Super Privacy Service LTD c/o Dynadot","","PO Box 701","San Mateo","California","94401","United States","cognatedigitalsolutions.com@superprivacyservice.com","+1.6505854708","","","","","","","","","","","","ns1.dynadot.com","ns2.dynadot.com","","","clientTransferProhibited","","",""
"7","dongguanshijingyuan.com","2021-03-01 16:47:58","2021-02-22","2021-02-22","2022-02-22","3824","Cloud Yuqu LLC","","","REDACTED FOR PRIVACY","REDACTED FOR PRIVACY","REDACTED FOR PRIVACY","REDACTED FOR PRIVACY","Guang dong","REDACTED FOR PRIVACY","China","","REDACTED FOR PRIVACY","REDACTED FOR PRIVACY","REDACTED FOR PRIVACY","REDACTED FOR PRIVACY","REDACTED FOR PRIVACY","REDACTED FOR PRIVACY","REDACTED FOR PRIVACY","REDACTED FOR PRIVACY","REDACTED FOR PRIVACY","","REDACTED FOR PRIVACY","REDACTED FOR PRIVACY","REDACTED FOR PRIVACY","REDACTED FOR PRIVACY","REDACTED FOR PRIVACY","REDACTED FOR PRIVACY","REDACTED FOR PRIVACY","REDACTED FOR PRIVACY","REDACTED FOR PRIVACY","","REDACTED FOR PRIVACY","REDACTED FOR PRIVACY","","","","","","","","","","","ns5.diymysite.com","ns6.diymysite.com","","","OK","","",""
"8","instaladordetarima.com","2021-02-24 18:26:34","2021-02-22","2021-02-22","2022-02-22","472","Dynadot, LLC","whois.dynadot.com","http://www.dynadot.com","Super Privacy Service LTD c/o Dynadot","","PO Box 701","San Mateo","California","94401","United States","instaladordetarima.com@superprivacyservice.com","+1.6505854708","","Super Privacy Service LTD c/o Dynadot","","PO Box 701","San Mateo","California","94401","United States","instaladordetarima.com@superprivacyservice.com","+1.6505854708","","Super Privacy Service LTD c/o Dynadot","","PO Box 701","San Mateo","California","94401","United States","instaladordetarima.com@superprivacyservice.com","+1.6505854708","","","","","","","","","","","","ns1.dynadot.com","ns2.dynadot.com","","","clientTransferProhibited","","",""
"9","jiaoylmao.space","2021-03-01 15:27:57","2021-02-22","2021-02-28","2022-02-22","120","Xin Net Technology Corporation","whois.paycenter.com.cn","http://www.xinnet.com","nanjingshushangwangxindianzikejiyouxiangongsi","nanjingshushangwangxindianzikejiyouxiangongsi","nanjingshi","nanjingshi","jiangsusheng","100176","China","template@xinnet.com","+86.4008196688","+86.4008196688","nanjingshushangwangxindianzikejiyouxiangongsi","nanjingshushangwangxindianzikejiyouxiangongsi","beijingshijingjijishukaifaqudishengxilu1haoshumazhuangyuanA2qu3ceng","beijing","beijing","100176","China","template@xinnet.com","+86.4008196688","+86.4008196688","nanjingshushangwangxindianzikejiyouxiangongsi","nanjingshushangwangxindianzikejiyouxiangongsi","beijingshijingjijishukaifaqudishengxilu1haoshumazhuangyuanA2qu3ceng","beijing","beijing","100176","China","template@xinnet.com","+86.4008196688","+86.4008196688","nanjingshushangwangxindianzikejiyouxiangongsi","nanjingshushangwangxindianzikejiyouxiangongsi","beijingshijingjijishukaifaqudishengxilu1haoshumazhuangyuanA2qu3ceng","beijing","beijing","100176","China","template@xinnet.com","+86.4008196688","+86.4008196688","ns11.xincache.com","ns12.xincache.com","","","serverHold","serverTransferProhibited","",""
"10","jjjjj.site","2021-03-01 15:29:58","2021-02-22","2021-02-28","2022-02-22","120","Xin Net Technology Corporation","whois.paycenter.com.cn","http://www.xinnet.com","lipeng","lipeng","hushiruyixiaoqu","huhehaoteshi","neimengguzizhiqu","010010","China","751729@qq.com","+86.04714606775","+86.04714606775","lipeng","lipeng","hushiruyixiaoqu","huhehaoteshi","neimengguzizhiqu","010010","China","751729@qq.com","+86.04714606775","+86.04714606775","lipeng","lipeng","hushiruyixiaoqu","huhehaoteshi","neimengguzizhiqu","010010","China","751729@qq.com","+86.04714606775","+86.04714606775","lipeng","lipeng","hushiruyixiaoqu","huhehaoteshi","neimengguzizhiqu","010010","China","751729@qq.com","+86.04714606775","+86.04714606775","ns11.xincache.com","ns12.xincache.com","","","serverHold","serverTransferProhibited","",""
"11","joint.life","2021-03-01 15:50:02","2021-02-22","2021-02-27","2022-02-22","1366","Xiamen ChinaSource Internet Service Co., Ltd.","whois.cnolnic.com","http://www.zzy.cn","REDACTED FOR PRIVACY","Caowei","REDACTED FOR PRIVACY","REDACTED FOR PRIVACY","Jiangsu","REDACTED FOR PRIVACY","China","","REDACTED FOR PRIVACY","REDACTED FOR PRIVACY","","","","","","","","","","","","","","","","","","","","","","","","","","","","","","","","","","","clientTransferProhibited","","",""
"12","meilleure-isolation-gratuite.com","2021-02-24 17:40:54","2021-02-22","2021-02-22","2022-02-22","472","Dynadot, LLC","whois.dynadot.com","http://www.dynadot.com","Super Privacy Service LTD c/o Dynadot","","PO Box 701","San Mateo","California","94401","United States","meilleure-isolation-gratuite.com@superprivacyservice.com","+1.6505854708","","Super Privacy Service LTD c/o Dynadot","","PO Box 701","San Mateo","California","94401","United States","meilleure-isolation-gratuite.com@superprivacyservice.com","+1.6505854708","","Super Privacy Service LTD c/o Dynadot","","PO Box 701","San Mateo","California","94401","United States","meilleure-isolation-gratuite.com@superprivacyservice.com","+1.6505854708","","","","","","","","","","","","ns1.dynadot.com","ns2.dynadot.com","","","clientTransferProhibited","","",""
"13","mmmm.tech","2021-03-01 15:25:27","2021-02-22","2021-02-28","2022-02-22","120","Xin Net Technology Corporation","whois.paycenter.com.cn","http://www.xinnet.com","lipeng","lipeng","hushiruyixiaoqu","huhehaoteshi","neimengguzizhiqu","010010","China","751729@qq.com","+86.04714606775","+86.04714606775","lipeng","lipeng","hushiruyixiaoqu","huhehaoteshi","neimengguzizhiqu","010010","China","751729@qq.com","+86.04714606775","+86.04714606775","lipeng","lipeng","hushiruyixiaoqu","huhehaoteshi","neimengguzizhiqu","010010","China","751729@qq.com","+86.04714606775","+86.04714606775","lipeng","lipeng","hushiruyixiaoqu","huhehaoteshi","neimengguzizhiqu","010010","China","751729@qq.com","+86.04714606775","+86.04714606775","ns11.xincache.com","ns12.xincache.com","","","serverHold","serverTransferProhibited","",""
"14","paratodasasestacoes.com","2021-03-01 17:14:40","2021-02-22","2021-02-27","2022-02-22","2487","Internet Domain Services BS Corp","whois.publicinterestregistry.net","http://www.internetbs.net","Domain Admin","Whois Privacy Corp.","Ocean Centre, Montagu Foreshore, East Bay Street","Nassau","New Providence","","Bahamas","paratodasasestacoes.com-owner-ejdy@customers.whoisprivacycorp.com","+1.5163872248","","Domain Admin","Whois Privacy Corp.","Ocean Centre, Montagu Foreshore, East Bay Street","Nassau","New Providence","","Bahamas","paratodasasestacoes.com-admin-jaqx@customers.whoisprivacycorp.com","+1.5163872248","","Domain Admin","Whois Privacy Corp.","Ocean Centre, Montagu Foreshore, East Bay Street","Nassau","New Providence","","Bahamas","paratodasasestacoes.com-tech-okp3@customers.whoisprivacycorp.com","+1.5163872248","","","","","","","","","","","","ns1.o2switch.net","ns2.o2switch.net","","","clientTransferProhibited","inactive","",""
"15","rankingcar.xyz","2021-02-24 15:00:17","2021-02-22","2021-02-22","2022-02-22","1068","NameCheap, Inc.","whois.namecheap.com","http://www.namecheap.com","WhoisGuard, Inc.","WhoisGuard, Inc.","","","Panama","","Panama","","","","","","","","","","","","","","","","","","","","","","","","","","","","","","","","","","dns1.registrar-servers.com","dns2.registrar-servers.com","","","addPeriod","clientTransferProhibited","serverTransferProhibited",""
"16","secure-my-onlinebanking.com","2021-03-01 16:24:39","2021-02-22","","2022-02-22","1068","NameCheap, Inc.","whois.namecheap.com","http://www.namecheap.com","WhoisGuard Protected","WhoisGuard, Inc.","P.O. Box 0823-03411","Panama","Panama","","Panama","1d811aac9a0f44ad8100debbddda59c1.protect@whoisguard.com","+507.8365503","+51.17057182","WhoisGuard Protected","WhoisGuard, Inc.","P.O. Box 0823-03411","Panama","Panama","","Panama","1d811aac9a0f44ad8100debbddda59c1.protect@whoisguard.com","+507.8365503","+51.17057182","WhoisGuard Protected","WhoisGuard, Inc.","P.O. Box 0823-03411","Panama","Panama","","Panama","1d811aac9a0f44ad8100debbddda59c1.protect@whoisguard.com","+507.8365503","+51.17057182","","","","","","","","","","","dns1.namecheaphosting.com","dns2.namecheaphosting.com","","","addPeriod","clientTransferProhibited","",""
"17","sosialrcoverypagevrified.my.id","2021-03-01 02:18:58","2021-02-22","2021-02-22","2022-02-22","","","","","","","","","","","","","","","","","","","","","","","","","","","","","","","","","","","","","","","","","","","","","","","","","serverTransferProhibited","","",""
"18","sosialserviceverifiedpage.my.id","2021-03-01 07:24:50","2021-02-22","2021-02-22","2022-02-22","","","","","","","","","","","","","","","","","","","","","","","","","","","","","","","","","","","","","","","","","","","","","","","","","serverTransferProhibited","","",""
"19","sweetheart.run","2021-03-01 15:30:11","2021-02-22","2021-02-27","2022-02-22","1697","DNSPod, Inc.","whois.dnspod.com","http:// www.dnspod.cn","REDACTED FOR PRIVACY","zhangdi","REDACTED FOR PRIVACY","REDACTED FOR PRIVACY","bei jing shi","REDACTED FOR PRIVACY","China","","REDACTED FOR PRIVACY","REDACTED FOR PRIVACY","","","","","","","","","","","","","","","","","","","","","","","","","","","","","","","","","","","OK","","",""
"20","top5reviews.us","2021-03-01 15:30:27","2021-02-22","2021-03-01","2022-02-22","1068","NameCheap, Inc.","whois.namecheap.com","http://www.namecheap.com","Md Istain Ahmed","","Kashipur Khil Market Daim uddin chairman Bari","Narayanganj","Narayanganj","1400","Bangladesh","niloysk@gmail.com","+880.1612286673","","Md Istain Ahmed","","Kashipur Khil Market Daim uddin chairman Bari","Narayanganj","Narayanganj","1400","Bangladesh","niloysk@gmail.com","+880.1612286673","","Md Istain Ahmed","","Kashipur Khil Market Daim uddin chairman Bari","Narayanganj","Narayanganj","1400","Bangladesh","niloysk@gmail.com","+880.1612286673","","","","","","","","","","","","nset13.stackpathdns.net","nstdu9.stackpathdns.net","","","clientTransferProhibited","","",""
"21","wpsmagicjack.com","2021-03-01 12:33:24","2021-02-22","2021-02-23","2022-02-22","120","Xin Net Technology Corporation","whois.paycenter.com.cn","http://www.xinnet.com","REDACTED FOR PRIVACY","REDACTED FOR PRIVACY","REDACTED FOR PRIVACY","","BJ","REDACTED FOR PRIVACY","China","","REDACTED FOR PRIVACY","REDACTED FOR PRIVACY","REDACTED FOR PRIVACY","REDACTED FOR PRIVACY","REDACTED FOR PRIVACY","REDACTED FOR PRIVACY","REDACTED FOR PRIVACY","REDACTED FOR PRIVACY","REDACTED FOR PRIVACY","","REDACTED FOR PRIVACY","REDACTED FOR PRIVACY","REDACTED FOR PRIVACY","REDACTED FOR PRIVACY","REDACTED FOR PRIVACY","REDACTED FOR PRIVACY","REDACTED FOR PRIVACY","","REDACTED FOR PRIVACY","","REDACTED FOR PRIVACY","REDACTED FOR PRIVACY","","","","","","","","","","","jm1.dns.com","jm2.dns.com","","","OK","","",""
"22","xn--vuqu2hwvlb4b767am5a.online","2021-03-01 15:32:30","2021-02-22","2021-02-28","2023-02-22","1655","Xiamen Nawang Technology Co., Ltd","whois.nawang.cn","http://www.nawang.cn","Xue Yue Ge","Xue Yue Ge","","","Shan Xi Sheng","","China","","","","","","","","","","","","","","","","","","","","","","","","","","","","","","","","","","ns.nagor.cn","ns.nagor.com.cn","ns1.dnsnw.com","ns2.dnsnw.com","serverHold","serverTransferProhibited","",""
"23","ymqxsky.club","2021-03-01 17:52:51","2021-02-22","2021-02-27","2022-02-22","1599","Alibaba Cloud Computing Ltd. d/b/a HiChina (www.net.cn)","http://whois.hichina.com/","http://www.net.cn","REDACTED FOR PRIVACY","sky","REDACTED FOR PRIVACY REDACTED FOR PRIVACY REDACTED FOR PRIVACY","REDACTED FOR PRIVACY","si chuan","REDACTED FOR PRIVACY","China","","REDACTED FOR PRIVACY","REDACTED FOR PRIVACY","REDACTED FOR PRIVACY","REDACTED FOR PRIVACY","REDACTED FOR PRIVACY REDACTED FOR PRIVACY REDACTED FOR PRIVACY","REDACTED FOR PRIVACY","REDACTED FOR PRIVACY","REDACTED FOR PRIVACY","REDACTED FOR PRIVACY","","REDACTED FOR PRIVACY","REDACTED FOR PRIVACY","REDACTED FOR PRIVACY","REDACTED FOR PRIVACY","REDACTED FOR PRIVACY REDACTED FOR PRIVACY REDACTED FOR PRIVACY","REDACTED FOR PRIVACY","REDACTED FOR PRIVACY","REDACTED FOR PRIVACY","REDACTED FOR PRIVACY","","REDACTED FOR PRIVACY","REDACTED FOR PRIVACY","","","","","","","","","","","dns10.hichina.com","dns9.hichina.com","","","OK","","",""